external_item_id,interaction_count
i10,12
i1000,27
i100001,10
i100015,22
i100019,4
i100022,33
i100024,10
i100028,10
i100030,27
i100032,1
i100049,15
i100051,12
i100054,9
i100059,2
i10006,2
i100060,4
i100061,8
i100063,63
i100066,21
i100067,11
i100068,21
i10007,3
i100073,45
i100075,12
i100076,40
i100077,17
i100079,58
i100080,1
i100083,6
i100086,2
i100087,13
i100088,29
i100090,17
i100092,10
i100094,17
i100099,1
i100100,33
i100101,11
i100106,1
i100109,3
i10011,1
i100110,8
i100126,4
i100128,15
i10014,57
i100144,1
i100146,29
i100155,10
i100159,4
i10016,10
i100160,49
i100164,4
i10017,50
i100172,47
i100174,6
i100178,1
i100180,1
i100185,4
i10019,44
i100191,19
i100194,1
i100196,44
i100198,19
i100201,20
i100208,1
i100209,8
i10021,9
i100213,14
i100218,41
i100225,37
i100227,2
i100241,77
i100242,1
i100243,1
i100254,7
i100260,23
i100269,1
i100270,5
i100272,7
i100276,25
i100277,1
i100278,29
i100287,16
i100289,11
i10029,59
i100290,23
i100299,20
i100302,17
i100304,38
i100305,7
i100309,1
i100318,7
i100319,19
i100320,3
i100324,22
i100326,13
i100330,18
i100331,2
i100332,4
i100333,1
i100337,41
i100338,28
i100339,38
i100341,1
i100344,1
i100349,2
i10035,47
i100350,16
i100351,3
i100354,2
i100356,2
i100357,1
i100358,6
i100363,1
i10037,21
i100378,30
i10038,58
i100389,7
i100398,2
i1004,57
i10040,17
i100400,3
i100409,44
i10041,9
i100410,21
i100411,17
i100413,8
i100415,2
i100417,19
i100418,1
i100420,9
i100423,60
i100429,17
i100432,5
i100440,28
i100442,35
i100444,22
i100447,5
i100449,42
i10045,17
i100455,16
i100456,6
i10046,3
i100460,10
i100464,17
i100466,1
i100468,18
i10047,6
i100473,41
i100477,3
i100478,46
i100483,15
i100486,4
i100495,22
i100499,2
i1005,79
i100500,5
i100501,63
i100504,1
i100505,8
i100510,5
i100514,28
i100515,6
i100517,59
i100519,49
i10052,8
i100529,3
i100530,12
i100532,7
i100533,26
i100537,9
i10054,22
i100540,1
i100543,14
i100545,7
i100546,26
i100549,11
i100553,4
i100554,2
i100563,16
i100565,9
i100573,2
i100574,3
i100576,26
i100578,4
i100579,63
i100588,2
i10059,1
i100606,9
i100608,27
i100612,4
i100614,12
i100617,25
i100620,21
i100622,1
i100627,14
i10063,10
i10064,11
i100647,2
i100648,4
i100658,4
i100659,1
i100662,1
i100666,1
i10067,39
i10068,17
i100684,15
i100685,14
i100688,4
i100689,2
i100702,5
i100709,7
i100710,1
i100713,20
i10072,1
i100725,6
i100727,16
i100729,35
i10073,20
i100732,11
i100737,15
i100740,16
i100749,2
i100752,1
i100753,3
i100755,33
i100757,55
i100760,6
i100763,4
i100764,7
i100767,9
i100769,31
i100772,2
i100774,21
i100776,23
i100785,9
i100789,14
i10079,4
i100793,3
i100796,23
i100797,3
i100800,1
i100803,76
i100804,19
i100805,9
i100810,1
i100813,9
i100818,23
i100819,42
i100821,44
i100824,66
i100825,1
i100827,21
i100828,20
i100849,4
i100858,2
i100859,39
i100860,5
i100862,13
i100870,1
i100874,12
i100877,4
i10088,2
i100881,2
i100885,6
i100887,6
i100888,38
i10089,8
i100892,5
i100898,16
i100901,1
i100902,3
i100909,8
i100916,34
i100918,43
i100920,46
i100922,13
i100923,18
i100924,8
i100927,72
i100932,24
i100933,20
i100935,38
i100936,24
i100941,3
i100946,2
i100954,29
i100957,63
i100958,38
i100959,3
i100965,15
i100966,12
i10097,3
i100976,5
i100980,38
i100981,4
i100993,4
i100997,14
i101000,5
i101001,4
i101004,28
i101007,10
i10101,2
i101010,2
i101014,7
i101018,10
i101020,2
i101022,14
i101025,38
i101026,7
i101027,22
i10103,3
i101031,1
i101036,5
i101040,5
i101043,3
i101044,12
i101049,2
i101055,41
i101060,8
i101062,2
i101066,10
i101067,33
i101069,4
i101071,3
i101075,14
i101077,7
i10108,73
i101085,10
i101088,1
i101091,15
i101093,66
i101098,5
i101099,8
i1011,17
i101105,11
i101111,9
i101118,3
i10112,14
i101127,23
i101131,20
i101138,5
i101142,11
i10115,2
i101153,7
i101155,17
i101156,2
i10116,28
i101162,13
i101166,37
i101167,46
i101173,3
i101177,34
i101178,29
i101180,6
i101191,1
i101192,1
i101193,9
i101209,7
i101210,12
i101211,10
i101213,21
i101216,5
i101217,5
i101219,3
i101221,36
i101222,1
i101225,8
i101230,4
i101233,34
i101235,14
i101237,8
i101245,7
i101246,6
i101252,14
i101254,13
i101258,9
i101259,34
i101266,20
i101269,14
i101280,2
i101285,5
i101286,6
i101306,16
i10131,42
i101310,5
i101312,1
i101313,51
i101315,11
i101316,3
i101318,68
i10132,2
i101321,3
i101332,3
i101333,16
i101336,4
i101337,11
i101346,23
i101351,4
i101357,3
i101358,5
i10136,22
i101363,1
i101364,28
i101365,4
i101366,28
i101369,11
i101374,3
i101375,10
i10138,22
i101387,7
i101388,37
i101392,32
i101396,19
i101398,5
i101399,16
i10140,17
i101402,2
i101407,13
i101409,20
i101410,44
i101414,8
i101418,1
i101421,47
i101429,11
i101432,14
i101433,13
i101436,12
i101437,2
i101438,6
i10144,21
i101449,6
i101453,1
i101458,13
i101461,25
i101464,17
i101466,1
i101476,5
i101479,4
i10148,8
i101481,11
i101486,3
i101487,4
i101489,7
i101490,3
i101491,5
i10150,20
i101501,2
i101502,19
i101503,6
i101506,3
i10151,39
i101530,15
i101534,4
i101537,1
i101539,12
i10154,4
i101542,26
i101547,4
i101548,17
i101550,7
i101551,1
i101558,2
i101560,13
i101562,6
i101563,2
i101567,3
i101568,5
i10157,3
i101574,3
i101577,1
i101579,25
i10158,11
i101585,17
i101591,1
i101593,5
i101598,2
i101599,29
i1016,2
i101600,4
i101606,15
i101608,4
i101618,24
i101624,33
i101625,1
i101628,3
i101644,5
i101649,2
i101650,6
i101651,23
i101653,4
i101666,3
i10167,14
i101676,16
i101678,3
i101680,14
i101685,21
i101687,15
i101688,25
i101690,3
i101698,10
i101699,35
i1017,42
i101702,1
i101704,5
i101708,5
i101709,4
i10171,4
i101714,7
i101720,7
i101721,1
i101723,19
i101728,9
i101729,31
i101739,13
i101749,87
i101753,1
i101755,14
i101757,5
i101758,20
i101759,47
i10176,57
i101763,55
i101765,17
i101766,32
i101774,27
i101778,11
i101779,10
i101781,6
i101782,5
i101786,1
i101788,11
i101793,39
i101796,3
i101797,17
i101798,16
i101801,7
i101803,6
i101805,20
i101806,5
i101807,5
i101812,29
i101814,9
i101816,19
i101824,51
i101834,33
i101840,23
i101841,52
i101842,2
i101843,44
i101852,4
i101853,2
i101854,4
i101855,70
i101858,5
i101865,8
i101867,24
i101869,10
i101874,4
i101875,1
i101883,13
i101896,9
i101899,37
i101900,16
i101902,7
i101906,5
i101911,40
i101913,4
i101919,15
i101922,9
i101930,4
i101933,13
i101934,11
i101937,1
i101938,6
i101939,1
i10194,15
i101942,7
i101946,40
i101953,5
i101955,11
i101957,2
i101962,61
i101965,11
i101969,45
i101972,1
i101976,13
i101978,10
i101984,24
i10199,3
i101991,1
i101992,2
i101998,20
i102,18
i10200,17
i102003,3
i102007,9
i102011,20
i102019,17
i102023,4
i102025,18
i102033,1
i102034,6
i102039,3
i102043,4
i102044,5
i102058,22
i102060,2
i102061,9
i102075,3
i102080,12
i102082,1
i102083,9
i102089,3
i10209,18
i102092,18
i102094,9
i102100,4
i102101,5
i102102,11
i102106,3
i102107,1
i102109,1
i102110,6
i102116,8
i102118,41
i10212,4
i102124,1
i102127,10
i102128,13
i10213,24
i102136,40
i102147,2
i10215,3
i102156,9
i102160,19
i102162,10
i102165,14
i102166,7
i102167,2
i102172,5
i102174,75
i102178,1
i102179,2
i10218,8
i102180,23
i102182,6
i102183,35
i102184,25
i102192,3
i102193,5
i102197,17
i102200,5
i102205,73
i102207,14
i102209,45
i102210,20
i102213,23
i102217,4
i10222,25
i10223,44
i102233,18
i102242,11
i102244,1
i102245,1
i102246,4
i102256,1
i102260,1
i102273,10
i102276,22
i102278,4
i102279,1
i102280,11
i102287,3
i10229,45
i102291,1
i1023,45
i10231,2
i102316,2
i102317,3
i102320,3
i102321,5
i102330,17
i102333,31
i102338,9
i102339,2
i102344,3
i102347,10
i102348,10
i102350,9
i102356,25
i102358,5
i10236,43
i102361,15
i102362,4
i102363,11
i102367,27
i102368,15
i102369,4
i102371,1
i102376,13
i102377,11
i102381,8
i102385,6
i102391,26
i102392,3
i1024,3
i10240,88
i102401,6
i102405,23
i102406,4
i102414,11
i102419,14
i10242,51
i102423,2
i102428,5
i102429,3
i102430,2
i102436,17
i102443,18
i102445,36
i102447,9
i102448,14
i102451,4
i102455,29
i102457,2
i102458,19
i10246,2
i102461,14
i102471,4
i102477,2
i102479,7
i102480,5
i102483,9
i102484,2
i102485,18
i102486,9
i102495,1
i1025,1
i102500,3
i102501,3
i102506,1
i102514,1
i102523,3
i102524,3
i102526,1
i102528,6
i102533,3
i102534,1
i102537,1
i102540,14
i102541,13
i102544,1
i102547,6
i102548,2
i102549,11
i102550,2
i102556,5
i102562,2
i102563,30
i102564,9
i102569,10
i102573,3
i102578,8
i10258,5
i10260,19
i102606,47
i102619,13
i102620,14
i102622,4
i102625,2
i102626,8
i102646,15
i102648,11
i102654,4
i102657,8
i102658,5
i102667,2
i102669,13
i10267,15
i102676,2
i102678,8
i102680,3
i102681,2
i102685,8
i102687,30
i102688,7
i102691,13
i102693,34
i102694,13
i102698,29
i1027,12
i102705,1
i102709,5
i102714,1
i102716,18
i102717,1
i102718,27
i102724,14
i102725,11
i102726,3
i102730,5
i102731,36
i102734,36
i102736,13
i102738,2
i102740,34
i102742,3
i102746,8
i10275,22
i102751,1
i102758,21
i10276,101
i102767,2
i102768,6
i102769,3
i10277,36
i102770,4
i102771,24
i102773,9
i102778,44
i102781,14
i102789,20
i102801,1
i102804,7
i102817,37
i102827,8
i102828,10
i102832,9
i102838,13
i102840,33
i102845,4
i102847,2
i10285,2
i102854,20
i102856,3
i102859,3
i102861,10
i102862,16
i102869,2
i102874,52
i10288,46
i102882,1
i102883,11
i102884,6
i102885,3
i102888,1
i10289,1
i102890,2
i102891,28
i102897,20
i10290,4
i102905,10
i102909,7
i102913,1
i102914,1
i102915,2
i102917,11
i102925,4
i102938,4
i102939,13
i10295,44
i102954,7
i102964,3
i102967,12
i102974,1
i102975,4
i102980,2
i102987,9
i102988,2
i102992,8
i102995,29
i102999,4
i103,22
i103001,22
i103003,9
i103007,10
i10301,3
i103013,13
i103015,2
i103019,5
i10302,20
i103022,4
i103027,15
i10303,22
i103030,1
i103031,14
i103033,19
i103036,9
i10304,6
i103050,38
i103051,2
i103056,8
i103061,3
i103065,4
i103067,4
i103076,14
i103078,2
i103085,16
i103086,7
i103089,1
i103105,2
i103108,10
i103117,1
i103126,14
i103129,9
i10314,79
i103146,7
i103151,4
i103152,1
i103153,9
i103160,1
i103168,64
i103172,22
i103173,7
i103175,25
i103176,8
i103182,6
i103184,30
i103186,14
i103187,3
i103188,1
i103193,6
i103196,4
i103197,9
i103199,10
i103206,57
i103207,29
i103210,8
i103211,2
i103216,21
i103219,6
i10322,5
i103224,11
i103227,36
i103231,2
i103240,12
i103244,2
i103245,22
i103246,3
i103249,16
i10325,82
i103252,14
i103259,9
i10326,2
i10327,77
i103274,10
i103275,15
i10328,98
i103280,1
i103282,6
i103286,23
i103291,14
i103300,4
i103302,4
i103306,2
i103310,3
i103316,2
i103320,2
i103321,2
i103323,4
i103325,10
i103328,3
i103330,14
i103335,2
i103336,5
i103339,18
i10335,3
i103352,1
i103353,3
i103362,2
i103371,5
i103376,2
i103378,5
i103379,46
i103383,3
i103389,1
i103408,19
i103411,3
i103416,1
i103417,9
i103419,14
i103421,18
i103428,10
i103432,1
i103438,7
i103440,1
i103445,3
i103447,9
i10345,3
i103453,7
i103456,6
i10346,1
i103461,19
i103464,14
i103484,3
i103487,3
i103488,2
i103494,9
i103496,7
i103500,9
i103506,1
i10351,57
i103511,7
i103512,14
i103513,5
i103515,2
i103519,2
i10352,25
i103524,1
i103525,1
i103528,20
i103533,5
i103535,2
i103537,34
i103538,25
i10354,3
i103545,2
i103547,17
i10355,41
i103556,1
i10356,18
i103565,27
i103581,54
i103582,60
i103592,4
i103594,18
i103596,2
i103605,2
i103606,1
i10361,17
i103610,38
i103612,51
i103619,24
i10362,2
i103630,21
i103632,18
i103633,35
i103634,1
i103636,1
i103638,19
i10364,3
i103641,3
i103646,5
i103649,8
i103654,20
i103656,45
i103658,1
i10366,16
i103661,84
i103664,4
i103666,3
i103669,13
i103672,20
i103678,2
i103679,3
i103682,5
i103683,1
i103685,2
i103688,22
i10369,40
i103691,3
i103692,4
i103693,10
i103698,35
i103699,88
i103700,10
i103702,19
i103705,23
i103709,11
i10371,8
i103710,16
i103714,33
i103720,6
i103722,21
i103723,76
i103727,1
i103728,62
i10373,20
i103732,8
i103735,3
i103745,42
i103753,2
i103754,19
i103755,16
i103756,1
i103757,25
i103759,5
i103760,28
i103764,30
i103769,2
i10377,34
i103772,11
i103773,2
i103774,67
i103782,4
i103788,26
i10379,12
i103791,4
i103793,4
i1038,64
i103812,23
i103813,38
i103822,14
i103831,38
i103833,1
i103834,6
i103837,6
i103840,36
i103843,1
i103845,13
i103847,4
i103849,2
i103850,2
i103855,57
i103862,6
i103865,17
i103869,6
i103870,37
i103872,12
i103878,4
i103880,7
i103881,3
i103883,25
i103884,8
i103890,3
i103891,12
i103894,27
i103897,4
i103905,44
i10391,21
i103912,14
i103919,18
i10392,2
i103929,18
i10393,23
i103934,3
i103938,25
i103942,1
i103944,37
i103947,6
i10395,1
i103951,12
i103952,6
i103954,20
i103959,1
i10396,59
i103962,2
i103963,8
i103967,1
i103969,10
i103973,9
i103978,16
i103979,6
i103983,5
i103986,16
i103989,40
i103993,1
i103995,6
i10400,31
i104007,10
i104008,24
i104009,22
i104019,6
i104021,1
i104025,2
i104029,6
i104031,34
i104033,12
i104035,1
i104040,1
i104048,17
i104049,17
i10405,36
i104052,13
i104057,1
i104058,2
i104064,1
i104068,25
i104069,21
i104076,22
i10408,63
i104080,2
i104081,14
i104082,3
i104083,26
i104084,6
i104086,2
i10409,56
i104090,10
i104093,6
i104094,24
i104097,2
i1041,66
i104105,19
i104113,13
i104114,2
i104119,4
i104128,25
i104132,16
i104136,2
i104139,24
i10414,47
i104140,9
i104141,7
i104144,22
i104149,8
i104151,16
i104152,2
i104155,8
i104162,36
i104163,7
i104169,2
i104171,21
i104172,20
i104174,1
i104175,2
i104177,22
i104178,39
i104184,4
i104186,10
i104192,12
i104197,16
i1042,48
i10420,89
i104204,5
i104205,1
i104207,18
i104209,55
i104214,17
i104216,2
i104225,35
i104240,12
i104241,7
i104246,26
i104247,5
i104251,21
i104252,16
i104258,1
i104261,17
i104262,4
i104263,16
i104264,1
i104268,33
i104274,7
i104276,7
i104283,15
i104284,4
i104288,49
i104291,32
i104292,8
i104293,32
i104297,12
i104299,11
i104300,47
i104303,1
i104305,17
i104307,5
i104308,12
i104309,10
i10431,29
i104312,5
i104314,7
i104320,1
i104324,1
i10433,47
i104332,44
i104333,36
i104334,85
i104336,33
i104340,8
i104341,6
i104345,21
i104347,57
i104348,8
i104358,12
i104359,6
i104360,2
i104362,1
i104363,6
i104364,14
i104365,6
i104368,14
i104373,12
i104380,16
i104381,1
i104384,20
i104392,66
i1044,6
i104404,15
i104405,2
i104406,2
i104417,3
i104419,27
i104422,20
i10443,22
i104430,11
i104434,1
i104435,2
i104439,5
i104442,13
i104446,2
i10446,1
i104466,3
i104471,25
i104483,3
i104484,19
i104486,18
i104487,7
i104492,1
i104495,10
i1045,34
i104500,15
i104502,11
i104505,8
i104507,24
i104512,9
i104513,16
i104514,3
i104515,5
i104517,2
i104518,38
i104519,4
i104522,15
i104524,6
i104529,30
i104531,11
i104536,17
i104539,2
i104544,1
i104547,2
i104554,44
i104556,4
i104561,12
i104562,3
i104566,1
i10457,35
i104570,4
i104574,4
i104575,5
i10458,26
i104580,1
i104584,9
i104585,6
i10459,9
i104590,1
i104597,31
i104598,12
i104600,2
i104608,1
i104612,10
i104620,1
i104622,1
i104627,1
i104628,4
i10463,5
i104630,2
i104631,9
i104632,1
i10464,45
i104640,6
i104642,11
i104645,7
i104647,9
i10465,39
i104650,16
i104658,43
i104660,6
i104663,23
i104669,42
i104671,48
i104672,15
i104676,14
i104678,1
i10468,41
i104684,24
i104687,3
i104690,7
i104692,11
i104696,6
i104699,36
i104700,85
i104701,46
i104702,34
i104703,35
i104715,21
i104716,5
i104720,6
i104722,57
i10473,33
i104732,4
i104733,19
i104740,11
i104743,1
i104744,4
i104747,3
i104750,3
i104755,7
i104756,8
i104759,7
i10476,9
i104762,5
i104768,3
i104769,4
i104770,16
i104772,3
i104778,55
i104780,32
i104781,8
i104784,34
i104786,23
i104789,1
i10479,116
i104796,54
i104797,4
i104798,2
i104802,5
i104806,1
i104811,1
i104814,7
i104817,4
i104819,9
i104821,8
i10483,5
i104830,1
i104832,9
i104839,28
i104841,5
i104845,35
i104850,2
i104854,21
i104856,10
i104857,3
i104859,52
i10486,18
i104860,1
i104861,11
i104862,14
i104863,30
i104865,1
i104874,12
i104879,5
i104883,1
i104887,7
i104888,1
i104895,10
i104896,33
i1049,41
i10490,9
i104906,7
i10491,4
i104910,23
i104913,2
i104914,1
i104924,8
i104929,7
i10493,11
i104931,45
i104932,33
i104933,19
i104938,3
i104947,10
i104950,15
i104954,2
i104966,14
i104967,2
i104968,23
i104970,5
i104971,19
i104975,18
i104982,2
i104987,1
i104988,33
i104989,103
i10499,12
i104993,27
i104996,14
i105,1
i10500,77
i105004,1
i105008,3
i105016,12
i105017,14
i105018,3
i105019,5
i105025,8
i105026,43
i105028,38
i105031,28
i105032,23
i105034,8
i105036,8
i105037,3
i105042,18
i105045,53
i105046,1
i105047,31
i105048,9
i105050,17
i105054,28
i105060,7
i105064,2
i105069,4
i105072,5
i105086,1
i105094,18
i105096,9
i105097,5
i105098,1
i1051,42
i105100,1
i105102,28
i105121,65
i105122,42
i105125,2
i10513,2
i105132,2
i105139,17
i105140,28
i105142,36
i105145,30
i105146,4
i105149,15
i105155,18
i105157,7
i105159,36
i105161,7
i105163,14
i105164,2
i105167,15
i105169,6
i105174,4
i105182,4
i105183,13
i105186,6
i105187,35
i105188,25
i105189,2
i105192,96
i105194,21
i105206,1
i105214,23
i105217,5
i105223,4
i105225,4
i105226,1
i105228,15
i105236,2
i105238,10
i105239,17
i10524,45
i105241,24
i105243,4
i105250,1
i105255,69
i105261,7
i105264,1
i105267,27
i105269,4
i105272,2
i10528,8
i105281,25
i105282,1
i1053,76
i105300,14
i105302,31
i105304,2
i105305,3
i105308,9
i105309,7
i105310,43
i105313,2
i105314,2
i105317,6
i105318,15
i10532,10
i105323,12
i105325,1
i105326,17
i105327,23
i105332,6
i105333,10
i105336,11
i105344,9
i105348,2
i10535,70
i105353,2
i105355,5
i105366,5
i105371,2
i105374,13
i105375,1
i105379,4
i105388,1
i105390,4
i105391,5
i105394,4
i105397,34
i105401,5
i105403,5
i105404,16
i105406,5
i105407,8
i105409,6
i105410,8
i105419,10
i105422,16
i105424,10
i105427,1
i10543,24
i105430,1
i105434,2
i105438,8
i105448,2
i105450,1
i105452,7
i105455,12
i105456,2
i105457,17
i10546,1
i105460,5
i105467,2
i105470,3
i105475,7
i105476,19
i105481,5
i105482,7
i105489,31
i105491,1
i105495,2
i10550,16
i105510,11
i105517,4
i105528,11
i105534,13
i105540,1
i105548,2
i105551,8
i105553,7
i105554,7
i105556,3
i105561,16
i105563,6
i105569,9
i105571,6
i105598,3
i105605,14
i105611,17
i105614,4
i105624,2
i105628,1
i105630,14
i105635,4
i105639,6
i105643,5
i105644,24
i105649,6
i105650,33
i105653,18
i105657,5
i105658,13
i105659,15
i10566,8
i105660,27
i105665,2
i105668,23
i105671,1
i105673,8
i105699,21
i105703,38
i105706,55
i105708,17
i105709,28
i105715,5
i105716,5
i105720,26
i105723,40
i105724,2
i105726,10
i105731,3
i105733,3
i105734,14
i105737,7
i105738,7
i105741,11
i105742,84
i105744,19
i105745,35
i105747,20
i105748,35
i105749,3
i105752,41
i105756,12
i105758,2
i105759,21
i105763,1
i105766,39
i105769,1
i105771,4
i105774,8
i105775,20
i105776,14
i105778,49
i105780,16
i105797,64
i10580,5
i105801,2
i105802,5
i105804,4
i105806,99
i105807,2
i105808,8
i10581,28
i105817,20
i105819,2
i10582,1
i105822,22
i105826,17
i105829,42
i105831,4
i105832,91
i105841,23
i105845,5
i10585,17
i105850,46
i105852,47
i105853,97
i105856,19
i105857,36
i105858,18
i105860,52
i105863,14
i105866,10
i105869,9
i105871,27
i105874,29
i105880,11
i10589,40
i105892,12
i105897,4
i10591,61
i105917,1
i105918,6
i105920,28
i105927,3
i105931,2
i105936,43
i105947,2
i105958,17
i105960,53
i105974,3
i105976,22
i105977,18
i105978,20
i105982,4
i105984,8
i105985,17
i105986,36
i105988,18
i105990,3
i105993,36
i105995,11
i105998,2
i106002,2
i106005,13
i106006,1
i106007,2
i10601,8
i106013,3
i106019,31
i106020,3
i106021,75
i106022,21
i106032,10
i106036,2
i106039,26
i106042,2
i106057,13
i106060,2
i106063,26
i106065,11
i106068,11
i106069,8
i106075,16
i106078,15
i106086,1
i106090,3
i106091,14
i106093,26
i106095,40
i106096,11
i106100,1
i106104,2
i106109,35
i10611,12
i106118,26
i106121,3
i106136,13
i106139,6
i10614,2
i106143,1
i106144,19
i106146,4
i106147,16
i106148,17
i10615,2
i106156,9
i106157,1
i106163,8
i106167,15
i106179,10
i10618,36
i106180,1
i106186,15
i106188,11
i10619,4
i106211,8
i106214,7
i10622,12
i106221,42
i106222,61
i106227,12
i10623,66
i106235,18
i106237,1
i106238,25
i106240,26
i106242,2
i106243,3
i106247,22
i106249,78
i106250,6
i106251,2
i106258,8
i106260,4
i106265,4
i106268,11
i106269,8
i10627,13
i106271,10
i106272,39
i106274,32
i106278,11
i106284,15
i106286,39
i106288,13
i106291,1
i106296,2
i106297,21
i106299,17
i10630,14
i106304,47
i106305,18
i106310,21
i106311,20
i106312,35
i106317,32
i106319,20
i10632,10
i106321,1
i106324,47
i106329,38
i106336,8
i106339,1
i106342,30
i106344,2
i106352,4
i106355,1
i106357,75
i106359,18
i106361,18
i106363,1
i106365,17
i106366,2
i106367,69
i106369,25
i10637,19
i106373,49
i10638,21
i106381,2
i106382,5
i106394,5
i106401,13
i106405,21
i106407,4
i106409,3
i10641,2
i106411,5
i106416,30
i106418,3
i106427,14
i106428,6
i10643,3
i106430,91
i106432,1
i106439,2
i106447,33
i106451,13
i106456,3
i106458,11
i106460,14
i106462,5
i106463,43
i106464,32
i10647,3
i106473,1
i106477,21
i106486,2
i106500,11
i106503,1
i106504,8
i106506,4
i106508,1
i10651,1
i106513,7
i106518,2
i106525,4
i106530,17
i106540,20
i10655,30
i106550,4
i106557,6
i106561,16
i106562,4
i106569,4
i10657,51
i106572,1
i106580,11
i106581,2
i106596,19
i106599,13
i106600,8
i106601,7
i106602,3
i106605,3
i106615,5
i106625,1
i106631,8
i106633,8
i106636,9
i106639,43
i106641,28
i106647,5
i106649,9
i106655,4
i106658,2
i106664,3
i106669,1
i106675,2
i106678,15
i10668,33
i106689,9
i106690,4
i106693,4
i106697,4
i10670,5
i106701,27
i106703,1
i106704,25
i106705,14
i106708,12
i106716,1
i106717,4
i106728,35
i106729,17
i10673,3
i106734,14
i106740,4
i106744,1
i106747,10
i106751,3
i106758,2
i106761,9
i106763,6
i106772,1
i106773,7
i106783,5
i106787,3
i106789,9
i10679,98
i106790,5
i106794,27
i106799,29
i106809,6
i106815,41
i106816,15
i106819,5
i106820,1
i106824,17
i106827,15
i106828,42
i106836,9
i106841,6
i106843,1
i106845,20
i106848,4
i106849,5
i10685,5
i106855,1
i106861,2
i106863,1
i106864,7
i106871,52
i106872,29
i106879,4
i106882,11
i106883,1
i106884,5
i106891,1
i106892,11
i106897,18
i106898,8
i106900,19
i106907,1
i106914,41
i106915,10
i106916,13
i106918,4
i106919,10
i106922,27
i106923,22
i106927,10
i106929,5
i106935,24
i10694,18
i106946,27
i106947,12
i106949,44
i10695,12
i106953,2
i106954,4
i106956,14
i10696,17
i106961,4
i106962,4
i106965,19
i106968,2
i10697,14
i106970,1
i106976,19
i106980,1
i106985,26
i106986,7
i106990,9
i106992,5
i106995,13
i106998,1
i106999,13
i10700,49
i107000,4
i107002,5
i107007,3
i107015,1
i107017,2
i107024,13
i10703,6
i107032,2
i107033,20
i107039,17
i107040,5
i107041,7
i107043,5
i107045,1
i107047,15
i107050,7
i107057,20
i107064,3
i107066,4
i107068,2
i107074,4
i107078,11
i10708,25
i107082,3
i107084,6
i107089,5
i107098,5
i10711,34
i107112,3
i107116,4
i107119,5
i10712,40
i107126,14
i107134,6
i107135,7
i10714,104
i107144,2
i107149,1
i10715,7
i107150,7
i107152,12
i107154,6
i107162,3
i107165,30
i107168,8
i107173,9
i107191,10
i107192,14
i107194,4
i107195,32
i107196,4
i1072,5
i107200,1
i107203,4
i107207,15
i107208,18
i10721,31
i107211,14
i107212,12
i107214,1
i107217,4
i10722,3
i107220,1
i107221,5
i107222,1
i107223,2
i107229,1
i107230,3
i107233,4
i107234,39
i10724,16
i107244,1
i107256,2
i107258,15
i107260,1
i107264,2
i107265,2
i107276,6
i107282,35
i107283,4
i107284,1
i107294,14
i107302,13
i107305,4
i107308,7
i107309,9
i10731,4
i107320,3
i107332,6
i107338,1
i107339,15
i10734,5
i107342,1
i107347,8
i10735,11
i107350,14
i107356,35
i107364,5
i107373,5
i107377,11
i107381,2
i107399,1
i1074,3
i10740,12
i107404,1
i107409,1
i107410,3
i107432,6
i107433,10
i107435,7
i10744,20
i10745,25
i107450,6
i107455,1
i107456,1
i107461,2
i107462,5
i107465,4
i107471,1
i107480,3
i107486,6
i107488,6
i10749,4
i107490,1
i107494,13
i107499,2
i1075,7
i10750,4
i107503,22
i107509,3
i107510,2
i107512,35
i107516,18
i10752,35
i107520,17
i107521,42
i107528,42
i107531,6
i107536,1
i10754,22
i107542,32
i107543,30
i107544,28
i107545,30
i107546,12
i107548,42
i107552,3
i107555,20
i107556,4
i107557,10
i107558,4
i107565,1
i107579,26
i107587,1
i107589,3
i107590,2
i107594,5
i107598,3
i107599,11
i10760,12
i107600,3
i107608,8
i107609,44
i107614,41
i107615,21
i107616,11
i107617,2
i10762,22
i107620,10
i107622,17
i107626,4
i107628,6
i107638,22
i107642,26
i107645,22
i107646,6
i107650,2
i107651,2
i107653,6
i107654,5
i10766,22
i107663,35
i107666,1
i10767,46
i107676,12
i107679,1
i107681,65
i107682,4
i107691,22
i107693,14
i107694,8
i107695,2
i107697,3
i107699,22
i107701,15
i107711,8
i107714,16
i107721,4
i107723,2
i10773,51
i107730,1
i107737,34
i107738,13
i107745,3
i107746,5
i107748,4
i107759,2
i107760,16
i107761,1
i107762,12
i107763,8
i107764,42
i10777,120
i107772,46
i107777,22
i107779,13
i107788,21
i107791,25
i1078,10
i107801,15
i107809,2
i107812,23
i107813,1
i107819,11
i107825,28
i107827,3
i107830,5
i107833,10
i107834,86
i107836,67
i107850,1
i107857,22
i10786,4
i107860,4
i107864,20
i107867,4
i107868,18
i107870,13
i107874,6
i107877,56
i107881,10
i107882,3
i107888,2
i107889,14
i107893,29
i107895,12
i107896,4
i107898,1
i107899,3
i10790,4
i107900,2
i107903,6
i107904,8
i107908,3
i10791,40
i10792,3
i107924,15
i107928,3
i107930,37
i107936,25
i107938,9
i10795,11
i107953,24
i107956,2
i107958,2
i107960,3
i107966,68
i107968,83
i107971,14
i107972,52
i107975,6
i107979,3
i107984,1
i107990,29
i107995,13
i107996,2
i107999,1
i108002,3
i108006,6
i108007,12
i108008,18
i108009,2
i10801,10
i108016,5
i108018,2
i108023,19
i108025,9
i10803,57
i108030,11
i108031,12
i108035,18
i108042,10
i108048,98
i108050,8
i108051,3
i108064,19
i108066,3
i108071,1
i108073,8
i108074,9
i108075,6
i108078,26
i108079,67
i108080,14
i108082,1
i108083,41
i108086,19
i108090,52
i108092,22
i108098,27
i1081,14
i108113,4
i108118,16
i108122,2
i108123,1
i108124,1
i108129,37
i108133,5
i108137,3
i108142,1
i108145,27
i108146,4
i108147,35
i108148,9
i10815,1
i108151,7
i108152,38
i108153,2
i108154,50
i108155,26
i108157,18
i108159,5
i108162,17
i108164,30
i108166,40
i108167,20
i108171,74
i108172,2
i108174,33
i108178,3
i108185,16
i108186,29
i108188,1
i108189,18
i108191,45
i108194,1
i108199,4
i108201,3
i108202,5
i108203,10
i108207,7
i10821,59
i108212,22
i108214,24
i108216,2
i108217,35
i108218,12
i108219,2
i108228,5
i108229,31
i108234,9
i108237,26
i108238,8
i10824,8
i108241,16
i108248,3
i108251,21
i108255,1
i10826,45
i108265,7
i108268,3
i108272,1
i108273,14
i108276,5
i108278,15
i108281,10
i108282,54
i108283,56
i108285,9
i108287,15
i108288,2
i108290,1
i108292,31
i108295,4
i108300,17
i108301,17
i108302,4
i108308,17
i108309,8
i108313,4
i108314,44
i108316,7
i108327,29
i108333,22
i108335,2
i108336,13
i108338,18
i108339,3
i108346,16
i10835,64
i108355,21
i108357,1
i108358,16
i10836,2
i108361,20
i108362,7
i108364,1
i10837,12
i108372,32
i108374,34
i108379,4
i10838,1
i108380,4
i108382,3
i108383,6
i108386,33
i10839,110
i108390,7
i108392,3
i108395,9
i108399,9
i1084,4
i108411,3
i108421,4
i108426,9
i108436,9
i108437,13
i108440,7
i108443,2
i108444,3
i108445,17
i108451,10
i108453,9
i108454,6
i108455,2
i10846,5
i108466,2
i108471,1
i108478,2
i108483,12
i108489,9
i108494,5
i1085,65
i108500,24
i108507,3
i108510,3
i108511,2
i108512,3
i108518,1
i108519,3
i108521,3
i108522,1
i108525,1
i10853,7
i108540,15
i108548,2
i108549,21
i108550,12
i108551,7
i108553,4
i108556,5
i108559,20
i108560,29
i108562,13
i108564,4
i108567,4
i108568,6
i108569,32
i108575,74
i108577,65
i108578,1
i108579,77
i108590,16
i108591,58
i108592,4
i108595,5
i108600,18
i108601,2
i108604,18
i108607,6
i108609,15
i108612,6
i108613,21
i108616,12
i108618,4
i108621,15
i108623,15
i108625,42
i108628,19
i108630,11
i108637,6
i108641,53
i108642,8
i108643,3
i108647,18
i108648,3
i108649,3
i108652,4
i108655,3
i108656,28
i108658,4
i108667,2
i108668,7
i108677,5
i10868,30
i108686,1
i108691,22
i108692,47
i108693,3
i108694,26
i108695,3
i108699,1
i10870,12
i108700,7
i108704,2
i108706,1
i108709,9
i108713,2
i108718,3
i108729,6
i108730,34
i108733,2
i108736,11
i108739,3
i108740,7
i108742,5
i108748,12
i10875,2
i108755,3
i108756,41
i108758,13
i108760,1
i108763,11
i108772,20
i108773,15
i108778,13
i10878,17
i108789,10
i108792,5
i108793,5
i108794,55
i108799,42
i10880,15
i108804,46
i108805,12
i108806,8
i108807,35
i108812,20
i108815,1
i108818,6
i108819,10
i108820,9
i108821,12
i108824,35
i10883,33
i108831,36
i108842,9
i108845,2
i108848,6
i108851,4
i108860,11
i108864,16
i108867,5
i108884,29
i10890,8
i108902,2
i108916,9
i108919,8
i108920,6
i108926,1
i108930,5
i108931,3
i108933,8
i108948,1
i10895,21
i108960,12
i108962,12
i108967,7
i108976,7
i108986,6
i108989,4
i108992,1
i109,12
i109007,19
i109010,1
i109013,3
i109014,7
i109019,14
i10902,12
i109023,34
i109024,10
i109027,23
i109028,11
i10903,3
i109034,7
i109035,1
i109037,13
i109038,20
i10904,91
i109041,34
i109047,12
i109049,9
i10905,61
i109050,2
i109053,32
i109059,28
i109062,24
i109065,8
i109067,5
i109072,6
i109073,2
i109076,16
i109077,13
i109078,8
i109080,7
i109086,9
i109087,3
i109091,19
i10910,2
i109106,15
i109109,4
i10911,2
i109119,5
i109123,5
i109131,10
i109137,12
i109140,5
i109142,19
i109143,4
i109145,20
i109148,14
i109149,1
i10915,85
i109150,2
i109161,4
i109162,16
i109165,6
i109172,4
i109173,11
i109183,9
i109188,25
i10919,32
i109196,10
i10920,9
i109200,2
i109203,5
i109208,10
i109209,4
i10921,4
i109211,1
i109214,12
i10922,16
i109220,1
i109228,2
i109229,4
i109233,2
i10924,1
i109245,7
i109251,4
i109255,5
i109256,6
i109259,1
i10926,14
i109263,14
i109265,2
i109266,8
i109268,19
i109274,10
i109275,8
i109276,1
i109277,17
i109278,5
i10928,4
i109302,10
i10931,74
i10932,1
i109324,7
i109325,8
i109329,3
i109332,3
i109333,22
i109336,5
i109338,1
i10934,14
i109340,5
i109346,3
i109347,33
i109349,9
i109358,2
i109362,3
i10937,6
i109376,3
i10939,38
i109390,2
i109392,5
i109393,56
i109394,35
i109397,27
i109398,39
i109401,72
i109407,44
i109408,8
i109412,13
i109416,40
i109418,3
i109427,23
i109432,1
i109433,21
i109434,8
i109435,8
i109438,8
i109440,10
i109441,11
i109446,5
i109449,42
i109451,6
i109452,39
i109457,25
i109459,16
i109461,2
i109463,9
i109464,4
i109465,26
i109467,23
i109471,101
i109475,5
i109478,2
i109479,9
i109481,13
i109487,3
i109488,5
i109490,18
i109492,5
i109495,1
i109496,11
i109498,30
i109501,2
i109511,7
i109514,14
i109525,5
i109527,23
i109529,9
i109537,37
i109554,8
i109566,22
i109568,37
i109577,1
i109581,1
i109588,17
i109593,18
i109594,25
i109595,11
i109596,12
i109598,12
i109601,3
i10961,3
i10962,42
i109621,16
i109623,34
i109628,18
i109631,32
i109636,6
i109637,54
i10965,56
i109651,2
i109654,4
i109657,22
i109660,1
i109662,15
i109667,9
i109669,1
i10967,3
i109677,1
i109685,6
i109686,17
i109687,1
i109688,12
i10969,47
i109697,6
i109699,1
i109714,1
i109715,30
i109718,13
i109719,4
i109723,2
i109730,4
i109733,10
i109738,2
i109741,19
i109745,16
i109747,23
i109748,12
i109752,25
i109755,81
i109761,4
i109763,7
i109771,9
i109773,15
i10978,23
i109782,5
i109789,18
i109792,26
i1098,9
i109800,4
i109802,19
i109804,10
i10981,107
i109810,33
i109822,2
i109842,7
i109843,1
i109844,26
i109847,54
i109851,12
i109853,41
i109859,23
i109866,36
i109869,17
i10987,16
i109884,16
i109888,1
i10989,14
i109891,3
i109898,12
i1099,66
i109903,5
i109907,3
i109908,14
i109909,2
i109914,5
i109915,2
i109917,81
i109927,1
i109932,2
i109937,20
i109940,11
i109952,13
i109954,15
i109956,1
i109957,3
i109962,3
i109964,14
i109966,9
i10999,53
i109990,28
i109996,9
i109997,12
i11000,1
i110003,21
i110006,18
i110007,1
i11001,4
i110010,8
i110012,21
i110016,1
i110017,1
i110019,7
i110021,17
i11003,8
i110041,8
i110048,7
i110049,10
i11005,11
i110057,18
i110059,12
i110065,18
i110070,9
i110071,1
i110072,2
i110074,21
i110075,30
i110077,12
i110086,14
i110087,56
i110094,7
i110095,8
i110096,11
i110098,11
i11010,22
i110104,20
i110105,2
i110106,5
i110108,13
i110114,2
i110119,2
i11012,40
i110120,7
i110125,2
i110127,3
i110130,3
i110137,22
i110141,2
i110142,2
i110161,14
i110164,6
i110168,7
i110169,25
i110171,1
i110173,20
i110175,7
i110176,11
i110177,8
i11018,29
i110180,3
i110181,26
i110183,15
i110185,6
i110189,11
i11019,6
i110192,21
i11020,1
i110201,4
i110203,3
i110211,9
i110216,10
i11022,70
i110229,10
i110235,24
i110241,6
i110245,6
i110246,1
i110248,1
i11025,28
i110251,4
i110260,1
i110261,9
i110262,1
i110265,7
i110269,24
i110276,5
i11028,67
i110284,26
i110287,1
i110289,4
i11029,16
i110298,11
i110302,6
i110304,10
i110307,1
i11031,40
i110318,1
i11032,3
i110320,1
i110321,1
i110329,12
i11033,7
i110334,6
i11034,68
i110342,42
i110349,1
i110350,6
i110356,11
i110357,2
i110366,20
i110368,11
i110371,9
i110375,9
i110377,1
i110378,27
i110379,31
i110383,3
i110384,17
i110386,31
i11039,9
i110392,52
i110395,5
i110397,22
i110402,28
i110403,11
i110404,25
i110408,2
i110410,15
i110417,11
i110422,12
i110425,2
i11043,46
i110430,26
i110433,3
i110438,8
i110439,3
i110444,40
i110449,17
i11045,18
i110454,7
i110458,4
i110459,2
i110465,6
i110467,18
i110470,22
i110472,7
i110475,27
i110476,3
i110477,3
i110478,2
i110483,13
i11049,70
i11050,2
i110500,3
i110503,27
i110506,18
i110507,22
i110514,7
i110515,2
i11052,2
i110522,47
i110527,8
i110529,6
i110534,5
i110539,6
i110548,11
i110553,3
i110562,6
i110563,7
i110568,1
i110569,18
i110571,4
i110573,1
i110576,2
i110577,1
i110578,10
i110582,1
i110585,11
i11059,33
i110592,2
i110594,12
i110601,22
i110604,2
i110606,25
i110607,1
i110609,8
i110611,5
i110612,13
i110613,4
i110614,30
i110623,5
i110624,7
i110626,4
i110627,5
i110629,4
i110633,10
i110634,4
i110635,13
i11064,49
i110640,9
i110645,2
i110646,10
i110649,2
i110656,22
i110660,15
i110662,1
i110667,1
i110668,1
i110675,2
i110679,9
i110680,11
i110681,1
i110687,3
i110692,6
i110695,5
i110703,6
i110708,14
i11071,3
i110710,7
i110711,22
i110714,3
i110717,1
i110718,1
i11072,19
i110723,2
i110724,3
i110732,1
i110733,6
i110736,9
i110745,8
i110752,8
i110753,4
i110758,11
i110760,25
i110761,3
i11077,5
i110776,12
i110777,1
i110780,32
i11079,18
i110796,4
i110801,22
i110807,3
i11081,13
i110812,2
i110815,5
i110816,1
i110817,6
i110822,2
i110824,7
i110825,6
i110828,10
i110833,16
i110835,1
i110841,19
i110844,2
i110846,8
i110847,1
i11085,45
i110851,1
i11086,61
i110861,1
i110863,38
i110866,6
i110870,13
i110871,10
i110872,2
i110877,4
i110878,19
i11088,33
i110887,18
i110889,1
i110893,3
i110894,14
i110898,4
i1109,2
i110904,1
i110909,18
i110914,2
i110917,4
i110930,5
i110938,2
i11094,80
i110949,15
i110958,25
i110962,12
i110963,7
i110969,19
i110972,1
i11098,3
i110984,7
i110985,12
i110990,7
i110994,23
i110995,8
i111,14
i11100,30
i111003,1
i111005,9
i111006,6
i111008,9
i111016,2
i111018,9
i111025,15
i111028,25
i111029,11
i11103,1
i111030,4
i111034,8
i111036,5
i111038,1
i11104,16
i111040,2
i111041,8
i111042,4
i111044,1
i111048,29
i111049,2
i111050,11
i111055,3
i111058,7
i111064,7
i111065,11
i111069,5
i111072,2
i111078,3
i111082,20
i111083,4
i111084,12
i111094,2
i111113,9
i111116,1
i111117,10
i111122,1
i111124,2
i111129,15
i111131,1
i111141,4
i111146,50
i111149,8
i111152,1
i111153,18
i111156,6
i111157,39
i111160,16
i111161,6
i111166,15
i111167,1
i111168,8
i11117,18
i111171,9
i111174,16
i111177,28
i111187,75
i111189,14
i111192,9
i111195,22
i111196,55
i1112,56
i111201,4
i111202,6
i111213,1
i111215,2
i111219,74
i111222,49
i111226,25
i111230,58
i111232,2
i111235,23
i111237,3
i11124,3
i111249,49
i11125,8
i111251,19
i111253,10
i111254,26
i111256,5
i111259,30
i111260,3
i111262,41
i111265,8
i111271,14
i111273,1
i11128,74
i111282,16
i111286,4
i11129,76
i111293,3
i111301,35
i111302,19
i111308,39
i111310,2
i111313,23
i111315,16
i111317,34
i111318,5
i111319,38
i111330,1
i111331,32
i111334,27
i111335,10
i11134,22
i111340,2
i111341,2
i111342,2
i111344,32
i111346,21
i111355,6
i111358,10
i111361,2
i111362,1
i111363,1
i111366,2
i111370,71
i111373,4
i111375,3
i111378,42
i111382,5
i111383,53
i111384,39
i111387,1
i11139,5
i111390,10
i111393,1
i111396,99
i111398,3
i1114,5
i111400,2
i111402,2
i111408,28
i111415,2
i111417,7
i111420,6
i111421,46
i111435,20
i11144,13
i111443,41
i111444,14
i111445,9
i111448,22
i111450,8
i11146,12
i111473,1
i11148,12
i111480,46
i111484,18
i111487,96
i111488,46
i111494,17
i111497,1
i111498,28
i1115,5
i111503,3
i111506,1
i11151,1
i111515,24
i111517,4
i111518,10
i111519,2
i111537,13
i111539,36
i111540,1
i111541,15
i111547,50
i111550,2
i111551,41
i111555,1
i111558,13
i111559,10
i111565,34
i11157,29
i111573,2
i111578,48
i111580,26
i111588,2
i111594,39
i111595,9
i111596,4
i111597,29
i111602,1
i111603,4
i111604,7
i111617,23
i11162,52
i111628,4
i111631,3
i111636,13
i111637,12
i111639,3
i11164,2
i111641,32
i111644,6
i111646,1
i111653,16
i111654,4
i111672,15
i111682,10
i111684,17
i111688,13
i111692,5
i111693,3
i111705,63
i111711,60
i111715,4
i111728,2
i111730,2
i111732,25
i111737,7
i11174,41
i111740,1
i111747,22
i111751,11
i111752,5
i111753,48
i111758,3
i111761,3
i111762,1
i111764,5
i111768,22
i111775,5
i111776,13
i111777,5
i111779,31
i11178,11
i111783,19
i111791,4
i111792,5
i111793,1
i111795,38
i111797,27
i111799,5
i111800,17
i111803,43
i111806,6
i111807,15
i111810,4
i111811,10
i111814,30
i111822,7
i111824,35
i111827,14
i11183,13
i111833,2
i111841,7
i111843,33
i111846,19
i111849,1
i111854,15
i111855,3
i111861,36
i111863,7
i111866,10
i111870,5
i111871,1
i111880,60
i111881,4
i111887,8
i111888,33
i111889,14
i11189,8
i111893,4
i11190,9
i111900,1
i111901,5
i111903,4
i111909,28
i111911,68
i111914,15
i111917,2
i111918,18
i111919,16
i111926,9
i111928,42
i111930,5
i111936,29
i111939,24
i111949,5
i11195,30
i111951,10
i111955,21
i111962,8
i111976,37
i111977,4
i111983,33
i111990,22
i111994,4
i112002,20
i112003,55
i112006,26
i112011,11
i112013,2
i112025,2
i112031,35
i112032,11
i112037,5
i112038,27
i112039,11
i112041,40
i112047,2
i112048,3
i11205,46
i112055,2
i112056,14
i112064,14
i112069,2
i11207,70
i112070,25
i112071,1
i112080,50
i112085,2
i112088,25
i112090,12
i112095,16
i112096,14
i112097,13
i112099,21
i1121,25
i11210,4
i112101,10
i112102,17
i112109,1
i11211,3
i112110,2
i112113,5
i112118,22
i11212,64
i112121,13
i112122,4
i112128,11
i112137,19
i112139,13
i112140,6
i11216,14
i112160,51
i112162,5
i112163,10
i112170,20
i112178,7
i112180,17
i11219,18
i112192,20
i112198,18
i112205,2
i112207,1
i112209,60
i11221,1
i112215,13
i112225,1
i112236,10
i112238,5
i112243,2
i112250,1
i112252,5
i112253,20
i11226,9
i112260,3
i112262,10
i112273,5
i112281,26
i112286,11
i112302,18
i112303,33
i112306,12
i11231,16
i112314,14
i112315,88
i11232,40
i112323,43
i112324,8
i112328,43
i112330,7
i112333,10
i112338,3
i112339,5
i112341,3
i112345,40
i112347,1
i11235,1
i112351,16
i112353,21
i112357,7
i112362,1
i112365,37
i11237,2
i112371,42
i112372,3
i112373,7
i112379,8
i112383,7
i112390,3
i112398,21
i112399,2
i11240,6
i11241,5
i112416,2
i112418,2
i112420,3
i112424,4
i112437,6
i112438,18
i112440,2
i112447,35
i112448,20
i112450,20
i112462,6
i112465,14
i112475,1
i112477,10
i112479,38
i112481,39
i112482,34
i112484,7
i112488,34
i112496,2
i1125,16
i11250,18
i112503,5
i112508,4
i112509,51
i112511,5
i112523,6
i112525,2
i112528,2
i112532,11
i11254,54
i112541,5
i112548,9
i11255,2
i112552,21
i112557,27
i112558,12
i11256,2
i112569,6
i11257,45
i112586,9
i112587,1
i112592,7
i112595,66
i112599,16
i1126,48
i112605,10
i112607,4
i112608,5
i112611,5
i11262,9
i112621,14
i112628,4
i112633,3
i112652,12
i112674,10
i112678,3
i112679,23
i112680,3
i112683,3
i112695,29
i112702,2
i112703,1
i112704,18
i112710,7
i112717,3
i112721,3
i112725,20
i112727,15
i11273,79
i112730,7
i112731,37
i112743,9
i112747,7
i112752,24
i112753,13
i112754,32
i112755,4
i112756,15
i112757,2
i112758,4
i112766,4
i112772,5
i112778,5
i112780,5
i112782,35
i112790,5
i112792,15
i112793,11
i112794,11
i112798,4
i1128,3
i112800,9
i112802,23
i112804,9
i112806,7
i112807,1
i112811,8
i112812,11
i112826,8
i112827,11
i112829,3
i112834,2
i112839,4
i11284,8
i112843,19
i112847,9
i112848,4
i112854,5
i112863,12
i112882,3
i112884,9
i112887,10
i112891,3
i112892,2
i112896,29
i112909,11
i112912,2
i112915,21
i112917,15
i112922,9
i112925,3
i112928,7
i11293,77
i112932,10
i112933,39
i112935,12
i11294,1
i112940,12
i112941,9
i112942,23
i112944,4
i112945,2
i112949,38
i112950,7
i112951,28
i112958,7
i112962,12
i112963,2
i112964,37
i112970,34
i112972,1
i112975,36
i112976,2
i112977,9
i112979,18
i112981,8
i112984,22
i112985,4
i112990,3
i112991,28
i112992,2
i113004,11
i113006,2
i113019,18
i11304,3
i113046,1
i113048,1
i113050,6
i11306,5
i113063,1
i113064,4
i113070,7
i113071,2
i113091,2
i113094,8
i113095,3
i113100,6
i113108,6
i113109,7
i113110,1
i113112,4
i113116,35
i113119,12
i11312,19
i113123,11
i113124,4
i113128,1
i113129,36
i11313,18
i113131,14
i113140,6
i113143,1
i113146,1
i11315,24
i113152,8
i113162,7
i113173,19
i113179,18
i113180,1
i113188,3
i113198,24
i113199,1
i113203,10
i113205,4
i11321,3
i113220,21
i113223,1
i113228,7
i113234,1
i113238,23
i113239,4
i11324,34
i113244,11
i113247,25
i113248,2
i113250,4
i113252,58
i113264,18
i113267,32
i11327,24
i113273,11
i113281,2
i113299,16
i113304,20
i113305,9
i113311,9
i113314,2
i113315,4
i113316,5
i113317,13
i113319,62
i11332,48
i113321,16
i113325,18
i113326,10
i113329,76
i113333,28
i113338,10
i113347,25
i113348,22
i113349,32
i113353,44
i113354,71
i113357,2
i113359,72
i11336,20
i113362,65
i113366,46
i113369,21
i113370,10
i113372,16
i113373,2
i113376,6
i11338,1
i113381,9
i113386,40
i113388,16
i11339,11
i113392,38
i113394,32
i113395,16
i113398,24
i11340,15
i113406,4
i113407,1
i113409,69
i113411,28
i113412,20
i113417,52
i113422,14
i113425,49
i113426,2
i113428,8
i113434,5
i113437,5
i11344,24
i113440,2
i113441,26
i113444,4
i113445,4
i113449,26
i11345,28
i113455,23
i11346,3
i113470,5
i113476,65
i113478,58
i113487,13
i113497,9
i11350,10
i113509,1
i113511,2
i113515,2
i113516,2
i113517,26
i113518,17
i113523,4
i113530,11
i113538,61
i11354,7
i113542,16
i113543,40
i113546,17
i11355,8
i113561,9
i11357,6
i113571,5
i113574,1
i113576,19
i113577,12
i113589,1
i113592,1
i113596,4
i113598,1
i1136,6
i113603,11
i113605,45
i113606,6
i11361,25
i113610,14
i113617,23
i113625,13
i113628,59
i11363,46
i113631,18
i113635,3
i113642,11
i113644,8
i113649,36
i113650,24
i113653,1
i113654,17
i113658,7
i113662,4
i113669,76
i113672,15
i113675,17
i11368,40
i113680,7
i113683,4
i113685,9
i11369,2
i113691,12
i113695,4
i113696,1
i113710,39
i113717,1
i113720,80
i113724,7
i113726,10
i113727,3
i113728,50
i113730,14
i113731,3
i113735,12
i113738,33
i113739,36
i11374,18
i113740,7
i113743,2
i11375,1
i113753,36
i113756,4
i113762,11
i113764,31
i113765,17
i113774,11
i113782,7
i113790,9
i113793,34
i113799,4
i11380,42
i113801,9
i113802,2
i113805,6
i113806,8
i113810,18
i113816,5
i113819,7
i11382,10
i113820,2
i113824,13
i113827,13
i11383,58
i113830,5
i113831,34
i113832,4
i113845,10
i113850,8
i113851,19
i113854,12
i113856,10
i113858,1
i113861,13
i113872,25
i113876,3
i113877,6
i113878,4
i113879,3
i11388,4
i113888,3
i113897,29
i113899,13
i1139,55
i113901,4
i113905,26
i113906,57
i113908,11
i11391,1
i113910,3
i113915,17
i113916,14
i113920,23
i113923,1
i113925,5
i113926,57
i113927,17
i113928,42
i113929,7
i11393,5
i113931,51
i113936,17
i113938,1
i113939,31
i113943,45
i113948,23
i113949,23
i113954,13
i113958,7
i113959,1
i11396,105
i113966,21
i113967,10
i11397,17
i113970,56
i113971,12
i113973,44
i113975,7
i113986,2
i113989,12
i113993,9
i113999,13
i1140,3
i11400,2
i114002,1
i114003,29
i114005,6
i114012,11
i114014,2
i114017,1
i114018,24
i114019,4
i114020,10
i114024,19
i114025,14
i114029,2
i114035,4
i114039,9
i11404,2
i114040,4
i114043,35
i114044,4
i114045,23
i114050,40
i114052,28
i114059,9
i11406,13
i114061,9
i114063,4
i11407,19
i114070,24
i114071,9
i114073,6
i114080,11
i114084,10
i114087,7
i114091,4
i114103,14
i114105,20
i11411,8
i114117,1
i114119,54
i11412,42
i114123,19
i114135,27
i114136,7
i114141,28
i114143,39
i114145,17
i114147,33
i114148,11
i114149,3
i114150,51
i114155,1
i114156,1
i114157,12
i114160,51
i114163,3
i114167,13
i114171,9
i114173,2
i114176,1
i114179,28
i114180,1
i114184,3
i114187,15
i114189,3
i114190,28
i114191,10
i114193,2
i114194,5
i114196,7
i114198,18
i114199,17
i114203,3
i114206,14
i114208,3
i114212,12
i114224,35
i114225,4
i114226,2
i114234,18
i114235,12
i114239,4
i11424,5
i114240,29
i114246,7
i114247,8
i114248,18
i114255,14
i114265,8
i114282,13
i114284,7
i114290,5
i114293,4
i114297,7
i1143,40
i114313,1
i114319,1
i114325,9
i114326,11
i114333,19
i11434,85
i114344,4
i114346,4
i114347,15
i114353,20
i114357,23
i114360,16
i114362,9
i114368,10
i114370,20
i114374,11
i114376,38
i114377,32
i114379,9
i11438,7
i114381,3
i114382,13
i114383,2
i114386,2
i114387,1
i114391,26
i114398,2
i11440,1
i114404,27
i114407,65
i114408,50
i11441,12
i114411,1
i114412,37
i114413,4
i114430,1
i114433,11
i114444,25
i114447,2
i114455,2
i114456,41
i114466,1
i114469,7
i114472,7
i114473,7
i114480,17
i114484,1
i11449,43
i114490,2
i114491,9
i114497,6
i114501,6
i114508,1
i114509,9
i11451,19
i114511,5
i114515,4
i114521,1
i114522,11
i114523,8
i114526,3
i114527,49
i114532,57
i114533,2
i114539,2
i114540,12
i114543,14
i114544,12
i114547,15
i114552,34
i114553,19
i114554,8
i114555,11
i114562,13
i114563,8
i114567,31
i114568,10
i114572,48
i114587,6
i11459,2
i114596,7
i114604,2
i114606,25
i11461,24
i114610,12
i114615,1
i114617,8
i11462,1
i114620,14
i114626,15
i114633,19
i114638,19
i114642,5
i114646,3
i114651,7
i114653,2
i114656,4
i114659,1
i114660,8
i11467,4
i114672,8
i114673,5
i114674,9
i114678,14
i114680,1
i11469,3
i114691,11
i114705,2
i114706,8
i114708,1
i114709,19
i114711,1
i114716,7
i114717,10
i114719,2
i114720,32
i114722,8
i114725,3
i11473,49
i114731,6
i114734,9
i11474,19
i114750,5
i114753,10
i114754,2
i114756,3
i114757,9
i114759,12
i114765,9
i114768,10
i114769,10
i114771,7
i114772,3
i114774,1
i114775,21
i114777,5
i114785,3
i114789,37
i114795,3
i114798,26
i114799,1
i1148,23
i114803,7
i11481,58
i114814,7
i114821,12
i114824,2
i114826,17
i114829,15
i11483,4
i114831,9
i114832,23
i114841,4
i114843,1
i11485,4
i114854,15
i114855,1
i114857,4
i114863,7
i114869,8
i114870,2
i114872,8
i114878,12
i114881,72
i114889,8
i114897,21
i114898,3
i1149,83
i114902,7
i114905,12
i114913,1
i114916,10
i114917,16
i114919,5
i11492,10
i114921,1
i114925,6
i114927,5
i114928,1
i114937,3
i114943,12
i114951,3
i114953,14
i114956,3
i114959,1
i114964,5
i114969,1
i114970,10
i114973,4
i114974,1
i114975,12
i114978,1
i114982,11
i114983,3
i114984,28
i114994,2
i114998,5
i11501,5
i115012,1
i115015,16
i115033,5
i115036,1
i115038,21
i115039,4
i11504,1
i115045,7
i115046,5
i115051,3
i115057,6
i115075,4
i115077,18
i115080,1
i115082,8
i115084,8
i115085,1
i115089,18
i11509,3
i115091,18
i115094,6
i115095,8
i115099,2
i115112,1
i115114,13
i115119,3
i11513,4
i115131,4
i115134,33
i115135,2
i115139,2
i11514,3
i115140,5
i115142,3
i115144,36
i115145,3
i115146,18
i11515,1
i115150,3
i115151,5
i115157,19
i115161,12
i115163,3
i115164,8
i115167,1
i115171,3
i115175,22
i115179,11
i115183,5
i115184,7
i11519,1
i115193,21
i115197,25
i115202,7
i115205,7
i115221,12
i115223,14
i115228,37
i115230,46
i115231,9
i115241,26
i115250,4
i115251,75
i115253,20
i115266,3
i115270,6
i115274,45
i115278,32
i115279,20
i115281,31
i115282,22
i115283,11
i115285,4
i115288,9
i115292,4
i115293,21
i115299,1
i115300,1
i115313,20
i115317,46
i115318,4
i11532,21
i115327,57
i115331,13
i115333,26
i115337,98
i115343,16
i115344,52
i115346,2
i11535,7
i115355,23
i115357,4
i11536,11
i115363,9
i115366,19
i115371,12
i115372,6
i115374,5
i11538,7
i115380,15
i115383,5
i115384,14
i115387,2
i115388,77
i115393,34
i115395,13
i115396,5
i115397,18
i115399,5
i1154,53
i11540,15
i115405,63
i115408,5
i115409,43
i115410,1
i115414,26
i115419,1
i115420,20
i115422,19
i115424,32
i115427,35
i115429,12
i115432,1
i115434,5
i115439,13
i11544,9
i115442,4
i115444,57
i115446,3
i115448,20
i115456,16
i115462,36
i115469,33
i11547,52
i115470,10
i115473,30
i115476,8
i11548,3
i115485,1
i115486,5
i115495,6
i115501,2
i115504,20
i115512,4
i115517,3
i11552,6
i115521,20
i115522,14
i115523,25
i115531,14
i115534,52
i115535,5
i115538,2
i115542,52
i115549,56
i115552,2
i115557,34
i115561,5
i115567,4
i115570,13
i115571,15
i115572,29
i115588,26
i1156,2
i115602,9
i115604,12
i115607,19
i115609,21
i115612,3
i115613,47
i115615,16
i115618,5
i115619,13
i115621,3
i115623,2
i115627,7
i115628,10
i11563,32
i115633,15
i115639,3
i115644,9
i115649,3
i11565,20
i115651,7
i115653,30
i115658,2
i11566,13
i115663,9
i115665,14
i115667,1
i11567,16
i115670,2
i115672,12
i115673,12
i115676,3
i115678,2
i115686,2
i115692,3
i115693,6
i115696,1
i115699,3
i115707,46
i11571,31
i115719,39
i11572,54
i115721,1
i115729,14
i115735,3
i115739,17
i115741,45
i115748,22
i11575,3
i115750,12
i115751,35
i115760,3
i115763,22
i115765,57
i115768,1
i115772,17
i115775,10
i115776,48
i115791,21
i115792,33
i115794,7
i115799,1
i115800,27
i115801,3
i115802,11
i115818,32
i115822,94
i115826,6
i115828,17
i115830,11
i115837,1
i11584,14
i115840,43
i115846,16
i11585,65
i115851,39
i115852,13
i115853,28
i115854,25
i115855,22
i11586,33
i115862,4
i115864,11
i115865,44
i115866,1
i115870,22
i115875,16
i115876,11
i115880,17
i115885,16
i11589,2
i115890,4
i115891,1
i115895,5
i115896,47
i115898,10
i11590,3
i115905,17
i115906,2
i115908,3
i115910,17
i115919,2
i115920,2
i115922,5
i115927,7
i115930,22
i115931,2
i115936,26
i115937,2
i115940,20
i115946,39
i115947,7
i115948,18
i115955,5
i115959,8
i11596,21
i115960,2
i115962,2
i115973,21
i115974,2
i115975,31
i115977,3
i115978,3
i115980,4
i115982,25
i115985,25
i115993,48
i115996,19
i115998,2
i116000,13
i116003,1
i116005,1
i116013,2
i116015,24
i116018,23
i116024,16
i116025,16
i116031,5
i116034,24
i116037,31
i116039,4
i116042,41
i116048,6
i11605,44
i116050,1
i116056,6
i116058,2
i116059,6
i116069,22
i116072,14
i116076,10
i116077,17
i116079,15
i11608,2
i116080,7
i116083,19
i116085,13
i11609,8
i116091,1
i116094,2
i116097,14
i11610,3
i116101,11
i116110,1
i11613,45
i116133,2
i116135,9
i116137,19
i116140,11
i116141,1
i11615,2
i116152,57
i116156,7
i116159,16
i116161,2
i116170,28
i116171,12
i116172,9
i116174,1
i116177,1
i116184,17
i116186,1
i116194,3
i11620,2
i116200,7
i116204,19
i116205,11
i116206,5
i116208,73
i116210,2
i116217,2
i116218,27
i116224,47
i116225,6
i116226,32
i116227,12
i116228,3
i116229,8
i116230,18
i116236,1
i116237,3
i116241,31
i116243,4
i116249,3
i11625,47
i116255,13
i116259,19
i11626,3
i116265,5
i116266,9
i116269,17
i116270,9
i116275,10
i116276,8
i116277,24
i116278,18
i116285,16
i116288,7
i11629,16
i116296,17
i1163,88
i116310,3
i116313,2
i116314,34
i116317,10
i116323,39
i116324,35
i116327,27
i116328,27
i116331,13
i116337,33
i116339,4
i11634,19
i116342,29
i116343,7
i116344,15
i116345,2
i11635,4
i116353,4
i116354,24
i116355,3
i116357,26
i116362,1
i116367,20
i116368,13
i11637,39
i116370,7
i116372,8
i116374,2
i116375,9
i116379,11
i116381,13
i116383,3
i116391,17
i116393,6
i116399,2
i116401,34
i116411,8
i116412,2
i116413,21
i116414,6
i116417,2
i116422,29
i116424,2
i11643,16
i116432,18
i116433,4
i116438,3
i116445,41
i116447,17
i116453,18
i116454,2
i116455,5
i116457,3
i116462,29
i116464,7
i116477,15
i116481,25
i116483,25
i116488,11
i116492,51
i116494,3
i116496,8
i116499,4
i116509,1
i11651,10
i116510,18
i116515,31
i116517,11
i116519,16
i11652,10
i116520,8
i116521,3
i116526,1
i116530,1
i116532,11
i116536,14
i116540,39
i116542,29
i116543,15
i116547,8
i11655,17
i116552,3
i116554,3
i116556,1
i116561,1
i116562,5
i116564,7
i116565,10
i116569,8
i116572,1
i116574,3
i11658,16
i116583,19
i116584,52
i116590,3
i116591,26
i116592,6
i116594,11
i116597,11
i116603,9
i116605,11
i116609,5
i116610,23
i116618,15
i116619,11
i116622,5
i116624,2
i116625,10
i116627,30
i116636,40
i116639,7
i11664,12
i116646,5
i11665,13
i116659,9
i11666,9
i116662,2
i116664,1
i116666,3
i116677,17
i116678,2
i11668,18
i116682,2
i116684,2
i116685,3
i116692,6
i116698,1
i116703,1
i116707,5
i116708,13
i116713,3
i116714,22
i116719,18
i116721,29
i116725,20
i116731,2
i116732,11
i116736,2
i116740,20
i116743,5
i116748,25
i116749,56
i11675,4
i116754,9
i116756,9
i116760,46
i116765,16
i116766,15
i116768,2
i116769,17
i116770,21
i116771,11
i116772,18
i116775,13
i116778,8
i116779,12
i11678,15
i116781,2
i116782,19
i116783,4
i11679,39
i116791,3
i116796,8
i1168,1
i11680,1
i116806,1
i116807,1
i116813,12
i116814,5
i11683,1
i116832,4
i116843,16
i116846,1
i11685,2
i116850,10
i116852,2
i116853,1
i116854,2
i116855,35
i116857,18
i116869,26
i11687,70
i116877,6
i116878,33
i116883,24
i116897,2
i116899,3
i1169,12
i11690,1
i116904,4
i116908,4
i116912,14
i116919,2
i116923,16
i116926,4
i116927,3
i116928,24
i116934,2
i116938,6
i116949,1
i116951,16
i116955,5
i116957,10
i116958,3
i116959,13
i11696,15
i116965,6
i116974,2
i116976,3
i116977,9
i116978,8
i116984,1
i116990,7
i116992,4
i116994,1
i116995,3
i116997,3
i117,14
i117000,5
i117008,12
i117012,1
i117014,27
i117017,4
i117018,9
i11702,3
i117022,6
i117027,29
i117037,5
i117043,16
i117049,19
i117051,1
i11706,43
i117060,6
i117063,20
i117074,6
i117076,5
i117082,8
i117084,31
i117086,45
i117093,20
i117095,5
i117097,31
i117098,7
i11710,31
i117104,27
i117106,5
i117109,3
i11711,1
i117112,2
i117114,13
i117116,33
i117117,21
i11712,17
i117122,56
i117125,16
i117126,16
i117134,33
i117135,3
i117149,15
i117156,3
i117157,2
i117164,1
i117166,5
i117169,19
i117172,7
i117180,7
i117182,20
i117183,13
i117187,7
i117188,62
i117190,5
i11720,18
i117204,5
i117207,5
i117214,9
i117216,2
i117217,4
i117226,27
i117228,9
i117231,17
i117233,86
i11724,56
i117246,25
i117248,5
i117252,17
i117255,13
i117256,2
i117259,65
i117261,3
i117275,17
i117278,2
i11728,2
i117280,22
i117286,69
i11729,10
i117295,12
i11730,12
i117301,1
i117305,22
i11731,21
i117314,2
i11732,3
i117324,6
i117325,24
i117333,21
i117338,34
i117342,1
i117343,31
i117344,16
i117347,6
i11735,24
i117354,5
i117359,32
i11736,36
i117360,20
i117362,1
i117363,27
i117367,15
i117369,27
i117374,1
i117375,1
i117382,8
i117386,3
i117388,1
i117390,1
i117391,21
i117394,3
i117395,17
i117405,20
i117409,4
i117411,23
i117417,1
i117425,3
i117426,33
i117433,1
i117440,12
i117441,20
i117448,24
i117453,11
i117458,3
i117461,9
i117462,28
i117463,2
i117466,7
i117471,6
i117473,23
i117474,2
i117481,3
i117483,5
i117484,36
i117485,3
i117489,2
i117494,34
i117495,8
i117499,6
i117500,23
i117502,1
i117508,23
i117509,4
i11751,15
i117516,40
i117518,7
i117520,53
i117525,46
i117529,11
i117539,9
i117540,54
i117544,11
i117548,5
i117549,20
i117550,4
i117558,13
i117568,17
i117576,4
i117589,3
i11759,1
i117590,1
i117593,1
i117594,1
i117595,40
i117597,4
i117601,10
i117602,11
i117605,22
i117610,32
i117617,12
i117619,14
i117620,6
i117628,19
i117637,12
i11764,5
i117645,2
i117648,10
i11765,25
i117651,5
i117654,3
i117655,2
i117663,15
i117667,3
i117668,12
i117671,16
i117673,4
i117676,5
i117679,3
i117684,4
i117685,8
i117689,67
i11769,21
i117690,3
i117692,13
i117694,5
i11770,8
i117700,7
i117701,19
i117702,19
i117706,1
i117714,2
i117717,12
i11772,11
i117720,4
i117721,50
i117723,5
i117724,2
i117726,17
i117737,1
i117739,2
i117743,11
i117747,23
i117750,5
i117753,18
i117754,4
i117755,3
i117760,17
i117761,1
i117763,7
i117766,1
i117769,23
i11778,30
i117783,1
i117788,8
i117789,18
i11779,77
i117794,1
i117799,4
i117804,7
i117806,9
i117816,7
i117818,1
i117828,11
i117831,12
i117833,15
i117834,1
i117837,26
i117838,26
i117839,24
i117842,9
i117848,11
i117852,4
i117855,15
i117856,7
i117858,1
i117861,14
i117864,7
i117865,6
i117866,1
i117870,1
i117875,1
i117881,6
i117887,1
i117893,2
i117898,2
i1179,20
i117900,3
i117902,2
i117906,31
i117907,18
i117908,6
i117909,16
i11791,6
i117918,1
i117922,1
i117923,9
i117925,2
i117926,12
i11793,49
i117931,20
i117938,2
i11794,37
i117940,3
i117944,4
i117947,4
i117949,3
i11795,1
i117951,10
i117956,7
i11796,20
i117966,7
i117968,4
i117969,2
i11797,5
i117970,6
i117973,1
i117974,6
i11798,69
i117984,9
i117986,2
i117992,20
i117993,1
i117998,15
i1180,16
i118003,27
i118005,1
i118006,12
i118007,2
i118014,7
i118017,2
i118020,7
i118022,19
i118027,17
i118028,2
i118029,12
i11803,17
i118030,1
i118034,1
i118036,26
i11804,4
i118042,6
i118043,26
i118047,20
i118049,13
i11805,56
i118050,59
i118055,10
i118056,12
i118057,21
i118058,4
i118059,9
i118060,12
i118063,6
i118065,8
i118069,2
i118074,29
i118075,17
i118076,4
i118082,2
i118083,1
i118086,20
i118087,22
i118088,14
i118089,19
i118098,11
i118099,6
i118102,5
i118103,4
i118104,23
i118108,1
i118111,2
i118134,23
i118135,7
i118141,43
i118156,47
i118159,21
i118161,12
i118163,14
i118165,9
i118174,5
i118182,15
i118187,9
i118189,27
i118191,12
i118194,35
i118198,11
i118199,5
i1182,42
i11820,19
i118204,5
i118207,6
i118211,3
i118212,8
i118217,5
i118218,1
i118221,5
i118222,10
i118226,4
i118238,19
i118239,1
i118240,2
i118241,2
i118242,4
i118243,16
i118244,33
i118245,8
i118246,11
i118248,7
i118249,1
i118252,21
i118254,17
i118256,3
i118269,10
i118277,1
i118278,2
i118279,47
i11829,9
i118292,7
i118302,3
i118304,19
i11831,59
i118311,10
i118314,17
i118315,6
i118316,9
i118317,31
i118319,1
i118332,34
i118334,2
i118336,5
i118339,19
i118342,10
i118344,7
i118347,6
i118348,9
i11835,24
i118355,2
i11836,6
i118361,29
i118362,1
i118363,3
i118365,15
i118366,6
i118367,12
i118375,1
i118376,9
i118377,16
i118378,6
i11838,35
i118388,3
i11839,75
i118391,7
i118392,2
i118393,8
i118396,19
i1184,34
i11840,3
i118401,15
i118402,4
i11841,48
i11842,25
i118420,1
i118426,15
i118431,4
i118434,48
i118439,4
i118449,6
i118456,21
i118461,2
i118463,14
i118467,2
i11847,21
i118471,2
i118473,6
i118475,3
i118476,29
i118479,20
i118480,4
i118483,10
i118491,5
i118492,10
i118499,2
i11851,37
i118511,4
i118512,2
i118516,14
i118521,23
i118522,1
i118525,14
i118527,2
i118528,3
i118530,3
i118536,7
i118538,2
i118545,2
i118548,4
i118549,12
i118551,4
i118553,30
i118556,2
i118557,2
i118560,7
i118567,22
i118574,3
i118575,26
i118582,2
i118588,4
i11859,7
i1186,7
i118600,1
i118603,1
i118615,8
i118617,3
i118619,16
i118622,10
i118623,8
i118624,5
i118625,14
i118629,13
i118630,42
i118631,3
i118634,3
i118639,1
i118640,18
i118641,12
i118645,4
i11865,8
i118650,6
i118654,7
i118655,13
i118662,7
i118670,10
i118673,1
i11868,13
i118681,5
i118682,2
i118684,1
i118685,4
i118689,16
i118690,2
i118692,2
i118698,20
i118703,15
i118717,13
i11872,3
i118730,6
i118733,2
i11874,17
i118753,2
i118757,16
i118759,10
i118766,3
i11877,23
i118771,2
i11878,6
i118782,3
i118795,26
i118802,12
i118803,1
i118804,3
i118805,17
i118806,12
i118809,2
i118811,7
i118815,7
i118816,19
i118817,18
i118818,33
i118819,4
i11882,2
i118829,2
i118835,11
i118840,11
i118841,1
i118859,4
i11886,88
i118863,17
i118864,23
i118867,2
i118869,48
i11887,8
i118871,7
i118872,1
i118874,47
i118878,13
i118879,8
i118881,3
i118887,14
i11889,18
i118890,3
i118894,1
i118895,7
i118898,8
i1189,11
i11890,3
i118901,26
i118902,10
i118904,11
i11891,5
i118916,5
i118917,105
i118925,16
i118926,39
i118938,12
i118939,13
i118940,21
i118941,11
i118942,25
i118944,30
i118945,15
i118951,28
i118955,2
i118956,65
i11896,39
i118960,38
i118963,31
i118965,1
i118967,10
i118969,3
i118971,14
i118977,1
i11898,33
i118982,10
i118989,2
i11899,10
i118991,1
i118996,41
i118998,29
i11900,1
i119001,4
i119007,31
i119009,2
i11901,11
i119012,13
i119013,7
i119019,48
i119027,37
i119030,1
i119037,4
i119042,34
i119044,27
i119045,7
i119046,7
i119054,9
i119070,19
i119071,6
i119075,17
i119077,5
i119087,5
i119089,31
i119091,3
i119092,2
i119095,11
i119096,2
i119097,13
i119099,42
i119100,66
i119107,21
i119110,36
i119114,63
i119115,2
i119116,23
i119117,5
i119123,22
i119127,5
i119131,43
i119141,1
i119142,1
i119143,45
i119144,12
i119149,87
i119152,64
i119159,52
i119161,36
i119163,6
i11917,31
i119175,20
i119180,1
i119188,3
i119189,1
i119190,9
i119198,11
i119200,10
i119208,8
i119209,2
i11921,18
i119212,8
i119213,4
i119216,4
i119219,5
i11922,35
i119220,9
i119222,5
i119225,3
i11923,99
i119230,5
i119233,26
i119234,7
i119237,9
i119238,13
i119240,64
i119242,9
i119243,11
i119245,18
i119248,15
i11925,10
i119255,5
i119263,25
i119266,4
i119271,23
i119272,1
i119274,2
i119276,62
i119279,8
i119282,9
i119283,64
i119286,8
i119287,1
i119291,25
i119293,2
i119294,10
i119295,11
i11930,17
i119301,30
i119308,12
i119309,6
i11931,43
i119311,1
i119315,3
i119317,2
i119318,7
i119320,44
i119327,1
i119331,7
i119335,34
i119340,16
i119342,16
i119346,7
i119355,3
i119359,12
i119360,13
i119362,1
i119364,7
i119367,3
i119368,5
i11937,8
i119374,18
i119376,3
i119377,6
i119380,2
i119382,59
i119383,15
i119387,8
i119393,47
i119394,3
i119402,7
i119407,1
i119408,10
i119409,17
i119410,3
i119411,29
i119412,2
i119415,5
i11942,1
i119422,5
i119426,2
i119429,9
i119433,1
i119440,8
i119441,14
i119442,3
i119444,2
i119448,16
i119450,2
i119453,14
i119456,3
i119457,29
i11946,1
i119460,24
i119461,17
i119462,26
i119463,4
i119464,16
i11947,45
i119478,17
i119484,1
i119487,6
i11949,17
i119490,15
i119492,1
i119495,22
i119497,44
i119502,22
i119503,2
i119504,4
i11951,18
i119512,9
i119514,41
i119516,3
i119517,3
i119526,3
i119531,4
i119532,4
i119537,6
i119543,14
i119544,7
i119549,23
i11955,4
i119555,27
i119556,2
i119557,5
i119562,13
i119571,41
i119581,2
i119584,13
i119590,16
i119591,37
i119593,1
i119594,1
i119599,63
i119602,31
i119603,10
i119609,2
i11961,5
i119613,3
i119621,3
i119623,19
i119628,13
i119629,58
i11963,18
i119634,19
i119636,15
i119640,2
i119646,9
i119654,4
i119655,8
i119661,64
i119667,25
i119669,10
i119670,14
i119673,1
i119679,9
i11968,70
i119682,1
i119685,53
i119687,27
i119688,7
i119692,4
i119694,2
i119696,5
i119702,12
i119703,10
i119706,23
i119708,16
i119709,12
i119710,16
i119711,8
i119719,1
i11972,36
i119723,14
i119726,4
i119728,10
i119731,11
i119736,2
i11974,16
i119741,1
i119743,4
i119745,11
i119754,1
i119757,2
i119771,8
i119774,5
i119775,3
i119790,7
i1198,73
i11981,29
i119811,25
i119814,32
i119817,3
i11982,19
i119836,2
i119837,9
i119840,10
i119841,2
i119847,3
i119849,10
i119850,4
i119854,2
i119860,6
i119862,14
i119863,8
i119866,1
i119870,21
i119874,2
i119875,2
i119876,8
i119881,8
i119884,3
i119886,12
i119890,19
i11990,22
i119900,27
i119903,1
i119907,1
i119910,36
i119911,37
i119913,12
i119914,48
i119916,8
i119922,66
i119927,15
i119929,7
i119930,3
i119934,2
i11994,1
i119942,5
i119943,3
i119945,9
i119949,122
i119953,18
i119960,9
i119963,5
i119966,17
i119972,4
i119977,64
i119983,1
i119986,1
i11999,15
i119993,13
i119994,40
i119995,14
i119997,1
i119998,15
i120002,7
i120005,23
i120007,14
i120010,10
i120013,2
i120017,15
i120022,8
i120023,5
i120029,40
i120032,52
i120034,19
i120035,6
i120038,28
i120042,6
i120046,22
i120047,2
i120049,10
i12005,11
i120052,1
i120055,16
i120056,28
i120058,1
i12006,72
i120060,43
i120062,3
i120063,8
i120068,57
i120070,18
i120071,24
i120085,3
i120088,5
i120092,2
i120097,5
i120102,13
i120104,10
i120108,2
i12011,3
i120116,6
i12012,40
i120121,3
i120123,65
i120127,10
i120129,2
i12013,17
i120139,6
i120146,12
i120149,34
i120150,1
i120151,18
i120159,3
i12016,76
i120162,17
i120165,21
i120166,13
i120171,11
i120175,39
i120177,62
i12018,1
i120181,17
i120182,18
i120184,27
i120186,3
i120187,55
i120190,6
i120194,13
i120195,3
i1202,32
i12020,5
i120200,4
i120206,3
i120207,4
i120208,25
i120209,7
i120210,12
i120213,10
i120214,4
i120216,9
i120219,10
i120225,11
i12023,45
i120230,6
i120237,3
i120240,5
i120242,7
i120245,4
i120248,44
i120249,16
i120250,4
i120251,1
i120252,11
i120264,32
i120266,2
i120272,4
i120276,13
i120277,65
i120278,38
i12028,1
i120283,5
i120285,11
i120288,2
i120295,8
i1203,23
i12030,2
i120301,1
i120304,1
i120305,5
i120306,4
i12031,24
i120310,19
i120311,26
i120314,24
i120315,8
i120316,1
i120323,53
i120325,2
i120326,7
i120330,8
i120332,24
i120337,12
i120340,24
i120342,5
i120343,4
i120344,28
i120346,30
i120363,33
i120369,21
i120372,1
i120375,14
i120378,7
i120380,1
i120382,30
i120383,16
i120385,50
i120386,15
i120391,3
i120392,20
i120394,19
i120395,2
i120397,11
i120399,23
i120401,20
i120402,4
i120403,22
i120404,1
i120408,29
i120416,1
i120419,4
i120421,2
i120423,5
i120426,3
i120439,4
i120442,31
i120444,10
i120448,23
i120449,1
i12045,1
i120451,11
i120454,3
i12046,3
i120460,1
i120462,2
i120467,17
i120472,1
i12048,12
i120481,8
i120486,13
i12049,1
i120496,5
i120500,10
i120501,11
i120503,3
i120504,16
i12051,25
i120513,4
i120514,13
i120515,12
i12052,2
i120521,9
i120522,8
i120523,7
i120524,16
i120530,10
i120534,1
i120535,3
i120537,3
i12054,25
i120540,4
i120543,1
i120547,2
i120548,6
i120551,5
i120552,16
i120555,3
i120558,3
i120559,5
i12056,25
i120563,1
i120565,3
i120567,12
i120575,10
i120582,3
i120589,8
i120593,14
i120595,9
i120596,1
i120597,12
i120600,19
i120601,1
i120603,18
i120605,1
i120606,4
i120609,3
i120611,1
i120617,26
i120618,6
i120627,23
i120628,5
i120629,1
i120632,1
i120633,5
i120635,9
i120637,13
i120638,9
i120639,1
i120642,4
i120647,6
i120649,21
i12065,10
i120651,19
i120652,12
i120655,55
i120662,8
i120664,27
i120667,5
i120672,1
i120679,5
i12068,9
i120680,4
i120682,1
i120691,1
i120694,30
i120696,2
i120700,2
i120704,7
i120705,4
i120707,20
i120709,3
i120710,1
i120715,20
i120718,22
i120722,4
i120728,8
i120731,3
i120734,5
i120740,2
i120749,17
i120756,18
i120762,10
i120763,7
i120764,4
i120767,12
i12077,10
i120771,11
i120772,8
i120774,25
i120777,5
i120785,2
i12079,32
i120792,2
i120797,1
i1208,5
i12080,20
i120802,1
i120806,2
i120809,11
i12081,34
i120810,8
i120812,19
i120816,2
i120820,2
i120827,9
i120846,3
i120848,18
i120851,2
i120856,13
i120857,1
i120861,16
i120862,11
i120864,16
i120865,5
i120867,13
i12087,1
i120873,52
i120889,11
i120890,11
i120893,40
i120894,27
i120897,31
i120898,5
i1209,59
i120901,11
i120907,37
i120908,12
i12091,32
i120910,43
i120919,7
i120921,22
i120922,5
i120924,2
i120927,3
i120928,8
i120938,19
i12094,2
i120948,39
i12095,71
i120950,1
i120956,2
i12096,5
i120974,15
i120975,35
i120980,2
i120983,1
i120986,30
i120988,3
i120995,2
i120998,37
i120999,40
i121007,4
i121014,1
i12102,19
i121021,17
i121024,9
i121033,11
i121037,17
i121042,17
i121051,92
i121053,21
i121055,72
i121058,4
i121061,3
i121063,2
i121072,2
i121077,73
i121078,24
i121079,3
i12108,5
i121080,1
i121082,11
i121083,2
i121087,9
i121088,1
i121089,6
i12109,37
i121092,3
i121095,9
i121096,32
i121097,15
i1211,88
i121100,37
i12111,54
i121113,6
i121117,27
i121124,5
i121126,1
i121130,30
i121135,3
i121140,10
i121141,9
i121144,5
i12115,11
i121152,23
i121154,1
i121156,5
i121158,28
i12116,41
i121162,4
i121165,3
i12117,28
i121171,25
i121174,4
i121175,7
i121179,2
i12118,28
i121182,12
i121186,4
i12119,1
i121190,3
i121192,12
i121193,39
i121194,15
i121195,3
i121196,4
i121199,30
i1212,33
i121205,36
i121207,9
i121208,41
i121215,4
i121217,5
i121220,12
i121221,24
i121227,8
i121228,10
i121230,11
i121238,54
i121239,31
i12124,2
i121241,18
i121242,77
i121243,9
i121248,5
i12125,1
i121259,31
i12126,1
i121261,1
i121266,3
i121272,1
i121273,12
i121278,14
i121279,28
i121280,8
i121289,15
i121291,15
i121292,25
i121293,22
i121297,10
i121302,3
i121303,8
i121304,2
i121315,19
i121316,12
i121318,9
i121321,1
i121322,20
i12133,14
i121335,2
i121338,3
i121339,9
i121341,1
i121346,46
i121348,24
i121350,8
i121351,1
i121353,4
i121357,5
i121362,3
i121363,12
i121367,29
i121369,23
i121375,1
i121378,10
i121380,3
i121381,3
i121383,8
i121386,7
i121387,1
i12139,58
i121390,1
i121394,2
i121398,18
i121414,4
i121416,12
i121417,1
i121420,2
i121422,1
i121423,8
i121428,6
i121432,24
i121433,3
i121434,3
i121437,9
i121438,19
i121439,2
i12144,6
i121441,4
i121443,11
i121447,19
i12145,71
i121450,2
i121454,14
i121458,3
i121460,2
i121462,12
i121465,2
i121466,3
i121467,23
i121468,4
i121470,9
i121471,4
i121474,1
i121476,11
i121481,19
i121492,4
i121496,1
i121501,18
i121502,23
i121507,8
i121510,5
i121515,1
i121518,5
i121520,4
i121522,1
i121528,1
i12153,17
i121530,8
i121534,17
i121536,6
i121537,3
i121540,1
i121541,20
i121548,12
i121549,1
i121550,7
i121556,4
i121562,20
i121564,8
i121565,22
i121566,6
i12157,10
i121576,5
i121578,5
i12158,7
i121582,2
i121583,18
i12159,16
i121590,1
i121599,1
i12160,18
i121600,12
i121604,10
i121605,5
i121617,10
i121622,29
i121625,13
i12163,69
i121631,20
i121650,5
i121654,6
i121656,17
i121658,11
i121665,7
i121667,46
i121668,11
i121677,9
i121681,4
i121682,11
i121685,16
i121688,2
i121693,6
i121695,1
i121699,15
i1217,9
i121701,7
i121702,20
i121708,3
i12171,10
i121712,5
i121717,11
i121722,5
i12173,2
i121731,7
i121733,6
i121738,11
i121746,3
i121747,14
i121748,21
i12175,2
i121750,3
i121752,3
i121753,5
i121755,3
i121764,3
i121767,1
i121768,4
i121775,4
i121776,3
i121778,23
i12178,8
i121783,11
i121787,25
i121789,1
i12180,30
i121802,7
i121808,3
i121812,2
i121818,16
i121819,4
i121820,36
i121828,60
i12183,2
i121832,9
i121837,4
i12184,5
i121841,14
i121846,18
i121847,13
i121852,6
i121857,12
i121859,26
i12186,8
i121861,19
i121865,3
i121866,37
i121872,23
i121874,10
i121877,5
i12188,28
i121880,10
i121882,2
i121886,1
i121893,1
i121897,3
i121899,6
i12190,3
i121900,3
i121903,2
i121904,18
i121908,2
i12191,2
i121916,8
i121917,16
i121918,17
i12192,32
i121922,24
i121926,18
i121928,11
i121929,39
i121930,3
i121933,7
i121935,19
i121939,1
i12194,13
i121941,2
i121947,13
i121949,8
i121955,3
i121963,3
i121966,26
i121967,11
i12197,1
i121974,22
i121986,5
i12199,16
i121998,25
i121999,34
i122000,14
i122007,9
i122008,2
i122012,44
i122015,17
i122020,60
i122024,3
i122028,2
i122029,9
i122031,16
i12204,1
i122045,19
i12205,18
i122059,18
i122063,18
i122064,4
i122083,6
i122086,7
i122091,8
i122099,3
i122108,1
i122110,8
i122113,2
i122119,19
i12212,2
i122120,10
i122122,34
i122124,2
i122126,6
i122127,2
i122129,3
i12213,24
i12214,53
i122148,15
i122150,2
i122156,22
i122158,1
i122163,7
i122176,6
i122177,19
i122180,2
i122186,2
i122188,2
i122193,14
i122194,13
i122196,11
i122199,13
i1222,18
i122202,1
i122204,13
i122210,10
i122215,8
i122217,2
i122218,22
i122220,10
i122228,5
i122229,6
i122230,30
i122234,12
i122246,32
i122249,14
i122252,2
i122255,7
i122259,2
i12226,13
i122262,4
i122263,2
i122265,5
i122272,9
i122274,31
i122286,9
i122287,18
i122295,7
i122298,4
i122299,5
i122302,1
i122307,2
i122318,11
i122327,9
i122331,13
i122332,27
i122335,9
i122342,2
i122344,7
i122349,1
i122355,3
i122359,1
i12236,40
i122363,3
i122365,2
i122375,1
i122377,12
i12238,10
i122384,5
i122386,13
i122387,9
i12239,11
i122394,19
i122395,4
i122397,11
i122399,10
i12240,9
i122400,10
i122402,5
i122404,2
i122412,5
i122415,2
i122417,7
i12242,8
i122428,21
i12243,4
i122435,10
i122438,19
i122439,5
i122442,3
i122447,5
i122448,8
i12245,23
i122450,2
i122452,1
i122461,7
i122462,3
i122471,2
i122473,35
i122476,9
i12248,45
i122480,13
i122481,4
i122486,1
i122487,11
i12249,24
i122490,1
i122491,23
i122492,10
i122494,1
i122496,1
i122499,2
i122503,4
i122507,5
i122511,21
i122514,3
i122515,25
i122517,5
i122519,1
i122521,5
i122526,7
i122528,17
i122529,3
i122531,1
i122535,29
i122536,9
i122538,5
i12254,13
i122546,13
i122549,14
i122551,1
i122553,17
i122568,31
i122569,80
i122573,4
i122575,3
i122579,2
i122580,3
i122581,14
i122585,10
i122588,32
i12259,21
i122595,3
i122598,3
i1226,2
i12260,22
i122600,28
i122603,5
i122608,5
i122609,20
i12262,36
i122625,2
i122627,10
i122632,26
i122634,25
i122635,74
i122641,1
i122642,81
i122643,18
i122646,6
i122647,2
i122655,9
i122658,6
i122659,3
i122662,3
i122663,14
i122671,4
i122674,23
i122676,9
i122678,8
i122680,72
i122681,3
i122685,39
i122686,20
i122687,3
i122690,8
i122691,28
i122692,19
i122695,24
i122699,27
i1227,3
i12270,15
i122701,1
i122702,5
i122704,19
i122705,3
i12271,46
i122710,13
i122712,36
i122716,6
i122719,2
i122721,18
i122725,2
i122734,7
i122739,20
i12274,12
i122746,16
i122752,32
i122755,12
i122756,12
i122760,25
i122761,3
i122763,47
i122764,31
i12277,25
i122773,8
i122777,4
i122779,3
i12278,11
i122780,3
i122781,2
i122783,20
i122784,6
i122785,20
i122786,2
i122787,7
i122794,17
i122796,20
i122807,11
i122812,12
i122822,18
i122823,4
i122825,25
i122829,20
i12283,28
i122830,1
i122832,1
i122838,29
i12284,8
i122841,27
i122846,12
i12285,2
i122853,5
i122860,15
i122871,14
i122873,18
i122876,4
i122880,10
i122886,4
i122887,4
i122894,11
i122899,80
i1229,29
i122906,30
i122910,15
i122913,33
i122917,1
i122924,18
i122925,24
i122927,20
i122930,1
i122932,8
i122933,19
i122938,6
i122943,35
i122944,4
i122945,14
i122949,1
i12295,1
i122951,9
i122959,38
i122960,10
i122967,1
i122972,22
i122983,31
i122985,16
i122989,5
i122993,12
i122994,5
i122995,10
i122996,9
i122998,36
i122999,20
i1230,24
i123000,5
i123010,18
i123011,2
i123013,8
i123015,1
i123018,14
i123020,4
i123022,7
i123023,9
i123026,1
i12303,22
i123035,25
i123037,7
i123038,43
i123040,10
i123041,4
i123043,6
i123048,1
i123052,29
i123059,2
i123060,6
i123061,1
i123063,2
i123068,12
i12307,72
i123071,2
i123077,4
i12308,4
i123086,5
i123092,4
i123094,21
i123102,13
i123104,1
i123109,1
i123111,3
i123114,5
i123118,39
i12312,3
i123121,10
i123123,10
i123125,1
i123126,12
i123127,12
i123133,18
i123138,1
i123144,1
i123147,15
i123154,12
i123161,26
i123162,6
i123164,23
i123165,10
i123170,4
i123172,22
i123174,8
i123175,1
i123176,1
i123177,7
i123180,18
i123182,8
i123195,38
i123197,34
i123198,56
i123199,38
i123202,11
i123205,5
i12321,2
i123211,22
i123215,11
i123216,24
i12322,26
i123220,20
i123224,35
i123231,27
i123233,29
i123234,7
i123235,4
i123237,27
i123238,4
i123248,2
i123252,9
i123253,2
i123256,2
i123262,36
i12327,24
i123278,4
i123282,1
i12329,7
i123290,2
i123298,5
i123300,8
i123306,1
i12331,10
i123311,1
i123312,13
i123319,2
i123321,4
i123325,1
i123328,9
i123330,11
i123333,13
i123337,30
i123343,8
i123346,7
i12335,54
i123353,12
i12336,5
i123361,8
i123366,30
i123369,61
i123374,38
i123376,4
i123380,1
i12339,5
i123393,34
i123394,12
i123396,28
i123399,18
i12340,23
i123410,1
i123419,21
i12342,11
i123427,4
i123428,64
i123430,8
i123435,3
i123436,1
i123440,9
i123446,33
i123449,1
i12345,7
i123460,10
i123461,15
i123462,16
i123466,1
i123468,5
i123471,26
i123473,3
i123477,1
i123479,19
i123480,1
i123486,11
i123488,6
i123492,3
i123493,15
i123495,27
i123496,3
i123498,48
i123502,11
i123506,43
i123509,45
i123510,4
i123514,4
i123517,23
i123520,3
i123522,2
i123524,1
i123528,10
i123529,6
i123534,40
i123536,21
i123547,25
i123548,6
i123556,7
i123558,12
i123559,10
i12356,4
i123560,3
i123563,8
i123565,8
i123566,7
i123567,1
i123576,6
i12358,11
i123582,3
i123584,4
i12359,2
i123598,11
i123599,2
i123611,5
i123613,6
i123628,11
i123629,4
i12363,1
i123630,1
i123633,11
i123641,18
i123643,17
i123644,3
i123646,5
i123647,23
i123649,6
i123650,7
i123653,5
i123655,8
i123657,29
i123658,3
i123659,4
i12366,4
i123661,44
i123662,12
i123663,2
i123664,1
i123667,4
i123671,2
i123679,9
i123682,15
i123684,3
i123686,2
i123688,28
i123695,21
i123696,2
i123697,1
i12370,17
i123700,7
i123707,8
i123708,7
i123711,18
i123716,4
i123717,9
i12372,39
i123723,15
i123725,22
i123726,11
i123728,4
i123735,12
i123737,5
i123744,3
i123746,2
i123747,55
i123749,57
i123751,1
i123753,3
i12376,3
i123760,8
i12377,3
i123770,2
i123772,6
i123778,2
i12378,1
i123787,7
i123788,1
i123790,39
i123791,2
i123794,1
i123795,3
i1238,6
i12380,46
i123800,2
i123808,44
i123810,4
i123824,1
i123828,10
i12383,3
i123835,7
i123839,1
i123840,15
i123841,9
i123845,24
i123846,1
i123847,13
i123848,7
i123849,6
i123854,3
i123855,25
i123857,9
i123859,2
i123868,11
i123876,4
i123877,1
i12388,5
i123880,6
i123885,3
i123886,1
i123887,1
i123891,1
i123893,12
i123894,38
i123895,5
i123896,5
i123899,8
i12390,3
i123913,1
i123919,5
i12392,10
i123921,41
i123925,11
i123936,1
i123938,10
i12394,1
i123945,79
i123953,9
i123954,29
i123955,12
i123957,10
i123960,6
i12397,23
i123977,2
i123978,5
i12398,30
i123984,8
i123987,24
i12399,8
i123990,6
i123996,7
i124,30
i1240,6
i124001,3
i124005,15
i12401,2
i124013,18
i124022,37
i124023,8
i124033,6
i124036,1
i124037,14
i124040,4
i124041,9
i124044,16
i124045,1
i124050,4
i124055,9
i124070,6
i124074,14
i124081,8
i124085,6
i124086,2
i124087,7
i12409,53
i124093,1
i124096,4
i124099,6
i1241,73
i124100,32
i124101,7
i124108,5
i124121,5
i124131,38
i124137,16
i124138,25
i12414,18
i124143,8
i124149,3
i124158,1
i124161,7
i124164,30
i124166,5
i12417,31
i124173,13
i124174,2
i124176,21
i12418,1
i124180,1
i124184,5
i124186,27
i124190,16
i124194,4
i124198,2
i12420,46
i124200,6
i124206,12
i124213,15
i12422,84
i124229,5
i124239,1
i124240,22
i124244,17
i124248,2
i124249,8
i124253,1
i124254,6
i124255,39
i124261,3
i124263,2
i124266,2
i12427,7
i124271,9
i124272,14
i124276,11
i12428,16
i124282,1
i124283,1
i124285,1
i124287,2
i124288,1
i124292,8
i124293,13
i1243,40
i124304,4
i124309,4
i12431,1
i124315,8
i12432,9
i124320,5
i124321,12
i124323,9
i124328,22
i124332,36
i124336,2
i124338,8
i12434,29
i124340,2
i124342,3
i124344,2
i124349,10
i124350,3
i124351,1
i124355,17
i124357,1
i124361,4
i124363,14
i124364,19
i124367,2
i124382,7
i124385,4
i124387,8
i12439,24
i124398,12
i1244,32
i12441,9
i124410,18
i124416,2
i124417,2
i124420,1
i124426,4
i12443,2
i124431,3
i124432,5
i124437,4
i124439,5
i124440,2
i124451,5
i124454,4
i124455,20
i124456,3
i124457,12
i12446,26
i124465,43
i124475,1
i124477,10
i12448,27
i124491,41
i124496,6
i124506,6
i124516,34
i124520,34
i124523,6
i124526,47
i124527,12
i124529,1
i124534,4
i124537,14
i124541,6
i124545,9
i124547,1
i124548,4
i124549,4
i12455,23
i124550,16
i124551,21
i124552,39
i124553,38
i124556,12
i124570,35
i124579,7
i124582,2
i124583,1
i124592,1
i124593,31
i124594,2
i124596,39
i124599,2
i1246,38
i12460,1
i124601,2
i124607,8
i12461,8
i124615,68
i124618,3
i124623,2
i124624,27
i124627,38
i12463,4
i124630,2
i124631,11
i124639,38
i124640,9
i124643,29
i124650,27
i124658,20
i12466,27
i124660,7
i124661,7
i124664,14
i12467,11
i124672,6
i124675,4
i124678,2
i124683,1
i124684,12
i124687,18
i124689,29
i124690,2
i124699,10
i1247,33
i124701,2
i124702,8
i124707,11
i124716,5
i124723,34
i124727,1
i124730,8
i124732,2
i124737,11
i12474,67
i124743,13
i124746,18
i124749,1
i12475,30
i124751,17
i124752,11
i124754,19
i124761,14
i124764,56
i124768,4
i124769,10
i124771,6
i124772,33
i124774,26
i124775,1
i124780,1
i124783,1
i124787,4
i124791,8
i124794,7
i124795,35
i124798,8
i12480,8
i124800,1
i124801,15
i124802,28
i124803,18
i124808,73
i12481,1
i124810,4
i124811,14
i124817,47
i124823,29
i124825,19
i124826,9
i124828,6
i124836,2
i12484,23
i124841,1
i124844,51
i124847,6
i124850,9
i124858,15
i124863,29
i124864,15
i124872,9
i124873,19
i124874,6
i124877,21
i124879,6
i12488,1
i124880,36
i124882,16
i124883,1
i12489,11
i124891,2
i124897,4
i124902,4
i124904,20
i124905,3
i124909,8
i124911,16
i124933,25
i124934,5
i124940,1
i124946,15
i124952,17
i124953,36
i124954,6
i124959,9
i124960,14
i124964,10
i124966,15
i124972,8
i124974,1
i124975,4
i124976,2
i124977,12
i124979,9
i124982,10
i124987,51
i124988,8
i12499,30
i124992,2
i124995,19
i125000,4
i125003,8
i125005,20
i125014,1
i125015,2
i125016,3
i125017,2
i125030,14
i125038,1
i12504,83
i125040,5
i125047,23
i125053,6
i125058,8
i125063,14
i125064,1
i125081,18
i125082,12
i125084,4
i125090,3
i125092,4
i125093,11
i125094,10
i12510,2
i125100,6
i125103,2
i125104,15
i125106,10
i125108,11
i125112,28
i125114,28
i125119,5
i12512,2
i125120,2
i125121,4
i125122,9
i125139,2
i125141,1
i125149,4
i12515,1
i125151,45
i125152,26
i125156,3
i125157,10
i125159,33
i125160,36
i125161,21
i125162,1
i125164,2
i125166,3
i125168,3
i125169,9
i125170,18
i125176,7
i125177,5
i125179,3
i125184,5
i125185,12
i12519,12
i125194,19
i1252,4
i12520,19
i12521,12
i125210,1
i125211,3
i125212,1
i125217,22
i125220,4
i125221,33
i125227,8
i12523,36
i125235,8
i125240,2
i125241,1
i125243,16
i125246,14
i125247,16
i12525,31
i125258,2
i125260,14
i125263,7
i125272,15
i125279,1
i12528,47
i125280,10
i125286,6
i125287,2
i12529,11
i125291,1
i125292,13
i125294,6
i125295,91
i125296,5
i125299,3
i125300,9
i125301,3
i125305,12
i125306,2
i125308,5
i125312,1
i125315,33
i125318,4
i12532,16
i125320,11
i125327,4
i125328,24
i125331,14
i125338,2
i125339,1
i125343,4
i125344,7
i125346,2
i125348,7
i12535,15
i125351,11
i125365,15
i125367,8
i125369,36
i12537,6
i125370,9
i125371,2
i125379,5
i12538,32
i125386,7
i12539,3
i125399,3
i125400,7
i125402,1
i125412,5
i125418,12
i12542,19
i125421,2
i125430,7
i125432,21
i125441,17
i125448,11
i125449,14
i125451,5
i125454,1
i125465,32
i125468,4
i12547,3
i125470,1
i125472,62
i125479,6
i125480,9
i125483,14
i125484,6
i125486,17
i125499,5
i125503,2
i125504,2
i125506,21
i125508,23
i125514,3
i125517,6
i125524,30
i12553,39
i125530,4
i125532,9
i125535,14
i125536,4
i125537,5
i125539,3
i12554,47
i125545,1
i125549,16
i12555,17
i125553,19
i125555,1
i125558,8
i125566,4
i125576,8
i125577,16
i125583,4
i125587,1
i125588,15
i12559,52
i125592,20
i125595,16
i125598,10
i125608,17
i125612,19
i125613,1
i125614,1
i125616,38
i125618,6
i125628,24
i12563,34
i125633,43
i125635,1
i125636,1
i125647,29
i125651,23
i125665,13
i125667,3
i125668,7
i125671,36
i125674,1
i125676,3
i125683,3
i125685,1
i125686,3
i125687,19
i125688,1
i125690,32
i125691,2
i125693,1
i125695,3
i125696,4
i125697,3
i1257,6
i125709,6
i12571,3
i125714,3
i125719,2
i125723,4
i125726,1
i125728,6
i125733,22
i125735,1
i125737,5
i125739,28
i125746,23
i125748,25
i125752,2
i125755,16
i125759,8
i12576,40
i125760,1
i125767,42
i125772,3
i125775,10
i125777,1
i12578,3
i125783,2
i125787,34
i125790,4
i125791,5
i125792,1
i125794,2
i1258,1
i125808,1
i125817,11
i125819,15
i125825,20
i125829,5
i125832,22
i125837,17
i125838,5
i125844,4
i125845,10
i125847,2
i125850,6
i125851,6
i125852,5
i125857,1
i125858,3
i125870,9
i125873,5
i125874,2
i125876,5
i125880,10
i125883,10
i125890,1
i125901,4
i125903,2
i125909,7
i12591,13
i12592,2
i125923,4
i125928,1
i12593,5
i125940,3
i125941,6
i125943,34
i125945,12
i125946,8
i125948,1
i125950,79
i125958,4
i125959,1
i125968,1
i125971,21
i125975,2
i125977,2
i12598,2
i125980,3
i125982,1
i125985,23
i125986,1
i1260,10
i12600,28
i126000,9
i126004,1
i126006,3
i126009,20
i12601,4
i126011,26
i126015,12
i126019,8
i126026,9
i126028,18
i126037,32
i126043,1
i126044,5
i12605,22
i126051,1
i126054,5
i126058,7
i126062,3
i126063,1
i126068,8
i126069,6
i12607,34
i126072,9
i12608,34
i126085,2
i126090,14
i126097,6
i126098,3
i12610,32
i126101,3
i126102,16
i126105,4
i126106,19
i126109,17
i126112,3
i126118,14
i126121,7
i126136,3
i126138,3
i126139,21
i126144,4
i126146,14
i126149,12
i126153,5
i126160,3
i126163,6
i126165,4
i126169,5
i126170,27
i126171,8
i126172,4
i126174,5
i126176,10
i12618,54
i126184,2
i126185,8
i126195,6
i126197,3
i1262,13
i12620,45
i126207,21
i126208,11
i126218,6
i12622,15
i126221,13
i126223,10
i126226,19
i126228,2
i126231,19
i126233,4
i126238,4
i126240,8
i126244,4
i12625,39
i126252,23
i126259,1
i126273,6
i126275,1
i126276,1
i126277,4
i126284,4
i126288,8
i126291,3
i126296,3
i126297,3
i12630,23
i126303,6
i126318,30
i12632,5
i126322,10
i126326,3
i126329,12
i12633,33
i126332,4
i126338,1
i12634,8
i126345,43
i126349,2
i126351,2
i126356,11
i126357,6
i12636,26
i126361,21
i126365,3
i126376,7
i126380,3
i126382,50
i126386,15
i12639,17
i126391,1
i126394,11
i126395,13
i126396,4
i126406,29
i126408,56
i126410,11
i126413,1
i126422,13
i126426,1
i126429,4
i126430,1
i126434,10
i126443,14
i126444,37
i126446,18
i126448,24
i126451,3
i126463,2
i126473,8
i126474,30
i126476,8
i126478,5
i126486,62
i126487,42
i12649,52
i126490,57
i126491,13
i126497,13
i126500,37
i126501,21
i126503,7
i126506,3
i126508,62
i126509,15
i126515,6
i126516,61
i126517,3
i126519,1
i126522,3
i126526,4
i126528,4
i126529,41
i126534,4
i126535,1
i126536,31
i12655,74
i126558,17
i12656,5
i126565,1
i126569,2
i126571,12
i126573,7
i126577,44
i126581,67
i126585,2
i126587,36
i126588,1
i126606,1
i126607,48
i126608,3
i12661,1
i126610,10
i126626,6
i12663,26
i126634,33
i126639,12
i126640,4
i126641,19
i126642,4
i126643,10
i126648,32
i126652,6
i126655,30
i126658,5
i126659,3
i12666,62
i126662,6
i126665,2
i126672,6
i126679,1
i126681,23
i126685,17
i126686,19
i126688,1
i126689,83
i12669,7
i126692,13
i126693,19
i126694,39
i126696,3
i12670,31
i126702,1
i126704,17
i126708,33
i12671,3
i126710,14
i126716,6
i126717,3
i12672,10
i126722,32
i126725,20
i126731,6
i126734,31
i126735,2
i126736,14
i126739,18
i126744,26
i126750,2
i126752,12
i126753,31
i126754,5
i126756,2
i126762,28
i126764,105
i126765,1
i126767,16
i12677,3
i126770,3
i126774,5
i126777,20
i126778,32
i126781,1
i126785,19
i126790,2
i126791,19
i1268,14
i126800,18
i126801,20
i126803,16
i126811,1
i126813,2
i126815,13
i12682,1
i126820,15
i126821,4
i126826,9
i126827,54
i126832,21
i126842,34
i126845,13
i126849,3
i12685,37
i126852,34
i126855,21
i126859,2
i126872,6
i126877,31
i126878,4
i126880,3
i126888,2
i126889,27
i126890,19
i126892,48
i126893,20
i126897,6
i126900,6
i126903,3
i126906,1
i126910,15
i126913,12
i126922,3
i126923,5
i126926,1
i126927,8
i126935,11
i126936,1
i126938,10
i126949,1
i126950,39
i126960,7
i126968,5
i12697,41
i126970,12
i126974,9
i126976,9
i126977,21
i12698,53
i126987,1
i126988,5
i12699,28
i126990,15
i126994,11
i126998,11
i1270,55
i127002,7
i127005,11
i127007,4
i127008,3
i127016,3
i127017,33
i127019,35
i12702,35
i127023,19
i127024,10
i127036,17
i127038,3
i127047,109
i127048,1
i127052,2
i12706,2
i127062,5
i127065,29
i127067,44
i12707,30
i127070,53
i12708,1
i127086,11
i127087,3
i127088,15
i127089,2
i127092,15
i127093,20
i127097,44
i12710,12
i127110,1
i127112,11
i127113,6
i127118,35
i12712,12
i12713,20
i127130,16
i127132,11
i127134,6
i127136,30
i127137,14
i127139,41
i127142,46
i127159,1
i12716,53
i127160,13
i127162,6
i127167,11
i127168,2
i127170,52
i127173,5
i127174,1
i127176,2
i127180,7
i127193,43
i127198,2
i12720,89
i127202,2
i127214,2
i127221,2
i127226,6
i127228,30
i127229,18
i127230,1
i127239,1
i12724,3
i127240,4
i127241,18
i127243,6
i127244,47
i127245,1
i127249,3
i127252,3
i127253,9
i12726,5
i127261,2
i127265,110
i127266,7
i127268,1
i127269,20
i12727,2
i127271,10
i127278,7
i12728,13
i127291,3
i127294,11
i127296,1
i1273,78
i12730,49
i127301,3
i127302,26
i127309,2
i127310,3
i127313,14
i127316,53
i127319,12
i12732,6
i127322,2
i127324,21
i127326,6
i127332,3
i127333,2
i127338,1
i127339,20
i12734,3
i127340,2
i127342,6
i127344,9
i127349,1
i127354,5
i127357,2
i127358,10
i12736,47
i127360,6
i127365,12
i127373,6
i127380,6
i127381,38
i127383,2
i127389,86
i127395,9
i127399,6
i1274,29
i127400,1
i127402,3
i127405,10
i127406,12
i127424,6
i127427,4
i127428,2
i127432,18
i127433,3
i127434,2
i127440,2
i127453,38
i127457,8
i127462,4
i127464,14
i127469,27
i127470,1
i127471,38
i12748,29
i127482,9
i127483,7
i127485,16
i127486,14
i127488,4
i12749,20
i127492,4
i127493,74
i127498,32
i127499,9
i127501,19
i127507,4
i127509,32
i12751,4
i127512,2
i127523,44
i12753,11
i127533,11
i12754,18
i127540,1
i127541,10
i127545,9
i127546,10
i127547,17
i127552,59
i127553,7
i127555,12
i127558,3
i127564,30
i12757,5
i127571,51
i127574,48
i127575,2
i127578,5
i127579,48
i12758,15
i127580,1
i127581,23
i127584,11
i127585,29
i127586,2
i127589,12
i12759,20
i127590,10
i127591,58
i127594,47
i127598,1
i1276,35
i127602,20
i127605,48
i12761,4
i127612,3
i127621,20
i127623,6
i127624,16
i127626,17
i127633,31
i127640,70
i127645,105
i127646,2
i12765,28
i127650,1
i127653,27
i127656,6
i127657,1
i127658,8
i127660,25
i127670,27
i127671,18
i127672,19
i127673,28
i127675,4
i127680,43
i127682,11
i127683,19
i127687,10
i127693,3
i127702,39
i127707,13
i127708,6
i127714,1
i127715,10
i127719,19
i127727,9
i127729,1
i127732,2
i127733,44
i127737,7
i127746,6
i127747,1
i127753,14
i127755,3
i127772,30
i127775,8
i127786,6
i127788,39
i127790,41
i127794,4
i127797,59
i12780,22
i127801,65
i127803,16
i127804,36
i127806,11
i127808,11
i12781,15
i127815,4
i127821,12
i127825,8
i127827,4
i127829,31
i12783,10
i127834,30
i127835,30
i127836,22
i127840,4
i127846,9
i127850,5
i127853,5
i127857,6
i127862,4
i127869,38
i127874,9
i127882,1
i127884,1
i127885,3
i127886,1
i127888,4
i127890,5
i127894,36
i127899,9
i127902,1
i127903,3
i127911,4
i127912,33
i12792,21
i127922,22
i127923,10
i127924,44
i127926,8
i127934,3
i127946,5
i127947,5
i127948,24
i127949,14
i127951,50
i127959,17
i12796,12
i127962,6
i127966,10
i127967,7
i127978,7
i12798,32
i127980,6
i127982,1
i127984,6
i127994,4
i127996,12
i127999,19
i128,4
i1280,9
i12800,28
i128007,1
i12801,9
i128010,4
i12802,5
i128027,21
i128028,46
i128031,5
i128032,20
i128033,17
i128042,1
i128047,8
i128048,2
i128056,12
i128058,1
i128059,2
i128060,16
i128065,7
i128068,5
i128071,14
i128076,1
i12808,32
i128081,36
i128084,17
i128089,1
i128094,12
i128096,1
i128098,1
i128099,12
i1281,1
i128100,4
i128101,1
i128103,3
i12811,10
i128112,35
i128116,12
i128117,5
i12812,3
i128120,1
i128129,4
i128132,8
i128135,14
i128139,3
i128143,1
i128146,10
i128152,10
i128153,9
i128157,9
i128158,2
i12816,13
i128177,16
i128181,12
i128185,7
i128193,3
i128200,1
i128205,1
i128207,5
i128209,3
i128216,1
i128218,6
i128220,5
i128222,1
i128237,4
i128239,3
i12824,15
i128240,1
i128248,2
i12825,114
i128250,7
i128251,3
i128252,1
i128255,3
i128257,9
i128258,8
i128259,2
i128260,4
i128262,7
i128271,18
i128272,12
i128276,1
i128278,5
i12828,2
i128282,4
i128289,4
i12829,4
i128299,5
i128301,19
i128302,2
i128306,4
i128309,18
i128311,9
i128312,13
i128315,8
i128318,7
i128320,31
i128325,5
i12833,10
i128332,1
i128334,2
i128335,15
i12834,20
i128341,9
i128342,10
i128345,2
i12835,19
i128352,22
i128366,65
i128368,18
i128369,20
i128372,4
i128374,6
i128385,3
i128390,1
i128392,5
i128398,4
i128400,2
i128403,73
i128405,14
i128407,71
i12841,12
i128412,1
i128413,41
i128419,68
i12842,48
i128420,30
i128422,7
i128423,1
i128424,19
i128427,52
i128429,2
i12843,17
i128432,5
i128436,45
i128443,13
i128456,1
i128458,1
i128466,8
i128475,18
i128480,47
i128482,8
i128486,17
i128489,13
i128492,44
i128494,8
i128497,33
i1285,61
i128501,2
i128502,46
i128505,4
i128506,1
i12851,2
i128510,34
i128512,32
i128520,116
i128523,40
i128524,1
i128525,4
i128528,4
i128529,5
i128533,38
i128537,3
i128539,2
i128550,65
i128552,1
i128553,8
i128558,67
i128559,14
i128560,10
i128566,27
i128568,10
i12857,36
i128570,1
i128571,9
i128572,7
i128575,2
i128576,8
i12858,6
i128581,41
i128584,10
i128585,72
i128594,3
i128599,49
i128600,2
i128602,7
i128605,1
i128607,25
i128611,26
i128612,7
i128615,29
i128616,23
i128620,15
i128621,2
i128629,61
i12863,23
i128632,3
i128634,97
i128636,29
i128642,2
i128644,63
i128646,10
i128647,4
i128650,20
i128651,7
i128655,24
i128657,3
i128659,28
i12866,48
i128666,1
i128669,14
i128671,25
i128679,1
i128680,5
i128688,34
i128689,7
i128692,32
i128700,19
i128704,10
i128705,21
i128712,1
i128714,1
i12872,11
i128721,40
i128723,26
i128725,6
i128730,65
i128737,1
i128744,1
i128749,13
i12875,50
i128754,1
i128755,34
i128760,11
i128764,3
i128766,2
i128778,2
i128779,27
i128783,9
i128788,2
i12879,46
i128791,45
i128792,2
i128793,12
i128795,11
i128796,13
i128798,32
i128799,1
i128801,5
i128802,21
i128805,1
i128808,11
i12881,5
i128814,2
i128815,10
i128819,27
i128820,29
i128823,14
i128825,3
i128826,1
i128832,2
i128834,4
i128836,11
i128840,3
i128841,2
i128845,35
i128850,7
i128852,2
i12886,12
i128862,36
i128867,2
i128868,2
i128873,12
i128875,13
i128877,1
i128883,41
i128886,14
i128887,4
i128889,14
i12889,5
i128892,23
i128895,34
i128896,69
i128898,2
i128904,27
i128908,30
i12892,51
i128922,9
i128932,1
i128934,21
i128939,9
i128941,3
i128942,3
i128945,10
i128946,3
i128947,5
i128950,4
i128951,1
i128964,9
i128967,30
i12897,1
i128975,11
i12898,72
i128982,3
i128987,27
i128988,9
i128989,39
i128991,13
i128992,12
i128997,11
i128999,6
i12900,1
i129009,6
i129014,45
i129016,17
i129019,37
i129031,15
i129034,11
i129035,1
i129036,24
i129041,8
i129047,1
i129048,1
i12905,19
i129051,1
i129053,25
i129056,4
i129059,31
i12906,7
i129061,6
i129070,37
i129072,4
i129074,31
i129076,9
i129077,5
i129080,3
i12909,71
i129090,7
i129095,12
i129099,16
i1291,18
i12910,20
i129105,14
i129107,3
i12911,14
i129110,3
i129115,2
i129128,3
i12913,13
i129134,26
i129135,2
i129136,13
i129140,25
i129141,12
i129145,21
i12915,32
i129152,17
i129155,10
i129160,4
i129161,13
i129170,4
i129180,28
i129187,14
i12919,2
i129191,1
i129193,16
i129196,3
i12921,12
i129212,27
i129213,39
i129216,11
i129217,17
i12922,5
i129222,41
i129230,1
i129233,3
i129238,51
i129240,6
i129241,5
i129243,17
i129244,4
i129248,7
i129250,1
i129251,1
i129253,8
i129262,26
i129264,1
i129266,26
i12927,36
i129270,7
i129276,2
i129278,26
i129283,4
i129285,1
i129289,23
i129291,18
i129296,10
i129305,32
i12931,10
i129313,28
i129315,2
i129316,8
i129318,4
i129322,45
i129323,6
i129327,28
i129328,20
i129332,3
i129334,2
i129335,5
i129336,9
i129337,6
i129344,14
i129349,34
i129366,3
i129369,8
i12937,11
i129371,12
i129373,12
i129378,6
i129379,1
i129383,13
i129386,1
i129394,11
i1294,24
i129406,1
i129407,9
i129408,4
i129411,34
i129415,18
i129417,6
i12942,27
i129422,2
i129424,2
i129429,2
i129444,7
i129449,20
i129450,7
i129451,5
i129454,1
i129456,23
i129458,19
i129464,5
i129472,11
i129474,4
i129476,1
i129482,6
i129484,10
i129486,11
i129487,7
i129496,10
i129498,5
i129507,18
i129510,18
i129518,16
i129525,1
i129529,30
i129531,2
i129532,23
i129534,2
i129539,5
i129542,12
i12955,28
i129558,15
i12956,68
i129565,2
i129568,17
i129569,28
i129576,17
i129578,17
i129579,17
i129582,9
i129586,51
i129587,14
i129593,1
i129594,6
i129595,6
i129596,7
i1296,20
i129605,5
i129613,17
i129615,4
i129617,9
i129623,36
i129624,10
i129625,6
i129626,20
i129627,18
i12963,26
i129635,1
i129647,3
i129649,7
i12965,12
i129652,3
i129655,19
i129658,58
i12966,22
i129666,1
i129670,7
i129673,6
i129675,1
i129681,21
i129685,4
i129686,1
i129691,1
i129693,13
i129694,9
i129696,9
i129701,3
i129704,16
i129705,7
i129707,22
i129711,2
i129714,3
i129716,27
i129721,6
i129722,16
i129724,6
i129734,1
i129743,18
i129747,3
i129748,5
i129757,1
i129758,12
i129759,6
i12976,84
i129760,3
i129763,1
i129766,7
i129775,32
i12978,2
i129787,2
i129788,1
i12979,8
i129791,6
i129797,24
i12980,14
i129802,2
i129805,2
i129810,4
i129816,8
i129821,3
i129831,1
i129837,4
i129843,15
i129844,1
i129845,4
i129852,11
i129854,39
i129863,4
i129867,5
i129868,4
i12987,11
i129871,2
i129872,17
i12988,51
i129893,9
i129895,3
i12990,2
i129900,12
i129906,1
i12991,49
i129910,5
i129911,9
i129912,38
i129918,16
i12992,29
i12993,50
i129931,8
i129933,1
i129934,2
i129937,5
i129938,8
i129947,6
i12995,4
i129952,12
i129954,26
i12996,2
i129964,2
i129969,21
i129970,7
i129974,20
i129975,6
i129979,2
i129980,1
i129984,5
i129988,12
i129990,9
i129993,3
i129994,1
i130,10
i13000,16
i130000,8
i130006,30
i130007,16
i130008,14
i130028,3
i13003,16
i130034,19
i130035,5
i130038,1
i130039,2
i130041,20
i130042,20
i130044,2
i130049,1
i130056,4
i130057,15
i130059,9
i130062,30
i13007,26
i130071,25
i130072,41
i130073,40
i130084,14
i130093,6
i130094,2
i130095,1
i130097,45
i130100,8
i130101,4
i130102,4
i130104,7
i130105,15
i130106,6
i130107,34
i13011,17
i130112,9
i130121,1
i130126,5
i130128,25
i130131,17
i130134,4
i130137,15
i13014,43
i130141,14
i130148,5
i130150,1
i130152,13
i130155,1
i13016,10
i130161,3
i130169,1
i13017,35
i130172,5
i130173,6
i130175,18
i130176,14
i130177,2
i130178,14
i13018,24
i130181,13
i130188,8
i13019,4
i13020,16
i130200,2
i130201,38
i130207,6
i130213,6
i130214,14
i130220,6
i130227,9
i130229,1
i130233,1
i130234,5
i13024,60
i130241,8
i130242,3
i130243,3
i130252,4
i130253,10
i130255,13
i130260,12
i130268,3
i130269,15
i130272,5
i130275,1
i130276,4
i130283,6
i130285,3
i130289,2
i13029,1
i130291,3
i130293,1
i130296,8
i130297,3
i130301,2
i130302,3
i130304,2
i130309,5
i130314,5
i130315,9
i130330,2
i130333,2
i130335,4
i130337,3
i130339,4
i130346,8
i130349,91
i130352,37
i130356,9
i130360,1
i130364,14
i130368,4
i130369,12
i130371,54
i130376,1
i130377,7
i130378,9
i130380,29
i130382,3
i130388,34
i130389,73
i130390,3
i130395,11
i130396,17
i13041,3
i130410,25
i130413,2
i130414,12
i130419,1
i130428,3
i130429,24
i13043,7
i130438,20
i130439,16
i130440,4
i130441,26
i130454,35
i130456,1
i130462,3
i130463,1
i130464,2
i130467,10
i130468,29
i13047,27
i130471,4
i130476,9
i130478,23
i130481,8
i130485,16
i130491,13
i130497,2
i13050,27
i130500,29
i130501,42
i130506,5
i13051,1
i130511,1
i130515,39
i130516,10
i130517,18
i130518,28
i130521,24
i130522,23
i130525,53
i130531,2
i130534,50
i130537,5
i130543,47
i130544,5
i130546,36
i130549,40
i130550,1
i130553,10
i130560,4
i130561,4
i13057,7
i130572,2
i130577,21
i130578,6
i130579,68
i13058,21
i130580,27
i130587,9
i130588,3
i130591,48
i130595,13
i130597,36
i130598,1
i130599,11
i130600,22
i130602,2
i130604,75
i130609,15
i130618,8
i130621,18
i130622,22
i130629,8
i13063,4
i130632,3
i130636,11
i130637,37
i13064,16
i130643,26
i130644,4
i130646,2
i13065,57
i130654,75
i130657,27
i130659,1
i13066,26
i130662,1
i130674,29
i130675,1
i130681,20
i130682,12
i130687,15
i13069,9
i130691,8
i130695,11
i130697,5
i130698,60
i13070,7
i130701,66
i130711,2
i130712,3
i130713,13
i130733,7
i130736,3
i130738,27
i130739,12
i130741,3
i130748,60
i13075,6
i130755,1
i130756,1
i130766,1
i130768,24
i130769,7
i130771,1
i130772,55
i130780,6
i130781,1
i130790,41
i130791,35
i130796,75
i1308,73
i130800,25
i130801,1
i130802,47
i130804,40
i130806,8
i130814,4
i130818,2
i130819,2
i130823,26
i130824,4
i130826,7
i130827,18
i130828,31
i130832,6
i130835,89
i13084,65
i130840,16
i130851,3
i130853,15
i130854,71
i130858,40
i130862,2
i130863,9
i130864,14
i130866,2
i130871,13
i130873,31
i130875,2
i13088,33
i130881,3
i130883,2
i130887,4
i130898,6
i130899,28
i1309,78
i13090,76
i130902,19
i130904,10
i130913,23
i130914,32
i13092,4
i130925,50
i130926,15
i130932,2
i130933,7
i130943,38
i130948,8
i130950,48
i130952,55
i130953,20
i130957,28
i130959,16
i130961,7
i130965,2
i130967,19
i130978,14
i130979,16
i130983,11
i130990,42
i130991,15
i130992,2
i130994,27
i131000,10
i131002,8
i131004,5
i131005,5
i13101,49
i131014,6
i131024,8
i131027,22
i131028,10
i131029,50
i131033,30
i131034,31
i131036,18
i131040,2
i131042,12
i131045,42
i131049,6
i131052,14
i131056,13
i131059,4
i13106,3
i131067,15
i131071,24
i131077,15
i131080,3
i13109,17
i131092,1
i131095,12
i131103,23
i131104,3
i131105,1
i131107,17
i131108,3
i131112,2
i131115,10
i131116,28
i131126,70
i13113,13
i13114,19
i131141,2
i131143,33
i131149,33
i13115,2
i131150,11
i131151,4
i13116,13
i131163,3
i131168,23
i131172,29
i131178,5
i13118,1
i131189,25
i131191,7
i131194,5
i131195,87
i131198,18
i1312,3
i131206,6
i131211,15
i131215,8
i131217,40
i131218,2
i131221,20
i131222,7
i131226,15
i131236,12
i131238,18
i131243,12
i131246,18
i131252,18
i131263,4
i131265,24
i131266,27
i13127,12
i131271,14
i131274,29
i131276,1
i131285,7
i131288,11
i131292,3
i131298,27
i131300,8
i131302,127
i131304,15
i131310,2
i131311,9
i131320,33
i131324,31
i131327,5
i131328,3
i13133,1
i131338,6
i131343,3
i131344,1
i13135,29
i131357,4
i13136,22
i131363,36
i131369,18
i131372,13
i131373,10
i131374,13
i131376,1
i131383,1
i13139,1
i131392,15
i13140,21
i131406,9
i131410,2
i131422,10
i131431,17
i131436,22
i131437,1
i131442,1
i131444,9
i131447,7
i131448,7
i131450,4
i131451,6
i131453,3
i131455,3
i131456,7
i131458,6
i131463,11
i131465,54
i131466,10
i131469,2
i131477,1
i131479,10
i131484,7
i131489,1
i13149,62
i131492,25
i131493,17
i131496,20
i131509,24
i13151,1
i131510,2
i131514,18
i131517,5
i131525,11
i131530,74
i131533,4
i131541,6
i131548,4
i13155,14
i131558,49
i131561,12
i131562,8
i131568,20
i131572,2
i131574,10
i131579,4
i131580,74
i131584,2
i131586,1
i131587,26
i131589,22
i131591,63
i131594,21
i131599,7
i1316,67
i13160,18
i131603,5
i131614,35
i131615,17
i13162,64
i131620,34
i131626,1
i131628,1
i13163,8
i131630,17
i131639,37
i13164,2
i131653,4
i131655,1
i131658,22
i13166,68
i131664,2
i131665,6
i131667,1
i131669,134
i131673,11
i131674,14
i131675,13
i131676,1
i131677,20
i13168,47
i131680,3
i131686,18
i13169,68
i131691,17
i131694,8
i131695,5
i1317,18
i131700,1
i131701,29
i131702,3
i131704,8
i131705,1
i131707,14
i131708,28
i131709,2
i131712,30
i131714,15
i131715,2
i131716,7
i131722,58
i131723,1
i131724,1
i131726,34
i13173,5
i131732,12
i131733,74
i131735,20
i131740,14
i131741,37
i131749,13
i131750,21
i131753,18
i131760,3
i131779,2
i13178,35
i131783,5
i131784,4
i131791,104
i131796,12
i131800,2
i131802,12
i131803,9
i13182,7
i131820,10
i131821,1
i131825,1
i13183,2
i131833,7
i131835,27
i131839,5
i131845,7
i131852,36
i131855,21
i131858,23
i131859,10
i13186,6
i131861,13
i131865,1
i131886,1
i131887,20
i13190,4
i13191,5
i131911,32
i131912,4
i131917,13
i131921,4
i131926,1
i131927,7
i13193,15
i131936,12
i131938,2
i131942,1
i13195,5
i131950,19
i13196,4
i131964,17
i131972,14
i131976,13
i131977,9
i131978,25
i131981,2
i131983,38
i131988,31
i131995,52
i132,18
i13200,3
i132002,19
i132004,5
i132005,29
i132012,2
i132013,4
i132014,3
i132020,18
i132024,3
i132025,1
i132030,6
i132035,2
i132040,16
i132045,1
i132046,7
i132050,10
i132051,1
i132057,4
i132060,36
i132063,2
i132066,7
i132067,4
i132075,20
i132076,9
i132082,6
i132083,7
i132089,2
i132092,7
i132094,14
i132097,20
i13210,7
i132109,12
i132110,8
i132113,4
i132114,3
i132117,15
i132119,35
i132125,14
i13213,15
i132134,53
i13214,1
i132141,2
i132144,7
i132146,6
i132150,1
i132159,29
i132163,3
i132164,12
i132166,5
i13217,46
i132172,1
i132176,19
i132178,17
i132182,2
i132183,1
i132192,1
i132193,4
i132194,11
i132199,10
i1322,9
i13220,50
i132202,6
i132204,11
i13222,11
i132222,4
i132224,15
i13223,8
i132238,11
i132244,2
i132247,23
i132249,2
i13225,5
i132250,3
i132254,2
i13226,24
i132263,2
i132272,6
i132279,5
i13228,8
i132281,4
i132286,2
i132289,4
i132295,1
i132296,20
i132304,2
i132307,1
i132308,1
i132311,12
i132315,18
i132318,32
i132330,6
i132332,4
i132338,6
i132342,36
i132352,4
i132356,3
i132357,4
i132358,16
i132370,12
i132374,1
i132375,1
i13238,14
i132380,5
i132383,1
i132384,1
i132389,3
i132397,24
i132399,26
i132400,1
i132404,7
i132406,2
i13241,12
i132410,7
i132413,10
i13242,9
i132423,1
i132426,1
i132434,2
i132438,6
i132441,5
i132445,6
i13245,15
i132452,4
i132456,5
i132457,15
i132460,3
i132463,2
i132466,22
i132467,8
i132468,32
i13247,1
i132471,23
i132472,41
i132473,3
i132474,4
i132476,15
i132478,1
i132482,2
i132488,5
i132490,5
i132494,67
i132497,5
i132498,1
i132500,2
i132508,32
i132510,18
i132518,44
i132520,24
i132521,26
i132528,5
i132530,1
i132535,43
i132536,11
i132541,57
i132542,21
i132545,21
i132548,14
i132552,22
i132555,10
i132563,1
i132566,8
i132569,2
i132582,3
i132583,19
i132586,2
i132588,1
i132589,3
i13259,49
i132590,2
i132596,10
i132599,1
i1326,48
i132604,33
i132612,7
i132621,21
i132622,1
i132625,14
i132626,3
i132627,7
i132629,2
i132631,33
i132645,1
i132646,9
i132651,4
i132652,12
i132654,7
i132655,72
i132661,22
i132671,8
i132676,3
i132679,12
i132684,10
i132685,18
i132686,5
i132693,3
i132697,39
i1327,66
i132700,42
i132701,16
i132704,15
i132705,13
i132731,10
i132732,26
i132737,2
i132739,5
i132741,1
i132748,63
i13275,76
i132750,1
i132752,13
i132760,20
i132763,11
i132764,1
i132766,15
i13277,9
i132771,1
i132775,5
i13278,6
i132780,10
i132784,4
i132790,15
i132793,27
i132796,2
i132797,21
i132802,15
i132813,9
i132814,18
i132817,22
i132828,12
i132830,2
i132835,2
i132838,32
i132839,35
i132840,4
i13285,27
i13287,13
i132871,4
i132875,15
i132877,1
i132879,27
i13288,11
i132880,1
i132881,14
i132886,11
i132890,3
i132892,24
i132895,6
i132901,2
i132902,17
i132910,15
i132914,9
i132916,1
i132918,15
i132926,31
i132931,1
i132942,2
i132943,7
i132946,2
i132949,3
i13295,1
i132953,16
i132955,4
i132959,1
i13296,64
i132960,8
i132963,24
i132968,2
i132970,6
i132973,2
i132978,26
i132979,2
i132980,12
i132982,7
i132996,3
i132998,5
i133001,26
i133008,24
i13301,35
i133010,30
i133011,17
i133023,1
i133029,1
i133034,4
i133035,9
i133051,13
i133052,20
i133054,15
i133056,3
i133057,2
i133058,19
i133059,1
i133060,4
i133061,27
i133062,3
i133066,3
i133067,3
i133072,33
i133074,14
i133078,16
i133080,7
i133087,1
i133090,3
i133096,2
i133097,5
i133098,1
i133108,10
i133114,1
i133115,21
i133117,1
i133125,2
i13313,46
i133133,4
i133137,1
i133140,1
i133142,15
i133148,30
i133154,1
i13316,5
i133160,2
i133161,20
i133166,10
i133168,6
i133169,3
i133170,10
i133172,24
i133186,5
i133190,2
i133192,3
i133200,16
i13321,17
i133211,4
i133221,2
i133222,4
i133225,32
i133226,4
i133228,6
i133235,1
i133237,1
i133250,14
i133254,2
i133265,19
i13327,8
i133275,5
i13328,28
i133283,19
i133286,1
i133288,31
i133295,3
i133296,1
i133302,13
i133305,5
i133306,5
i133308,5
i133315,2
i133321,20
i133323,3
i133324,12
i133328,1
i133333,4
i133336,9
i133339,1
i133340,2
i133343,14
i133346,4
i133356,8
i133357,4
i133362,16
i133364,1
i133374,1
i13338,4
i133383,14
i133384,10
i133387,4
i13339,22
i133390,3
i1334,14
i13340,19
i133401,4
i133402,15
i133407,8
i133409,15
i133416,1
i133424,15
i133426,2
i133437,52
i133438,3
i133446,23
i133447,21
i133448,9
i13345,4
i133450,1
i133459,21
i133461,3
i133463,48
i133465,1
i133468,10
i133479,31
i133484,27
i133489,6
i133490,11
i133491,21
i133493,8
i133498,6
i133505,2
i133507,17
i133509,13
i133515,8
i133518,22
i13352,4
i133522,8
i133524,1
i133526,53
i133528,22
i133530,24
i133531,1
i133536,6
i133538,13
i133539,2
i13354,2
i133543,8
i133546,48
i133548,3
i13355,1
i133552,26
i133561,3
i13357,46
i133570,2
i133574,5
i133576,6
i133579,14
i133580,1
i133581,4
i133585,3
i133586,11
i133590,8
i1336,70
i13361,22
i133611,1
i133615,1
i133621,5
i133626,5
i133635,15
i133638,1
i13364,51
i133644,25
i133649,20
i133650,22
i133652,24
i133654,18
i133656,16
i133665,8
i133666,1
i13367,27
i133670,2
i133673,7
i133676,11
i133680,1
i133689,4
i133695,18
i133703,7
i133704,2
i133707,2
i133710,3
i133714,17
i133719,8
i13372,25
i133720,4
i133722,10
i133724,5
i133732,4
i133734,13
i133738,5
i133739,2
i133741,15
i133743,2
i133745,20
i133750,13
i13376,7
i133760,1
i133761,12
i133764,6
i133768,5
i133772,5
i133774,7
i133776,2
i133778,1
i133780,28
i133788,2
i133799,6
i1338,40
i133802,1
i133811,5
i133816,5
i133818,5
i13382,6
i133826,1
i133828,44
i133829,5
i13383,4
i133832,15
i13384,1
i133842,1
i133843,15
i133844,36
i133845,28
i133846,5
i133850,1
i133853,1
i133857,6
i133858,41
i133860,8
i133870,3
i133876,1
i133888,7
i133894,10
i133895,7
i133896,10
i133897,2
i133899,6
i133901,3
i133904,6
i133905,10
i133906,2
i133908,3
i133909,4
i133910,2
i133911,2
i133912,7
i13392,1
i133921,7
i133926,6
i133927,1
i133928,7
i133935,12
i133936,3
i133939,10
i13394,45
i133942,29
i133943,1
i133948,52
i133952,7
i133955,8
i133969,22
i133971,13
i133972,4
i133974,7
i133977,27
i133983,9
i133985,8
i133987,9
i13399,8
i133990,3
i133992,49
i133999,4
i13400,2
i134001,4
i134004,5
i134007,1
i134009,6
i134010,1
i134013,11
i134018,6
i134019,11
i13402,6
i134022,4
i134047,2
i134051,8
i134065,4
i134070,2
i134076,2
i134079,2
i134080,6
i134081,2
i134084,9
i134085,6
i134093,3
i134096,1
i1341,34
i134101,11
i134104,6
i134108,18
i134110,1
i134112,4
i134114,30
i134115,14
i134128,1
i134129,5
i134138,1
i13414,77
i134142,18
i13415,15
i134150,9
i134152,6
i134156,10
i134167,25
i134169,4
i134171,1
i134175,4
i134180,6
i134183,2
i134196,11
i134200,1
i134201,2
i134202,1
i134204,3
i134207,5
i134208,8
i134209,7
i13421,6
i134214,67
i134215,2
i134219,1
i134220,12
i134233,52
i13424,20
i134241,20
i134246,13
i134247,40
i13425,11
i134251,14
i134253,27
i134255,40
i134262,36
i134264,7
i134267,32
i134269,5
i134271,18
i134272,26
i134278,2
i134279,71
i134280,3
i134284,19
i134285,47
i134286,24
i134289,9
i13429,43
i134292,1
i134297,3
i134298,19
i13430,34
i134300,10
i134302,8
i134317,13
i134320,29
i134334,64
i134345,42
i134348,9
i134349,17
i134351,15
i134353,50
i134355,1
i134359,41
i134366,5
i134367,3
i134368,2
i134369,23
i134372,5
i134373,8
i134382,4
i134384,20
i134386,55
i134388,46
i134391,30
i134399,1
i13440,69
i134400,3
i134401,2
i134408,19
i134410,8
i134416,4
i13442,1
i134425,13
i134432,3
i134433,11
i134438,1
i134441,48
i134445,9
i134449,5
i134458,22
i134461,13
i134465,4
i134468,64
i13447,75
i134471,12
i134472,10
i134474,27
i134477,2
i134478,12
i13448,1
i134480,20
i134483,11
i134489,8
i134493,1
i134495,10
i134497,3
i13450,5
i134503,1
i134508,53
i134514,22
i134518,18
i134522,41
i134525,28
i134526,18
i134538,7
i134545,6
i134554,33
i134556,23
i134563,11
i134569,1
i13457,39
i134571,54
i134572,4
i13458,51
i134580,22
i134586,2
i134588,3
i13459,53
i134591,2
i134595,15
i134596,10
i134597,11
i134601,29
i134602,4
i134606,22
i134610,10
i134618,30
i13462,24
i134621,3
i134625,9
i134627,6
i134630,82
i134632,3
i134640,61
i134644,20
i134645,1
i134646,13
i134647,5
i134652,11
i134657,12
i13466,2
i134661,15
i134665,11
i134672,1
i134676,17
i134677,5
i134688,29
i134695,11
i13470,36
i134711,29
i134714,39
i134715,1
i134725,6
i134726,37
i134727,5
i134735,14
i134737,2
i13474,9
i134744,30
i134751,6
i134752,20
i134753,4
i134762,19
i134764,8
i134766,13
i134767,6
i134774,2
i134777,2
i134779,1
i13478,11
i134788,20
i13479,7
i134790,4
i134794,8
i134795,15
i134798,11
i134804,4
i134806,64
i134807,1
i134809,21
i13481,40
i134815,21
i134818,18
i13482,11
i134823,1
i134825,18
i134828,3
i134829,3
i134830,14
i134837,13
i134839,3
i134842,2
i134844,58
i134847,27
i134848,29
i134849,4
i13485,14
i134853,10
i134856,20
i134862,6
i134865,4
i134867,20
i134871,6
i134872,52
i134875,15
i134877,22
i13488,37
i134880,21
i134886,20
i134888,2
i134889,3
i134896,2
i134899,5
i1349,23
i13490,1
i134900,4
i134902,21
i134903,10
i134911,1
i134913,114
i134915,38
i134918,9
i134919,3
i13493,1
i134930,16
i134937,7
i134942,14
i134945,20
i134960,14
i134964,88
i134966,54
i13497,29
i134972,1
i134973,10
i134976,1
i134977,12
i134981,1
i135004,4
i135009,2
i135010,4
i135012,14
i135014,1
i135017,6
i13502,47
i135022,2
i135032,14
i135036,31
i135039,7
i135041,13
i135042,14
i135044,48
i135057,1
i135059,30
i13506,17
i135060,3
i135062,36
i135065,2
i135075,3
i135081,21
i135085,2
i135086,29
i13509,14
i135091,22
i135093,14
i135096,2
i135097,19
i1351,58
i135101,12
i135106,10
i135117,16
i135121,41
i135123,36
i135129,29
i13513,31
i135131,5
i135134,20
i135138,7
i135139,31
i135141,19
i135143,13
i135146,2
i135154,1
i135155,6
i135156,17
i135157,2
i13516,27
i135160,12
i135161,24
i135163,40
i135167,13
i135168,22
i135169,2
i135173,16
i135174,27
i135180,5
i135183,1
i135186,2
i135187,12
i13519,9
i135198,5
i1352,35
i13520,8
i135203,5
i135207,1
i13521,10
i135211,8
i135216,1
i135226,1
i135228,2
i135229,18
i135230,19
i135231,12
i135236,3
i135237,10
i135239,5
i13524,42
i135242,25
i135246,10
i135248,2
i135250,34
i135254,39
i135258,6
i135262,21
i135265,2
i135267,9
i135270,15
i135271,19
i135279,4
i13529,4
i135295,1
i135298,31
i135301,1
i135314,1
i135316,7
i135318,12
i135327,26
i13533,8
i135331,7
i135332,9
i135333,20
i135337,3
i135344,42
i135350,2
i135355,65
i135356,16
i135361,43
i135364,36
i135370,14
i135373,40
i135378,31
i135379,3
i135380,7
i135383,7
i135384,3
i135385,5
i135388,36
i135389,1
i135392,43
i135394,23
i135397,1
i135407,10
i135414,18
i135418,4
i135419,7
i13542,56
i135422,35
i135428,23
i135429,1
i135437,3
i135445,1
i135449,16
i135452,7
i135456,10
i135457,28
i135465,8
i135466,21
i135468,22
i135469,29
i135471,1
i135474,16
i135478,20
i135479,7
i135486,12
i135494,5
i135500,12
i135503,8
i135506,66
i135511,15
i135531,1
i135536,4
i135537,2
i135539,15
i135541,2
i135543,6
i135545,6
i135546,15
i135548,6
i13555,28
i135553,14
i135555,7
i135562,5
i135563,1
i135564,6
i135565,19
i135571,13
i135579,1
i135580,3
i135589,4
i135592,2
i135598,18
i135602,2
i13561,12
i135623,13
i135630,1
i135636,10
i135641,19
i135645,5
i135647,1
i13566,27
i135662,50
i135664,5
i135667,8
i135670,36
i135671,19
i135672,5
i135675,3
i135682,26
i135683,8
i135684,7
i135688,24
i135689,15
i135692,3
i135693,41
i135694,2
i135695,81
i135698,3
i135700,23
i135701,43
i135706,16
i135707,12
i135713,42
i135715,21
i135723,23
i135729,1
i135731,10
i135739,34
i135740,7
i135741,47
i135747,6
i135751,24
i135755,19
i135766,5
i135768,64
i135771,64
i135773,12
i135780,26
i135781,4
i135782,7
i135784,18
i135786,2
i13579,8
i135792,6
i135793,2
i135796,10
i135798,35
i135799,13
i13580,20
i135803,5
i135807,1
i135809,8
i135810,35
i135811,50
i135812,3
i135813,3
i135817,9
i135818,1
i135820,3
i135831,7
i135834,31
i135837,9
i135838,5
i135842,13
i135844,15
i13585,3
i135850,7
i135856,13
i135857,2
i135858,3
i135863,9
i135866,8
i135869,25
i135873,5
i135875,2
i135878,1
i13588,8
i135880,18
i135885,3
i135891,2
i135896,12
i135904,2
i135906,3
i135910,1
i135911,1
i135912,49
i135913,9
i135915,3
i135920,8
i135926,13
i135927,1
i13593,6
i135936,11
i13594,56
i135941,10
i135942,2
i135944,3
i135946,29
i135947,7
i135955,5
i135960,1
i135964,54
i135970,12
i135971,38
i135975,13
i135980,32
i135985,5
i135987,18
i135991,13
i135994,4
i136,36
i136003,15
i136005,9
i13601,16
i136011,19
i136015,11
i136017,12
i136019,11
i13602,38
i136021,2
i136023,24
i136025,31
i13604,40
i136041,2
i136045,1
i136051,23
i136052,5
i136054,21
i136063,13
i13607,36
i136070,2
i136071,7
i136072,9
i136084,13
i136092,16
i1361,54
i136100,9
i136108,22
i13611,8
i136111,3
i136113,17
i136123,10
i136126,19
i136128,11
i136133,6
i136137,9
i136138,2
i136140,58
i136142,23
i136144,16
i136149,2
i136154,16
i136155,1
i136156,4
i136160,4
i136165,9
i136171,4
i136184,2
i136187,3
i13620,2
i136200,35
i136202,14
i136205,1
i136209,27
i13621,2
i136210,1
i136212,9
i136217,20
i136218,12
i136230,1
i136234,44
i136235,6
i13625,79
i136254,2
i136264,6
i136273,6
i13628,40
i136282,9
i136283,2
i136286,53
i136288,2
i13629,16
i136293,20
i136299,49
i136307,37
i13631,3
i136311,15
i136312,50
i136315,4
i136316,3
i136317,1
i13632,1
i136328,6
i136338,15
i13634,101
i136340,22
i136341,10
i136342,46
i136343,21
i136348,24
i136352,2
i136353,26
i136357,60
i136360,11
i136361,5
i136365,1
i136367,14
i13637,18
i136377,11
i136381,25
i136383,21
i136386,2
i136389,12
i136392,14
i136394,20
i136396,2
i136398,1
i136403,2
i136407,1
i136409,9
i136411,2
i136413,2
i136414,4
i136422,53
i136426,54
i136429,6
i136434,13
i136435,4
i136437,6
i136462,8
i136465,13
i136466,25
i136476,16
i13648,3
i136486,26
i136487,8
i136490,8
i136492,9
i136499,62
i1365,8
i13650,3
i136503,15
i136510,31
i136512,10
i136515,24
i136516,59
i136517,1
i136519,6
i136528,18
i136529,23
i136532,29
i136535,9
i136536,22
i136537,10
i136538,5
i136546,18
i136550,8
i136551,17
i136553,36
i136558,5
i136560,12
i136562,3
i136566,10
i136569,7
i136572,35
i136581,48
i136583,16
i136587,15
i136593,5
i136594,33
i136598,9
i136599,2
i1366,4
i136601,25
i136606,14
i136612,38
i136621,4
i136623,14
i136626,28
i136627,16
i136630,2
i136631,44
i136632,28
i136638,17
i136641,3
i136642,52
i136644,1
i136645,6
i136649,15
i136653,5
i136654,30
i136655,27
i136657,10
i136663,43
i136668,9
i136674,1
i136682,2
i136684,32
i1367,4
i136700,3
i136712,23
i136721,16
i136729,2
i136730,11
i136735,1
i136738,23
i136740,17
i136749,19
i136755,19
i136757,9
i13676,99
i136761,4
i136766,2
i136771,7
i136773,5
i136787,22
i13679,1
i136792,1
i136805,1
i136809,12
i136810,1
i136815,2
i136823,2
i136824,37
i136834,15
i136842,28
i136843,14
i13685,5
i136852,2
i136854,8
i136860,14
i136863,5
i136866,23
i136872,30
i136874,27
i13688,17
i136881,4
i136886,7
i136892,9
i136893,2
i136894,2
i136898,1
i136901,9
i136907,2
i136909,5
i13691,53
i136910,20
i136911,4
i136914,26
i136916,2
i136922,22
i136926,13
i136931,69
i136932,4
i136933,1
i136935,22
i136936,19
i136937,21
i136940,15
i136948,10
i136949,11
i136952,10
i136961,22
i136964,9
i136966,25
i136968,6
i136972,5
i136979,17
i136981,3
i136992,6
i136997,20
i136998,2
i137,27
i13700,3
i137000,12
i137004,14
i137006,13
i137013,1
i137014,1
i137020,1
i137035,9
i137037,11
i137039,16
i137042,5
i137058,1
i137060,8
i137065,20
i137066,10
i13707,2
i137072,1
i137076,4
i137082,1
i137085,1
i13709,11
i137095,8
i137098,2
i137099,14
i1371,6
i137104,1
i137105,2
i137112,2
i137117,6
i137123,3
i13713,45
i137132,1
i137134,2
i137138,26
i137151,17
i137152,2
i13716,29
i137162,10
i137167,9
i137171,3
i137174,3
i137176,11
i137178,22
i137186,3
i137195,4
i137198,17
i137205,9
i137214,2
i137218,20
i137219,25
i13722,11
i137220,5
i137223,25
i137230,3
i137232,5
i137234,12
i137235,7
i137238,13
i137239,15
i137240,4
i137245,1
i137246,28
i137250,9
i137253,3
i137256,11
i137260,3
i137264,19
i137270,65
i137271,8
i137279,1
i137281,6
i137283,9
i137284,8
i137285,28
i137287,21
i13729,8
i137290,1
i137294,4
i137295,14
i137296,3
i1373,6
i137304,3
i137312,6
i137315,14
i137316,22
i137317,13
i13732,19
i137323,9
i137327,7
i137329,2
i13733,1
i137332,16
i137339,3
i13734,22
i137340,9
i137341,3
i137351,7
i137352,2
i137354,4
i137357,7
i137358,65
i13736,1
i137361,18
i137362,16
i137368,8
i137371,7
i137378,7
i137383,34
i137386,12
i137387,3
i137389,37
i13739,18
i137392,28
i137396,6
i137397,10
i137399,9
i1374,8
i13740,24
i137400,1
i137404,11
i137407,7
i137408,3
i137409,46
i137411,5
i137412,13
i137416,5
i137433,1
i137435,5
i137436,2
i13744,35
i137441,2
i137443,2
i137447,7
i137449,1
i137453,17
i137459,4
i13746,6
i137462,22
i137465,33
i137466,6
i137474,17
i13748,53
i137484,19
i137486,21
i137487,2
i13749,10
i137493,1
i137495,2
i137497,38
i137511,8
i137512,14
i13752,2
i13753,20
i137533,18
i137537,15
i137541,2
i137542,11
i137544,16
i137549,29
i137554,19
i13756,41
i137561,2
i137562,1
i137569,14
i13757,55
i137574,7
i137581,5
i137582,17
i137583,13
i13759,1
i137596,23
i137609,15
i137610,3
i137617,23
i137626,1
i13763,1
i137634,14
i137636,1
i137638,1
i137642,40
i137645,29
i137647,2
i137649,4
i13765,84
i137653,16
i13766,26
i137660,18
i137666,27
i137668,1
i13767,12
i137671,12
i137673,21
i137676,32
i137677,9
i13768,51
i137685,6
i137687,1
i137688,33
i137689,1
i137691,1
i137697,5
i137698,16
i1377,49
i137701,28
i137704,22
i137712,3
i137718,4
i13772,16
i137723,5
i137726,1
i137727,1
i137730,4
i137731,13
i137732,14
i137738,5
i137747,26
i137749,21
i137755,24
i137757,1
i137761,28
i137763,9
i137764,4
i137767,10
i137785,7
i137790,1
i137801,3
i137802,13
i137805,9
i137808,15
i137809,2
i137813,3
i137817,2
i137830,4
i137832,10
i137835,2
i137836,10
i137844,2
i137847,19
i137858,1
i137861,1
i137864,20
i137865,13
i137869,4
i13787,19
i137871,14
i137873,19
i137874,3
i137877,12
i137881,40
i137882,5
i137884,2
i137888,11
i13789,36
i137890,8
i137897,6
i137898,5
i137900,7
i137902,5
i137916,10
i137917,4
i137919,3
i137922,10
i137934,1
i137941,1
i137944,5
i137946,14
i137955,9
i137956,2
i137960,1
i137961,8
i137966,14
i137967,5
i137968,22
i137973,2
i13798,3
i137983,2
i137984,4
i137985,3
i137987,15
i137998,29
i1380,4
i138003,3
i138005,25
i138014,2
i138016,14
i138019,18
i13802,46
i138021,2
i138024,1
i138025,7
i138026,27
i138032,5
i138039,3
i138046,15
i138048,25
i13805,32
i138054,1
i138060,23
i138062,8
i138063,4
i138065,14
i138067,15
i138070,47
i138071,89
i138074,19
i138078,29
i13808,18
i138081,10
i138085,69
i138087,23
i138089,13
i13809,125
i138093,39
i138096,6
i138105,7
i138108,1
i138115,22
i138118,4
i138122,21
i138123,2
i138129,2
i138141,10
i138143,3
i138145,1
i138146,53
i138147,4
i138149,21
i138151,58
i138154,8
i138159,92
i138168,6
i138173,11
i138176,32
i138177,56
i138180,19
i138182,57
i138183,11
i138187,4
i138195,25
i138198,2
i138200,3
i138204,38
i138205,43
i138210,22
i138215,69
i138216,11
i138217,15
i13822,58
i138222,21
i138225,21
i138232,6
i138233,18
i138238,1
i13824,17
i138242,76
i138245,59
i138246,3
i138247,1
i138250,47
i138253,2
i138263,17
i138265,42
i138270,45
i138273,2
i138274,6
i138276,9
i138281,36
i138286,2
i138287,2
i138291,14
i138292,32
i138295,18
i138303,24
i138304,10
i138323,2
i138326,49
i138331,17
i138332,11
i13834,4
i138345,3
i138347,39
i138351,2
i138353,1
i138358,1
i138365,30
i138367,51
i138372,4
i13838,6
i138380,19
i138381,9
i138383,32
i138384,5
i138385,1
i138387,2
i138388,2
i138389,1
i138393,16
i138396,3
i13840,36
i138400,3
i138402,33
i138403,19
i138404,15
i138406,6
i138407,3
i138417,4
i138422,1
i138424,6
i138425,4
i138426,22
i138429,1
i138431,4
i138441,9
i138448,33
i138451,2
i138452,8
i138453,9
i138457,2
i138458,3
i13846,30
i138461,9
i138464,1
i138466,17
i138468,24
i138473,17
i138474,15
i138475,1
i138476,14
i138479,3
i138480,5
i138486,16
i138487,3
i138490,22
i138495,2
i138497,5
i138502,12
i138505,27
i138508,23
i13851,9
i138511,13
i138519,17
i138521,5
i138526,53
i138531,1
i138533,11
i138536,30
i138542,4
i138543,15
i138547,23
i138550,16
i138560,3
i138574,6
i138576,2
i138578,12
i138585,22
i138590,2
i138594,12
i138595,53
i138599,9
i138603,1
i138607,18
i138608,18
i138615,5
i138622,7
i138624,4
i138635,1
i138636,15
i138646,24
i138657,3
i138662,19
i138665,22
i138667,19
i13867,52
i138670,30
i138673,1
i138678,15
i138679,3
i138682,53
i138686,12
i138689,35
i13869,35
i138694,15
i138696,2
i138698,11
i138699,19
i138702,48
i138708,40
i138714,38
i138717,16
i138718,22
i138719,8
i138727,1
i138738,2
i138739,5
i138743,1
i138750,6
i138751,12
i138755,24
i138756,1
i138766,3
i138775,11
i138778,15
i13878,19
i13879,7
i1388,41
i138802,1
i138807,2
i138808,1
i138812,5
i138814,9
i138822,33
i138835,57
i13884,30
i138843,4
i138844,10
i138847,11
i138852,2
i138855,1
i138858,29
i138864,7
i138865,3
i138867,24
i138875,12
i138876,1
i13888,37
i138887,2
i138889,20
i138890,4
i138891,1
i138895,1
i138898,12
i138903,20
i138907,5
i138908,24
i13891,63
i138911,5
i138912,47
i138915,53
i138918,26
i138921,3
i138925,2
i138928,2
i138932,20
i138940,10
i138942,20
i138944,4
i138946,16
i138954,4
i138956,55
i138957,5
i138958,3
i138968,7
i138975,4
i138978,26
i13898,12
i138983,4
i138987,12
i138988,2
i138989,2
i138992,1
i138998,6
i139005,21
i139008,2
i13901,27
i139010,3
i139013,5
i139015,1
i13902,47
i139021,14
i139025,2
i139026,9
i139028,9
i139030,3
i139044,1
i139054,11
i139057,2
i139061,3
i139069,20
i139074,16
i139077,3
i139079,2
i139088,5
i139089,10
i139092,18
i139093,1
i139094,18
i139096,18
i139099,13
i1391,1
i13910,49
i139101,12
i139102,23
i139110,5
i139114,8
i13912,9
i13913,16
i139130,10
i139132,8
i139135,10
i139140,3
i139142,8
i139147,10
i139158,46
i139159,4
i139166,17
i139168,28
i139172,6
i139176,24
i139180,3
i139181,21
i139183,3
i139184,20
i139189,29
i139190,30
i139192,8
i139193,2
i139196,73
i1392,24
i139201,10
i139203,12
i139207,63
i139216,1
i139217,30
i139218,11
i139223,41
i139236,12
i139237,23
i13924,5
i139241,16
i139246,54
i139248,18
i139257,8
i139259,31
i139262,22
i13927,16
i139275,12
i13928,17
i139282,12
i139288,12
i139295,9
i139308,2
i13931,18
i139310,3
i139313,27
i139316,11
i139317,1
i13932,4
i139321,9
i139326,2
i139328,2
i139335,2
i139339,7
i139347,5
i139349,9
i139350,2
i139351,27
i139358,16
i139370,2
i139373,17
i139374,15
i139376,7
i13939,2
i139390,4
i139391,16
i139408,3
i139411,6
i139423,7
i139428,11
i139430,30
i139431,1
i139446,1
i139451,1
i139453,1
i139459,8
i139464,3
i13947,3
i139470,7
i139475,2
i139478,9
i13949,4
i139493,7
i139494,6
i139496,5
i1395,12
i139504,8
i139506,4
i139509,1
i139512,1
i139517,14
i139521,9
i139522,10
i139526,61
i139527,29
i139528,36
i139529,18
i139533,4
i139535,12
i13954,9
i139540,1
i139542,2
i139546,49
i139551,5
i139555,3
i139556,3
i139561,7
i139566,14
i139568,1
i139570,7
i139571,4
i139581,6
i139588,25
i139590,14
i139591,28
i139592,34
i13960,6
i139606,16
i139607,7
i13961,20
i139616,1
i139619,17
i13962,26
i139623,3
i139628,3
i13963,18
i139630,3
i139634,27
i139636,11
i139637,11
i13964,18
i139641,9
i139648,8
i139666,2
i139667,15
i139669,7
i139672,1
i139681,4
i139686,1
i139689,2
i13969,28
i139692,10
i139693,4
i139694,1
i139695,2
i13970,18
i139701,14
i139702,1
i139704,13
i139707,2
i13971,6
i139711,4
i139712,3
i139724,30
i139726,10
i139728,3
i139732,1
i139734,5
i139736,12
i139742,11
i139750,3
i139754,13
i139755,7
i139758,8
i139763,3
i139767,11
i139769,13
i13977,4
i139772,2
i13978,14
i139781,1
i139792,5
i139799,1
i139801,5
i139806,7
i139810,13
i139815,3
i139823,12
i139825,2
i139826,7
i139827,3
i139828,23
i13983,10
i139832,1
i139836,3
i13985,2
i139851,3
i139855,26
i139864,33
i139866,32
i139868,1
i139869,18
i139871,6
i139876,6
i139889,9
i139895,7
i139902,1
i139905,1
i139906,59
i13991,34
i139913,48
i139915,20
i139916,13
i139919,63
i139927,3
i139931,20
i139932,42
i139936,55
i139937,9
i139939,23
i139941,1
i139945,16
i139948,7
i139950,5
i139957,3
i139959,1
i139960,14
i139963,18
i139970,11
i139972,3
i139976,13
i139984,6
i139989,55
i13999,2
i139994,2
i140,74
i140001,3
i140004,25
i140009,6
i140012,41
i140015,1
i140025,7
i140027,11
i140030,28
i140031,20
i140034,24
i140036,16
i140037,2
i140039,4
i140040,8
i140044,56
i140045,1
i140047,25
i140058,2
i140059,16
i140064,5
i140067,13
i14007,52
i140071,6
i140076,24
i140077,6
i140080,4
i140086,7
i140096,67
i140097,12
i1401,60
i14010,7
i140101,17
i140105,2
i140106,7
i14011,7
i140110,3
i140113,13
i140114,22
i140115,21
i140116,11
i140118,1
i140121,26
i140122,1
i140124,12
i140126,5
i140138,12
i140141,44
i140144,36
i14015,28
i140153,10
i140154,4
i140160,2
i140168,2
i14017,2
i140171,1
i140175,14
i140181,2
i140182,7
i140185,16
i140186,10
i140203,1
i14021,9
i140211,17
i140223,48
i140229,30
i140232,2
i140233,12
i140246,4
i140247,3
i140248,32
i140249,2
i140259,16
i14026,4
i140260,39
i140261,14
i140266,11
i140268,23
i14027,16
i140271,33
i140273,20
i140285,15
i140288,11
i14029,5
i140290,25
i140291,6
i140292,26
i1403,22
i140302,2
i140304,1
i140306,4
i140312,3
i140313,67
i140314,18
i140318,1
i140321,44
i140323,28
i140324,4
i140326,7
i140327,1
i140328,37
i140334,22
i140337,8
i14034,34
i14035,1
i140350,71
i140358,12
i140366,16
i140370,7
i140372,10
i140373,2
i140375,26
i140391,5
i140393,2
i140395,7
i140400,22
i140403,3
i140408,1
i140411,26
i140414,3
i140415,6
i140418,17
i140420,21
i140421,25
i140425,6
i14043,19
i140431,21
i140432,11
i140438,27
i140439,1
i14044,4
i140442,1
i140443,4
i14045,2
i140454,3
i140459,4
i140461,24
i140463,5
i140464,27
i140468,33
i140472,14
i14048,4
i140482,23
i140487,12
i140489,4
i14049,18
i140495,2
i140498,3
i14050,15
i140500,18
i140502,5
i140509,10
i14051,41
i140520,4
i140531,10
i140534,5
i140538,1
i140539,1
i140540,41
i140543,9
i140553,1
i140557,4
i140561,6
i140565,12
i14057,53
i140571,39
i140572,8
i140573,3
i140584,1
i140587,13
i140602,5
i140603,12
i140604,2
i140609,15
i140610,1
i140611,3
i14062,6
i140620,12
i140634,6
i140635,3
i14064,4
i140641,1
i140642,5
i140645,25
i140649,16
i140667,16
i140670,17
i140682,3
i140683,3
i140686,14
i140688,2
i140696,6
i1407,15
i140702,7
i140706,1
i140712,1
i140713,36
i140717,12
i140733,7
i140734,20
i14074,14
i140743,6
i140753,3
i140758,4
i14076,32
i140770,19
i140781,14
i140787,26
i140788,2
i140791,20
i140797,1
i140798,24
i14080,25
i140800,26
i140802,33
i140809,9
i14081,44
i140813,11
i140814,8
i140815,28
i140818,3
i140819,66
i140820,4
i140822,7
i140823,30
i140825,4
i140826,7
i140830,12
i140835,10
i140837,93
i140839,17
i14085,49
i140852,15
i140857,19
i140858,6
i140859,3
i140861,1
i140866,9
i140867,11
i140869,1
i140873,2
i140874,24
i140879,25
i140886,2
i140889,25
i140890,8
i140893,14
i140897,38
i140909,7
i140915,6
i140917,5
i140918,7
i140919,1
i140924,18
i140926,30
i140927,4
i140929,1
i140942,2
i140952,23
i140953,8
i140955,32
i14096,2
i140960,2
i140961,35
i140962,4
i140963,9
i140964,23
i140967,1
i140968,1
i14097,14
i140970,9
i140971,36
i140974,27
i140976,17
i140980,6
i140984,2
i140988,29
i140989,3
i140992,16
i140995,32
i140998,22
i140999,5
i141,9
i14100,6
i141002,5
i141003,2
i141004,16
i141005,12
i141007,9
i141010,24
i141014,4
i141017,6
i141026,1
i141028,4
i141030,23
i141031,4
i141033,17
i141034,2
i141036,11
i141037,17
i141049,4
i141052,3
i141053,34
i141055,12
i141066,20
i141070,16
i141071,1
i141080,7
i141084,29
i141090,4
i141092,10
i141094,3
i1411,15
i141102,3
i141107,3
i14111,65
i141113,22
i141114,19
i141116,3
i141118,1
i141124,1
i141126,17
i141134,1
i141135,16
i141137,8
i141138,2
i141139,3
i141140,13
i141145,5
i141148,1
i141150,16
i141151,7
i141153,1
i141158,4
i141159,7
i14117,39
i141176,1
i141178,11
i141187,14
i141188,3
i141190,5
i141193,8
i141197,2
i14120,2
i141204,3
i141207,22
i141208,15
i14121,3
i141212,2
i141216,2
i141224,16
i141230,21
i141238,5
i141241,22
i141245,4
i141246,8
i141247,10
i141248,16
i14125,113
i141251,22
i141255,15
i141257,26
i141266,15
i141269,1
i141271,3
i141275,3
i14128,5
i14129,1
i141290,19
i141309,8
i141311,33
i141316,2
i141318,2
i14132,1
i141320,2
i141324,34
i141328,21
i14133,34
i141334,16
i141340,3
i141345,3
i14135,7
i141350,4
i141353,6
i141361,1
i141362,1
i141363,3
i141366,3
i141368,14
i141371,8
i141372,10
i141374,9
i141377,22
i141379,2
i141382,13
i141384,6
i141400,19
i141406,5
i141408,12
i14141,21
i141410,10
i141418,1
i141423,2
i141425,8
i141429,3
i141440,2
i141441,1
i141451,6
i141453,8
i141457,13
i141463,8
i141467,14
i141483,27
i141486,18
i141500,10
i141504,2
i141508,1
i14151,65
i141510,1
i141511,2
i14152,3
i141529,20
i141530,3
i141531,12
i141536,17
i141546,4
i141548,3
i14155,38
i141554,8
i141557,8
i141559,2
i141562,19
i141564,21
i141566,14
i141568,9
i14157,62
i141570,4
i141573,4
i141578,2
i141589,56
i141590,30
i141591,7
i141593,12
i141594,1
i141597,20
i1416,2
i141600,16
i141603,11
i141604,9
i141605,89
i141606,14
i141607,27
i141610,30
i141614,10
i141615,3
i141619,46
i141622,89
i141623,1
i141625,54
i14163,66
i141634,2
i141636,11
i141645,43
i141647,9
i141650,17
i141655,42
i141658,4
i141660,28
i141663,20
i141664,6
i141681,1
i141683,28
i141686,2
i141687,9
i141689,3
i14169,6
i141694,3
i141699,10
i1417,13
i14170,5
i141701,56
i141702,52
i141703,2
i141704,12
i141706,30
i141711,2
i141712,28
i141715,27
i14172,9
i141720,9
i141726,29
i141729,46
i141739,61
i141746,53
i14175,11
i141751,3
i141752,13
i141757,8
i141758,2
i14176,10
i141768,1
i141772,3
i141773,6
i141777,9
i141785,10
i141787,7
i141792,5
i141796,29
i14180,10
i141800,4
i141804,32
i141808,11
i141809,14
i141810,5
i141819,111
i141821,41
i141822,53
i141824,40
i141833,44
i141834,9
i141841,50
i141842,7
i141844,11
i141850,7
i141852,83
i141853,5
i141854,7
i141855,33
i14186,4
i141863,7
i141871,1
i141872,46
i141873,66
i141875,82
i141882,1
i141885,2
i141896,3
i14190,1
i141901,7
i141902,2
i141905,2
i141907,7
i141909,32
i141913,8
i141915,1
i141917,4
i141918,3
i141919,2
i14192,21
i141920,65
i141927,6
i14193,1
i141934,11
i141940,2
i141943,10
i141946,1
i141949,102
i141952,1
i141955,7
i141958,45
i141961,5
i141962,2
i14197,2
i14198,18
i141983,37
i141988,6
i14199,6
i141996,13
i142004,7
i142007,2
i142010,10
i142014,16
i142015,15
i142017,1
i142018,70
i142019,15
i142021,10
i14203,28
i142035,1
i142037,32
i14204,39
i142041,42
i142042,11
i142045,13
i142051,2
i142052,2
i142056,1
i142065,1
i142069,8
i142076,34
i142077,108
i142084,2
i142086,34
i142093,8
i1421,5
i142103,1
i142107,45
i142108,22
i14211,38
i142113,1
i142114,16
i142115,5
i142117,8
i142119,44
i142120,11
i142125,43
i142129,2
i142130,8
i142134,18
i142136,2
i142137,6
i142138,2
i142139,10
i142147,7
i142153,31
i142160,45
i142167,2
i14217,82
i142172,3
i14218,5
i142185,4
i142189,14
i14219,5
i142190,4
i142193,15
i142194,8
i142199,1
i14220,1
i142200,1
i142217,16
i142220,3
i142228,63
i142234,23
i142235,21
i142236,50
i142238,4
i142240,10
i142244,21
i142245,4
i142246,1
i142252,63
i142256,4
i142257,11
i142258,8
i142260,1
i142261,79
i142262,6
i142268,4
i142272,2
i142274,9
i142280,2
i14229,15
i142294,11
i142295,14
i142296,34
i142297,7
i142298,15
i14230,15
i142303,1
i142305,8
i14231,32
i142314,11
i142319,25
i142320,11
i142323,8
i142325,2
i142337,28
i142342,7
i142345,20
i142348,33
i142349,36
i14235,16
i142356,3
i14236,8
i142360,12
i142363,1
i142364,9
i142365,9
i142367,3
i142372,1
i142382,64
i142383,14
i142385,97
i142393,1
i142394,36
i1424,36
i142401,54
i142402,1
i142407,11
i142411,8
i142412,4
i142414,18
i142416,2
i142419,2
i142426,10
i14243,41
i142434,8
i142438,7
i142443,18
i142446,4
i14245,27
i142453,1
i142457,34
i142461,2
i142462,1
i142466,1
i142470,44
i142471,1
i142478,4
i14248,10
i142484,19
i142485,14
i142492,12
i142499,4
i142501,6
i142507,1
i142508,4
i142514,18
i142515,3
i142534,2
i142538,10
i142539,54
i142545,16
i142559,3
i142560,11
i142561,13
i142564,10
i142572,3
i142576,4
i142578,9
i142583,9
i142590,6
i142595,6
i1426,18
i142622,5
i142623,3
i142633,10
i142635,3
i142636,2
i142640,1
i142642,10
i142647,9
i142648,15
i142652,2
i142665,7
i142673,4
i142676,13
i142677,29
i14268,24
i142680,7
i142682,28
i142684,1
i142688,16
i142689,12
i142694,10
i142695,32
i142698,11
i142699,13
i1427,9
i142700,4
i142701,7
i142703,26
i142707,19
i142709,64
i142711,2
i142713,63
i142714,14
i142718,1
i142720,4
i142725,2
i142735,63
i142742,80
i142743,41
i142747,16
i142748,67
i142749,19
i142750,95
i142751,10
i142752,1
i142756,8
i142757,5
i142760,4
i142763,16
i142764,4
i142777,1
i142778,22
i142781,31
i142784,3
i142785,61
i142791,1
i142794,28
i14280,29
i142801,3
i142803,43
i142806,4
i142807,8
i142809,21
i14281,34
i142811,71
i142812,24
i142813,38
i142814,3
i142816,2
i142820,83
i142822,12
i142829,25
i142849,7
i142853,30
i142866,4
i14287,30
i142879,2
i142883,14
i142888,64
i14289,5
i142890,3
i142898,16
i142902,31
i142906,6
i142909,18
i142911,18
i142912,46
i142914,25
i142919,33
i142920,7
i142926,19
i142927,7
i142934,35
i142937,7
i142938,1
i142941,29
i142947,23
i142949,30
i142950,9
i142952,8
i142954,4
i142960,3
i142962,2
i142965,9
i142967,1
i142968,3
i142974,9
i142975,35
i142976,4
i142978,1
i142984,19
i142988,1
i14299,10
i142990,1
i142995,2
i143,24
i1430,5
i143000,16
i143002,2
i143006,1
i143009,13
i143013,7
i143016,4
i143018,2
i14302,20
i143023,46
i143025,2
i14303,5
i143030,19
i143031,25
i143032,4
i143041,2
i143042,2
i143048,13
i143049,1
i143053,22
i143059,10
i14307,1
i143070,12
i143076,19
i143077,31
i143079,17
i143085,29
i143089,5
i143091,1
i143093,1
i143098,17
i1431,40
i143101,18
i143102,1
i143110,14
i143115,42
i143116,3
i143124,35
i143125,4
i143133,4
i143135,33
i143140,20
i143145,4
i143146,4
i143148,7
i143152,7
i143160,2
i143164,5
i143168,4
i143169,28
i143176,3
i14318,1
i143187,90
i143188,23
i143198,21
i143208,40
i143209,5
i14321,1
i143211,14
i143212,5
i143218,1
i14322,2
i143223,4
i143224,8
i143230,1
i143234,5
i143243,2
i143244,30
i143245,2
i143250,28
i143263,66
i143272,48
i143273,16
i143274,2
i143278,2
i14328,50
i14329,3
i143293,7
i143295,1
i143296,2
i1433,1
i14330,2
i143309,9
i143319,8
i14332,24
i143321,2
i143329,1
i143332,17
i143336,20
i143338,3
i143341,21
i143343,9
i14335,4
i143351,18
i143353,9
i143358,8
i14336,2
i143365,17
i143366,6
i143383,13
i143386,2
i143393,4
i143395,11
i143396,2
i14340,2
i143404,4
i143405,20
i14341,44
i143414,8
i143424,13
i143431,8
i143438,7
i143441,12
i143444,5
i143447,10
i143454,8
i143461,8
i143462,4
i143465,1
i14347,69
i143471,11
i143472,4
i143474,2
i143475,19
i14348,3
i143489,16
i143497,7
i143498,2
i14350,15
i143502,7
i143504,3
i143509,30
i14351,49
i143511,8
i143512,7
i143513,5
i143515,5
i143517,1
i14352,21
i143525,22
i143527,9
i143528,8
i143529,14
i143536,6
i143537,6
i143548,4
i143557,4
i143559,3
i14356,30
i143562,9
i143564,4
i143567,2
i143568,12
i14357,70
i143571,8
i143573,13
i143574,3
i143578,3
i143579,5
i143581,29
i143596,17
i143599,9
i143602,26
i143604,8
i143607,5
i143614,1
i143618,15
i14362,1
i143620,3
i143624,17
i143625,37
i143627,3
i143633,25
i143634,4
i143637,4
i14364,6
i143640,1
i143645,8
i143650,70
i143656,5
i143659,7
i143660,4
i143663,46
i143665,4
i143672,38
i143677,3
i143683,22
i143685,39
i143694,4
i143698,6
i14370,8
i143703,5
i143706,2
i143707,1
i143709,58
i14371,16
i143710,2
i143712,7
i143713,57
i143716,1
i14372,57
i143720,13
i143723,76
i143725,18
i143728,21
i143730,12
i143733,9
i143735,30
i143738,61
i143742,2
i143743,2
i143745,7
i143746,1
i143750,11
i143752,1
i143756,42
i143757,8
i143758,4
i14376,2
i143764,6
i143767,48
i143772,17
i143786,3
i143789,8
i143791,10
i143793,2
i143796,17
i143799,3
i14380,13
i143801,3
i143807,10
i143812,46
i143813,1
i143818,22
i143820,53
i143823,1
i143824,4
i143825,27
i143830,18
i143838,8
i143841,8
i143845,3
i143849,12
i143850,69
i143853,14
i143861,56
i143868,13
i143871,29
i143873,2
i143876,27
i143882,1
i143890,45
i143892,1
i143895,2
i143898,57
i143901,5
i143906,22
i14391,2
i143911,24
i143915,58
i143920,2
i143924,3
i143926,45
i143927,13
i143928,3
i143932,20
i143935,7
i143938,13
i143943,6
i143946,1
i143950,18
i143956,7
i143957,28
i143958,12
i143960,36
i143962,19
i143963,3
i143974,32
i143983,15
i143984,2
i143992,24
i143993,1
i143994,25
i143996,7
i143998,27
i144000,11
i144001,23
i144002,4
i144008,14
i144011,3
i144012,12
i144021,21
i144024,82
i144026,2
i144027,17
i14403,5
i144043,10
i144055,5
i144056,1
i144057,2
i144059,18
i144062,18
i144065,53
i144068,6
i144071,33
i144078,15
i144090,7
i144097,6
i1441,111
i144103,30
i144106,6
i144108,23
i144113,3
i144115,2
i144116,7
i144117,7
i144124,30
i144125,21
i144129,19
i144130,1
i144132,4
i144133,2
i144135,8
i144138,10
i144140,2
i14415,3
i144154,26
i144155,4
i144156,8
i144161,5
i144172,4
i144178,1
i144188,1
i144189,9
i144194,3
i144196,1
i14421,39
i144212,27
i144216,9
i144217,24
i144219,4
i14422,1
i144221,27
i144224,1
i144228,14
i144235,25
i144238,17
i144243,9
i144246,17
i14425,13
i144251,1
i144254,9
i144255,19
i144258,15
i144262,12
i144264,2
i144266,13
i144267,22
i144269,2
i144279,4
i14428,5
i144280,16
i144281,1
i144284,16
i144289,3
i144291,3
i144292,24
i144293,40
i144298,1
i14430,9
i144300,4
i144302,120
i144306,81
i144307,28
i144308,6
i144312,3
i144313,11
i144315,3
i144318,2
i14432,3
i144320,12
i144322,44
i144323,15
i144325,13
i144332,9
i14434,10
i144341,13
i144348,33
i144350,55
i144351,6
i144355,27
i144357,9
i14436,24
i144360,78
i144364,71
i144368,3
i14437,18
i144372,4
i144375,27
i144382,23
i144384,22
i144386,6
i144389,26
i144395,14
i1444,7
i144402,5
i144403,19
i144405,14
i144406,19
i144409,43
i144412,1
i144416,5
i144428,7
i14443,2
i144430,1
i144436,21
i144438,3
i144442,22
i144446,8
i144448,1
i144453,36
i14446,80
i144467,23
i144468,16
i14447,18
i144478,4
i144479,7
i14448,49
i144485,7
i144486,32
i144490,17
i144496,24
i144497,8
i144498,10
i144499,2
i144503,4
i144504,1
i144511,43
i144515,4
i144527,45
i144528,2
i144530,7
i144536,6
i144539,14
i144542,18
i144546,10
i144547,6
i144553,2
i144555,19
i144558,29
i144559,24
i144565,9
i144568,2
i144571,37
i144579,5
i14458,21
i144580,18
i144581,4
i144586,3
i144589,13
i144597,14
i144599,25
i144600,8
i144605,7
i144607,31
i144614,52
i144616,1
i144619,1
i144620,3
i144625,2
i144626,16
i144641,2
i144647,18
i144650,1
i144655,5
i144657,6
i144659,3
i144661,15
i144663,1
i144665,12
i14467,8
i144677,2
i144678,6
i144682,3
i144692,2
i144699,54
i144702,36
i144706,4
i144710,14
i144711,6
i144719,9
i144720,2
i144735,5
i144736,2
i144744,1
i144746,15
i144749,33
i144756,7
i144758,3
i144761,6
i144763,2
i144765,43
i144774,1
i14478,2
i144783,11
i144786,31
i144787,7
i144788,9
i144789,3
i144794,6
i144796,9
i144799,3
i144802,3
i144803,6
i144805,50
i144806,21
i144810,10
i144827,6
i14483,11
i144832,3
i14484,16
i144842,16
i144851,49
i144854,15
i144855,6
i144862,51
i144872,13
i144873,3
i144874,8
i144875,13
i144876,1
i144877,20
i144882,2
i144885,39
i144889,10
i144891,1
i144892,2
i1449,30
i144901,20
i144906,22
i144909,15
i144912,11
i144914,63
i144916,27
i144920,13
i144923,22
i14493,10
i144930,39
i144931,67
i144932,2
i144933,24
i144934,4
i14495,5
i144952,9
i144957,3
i144958,2
i144959,10
i14496,1
i144971,67
i144975,6
i144976,3
i144982,1
i144986,14
i144993,31
i144996,4
i144997,4
i145,4
i1450,1
i145004,3
i145006,5
i145008,3
i145010,11
i145012,3
i145013,18
i145015,6
i145016,3
i145026,3
i145029,20
i145031,1
i145032,6
i14504,5
i145042,13
i145043,14
i145046,1
i145049,1
i145053,3
i145056,1
i145060,3
i145063,6
i145073,3
i145077,5
i145078,9
i145082,15
i145083,13
i145086,46
i14509,18
i145097,4
i1451,46
i145102,1
i145107,2
i145109,12
i145122,15
i145125,1
i145129,8
i14513,1
i145130,18
i145134,5
i145145,5
i14515,42
i145151,10
i145159,4
i145162,4
i145165,13
i145166,12
i145168,1
i14517,29
i145173,21
i145178,1
i145186,8
i145199,13
i145200,16
i145208,2
i145209,1
i14521,70
i145220,4
i145221,2
i145222,43
i14523,38
i145231,3
i145234,3
i145237,16
i145240,1
i145250,12
i145257,3
i145262,5
i145263,1
i145265,10
i145270,4
i145273,5
i145279,4
i145284,3
i145286,30
i14530,10
i145314,4
i145316,13
i145322,20
i145325,10
i145328,2
i145332,7
i145337,5
i14534,27
i145341,2
i145354,1
i145362,1
i145370,16
i145372,1
i145374,6
i14538,1
i145381,7
i145382,10
i145390,10
i145391,1
i145397,3
i145398,11
i145407,4
i145412,2
i145414,7
i145417,4
i145419,12
i145423,1
i14543,25
i145439,1
i145441,29
i14545,13
i145453,6
i145456,14
i145459,14
i145467,7
i145469,1
i145470,1
i145475,5
i14549,23
i145492,8
i145493,9
i145494,1
i145495,1
i145498,29
i145499,2
i145501,5
i145503,11
i145509,13
i145515,3
i145516,2
i145519,7
i145523,1
i145526,14
i145530,54
i145535,23
i14554,4
i145543,43
i145547,27
i145554,30
i145556,1
i145557,63
i145558,14
i145559,1
i145561,3
i145565,14
i145569,1
i14557,1
i145570,20
i145571,14
i145579,2
i145587,54
i145589,11
i145591,9
i145592,18
i145597,2
i145598,18
i145599,2
i145602,51
i145603,22
i145604,58
i145605,9
i145606,9
i145608,18
i145614,47
i145617,21
i145618,5
i145619,9
i14562,21
i145620,31
i145621,1
i145624,59
i145625,10
i145632,4
i145634,6
i145648,67
i145650,29
i145651,30
i145659,2
i145661,3
i145663,12
i145665,42
i145666,34
i145672,24
i145675,35
i145679,14
i14568,47
i145681,41
i145689,3
i14569,34
i145693,25
i145695,5
i145696,18
i145704,5
i145712,25
i145715,44
i145718,4
i145719,8
i145725,11
i145727,16
i145729,1
i145736,9
i145737,14
i145738,12
i145744,44
i145749,31
i145751,5
i145754,13
i145755,11
i145761,5
i145762,9
i145770,4
i145776,6
i145778,4
i145779,2
i145780,49
i145784,6
i145786,34
i14579,10
i145799,7
i1458,42
i145800,6
i145801,3
i145802,10
i145803,37
i145805,6
i145806,35
i145809,9
i145810,49
i145813,20
i145815,9
i145816,62
i145817,2
i145819,4
i145820,6
i145821,42
i145823,6
i145825,8
i145831,1
i145834,4
i145837,3
i145838,1
i145841,1
i145845,12
i145846,3
i145848,7
i145850,1
i145851,11
i145853,29
i145862,15
i145864,1
i145865,15
i145866,1
i14587,1
i145875,64
i145880,2
i145887,38
i145892,8
i145895,6
i145896,1
i145897,11
i145899,3
i1459,24
i145908,1
i145909,9
i145911,8
i145913,18
i145915,6
i145919,54
i145924,4
i145925,1
i145926,21
i145932,14
i145933,4
i145934,8
i145935,15
i145936,12
i145937,1
i145939,6
i145941,1
i145942,3
i14595,8
i145954,14
i145956,9
i145957,19
i145959,2
i145962,4
i145964,15
i145966,2
i145968,4
i145977,1
i145978,2
i145979,1
i145984,1
i145985,2
i145987,4
i145988,6
i145994,2
i145996,1
i14600,14
i146000,2
i146003,1
i146007,71
i146024,11
i146029,9
i146035,31
i146037,5
i146038,12
i14604,18
i146040,29
i146041,74
i146042,14
i146046,17
i146048,34
i146054,9
i146058,3
i146059,20
i146061,5
i146062,2
i146075,2
i146080,3
i146081,18
i146084,14
i146088,90
i146089,55
i14609,1
i146091,3
i146096,6
i146100,47
i146106,1
i146107,17
i146108,3
i146111,4
i146114,1
i146121,2
i146123,25
i146125,24
i146128,9
i14613,2
i146130,3
i146135,19
i146139,1
i14614,1
i146140,9
i146149,2
i14615,26
i146151,9
i146152,2
i146155,44
i146156,11
i146157,2
i14616,19
i146161,7
i146162,7
i146166,11
i146167,4
i146171,3
i146174,8
i146176,8
i146181,4
i146183,27
i146184,36
i14619,39
i146194,4
i146196,40
i14620,3
i146202,5
i146205,48
i146209,27
i14621,3
i146215,24
i14622,15
i146223,8
i146226,25
i146230,42
i146231,6
i146233,10
i146240,30
i146243,36
i146247,15
i146249,65
i14625,1
i146256,19
i146257,25
i146259,2
i146265,2
i146267,8
i146268,17
i146270,7
i146277,22
i146279,1
i146281,21
i146282,6
i146286,6
i146297,4
i146298,16
i14630,2
i146302,3
i146304,21
i146310,24
i146315,87
i146318,1
i146320,30
i146321,51
i146323,39
i146324,52
i146327,13
i146329,1
i14633,24
i146331,38
i146332,8
i146334,2
i146339,42
i146341,5
i146342,23
i146344,14
i146346,9
i146352,1
i146354,5
i146357,37
i146367,14
i146371,1
i146383,8
i146387,9
i146389,28
i146391,4
i146392,34
i146394,1
i1464,9
i14641,56
i146420,1
i146423,38
i146424,5
i146426,10
i146428,23
i146433,1
i146439,16
i146451,2
i146452,3
i146453,15
i146456,2
i146468,12
i146469,15
i146471,11
i146479,4
i146483,10
i146489,5
i146497,9
i146502,2
i146503,1
i14651,3
i146510,1
i146512,1
i146515,4
i146516,15
i146523,3
i146526,2
i146529,1
i14653,35
i14654,2
i146540,41
i146544,5
i146546,15
i146547,5
i146548,3
i14655,38
i146558,10
i14656,37
i146562,1
i146564,3
i146568,5
i146569,2
i146574,8
i146579,19
i146584,7
i146588,19
i146590,63
i146595,22
i146599,4
i14660,25
i146602,10
i146603,15
i146604,44
i146615,28
i146616,12
i146618,19
i146624,16
i146625,1
i146631,19
i146632,5
i146634,11
i146635,17
i146636,8
i146638,3
i146642,1
i146649,5
i146652,40
i146653,35
i146658,1
i146660,27
i146662,9
i146668,12
i146678,29
i14668,14
i146683,2
i146688,7
i146689,6
i14669,88
i146697,56
i146698,2
i146699,6
i1467,25
i146700,9
i146705,60
i146711,17
i146714,27
i146719,2
i14672,6
i146722,3
i146724,7
i146725,22
i146727,2
i146728,3
i146730,9
i146733,1
i146734,12
i146737,3
i146738,5
i146739,4
i14674,11
i146741,33
i146742,8
i146747,1
i146752,13
i146755,6
i146761,1
i146766,1
i146767,1
i146768,10
i146769,2
i14677,19
i146771,24
i146776,25
i146777,16
i14678,1
i146784,23
i146786,2
i146788,1
i146790,1
i146799,10
i146801,22
i146802,7
i146804,2
i146805,17
i146814,2
i146817,6
i14682,21
i146820,3
i146821,2
i146822,3
i146828,1
i146831,8
i146837,24
i146844,3
i146851,2
i146856,13
i146861,3
i146866,3
i146870,2
i146874,5
i146875,14
i146880,29
i146895,16
i146898,23
i146902,11
i146908,7
i146919,15
i146927,3
i146928,8
i146934,27
i146936,5
i146940,6
i146946,1
i146947,6
i146952,7
i146953,23
i146957,8
i146963,15
i146969,14
i14697,12
i146972,11
i146973,2
i14698,21
i146980,5
i146986,13
i146988,1
i146989,6
i146996,2
i147006,7
i147013,4
i147028,9
i147030,9
i147034,28
i147036,2
i147039,1
i147046,33
i147050,22
i147053,2
i147057,7
i147058,1
i147064,15
i147066,48
i147067,13
i147073,4
i147076,3
i147077,3
i147078,9
i147079,7
i147080,2
i147087,3
i147093,10
i147094,19
i147096,10
i147097,9
i147098,4
i14710,19
i14711,28
i147113,2
i147114,1
i14712,36
i147123,31
i147129,10
i14713,1
i147130,7
i147134,15
i147135,63
i147140,3
i147146,12
i147149,29
i14715,15
i147150,34
i147151,3
i147152,1
i147155,11
i147161,27
i147162,5
i147165,1
i147167,8
i147170,48
i147171,4
i147172,4
i147178,4
i147183,5
i147189,9
i147190,9
i147192,7
i147195,3
i147197,9
i1472,15
i14720,22
i147209,3
i147211,5
i147219,5
i147221,1
i147228,2
i147232,3
i147238,11
i147243,21
i147245,5
i147248,10
i147251,3
i147258,3
i147259,1
i147265,3
i147266,2
i147268,12
i147271,29
i147273,1
i147275,9
i147276,2
i147280,9
i147281,1
i147287,1
i147289,4
i147291,13
i147292,11
i147295,12
i147297,2
i147301,2
i147302,12
i147303,12
i147311,2
i147313,13
i147319,3
i14732,10
i147323,2
i147326,4
i14733,48
i147337,4
i14735,6
i147352,3
i147370,3
i147379,10
i147380,2
i1474,44
i147402,42
i147406,23
i147408,23
i147409,24
i147414,43
i147415,5
i147419,49
i147428,57
i147430,9
i147433,27
i147435,4
i147437,10
i14744,5
i147440,10
i147442,7
i147446,18
i147453,6
i147454,3
i147462,7
i147466,23
i147467,14
i147468,9
i147473,28
i147474,26
i147477,4
i147478,29
i14748,14
i147480,16
i147481,19
i147491,3
i147492,4
i147493,2
i147494,8
i147497,10
i147498,7
i147503,2
i147510,27
i147511,6
i147512,9
i147521,6
i147528,20
i147529,10
i14753,42
i147532,11
i147533,26
i147535,38
i14754,5
i147542,4
i147545,15
i147546,6
i14755,1
i147551,14
i147556,6
i147557,5
i147558,4
i147559,6
i147561,24
i147566,18
i147574,52
i147577,17
i147582,12
i147586,2
i14759,12
i147591,13
i147599,1
i1476,27
i14760,22
i147600,1
i147602,6
i147607,6
i147614,2
i147617,87
i147618,8
i147619,20
i147623,1
i147627,56
i147628,9
i147629,7
i147631,1
i147636,21
i147637,28
i147643,31
i147648,8
i14765,17
i147652,9
i147655,34
i14766,27
i147665,1
i147671,21
i147674,3
i14768,3
i147680,2
i147688,13
i1477,13
i14770,6
i147706,6
i14771,4
i147716,4
i147718,3
i14772,62
i147732,64
i147735,74
i147747,1
i147748,6
i14775,7
i147754,6
i147763,11
i147766,28
i147767,3
i147779,38
i147780,11
i147794,73
i147803,1
i147808,2
i147814,39
i147815,1
i147816,5
i147818,11
i147821,19
i147822,1
i147823,15
i147828,12
i147830,35
i147837,11
i14784,3
i147840,17
i147846,4
i14785,4
i147864,40
i147868,1
i147873,25
i147875,37
i147876,15
i147878,7
i147879,12
i147882,7
i147884,17
i147885,4
i147886,18
i14789,2
i147891,11
i14790,4
i147905,6
i147911,4
i147919,11
i147921,8
i147924,4
i147928,6
i147931,11
i147933,1
i147934,3
i147935,2
i147938,54
i147939,5
i14794,21
i147944,10
i147949,14
i147950,1
i147951,7
i147953,1
i147954,1
i147955,3
i147966,22
i147968,25
i14797,1
i147970,17
i147973,15
i147975,25
i147977,4
i147979,2
i147985,7
i147987,7
i147990,5
i147996,2
i147999,46
i1480,8
i148000,1
i148002,5
i148004,1
i148005,1
i148006,10
i148008,15
i14801,67
i148013,2
i148015,1
i148020,3
i148026,1
i148027,23
i148030,1
i148034,2
i148035,2
i148039,1
i14804,22
i148042,5
i148046,13
i148048,10
i148051,1
i148053,3
i148057,1
i148059,11
i148064,7
i148067,14
i148068,10
i148071,47
i148075,2
i148077,1
i148079,3
i148080,7
i148083,4
i148089,6
i148092,3
i148094,25
i148098,12
i1481,11
i148104,1
i14811,24
i148114,1
i148123,2
i148124,6
i148125,2
i148132,25
i148142,2
i148148,2
i148155,4
i14816,44
i148162,19
i148165,38
i148167,8
i148168,6
i14817,2
i148176,3
i14818,1
i148180,23
i148181,11
i148189,2
i148196,6
i148197,13
i148198,3
i1482,6
i148204,34
i148211,4
i148214,2
i148215,6
i148216,5
i148217,13
i148218,63
i148219,2
i148225,5
i14824,7
i148241,15
i148245,16
i148252,8
i148253,7
i148255,9
i148265,4
i148266,13
i148271,9
i148272,6
i148273,4
i148277,1
i148278,11
i14828,4
i148296,24
i148299,7
i1483,13
i148305,2
i148309,3
i148321,6
i148325,44
i148328,37
i148334,5
i148342,9
i148345,22
i148348,32
i148349,1
i148352,9
i148353,2
i148377,1
i148379,40
i14838,2
i148383,2
i148385,40
i148390,17
i148393,1
i148402,18
i14841,2
i148410,29
i148413,3
i148418,16
i148422,39
i148426,1
i148429,28
i148436,1
i148441,19
i148443,7
i148444,3
i148448,5
i148449,1
i148455,13
i148456,3
i148457,6
i14846,42
i148463,2
i148466,9
i148467,17
i14847,26
i148471,28
i148484,2
i14849,40
i148495,7
i148499,4
i14850,8
i14851,35
i148512,9
i148514,1
i148517,5
i148518,51
i148519,5
i148525,1
i148527,16
i14853,91
i148531,2
i148532,40
i148534,2
i148536,20
i148542,2
i148547,1
i148550,15
i148558,14
i14856,8
i148560,15
i148566,17
i148568,2
i148570,16
i148571,10
i14858,16
i148583,16
i148586,2
i148591,17
i148597,5
i14860,19
i148608,20
i148610,29
i148613,2
i148615,4
i148627,7
i148632,1
i148635,1
i148637,21
i14864,56
i148647,6
i148648,7
i148652,9
i148654,1
i148659,14
i148661,4
i148662,28
i148666,46
i148670,23
i148674,3
i148677,5
i148678,7
i148679,38
i148683,4
i148696,36
i148697,10
i148700,19
i148701,1
i148702,7
i148713,16
i148719,1
i14873,2
i148731,25
i148734,12
i148738,9
i148740,3
i148745,9
i14875,24
i14876,5
i148764,7
i148765,5
i148769,11
i148775,12
i148776,1
i148778,2
i14878,34
i148781,26
i148784,1
i148786,1
i148787,1
i148794,4
i148796,31
i1488,22
i148801,9
i148805,1
i148809,2
i14881,42
i148810,25
i148818,2
i148822,7
i148826,15
i148827,12
i148835,24
i14884,4
i148841,2
i148847,2
i148852,4
i148853,9
i148859,6
i148878,11
i14888,1
i148881,10
i148882,14
i148893,7
i148897,9
i148900,1
i148901,1
i148902,2
i148904,13
i148915,2
i148916,39
i148917,6
i148918,2
i148921,16
i148926,21
i148931,2
i148932,7
i148934,2
i148939,3
i148940,9
i14895,79
i148950,11
i148955,1
i148959,8
i14896,8
i148962,4
i148968,2
i148969,15
i148974,11
i148977,37
i14898,8
i148982,6
i148985,15
i148989,16
i148992,7
i148995,14
i148998,3
i148999,18
i149,78
i149000,13
i149001,9
i149002,27
i149019,13
i14903,1
i149034,1
i149035,4
i14904,10
i149041,2
i149048,28
i14906,14
i149060,4
i149065,8
i149066,1
i149069,14
i149071,1
i149073,4
i14908,6
i149081,5
i149083,4
i149084,27
i149086,22
i149090,9
i149093,1
i149099,4
i1491,32
i149101,3
i149107,1
i149111,3
i149117,43
i149118,6
i149123,5
i149124,69
i149126,9
i149129,7
i149135,28
i149137,42
i149140,29
i149145,8
i149146,6
i149150,32
i149158,12
i149161,2
i149164,39
i149168,36
i149170,41
i149177,8
i149178,25
i149179,4
i14918,12
i149180,12
i149182,30
i14919,30
i149193,3
i149198,16
i149206,9
i149207,28
i149211,20
i149213,33
i149217,62
i149219,75
i14922,5
i149220,2
i149222,22
i149223,37
i149224,55
i149225,2
i149226,13
i149227,12
i149230,27
i149231,17
i149234,23
i149236,2
i149238,60
i149239,82
i149251,1
i149254,7
i149259,6
i149268,40
i149270,7
i149271,1
i149272,4
i149273,1
i149278,34
i149279,42
i149280,27
i149282,18
i149286,47
i1493,36
i149308,11
i149309,29
i149310,45
i149315,40
i149319,38
i14932,14
i149320,33
i149326,3
i149330,2
i149332,2
i149336,15
i149338,28
i14934,77
i149343,4
i149348,7
i149350,32
i149364,55
i149366,19
i149369,14
i14937,24
i14938,26
i149383,6
i149386,6
i149391,24
i149396,1
i149397,22
i14940,3
i149402,33
i149405,6
i149409,29
i149410,4
i149418,25
i14942,37
i149428,16
i149438,14
i14944,1
i149443,30
i149444,1
i149445,2
i149446,4
i149450,1
i149451,26
i149454,14
i149461,26
i149463,87
i149464,4
i149465,10
i149467,20
i149468,43
i14948,16
i149480,15
i149483,37
i149484,5
i149488,12
i14949,45
i149492,40
i149503,18
i149507,32
i149514,6
i149515,35
i149517,23
i14952,50
i149521,4
i149526,23
i149537,4
i149538,43
i14954,8
i149540,42
i149541,72
i149546,14
i149549,13
i14955,42
i149551,15
i149552,18
i149556,8
i149558,9
i149559,50
i14956,30
i149563,72
i149565,22
i149571,4
i149574,13
i149575,31
i149578,4
i149579,1
i14958,21
i149580,3
i149583,28
i149592,21
i149593,58
i149597,52
i149598,10
i149599,20
i1496,31
i149604,6
i149606,12
i149608,15
i149609,6
i149616,5
i149617,7
i149618,18
i149624,24
i149628,25
i149631,4
i14964,85
i149640,32
i149644,1
i149645,1
i149646,3
i149648,14
i149650,73
i149655,11
i149657,52
i149663,37
i149665,50
i14967,20
i149670,2
i149675,43
i149680,18
i149687,5
i149691,3
i149696,3
i149698,10
i149703,29
i149707,9
i14971,39
i14972,5
i149722,5
i149724,1
i149728,3
i149729,9
i14973,2
i149730,2
i149733,3
i149735,14
i149738,9
i149740,2
i149741,12
i149744,8
i149746,18
i149747,15
i149751,3
i149761,9
i149763,10
i149767,43
i14977,52
i149770,7
i149773,1
i149777,19
i149778,16
i149780,5
i149783,3
i149786,7
i149788,5
i149790,30
i149799,6
i14980,8
i149800,18
i149804,25
i149807,44
i149814,24
i149815,16
i149819,38
i14982,52
i149820,3
i149822,21
i149838,17
i149839,2
i14984,17
i149844,8
i149847,25
i149854,3
i149855,49
i149856,6
i14986,3
i149862,1
i149867,12
i149868,7
i149869,11
i149871,3
i149872,15
i149879,3
i149881,4
i149889,20
i149903,10
i149904,1
i149908,18
i149909,7
i149915,26
i14992,4
i149923,33
i149925,10
i14993,8
i149931,49
i149933,22
i149934,39
i149935,12
i149936,1
i149937,12
i149941,20
i149943,8
i149945,35
i149946,24
i149954,5
i149959,43
i14997,30
i149973,2
i149974,14
i149977,24
i149978,4
i149982,30
i149983,38
i149985,38
i149987,11
i149990,13
i149997,18
i150,27
i15000,56
i150003,44
i150013,1
i150015,2
i150017,4
i150021,3
i150022,5
i150026,9
i150027,16
i150034,4
i150035,4
i150039,13
i150041,30
i150042,9
i150043,67
i150051,50
i150055,27
i150056,20
i150058,53
i15006,11
i150060,24
i150065,10
i15007,1
i150072,4
i150073,5
i150076,11
i150079,4
i150086,24
i150087,24
i150089,77
i150095,6
i150098,4
i150099,18
i150102,14
i150103,23
i150105,10
i150106,1
i150107,41
i15011,71
i150114,16
i15012,4
i150121,12
i150122,6
i150129,5
i15013,12
i150136,1
i150146,7
i150150,16
i150151,3
i150155,20
i150158,15
i150162,3
i150165,24
i150180,14
i150190,6
i150193,2
i150194,14
i150198,4
i150215,3
i150220,2
i150225,34
i150226,3
i150227,12
i150228,1
i150232,13
i150233,7
i150235,19
i150246,7
i150249,4
i150251,1
i150257,19
i150261,90
i150262,2
i150264,15
i150266,7
i150268,3
i150273,14
i150274,2
i150281,2
i150285,1
i150290,24
i150292,1
i150298,36
i1503,1
i15030,7
i150303,13
i150305,38
i150307,27
i150313,8
i150317,4
i150319,21
i150322,41
i150324,11
i15033,37
i150334,3
i150337,4
i150338,11
i15034,6
i150343,2
i150345,2
i150348,17
i150349,2
i150350,45
i150351,48
i150364,13
i150367,2
i150368,1
i150369,10
i150375,9
i15038,2
i150382,24
i150387,18
i150390,2
i150393,22
i150396,13
i150401,1
i150407,25
i150409,1
i15041,19
i150411,19
i150419,2
i150422,2
i150429,2
i15043,43
i150431,7
i150437,8
i150443,10
i150445,30
i150447,22
i150448,20
i15045,7
i150453,12
i150458,34
i150459,16
i150462,22
i150478,6
i15048,1
i150487,21
i150488,2
i15049,8
i150490,5
i150493,24
i150496,2
i150499,2
i1505,41
i150504,50
i150506,30
i150509,16
i150510,2
i150511,13
i150513,4
i15052,50
i150523,12
i150524,16
i150527,30
i150529,38
i15053,23
i150530,12
i150533,3
i150541,12
i150543,11
i150548,8
i150550,38
i150558,41
i150559,9
i15056,53
i150564,2
i150565,34
i150568,14
i150571,1
i150573,23
i150574,9
i150581,3
i150583,1
i150586,3
i150588,7
i150594,13
i150595,3
i150606,19
i150607,3
i150609,4
i150613,5
i150614,11
i15062,45
i150627,25
i150632,1
i150634,1
i150637,7
i150638,4
i15064,2
i150643,2
i150644,6
i150651,1
i150654,4
i150657,16
i150659,3
i15066,12
i150661,2
i150664,2
i150669,2
i150670,34
i150674,34
i150679,10
i150680,10
i150682,33
i150686,18
i150692,2
i150694,15
i150695,51
i150705,17
i150706,21
i150711,2
i150715,3
i150719,12
i150726,11
i150732,8
i150746,1
i150748,18
i150760,1
i150762,20
i150766,1
i150774,8
i150786,26
i150787,8
i150793,24
i150803,11
i150806,10
i150809,5
i150811,19
i150812,1
i150815,27
i150817,2
i15082,4
i150820,1
i150827,2
i150831,4
i150837,9
i150843,2
i150846,2
i150849,27
i150859,12
i15086,14
i15087,6
i150871,11
i150874,6
i150876,1
i150877,16
i150879,7
i150881,20
i150883,1
i150888,1
i150890,2
i150901,14
i150902,3
i150906,5
i150907,7
i150910,3
i150915,4
i150917,5
i150922,4
i150926,11
i15093,30
i150931,6
i150938,30
i150941,3
i150944,9
i150950,2
i150955,3
i15096,13
i150961,2
i150962,1
i150963,1
i150964,3
i150967,5
i15097,45
i150975,4
i150979,12
i15098,10
i150980,9
i150981,2
i150985,7
i150996,2
i150999,24
i151001,15
i151002,7
i151003,3
i151004,10
i151006,21
i151008,4
i151009,2
i151014,1
i151016,10
i151017,4
i151027,4
i151035,4
i151037,37
i151040,2
i151041,22
i151042,5
i151046,10
i151048,4
i15105,46
i151052,17
i151053,16
i15106,15
i151063,5
i151067,16
i151069,33
i151070,16
i151088,6
i151092,13
i151095,10
i15110,13
i15111,81
i151111,35
i151112,6
i151114,13
i151115,1
i151119,3
i151123,1
i151138,6
i151141,11
i15115,1
i151154,25
i151155,27
i151156,4
i151161,7
i15117,76
i151179,4
i15118,11
i151181,21
i151182,10
i151183,40
i151185,11
i151187,7
i15119,32
i151191,43
i151198,13
i151202,8
i151208,2
i151217,22
i151219,15
i15122,12
i151221,9
i151226,1
i151236,1
i151242,20
i151246,29
i151247,27
i151248,17
i151249,4
i151252,18
i151254,14
i151255,6
i151258,30
i151268,2
i151270,10
i151272,4
i151277,44
i151281,2
i151285,14
i151286,12
i151295,55
i151296,3
i1513,20
i151300,2
i151302,14
i151304,16
i151307,4
i151314,41
i151322,8
i151324,82
i151333,40
i151335,61
i151337,18
i151341,21
i151342,18
i151343,14
i151345,40
i151348,21
i151349,38
i15135,10
i151351,47
i151353,2
i151354,1
i151355,6
i151359,17
i151366,6
i151368,1
i151369,1
i151370,12
i151378,12
i151382,16
i151384,8
i151388,3
i151389,21
i151391,2
i151403,2
i151411,54
i15142,10
i151424,10
i15143,2
i151430,18
i151442,32
i151443,6
i151444,1
i151449,5
i151450,6
i151459,33
i151462,1
i151463,13
i151469,32
i15148,22
i151484,2
i151485,8
i151488,4
i151496,3
i151497,24
i151499,2
i151500,1
i151507,10
i151510,5
i151512,20
i151514,12
i151515,7
i151517,12
i151519,4
i151523,15
i151526,1
i151529,2
i15153,74
i151530,3
i151533,21
i151534,3
i151536,25
i151538,6
i151539,2
i151547,10
i151551,8
i151552,9
i151554,5
i151567,10
i151569,3
i151570,1
i151573,12
i151574,83
i151576,51
i151577,38
i15158,12
i151581,3
i151585,28
i151589,3
i151591,26
i151594,44
i151599,7
i151602,36
i151604,26
i151614,19
i151621,10
i151622,12
i151623,5
i151627,2
i151633,16
i151636,23
i151637,23
i151639,30
i151641,1
i151645,1
i15165,20
i151653,29
i151659,2
i151666,19
i151672,30
i151673,47
i151674,27
i151675,3
i151678,2
i151679,2
i151685,7
i151688,32
i151691,1
i151702,12
i151708,14
i151712,7
i151716,33
i151717,7
i151721,32
i151734,2
i151735,1
i151736,13
i151738,15
i151743,7
i151745,16
i151773,19
i151775,20
i151776,26
i151777,1
i151779,1
i151783,2
i151784,2
i151789,21
i151795,2
i151799,58
i1518,7
i15180,8
i15181,28
i151812,12
i151816,3
i15182,1
i151823,3
i151825,7
i151826,6
i151828,25
i151831,7
i151832,7
i151836,27
i151842,6
i151849,1
i15185,67
i151859,4
i15186,3
i151861,14
i151862,7
i151870,20
i151873,21
i15188,29
i151880,1
i151882,6
i151888,16
i151892,3
i151893,1
i151897,50
i151901,6
i151904,8
i151906,11
i151908,4
i151913,12
i151920,4
i151921,13
i151926,6
i151927,3
i151928,6
i151929,34
i15193,1
i151932,1
i151937,7
i15194,13
i151940,2
i151947,9
i151954,5
i151958,2
i151964,10
i151970,1
i151974,3
i151978,7
i15198,8
i151985,15
i151986,9
i151988,1
i151989,18
i151993,2
i151995,3
i151997,9
i151998,10
i152001,3
i152008,4
i152010,2
i152020,23
i152032,6
i152033,34
i152036,4
i152037,2
i152046,6
i15205,2
i152050,3
i152051,1
i152054,7
i152056,9
i152067,11
i152070,3
i152071,3
i152072,20
i152075,37
i152079,7
i152080,1
i152081,4
i152100,5
i152103,2
i152104,2
i152105,1
i152111,11
i152119,9
i15212,30
i152129,10
i152132,8
i15214,42
i152143,4
i152144,14
i152145,12
i152146,19
i152157,21
i152162,8
i152176,6
i152178,17
i152190,3
i152192,6
i152195,4
i15220,19
i152202,27
i152208,16
i152213,17
i152218,57
i15222,22
i152221,37
i152222,28
i152228,46
i152231,16
i152233,4
i152235,13
i152239,8
i152245,1
i152251,9
i152252,6
i152261,1
i152262,3
i152265,7
i152266,10
i152267,33
i152272,4
i152273,40
i152278,34
i152280,4
i152282,7
i152285,1
i152286,16
i152287,2
i152289,1
i15229,22
i152290,7
i152295,8
i152297,4
i152308,2
i152312,9
i152314,6
i152316,13
i152328,21
i152330,2
i152333,30
i152338,8
i15234,31
i152343,3
i152345,12
i152347,26
i152349,4
i152357,4
i152359,3
i152364,36
i15237,8
i152371,1
i152373,6
i152378,26
i152382,12
i152386,1
i152387,25
i152389,2
i152393,1
i152401,17
i152402,8
i15241,60
i152410,11
i152412,18
i152416,26
i152419,10
i15242,44
i152433,16
i152437,8
i152444,1
i152449,7
i152456,3
i152462,2
i152472,8
i152474,2
i152475,10
i15248,4
i152483,10
i152484,1
i15249,14
i152490,5
i152491,9
i152495,1
i152499,6
i1525,6
i152503,43
i15251,14
i152512,12
i152518,21
i152520,1
i152521,3
i152523,3
i152526,22
i152529,1
i152533,1
i152536,1
i15254,24
i152545,2
i152549,13
i152551,1
i152553,2
i152556,25
i152558,7
i152575,3
i152578,11
i152585,3
i152586,9
i152588,2
i152597,20
i152598,2
i15260,12
i152600,4
i152612,21
i152613,13
i152621,8
i152629,5
i15263,15
i152631,6
i152636,1
i152637,12
i152642,23
i152645,7
i15265,2
i152655,6
i152659,30
i152664,1
i152667,3
i15267,20
i152670,31
i152674,27
i152676,16
i152678,2
i15268,1
i152683,11
i152685,4
i152687,1
i152688,9
i152692,1
i152694,10
i152699,19
i152700,11
i152702,7
i152707,17
i152710,9
i152714,8
i152716,2
i152719,4
i152724,3
i152725,12
i152728,11
i15273,1
i152730,11
i152733,1
i152754,5
i152758,9
i152763,1
i152771,13
i152772,29
i152776,16
i152783,1
i152785,7
i152787,1
i152795,14
i152798,3
i152799,5
i1528,1
i152804,5
i152806,2
i152812,2
i152814,17
i152815,28
i152816,1
i152819,7
i152821,2
i152824,10
i152831,2
i152835,15
i152836,30
i152841,2
i152843,6
i152847,3
i152852,17
i152853,9
i152861,2
i152866,7
i152869,6
i152883,3
i152885,1
i152887,9
i152888,5
i152889,7
i152898,6
i1529,11
i152916,3
i152917,5
i15292,25
i152923,5
i152933,5
i152934,2
i152936,9
i152949,7
i152950,13
i152951,8
i152953,64
i152957,4
i152959,4
i15296,32
i152963,4
i152965,2
i152966,22
i152968,9
i15297,50
i152972,32
i152973,3
i152975,73
i152978,18
i152980,16
i152983,30
i152988,12
i152989,69
i152993,27
i152996,2
i153001,14
i153004,37
i153015,4
i15302,3
i153020,45
i153032,1
i153033,8
i153034,22
i153035,28
i153039,3
i153044,14
i153045,18
i153049,13
i15305,35
i153051,5
i153057,5
i153058,4
i15306,7
i153061,59
i153062,10
i15307,35
i153076,17
i153082,67
i153090,15
i153092,6
i1531,14
i153100,6
i153113,11
i153114,2
i153116,3
i153118,6
i153119,17
i15312,21
i153127,34
i153128,1
i153129,43
i153130,2
i153136,1
i153145,48
i15315,2
i153151,45
i153153,2
i153162,3
i153164,1
i153165,7
i15317,8
i153173,1
i153174,38
i153176,2
i153192,17
i153196,6
i153202,32
i153204,47
i153207,11
i15322,18
i153220,2
i153235,8
i153236,2
i153237,5
i153239,12
i15324,2
i153240,15
i153242,50
i153246,3
i153248,36
i153249,16
i153251,12
i153254,21
i153262,45
i153265,55
i153268,2
i153269,12
i153270,14
i153276,2
i153279,41
i15328,35
i153288,10
i153292,47
i153297,1
i1533,11
i15330,12
i153300,31
i153301,16
i153302,9
i153305,25
i15331,2
i153313,10
i153318,20
i153322,19
i153323,1
i15334,93
i153343,46
i153348,19
i153355,67
i153356,14
i153361,1
i153366,34
i153372,15
i153373,2
i153374,19
i153376,25
i153383,2
i153389,1
i15339,18
i153394,21
i15340,3
i153402,7
i153403,11
i153407,17
i153408,22
i153413,10
i15342,5
i153421,15
i153425,51
i153427,14
i153428,1
i153439,11
i153442,8
i153443,85
i153451,2
i153452,3
i153453,27
i153457,17
i15346,74
i153460,2
i153463,33
i153468,7
i153475,24
i153476,30
i15348,9
i153489,2
i153493,2
i153495,18
i153496,1
i153500,7
i153502,2
i153517,25
i153519,34
i153522,2
i153523,13
i15353,9
i153532,9
i153534,16
i153543,81
i153545,8
i153551,45
i153552,5
i15356,29
i153560,16
i153575,8
i153578,11
i153582,6
i153585,28
i153592,26
i153593,20
i153594,4
i153595,1
i153601,1
i153606,4
i153607,14
i153608,12
i153610,22
i153611,38
i153619,29
i153623,4
i153624,10
i153633,9
i153636,1
i153639,30
i153641,16
i153642,3
i153645,23
i153648,5
i15365,4
i153656,23
i153662,1
i153663,19
i153666,20
i153668,4
i153670,3
i153679,68
i15368,78
i153681,3
i153687,19
i153688,7
i15369,96
i153703,5
i153704,30
i153707,3
i153708,5
i153710,11
i153711,4
i153716,9
i153717,21
i153718,26
i15372,79
i153720,1
i153726,24
i15373,5
i153730,1
i153731,3
i153732,32
i153738,2
i153739,37
i153741,6
i15375,10
i153756,34
i153758,7
i153764,2
i153767,1
i153768,5
i153772,6
i153774,11
i15378,32
i153781,65
i153783,4
i153785,19
i153787,5
i15379,18
i153791,22
i153797,13
i153799,34
i153803,1
i153804,15
i153805,2
i153814,3
i153815,13
i153817,13
i153818,4
i153820,9
i153826,3
i153828,6
i153831,1
i153833,9
i153836,9
i153837,28
i153843,8
i153850,8
i153854,2
i153855,4
i153856,36
i153859,22
i153869,5
i153875,21
i153876,1
i153878,3
i15388,4
i153884,39
i153887,4
i15389,7
i153890,2
i153896,79
i153899,13
i1539,21
i153909,1
i15391,67
i153910,1
i153911,32
i153913,3
i153917,9
i153918,64
i153924,1
i153926,9
i153929,22
i15393,5
i153933,3
i153935,2
i153938,16
i153939,2
i153940,18
i153943,18
i153950,6
i153954,10
i153957,13
i15396,1
i153960,3
i153964,1
i153971,1
i153975,3
i15398,4
i153981,3
i153982,4
i153983,32
i153991,33
i153993,11
i153996,4
i154,30
i15400,60
i154004,1
i154005,25
i154013,32
i154014,10
i15402,1
i154021,67
i154023,14
i154027,1
i15404,5
i154040,1
i154046,1
i154047,7
i154048,4
i15405,55
i154057,34
i154058,88
i154062,2
i154065,28
i154069,41
i154072,2
i154074,1
i154075,26
i154077,2
i154078,3
i154094,33
i154095,15
i154104,19
i154110,24
i154117,27
i154120,27
i154126,12
i154128,8
i154129,17
i154131,9
i154134,16
i154135,2
i154138,30
i15415,1
i154151,1
i154155,1
i154162,7
i154165,7
i154166,14
i154167,2
i154171,9
i154172,11
i154173,64
i154176,28
i154179,9
i154180,11
i154181,4
i154182,31
i154183,3
i154184,23
i154186,7
i15419,1
i154192,17
i154196,11
i154197,17
i154198,4
i154202,24
i154203,10
i154205,35
i154206,1
i154210,1
i154215,10
i154224,4
i154226,16
i154228,4
i15423,71
i154230,1
i154234,38
i154237,2
i154238,65
i154240,1
i154242,3
i154248,10
i154249,10
i154250,12
i154252,1
i154253,2
i154257,7
i154258,44
i154269,26
i154271,8
i154273,7
i154274,4
i154275,1
i154277,1
i154284,1
i154289,30
i15429,39
i154298,3
i1543,18
i154301,6
i154304,72
i154306,15
i15431,17
i154314,3
i154316,4
i154318,8
i154320,10
i154324,5
i154325,22
i154327,25
i15433,75
i154331,6
i154336,23
i154341,5
i154346,14
i15435,9
i154352,9
i154354,3
i154357,4
i154358,14
i154363,13
i154367,10
i154385,34
i154388,14
i15439,11
i154390,6
i154395,17
i154397,3
i154406,5
i154410,3
i154411,42
i154416,1
i15442,13
i154424,1
i154427,5
i154432,2
i154436,2
i154437,1
i154438,2
i15444,37
i154442,10
i154453,1
i154457,1
i154458,1
i154465,9
i154466,9
i154474,3
i154478,1
i154479,1
i15448,2
i154482,2
i154484,8
i154485,13
i154492,5
i154498,16
i15450,8
i154501,3
i154504,4
i154507,17
i154509,29
i154512,9
i15452,19
i154520,3
i154522,6
i154523,45
i154532,28
i154534,6
i154536,23
i154538,10
i15454,18
i154541,9
i15455,71
i154551,1
i154552,21
i154555,8
i154558,3
i154562,3
i154563,7
i154577,3
i154578,1
i15458,15
i154582,22
i154584,11
i154587,26
i154589,4
i1546,40
i154602,18
i154606,2
i154607,9
i154609,30
i154614,2
i154619,7
i154629,1
i15463,2
i154642,6
i154645,11
i154652,1
i154655,11
i154659,1
i154666,17
i154667,17
i15467,5
i154671,3
i154672,6
i154677,11
i154678,3
i154679,11
i154684,4
i154700,1
i154701,26
i154703,3
i154704,7
i154707,1
i154712,1
i154713,5
i154714,1
i154716,14
i154717,5
i154722,18
i154731,1
i154733,26
i154735,9
i154738,6
i15474,16
i154745,3
i15475,15
i154756,5
i154757,17
i154759,4
i154760,23
i154762,35
i154770,6
i154779,1
i154784,2
i154788,6
i154789,5
i15479,35
i154793,7
i154795,4
i154799,33
i1548,26
i154806,4
i154807,4
i154808,2
i154810,8
i154816,2
i154818,3
i154822,3
i154823,1
i154825,4
i154835,3
i154836,6
i154838,2
i154848,1
i154851,6
i154859,7
i15486,5
i154876,8
i154877,57
i15488,23
i154880,10
i154882,16
i154885,3
i154886,17
i154888,5
i15489,7
i154890,29
i154893,7
i154895,6
i154901,4
i154902,2
i154908,6
i154909,6
i154912,4
i154917,53
i154922,11
i154929,9
i154930,2
i154932,1
i154937,6
i154939,13
i154942,19
i154947,9
i154948,20
i15495,1
i154955,4
i154957,5
i154959,19
i154964,9
i154968,26
i15497,7
i154977,26
i15498,1
i154981,2
i154982,49
i154989,7
i154995,43
i154997,13
i154998,4
i154999,21
i155002,29
i155004,21
i155008,29
i15501,24
i155011,18
i155018,28
i155019,27
i155020,41
i155023,27
i155026,25
i155030,15
i155031,20
i155042,41
i155043,20
i155054,5
i155062,8
i155064,4
i155066,21
i15507,29
i155075,5
i155078,18
i15508,39
i155080,5
i155081,31
i155083,24
i155084,13
i155086,25
i155089,3
i155092,48
i155097,11
i155098,7
i155100,19
i155102,25
i155106,4
i155111,10
i155117,11
i155122,9
i155124,7
i155126,1
i155127,2
i155128,18
i155129,1
i155130,5
i155132,22
i155138,3
i155142,16
i155143,13
i155144,17
i155145,1
i155149,7
i155154,4
i155155,6
i15516,6
i155161,2
i155167,6
i155168,14
i155171,42
i155172,1
i155173,3
i155175,3
i155180,2
i155183,2
i155187,4
i155199,4
i155202,32
i155203,13
i155204,4
i155205,11
i155206,6
i155207,38
i155208,36
i155212,22
i155213,37
i155215,32
i155218,52
i155219,22
i155220,4
i155224,5
i155226,3
i155230,2
i155232,13
i155234,1
i155237,4
i155241,22
i155248,25
i155251,14
i15526,3
i155263,51
i155270,2
i155274,5
i155283,5
i155286,9
i155290,29
i155291,18
i155296,8
i155298,1
i15530,47
i155307,12
i155309,10
i15531,42
i155310,1
i155311,21
i155319,11
i155323,3
i155324,5
i155325,4
i155328,5
i155329,4
i155331,15
i155334,17
i155335,20
i155336,5
i15534,3
i155358,6
i155363,19
i155372,3
i155374,2
i155383,20
i155387,7
i155392,10
i155393,6
i155395,7
i155399,12
i155406,12
i155416,20
i155423,45
i15543,1
i155430,22
i155434,4
i155435,11
i15544,7
i155444,1
i155446,19
i155447,18
i155448,22
i155449,1
i155453,11
i155455,1
i155460,4
i155463,2
i155468,16
i155469,3
i155473,2
i155476,1
i155479,17
i155481,29
i155482,15
i155483,3
i155489,12
i155490,56
i155491,27
i155494,11
i155499,9
i155510,9
i155515,27
i155518,1
i155519,10
i15552,19
i155521,1
i155522,4
i155525,9
i155531,27
i155532,1
i155537,3
i155540,7
i155542,3
i155552,4
i155556,4
i155561,13
i155564,11
i155568,1
i155570,5
i155580,8
i155582,19
i155584,5
i155586,29
i155587,1
i155589,1
i155591,11
i155593,3
i155597,7
i1556,2
i155614,1
i155615,4
i155620,2
i155622,24
i155623,10
i155629,9
i155635,18
i155646,24
i15565,3
i155651,2
i155654,14
i155659,2
i155664,3
i155671,7
i155678,1
i155679,6
i155682,4
i155687,2
i155690,2
i155693,6
i155697,40
i155704,2
i15571,3
i155713,3
i155714,1
i155716,4
i155722,1
i155723,1
i155729,1
i15573,10
i155731,3
i155734,23
i155736,2
i155740,18
i155749,2
i155750,9
i155755,9
i155765,1
i155778,15
i155781,9
i155784,11
i155786,16
i155789,10
i155792,2
i155793,1
i155799,10
i155800,13
i155804,15
i155807,19
i155812,65
i155814,1
i155823,2
i155824,60
i155826,19
i155829,1
i155830,15
i155832,23
i155834,23
i155835,2
i155836,29
i15584,60
i155840,21
i155848,1
i155854,25
i155857,7
i155858,8
i155861,22
i155865,4
i155871,1
i155874,8
i155877,74
i155880,5
i155884,2
i155885,1
i155893,12
i155897,4
i155898,1
i155899,21
i15590,7
i155907,4
i155909,10
i15591,8
i155912,4
i155915,3
i155918,1
i155922,6
i155925,1
i155931,50
i155932,22
i155935,2
i155936,16
i155939,3
i15594,8
i155941,1
i155942,6
i155949,12
i155956,36
i155957,9
i155966,23
i155968,1
i155969,5
i155971,3
i155974,64
i155975,23
i155976,13
i155977,41
i15598,16
i155993,3
i155997,1
i155998,5
i156002,1
i156003,2
i156004,4
i156005,1
i15601,2
i156010,10
i156011,9
i156014,6
i156015,4
i156024,15
i156025,29
i156028,17
i156030,17
i156038,7
i156039,2
i156042,3
i156044,10
i156046,5
i156049,13
i15605,22
i156050,7
i156051,20
i156056,4
i156069,31
i156081,9
i156082,6
i156084,9
i156087,1
i15609,121
i156091,9
i156093,6
i156096,4
i156108,4
i156110,8
i156112,2
i156113,4
i156129,10
i156131,27
i156135,25
i156139,14
i15614,3
i156144,4
i156147,12
i15615,4
i156150,26
i15616,2
i156162,20
i156163,1
i156169,14
i156170,2
i156172,2
i156173,8
i156178,2
i156180,34
i156182,9
i156187,2
i156192,3
i156193,1
i156198,2
i156200,13
i156201,10
i15621,7
i156211,6
i156216,3
i156217,3
i156231,12
i156245,8
i156249,7
i156256,13
i156258,4
i156266,2
i156270,2
i156273,1
i156274,14
i156281,1
i156282,10
i156284,26
i156286,5
i156287,14
i156288,28
i156289,4
i156291,5
i156292,13
i156300,10
i156301,10
i156317,1
i156322,4
i156323,3
i156331,38
i156337,4
i15634,9
i156341,3
i156343,12
i156349,14
i156350,1
i156351,26
i156352,14
i156353,6
i156361,3
i156365,2
i156370,8
i156376,10
i156377,4
i156379,16
i15639,30
i156392,5
i156399,8
i156406,31
i156407,5
i15641,2
i156417,11
i15642,3
i156424,9
i156431,4
i156432,16
i156433,10
i156437,4
i156449,11
i156456,6
i156457,34
i156462,18
i156473,16
i156474,6
i15648,71
i156480,30
i156481,6
i156483,5
i156485,15
i156486,8
i156487,9
i15649,35
i156490,7
i156494,9
i1565,1
i156501,1
i156506,5
i156511,12
i156516,1
i156519,4
i156529,4
i156531,3
i156533,10
i156539,14
i156541,8
i156544,11
i156555,12
i15656,5
i156564,11
i156566,27
i156567,6
i156570,3
i156574,6
i156578,6
i156579,28
i15658,1
i156583,16
i156586,11
i156588,14
i156594,12
i156595,5
i1566,3
i156601,18
i156602,16
i156604,1
i15661,50
i156612,11
i156614,20
i156615,3
i15662,29
i156629,14
i156630,53
i156636,3
i156646,20
i156652,11
i156655,5
i156657,30
i156661,70
i156663,3
i156664,27
i156665,1
i156677,8
i15668,9
i156680,3
i156681,3
i156685,24
i156692,26
i156696,1
i156698,5
i156700,2
i156702,12
i156703,9
i156705,47
i156710,14
i156715,1
i156717,58
i156718,23
i156719,1
i156720,2
i156724,14
i156726,32
i156727,7
i156728,5
i156732,7
i156733,21
i156736,1
i156738,3
i15674,8
i156740,37
i156742,2
i156745,5
i156755,3
i156756,17
i156757,26
i156760,9
i156766,29
i156767,3
i156768,6
i156769,5
i156770,65
i156771,5
i156773,3
i156780,4
i156785,4
i156788,1
i156792,28
i156799,19
i1568,4
i15680,4
i15681,5
i156810,53
i156811,18
i15682,3
i156822,13
i156827,31
i156829,40
i15683,26
i156830,20
i156835,13
i156836,73
i156837,2
i156840,3
i156843,1
i156844,13
i156847,14
i156854,2
i156858,13
i156868,2
i156873,28
i156878,6
i15688,5
i156885,13
i156887,23
i156891,14
i156899,27
i15690,7
i156907,19
i156910,2
i156911,4
i156913,35
i156927,2
i15693,11
i156930,16
i156932,1
i156943,21
i156945,28
i15695,5
i156951,10
i156952,13
i156956,52
i156959,6
i156961,6
i156962,44
i156964,22
i156977,15
i156982,20
i156983,18
i156984,10
i156987,24
i156988,8
i156992,2
i157,58
i157000,36
i157001,42
i157004,3
i157007,12
i157011,31
i157013,13
i157019,11
i157024,11
i157029,6
i15703,49
i157030,12
i157032,49
i157044,20
i157049,43
i157052,41
i157056,3
i157059,7
i157063,16
i157064,2
i157065,2
i157067,3
i157069,11
i157070,1
i157085,3
i15709,1
i157092,38
i157103,1
i157106,6
i157107,7
i15711,26
i157111,2
i157113,3
i157117,4
i157120,2
i157124,14
i157126,11
i157140,86
i157141,7
i157154,17
i157158,7
i157159,10
i157160,5
i15717,1
i157179,2
i15718,4
i157184,6
i157186,5
i157192,10
i157194,15
i157195,2
i1572,24
i157213,34
i157214,8
i157215,1
i157216,5
i157219,1
i157221,1
i157224,2
i157230,1
i157234,3
i15724,16
i157245,23
i15725,66
i157251,38
i157254,10
i157257,34
i157259,57
i157261,11
i157266,15
i157267,81
i157272,2
i157281,7
i157283,39
i157285,10
i157286,19
i157289,32
i157294,1
i157298,20
i157301,1
i157307,2
i157310,12
i157313,5
i157314,2
i157318,3
i157332,4
i157333,29
i157338,5
i157348,2
i157349,1
i15735,16
i157350,1
i157352,11
i157354,8
i157355,6
i157356,1
i157357,10
i15736,53
i157361,5
i157363,14
i157370,20
i157371,15
i157372,1
i157376,2
i15738,6
i157381,38
i157383,15
i157385,5
i157388,13
i15739,11
i157394,9
i157398,27
i157399,10
i157401,4
i157402,2
i157406,6
i157407,26
i157409,5
i157412,7
i15742,1
i157421,11
i157422,3
i157423,7
i157425,9
i157433,47
i157439,29
i157440,4
i157447,1
i157456,13
i157457,1
i157459,13
i157462,5
i157467,21
i157469,35
i157471,11
i157479,32
i15748,2
i157480,23
i157481,3
i157483,1
i157486,7
i157488,2
i157491,3
i157492,3
i157494,7
i1575,20
i157504,33
i157505,1
i157508,10
i157509,6
i157514,27
i157515,22
i157516,15
i15752,47
i157527,1
i157529,18
i157539,53
i157540,1
i157542,3
i157543,11
i157550,3
i157553,12
i157554,1
i157558,1
i15756,4
i157562,11
i157563,5
i157564,1
i157566,14
i15757,10
i157571,19
i157574,39
i157582,14
i157588,16
i157591,10
i157595,33
i157596,46
i157599,1
i15760,34
i157601,4
i157606,4
i157607,15
i157609,35
i157614,1
i157628,2
i157629,4
i15763,1
i157635,3
i157638,25
i157641,2
i157644,3
i157645,12
i157652,21
i157656,6
i157658,1
i157661,11
i157662,16
i157667,6
i157681,1
i157689,25
i157696,12
i157703,31
i15771,18
i157712,1
i157713,40
i15772,1
i157723,82
i157727,26
i157732,7
i157735,8
i157741,1
i157749,13
i157755,24
i157756,22
i157758,2
i157760,3
i157767,6
i157776,12
i157778,11
i157784,3
i157787,12
i157795,23
i157796,5
i1578,1
i157801,52
i157807,15
i157808,45
i157810,1
i157812,16
i157816,8
i157818,15
i157819,15
i15782,23
i157821,8
i157824,10
i157827,9
i157828,3
i157829,2
i157830,5
i157835,6
i157842,1
i157856,1
i157859,9
i157860,43
i157861,11
i157864,13
i157868,3
i157870,19
i157878,26
i15788,21
i157884,16
i157886,58
i157894,1
i157896,19
i157897,15
i157899,6
i157900,7
i157903,8
i157904,2
i157906,9
i157914,2
i157919,3
i157922,15
i157924,25
i15793,1
i157931,7
i157935,25
i157940,5
i157946,22
i15795,3
i157950,8
i157952,7
i157953,8
i157958,7
i157963,31
i157967,6
i157968,4
i15797,5
i157971,20
i157976,6
i157979,11
i15798,10
i157980,5
i157985,10
i157986,4
i157989,17
i157991,14
i157996,12
i158,57
i158012,9
i158015,1
i158019,4
i158028,19
i158030,6
i158033,22
i158035,6
i158039,26
i158042,2
i158046,27
i15805,1
i158054,3
i158055,6
i158058,2
i158070,4
i158078,43
i15808,37
i158081,10
i158082,37
i158084,3
i158085,6
i158089,44
i158090,4
i158095,8
i158103,3
i158104,3
i158109,13
i158113,2
i15812,8
i158120,21
i158128,21
i158129,12
i158132,7
i15814,12
i158140,5
i158144,11
i158148,4
i15815,7
i158151,51
i158157,12
i15817,17
i158171,25
i158173,1
i158180,3
i158188,7
i158190,26
i158193,67
i158194,12
i158198,13
i1582,10
i15820,55
i158217,2
i158218,2
i158220,13
i158226,18
i158227,8
i158228,11
i158231,19
i158238,1
i158244,50
i158247,26
i158257,2
i158264,6
i158270,21
i158272,20
i158273,22
i15828,1
i158281,16
i158282,3
i158285,20
i158301,34
i158302,10
i15831,13
i158314,13
i158315,1
i158321,27
i158326,22
i158327,18
i15833,2
i158330,9
i158333,25
i158336,5
i158342,3
i158343,16
i158345,7
i158348,1
i15835,17
i15836,17
i158360,3
i158368,6
i158378,9
i158379,22
i158385,10
i158396,16
i15840,71
i158402,30
i158405,13
i158414,1
i158416,7
i158428,8
i15843,62
i158430,2
i158439,1
i158444,3
i158447,7
i15845,17
i158453,4
i158454,5
i158456,1
i158457,21
i158459,4
i158465,2
i158466,9
i158473,1
i158479,2
i158480,34
i158489,1
i158490,4
i158491,6
i158503,3
i158504,1
i158516,10
i158517,38
i158523,1
i158524,11
i158534,2
i158538,27
i158540,1
i158545,4
i158547,2
i158549,13
i158551,5
i158552,5
i158559,10
i158561,10
i158562,4
i158563,1
i158567,26
i15857,6
i158570,12
i158574,4
i158581,3
i158585,2
i158587,4
i158593,5
i158596,2
i158598,17
i158600,3
i158608,1
i158609,3
i158612,3
i158615,6
i158618,2
i158622,40
i158623,9
i158624,1
i158625,1
i158626,27
i15863,4
i158630,32
i158631,16
i158632,2
i158633,2
i15864,40
i158644,5
i158645,44
i158647,2
i158648,22
i158649,21
i158650,20
i158651,2
i158653,27
i158659,12
i158662,7
i158670,5
i158671,3
i158676,7
i158688,24
i158690,39
i158694,27
i158695,40
i158697,4
i158700,6
i158701,7
i158702,1
i158707,1
i158710,5
i158715,41
i158717,68
i158718,2
i158725,12
i158727,24
i158728,25
i158738,27
i158741,24
i15875,26
i158752,19
i15876,27
i158765,2
i158772,2
i158773,4
i15878,22
i158783,25
i158788,33
i158790,20
i158791,44
i158792,2
i158794,2
i158799,16
i158800,8
i158801,3
i158802,4
i158803,62
i158804,5
i15881,23
i158815,28
i158825,58
i158828,2
i158830,11
i158831,26
i158836,3
i158837,19
i158839,41
i158842,4
i158844,5
i158845,47
i15885,5
i158850,11
i158851,3
i158852,1
i158857,1
i15886,42
i158861,6
i158867,1
i158868,1
i158869,17
i158872,38
i158874,51
i158876,9
i158877,4
i158878,2
i158881,25
i158885,24
i158891,6
i158893,3
i158894,10
i158898,7
i158904,3
i158908,3
i158913,1
i158917,14
i158921,1
i158926,5
i158929,1
i158937,1
i15894,2
i158940,21
i158942,2
i158944,21
i158946,15
i158947,27
i158951,17
i158952,10
i158954,37
i158955,9
i158957,2
i158962,1
i158964,39
i158966,19
i158971,12
i158972,9
i158973,41
i158976,15
i158979,2
i15898,5
i158981,5
i158983,10
i158984,1
i158985,14
i158988,2
i15899,57
i15900,19
i159005,9
i159006,6
i159016,13
i159018,2
i15902,11
i159020,5
i159021,12
i159031,21
i159038,53
i159040,1
i159043,12
i159045,1
i159047,16
i159048,32
i159049,5
i159050,18
i159058,45
i159072,2
i15908,7
i159081,12
i159086,49
i159088,20
i159090,2
i159092,33
i159097,8
i15910,34
i159100,1
i159103,13
i159110,74
i159111,10
i159119,6
i159124,20
i159127,5
i159128,3
i15913,26
i159132,1
i159137,8
i159140,7
i159148,10
i159152,4
i159153,2
i159163,3
i159164,28
i159165,5
i159173,2
i159178,6
i159182,4
i159192,3
i159196,2
i159199,4
i1592,61
i159202,9
i159208,6
i159211,26
i159213,1
i159215,26
i159217,26
i159220,15
i159221,12
i159232,4
i15924,14
i159240,3
i159243,22
i159248,23
i159250,29
i159252,1
i159255,19
i159270,35
i159271,22
i159272,15
i159274,7
i159275,65
i15928,1
i159280,4
i159281,20
i159286,11
i159292,1
i159298,3
i1593,48
i159302,4
i159306,23
i15931,35
i159315,8
i159318,7
i159326,11
i159327,5
i159342,15
i159348,10
i159352,34
i159353,5
i159354,14
i159361,11
i159366,48
i159369,6
i159372,26
i15938,5
i159384,3
i159385,14
i159386,2
i159391,7
i159395,12
i159399,2
i159408,37
i159409,3
i159411,16
i15942,1
i159430,20
i159432,2
i159435,7
i15944,16
i159440,30
i159445,53
i159448,7
i159459,27
i159460,2
i159461,5
i159466,9
i15947,10
i159472,5
i159475,6
i159478,24
i15948,2
i159480,22
i159483,2
i159486,5
i159487,9
i159488,4
i159495,3
i159497,26
i159498,5
i159503,10
i159504,9
i159507,2
i15951,2
i159510,23
i159514,1
i159520,2
i159524,24
i159529,13
i159531,4
i159532,1
i159534,16
i159538,1
i159539,9
i159543,1
i159549,1
i159550,2
i159552,22
i159554,1
i15956,28
i159562,19
i15957,106
i159576,24
i15958,3
i159582,4
i159585,9
i15959,1
i159593,6
i159597,2
i1596,16
i15960,1
i159604,6
i159606,15
i159614,4
i159615,26
i159619,2
i159622,3
i159623,38
i159626,13
i159634,21
i159636,3
i159638,14
i159643,20
i159644,5
i159652,8
i159656,1
i159657,19
i159658,34
i159660,16
i159669,9
i15967,78
i159674,16
i159676,22
i159678,16
i15968,48
i159681,16
i159683,7
i159688,24
i159690,1
i159692,10
i159694,7
i1597,24
i159703,3
i159706,1
i159707,26
i159711,9
i159715,19
i159718,1
i159719,5
i159722,40
i159726,6
i159729,1
i159730,7
i159740,9
i159741,10
i159742,8
i159746,63
i159753,4
i159755,3
i159758,11
i159766,10
i159769,8
i159770,1
i159772,16
i159773,6
i159774,7
i159775,24
i159778,5
i159781,36
i159782,4
i159787,11
i159788,8
i159792,41
i159794,1
i159797,1
i159798,42
i159803,6
i159804,1
i159810,6
i159815,28
i159822,5
i159823,7
i159825,7
i159828,3
i159832,7
i159834,24
i159839,4
i15984,14
i159842,13
i159845,5
i159849,25
i159852,14
i159854,9
i159859,6
i15986,3
i159865,3
i159876,4
i159878,11
i159880,20
i159881,19
i159885,2
i159886,3
i159891,9
i159892,22
i159900,10
i159916,2
i159919,10
i159924,1
i159948,18
i15995,15
i159956,3
i159962,17
i159970,8
i159974,2
i15998,12
i159980,5
i159982,2
i159984,13
i159986,1
i159989,14
i15999,21
i159993,3
i16,29
i160002,4
i160008,2
i160010,11
i160017,9
i160018,4
i160021,15
i160026,7
i16003,19
i160044,7
i160049,2
i160050,4
i160052,18
i160057,17
i160069,9
i16007,9
i160072,12
i160073,6
i160079,3
i16008,27
i160084,1
i160085,10
i160087,1
i16009,15
i160091,25
i160092,2
i160095,4
i160097,2
i160110,2
i160120,18
i160123,1
i160128,5
i16013,1
i160131,60
i160135,1
i160137,4
i160142,11
i160143,12
i160144,23
i160146,32
i16015,17
i160150,2
i160153,10
i160158,12
i160159,1
i16016,2
i160166,2
i160172,2
i160181,2
i160189,7
i160191,44
i160192,2
i160196,14
i160197,20
i160199,8
i160208,20
i16021,12
i160219,6
i160223,5
i160227,2
i16024,37
i160244,5
i160247,4
i160257,1
i160258,1
i16027,60
i160278,9
i160281,5
i160282,6
i160289,2
i160291,6
i160292,1
i160296,10
i160297,11
i1603,14
i160303,7
i160305,2
i160306,14
i160309,1
i160310,11
i160313,17
i160316,8
i160317,3
i160320,10
i160326,3
i160332,1
i160338,5
i160347,2
i16035,4
i160354,2
i160358,6
i16036,12
i160365,35
i160368,17
i160370,22
i160373,7
i16038,2
i160381,8
i160383,4
i160384,7
i160387,9
i160389,2
i16039,1
i160396,6
i16040,2
i160403,8
i160410,6
i160413,5
i160414,12
i160416,4
i160420,1
i160421,4
i160428,13
i160430,8
i160431,7
i160435,3
i160437,7
i160438,2
i160451,26
i160452,62
i160454,23
i160468,4
i160469,32
i16047,38
i160470,3
i160474,20
i160476,71
i160478,35
i160487,11
i160489,5
i160492,3
i160497,61
i160499,8
i1605,10
i160500,70
i160502,1
i160504,1
i160507,12
i160515,7
i160520,2
i160528,15
i160537,13
i160543,21
i160548,2
i160551,5
i160552,16
i160556,43
i160557,23
i16056,42
i160560,15
i160565,15
i160567,12
i160571,1
i160573,11
i160577,15
i160579,7
i160584,5
i160586,20
i160588,8
i160591,14
i160595,14
i160597,4
i160602,108
i160603,60
i160606,34
i160608,28
i160611,11
i160615,12
i16062,2
i160623,8
i160624,1
i160626,25
i160638,17
i160639,3
i160642,2
i160644,23
i16065,33
i160662,73
i160666,3
i160667,53
i160671,12
i160679,15
i160682,9
i160686,1
i160689,14
i160694,2
i160697,4
i160699,88
i160706,9
i160710,7
i160711,17
i160713,77
i160719,43
i160723,16
i160725,6
i160728,8
i160730,5
i160734,2
i160737,39
i160745,35
i160747,68
i160748,40
i160749,21
i160752,28
i160753,2
i160758,2
i160759,38
i16076,30
i160760,7
i160761,27
i160763,30
i160767,34
i160768,1
i16077,19
i160774,6
i160776,17
i16078,18
i160783,3
i160785,21
i16080,41
i160800,34
i160803,1
i160805,7
i160806,22
i160810,5
i160813,29
i160814,26
i160819,14
i160821,40
i160824,3
i160826,8
i160829,3
i16083,97
i160830,2
i160834,2
i160844,13
i160847,20
i160854,6
i160857,7
i160859,6
i16086,20
i160860,2
i160861,8
i160862,3
i160867,3
i160869,1
i160870,5
i160874,3
i160877,1
i16088,5
i160881,15
i160883,2
i160887,1
i16089,1
i160892,25
i160893,57
i160896,2
i160899,3
i160903,1
i160912,10
i160917,18
i160919,5
i160931,27
i160935,13
i160945,3
i160947,11
i160949,20
i160952,3
i160953,4
i160956,26
i160959,51
i16096,36
i160961,4
i160965,26
i160967,11
i160969,7
i16097,8
i160975,28
i160977,1
i160992,2
i160996,8
i161,29
i161000,1
i161003,32
i161006,1
i161007,12
i161009,9
i16101,5
i161010,12
i161024,18
i161026,17
i161027,35
i161030,21
i161031,30
i161032,15
i161034,29
i161038,15
i16104,14
i161041,11
i161044,16
i161046,21
i161048,13
i16105,41
i161058,2
i161060,11
i161068,3
i161069,7
i161074,19
i161080,47
i161094,35
i161097,18
i161100,8
i161101,2
i161103,10
i161104,4
i161109,2
i161110,23
i161111,36
i161117,3
i161119,34
i161124,3
i161125,4
i161126,6
i161127,1
i161130,1
i161131,3
i161143,8
i161150,23
i161152,38
i161155,9
i161156,1
i161164,7
i161166,1
i161171,1
i161172,1
i161175,20
i161176,7
i161177,3
i161179,2
i161183,16
i161186,3
i161188,30
i161207,4
i161209,23
i161211,28
i161215,3
i161216,56
i161217,5
i161222,32
i161229,1
i161232,20
i161238,9
i161243,2
i161252,1
i161259,7
i161269,6
i16127,28
i161270,1
i161275,11
i161276,10
i161280,4
i161282,7
i16129,53
i161290,11
i161291,7
i161292,18
i161295,8
i1613,1
i16130,4
i161303,13
i161306,4
i161312,4
i161314,21
i161318,5
i161326,4
i161332,15
i161338,4
i16134,3
i161346,25
i161353,13
i161362,7
i161366,6
i161368,2
i161370,3
i161373,20
i161377,2
i161379,3
i161390,7
i161392,30
i161398,20
i161400,38
i161406,26
i161407,16
i161408,15
i161409,1
i161410,10
i161413,1
i161414,47
i161415,2
i161416,31
i161422,30
i161431,3
i161432,32
i161434,61
i161435,2
i161438,5
i161439,5
i161442,19
i161445,52
i161447,21
i161450,32
i161457,1
i16146,29
i161461,12
i161462,25
i161463,1
i161468,2
i161470,18
i161471,22
i161475,14
i161479,2
i16148,2
i161486,40
i161494,6
i161495,37
i161499,3
i1615,16
i161502,15
i161509,9
i161518,7
i16152,37
i161526,1
i16153,5
i161534,3
i161535,3
i161539,5
i161540,37
i161541,1
i161547,1
i161555,5
i161558,2
i161559,28
i161564,13
i161565,1
i161570,50
i161576,11
i161582,2
i16159,29
i161592,6
i161601,61
i161602,16
i161604,7
i161606,32
i16161,2
i161611,19
i161614,10
i161617,8
i161618,29
i161621,7
i161625,8
i161635,11
i161636,7
i16164,1
i161650,51
i161663,22
i161665,14
i161671,20
i161676,2
i161679,29
i16168,54
i161686,33
i161688,14
i161691,27
i161695,3
i1617,11
i161705,1
i161711,31
i161712,17
i161713,3
i161716,2
i161719,23
i161725,12
i161727,7
i161729,82
i161730,3
i161731,4
i161740,1
i161744,10
i161751,13
i161753,56
i161754,17
i161756,45
i161758,22
i16176,93
i161761,23
i161763,11
i161766,29
i161769,21
i16177,32
i161771,4
i161774,25
i161788,12
i161790,14
i161791,1
i161795,4
i16180,4
i161802,9
i161806,2
i16181,30
i161810,6
i161811,4
i161814,11
i161819,14
i16182,31
i161821,47
i161824,32
i161826,3
i161828,40
i161834,47
i161836,5
i16184,70
i161842,13
i161843,3
i161846,25
i161847,60
i16185,17
i161852,5
i161853,2
i161854,7
i161860,2
i161863,1
i161866,2
i16187,40
i161885,2
i161888,29
i161892,20
i161894,6
i161896,13
i161897,14
i161898,12
i16190,48
i161900,30
i161902,17
i161906,1
i161907,3
i161917,5
i16192,2
i161929,15
i16193,119
i161930,10
i161931,14
i161941,8
i161942,12
i161948,37
i16195,25
i161958,1
i161965,14
i161966,4
i161968,17
i16197,14
i161970,8
i161973,2
i161977,4
i16198,8
i161983,6
i161985,1
i161987,6
i161988,25
i161989,9
i161990,4
i161991,5
i161993,40
i161999,13
i1620,17
i16200,10
i162001,17
i162002,39
i162005,17
i162014,4
i162015,3
i16202,17
i162032,3
i162033,4
i16204,22
i162042,3
i162043,7
i162045,16
i16205,21
i162052,1
i162055,7
i162056,7
i162068,13
i16207,64
i162070,8
i16208,23
i162081,34
i162083,2
i162088,6
i162089,3
i162093,33
i1621,9
i16210,10
i162102,6
i162109,3
i16211,3
i162116,16
i162119,13
i162123,12
i162124,2
i162125,7
i162130,21
i162138,11
i16214,10
i162149,5
i162151,3
i162156,23
i162158,14
i162159,1
i162160,9
i162165,13
i162171,3
i162172,12
i162173,20
i162174,25
i162176,21
i162179,18
i162188,83
i162189,1
i162197,55
i162198,1
i1622,14
i162200,20
i162203,20
i162207,1
i162208,7
i162212,6
i162216,20
i162217,23
i162220,2
i162222,54
i162223,1
i162229,17
i162230,25
i162231,2
i162238,23
i162239,25
i162242,1
i162244,11
i162248,52
i162249,13
i16225,1
i162251,37
i162256,35
i162260,12
i162261,5
i162269,2
i162278,33
i162279,4
i16228,6
i162283,4
i162286,1
i162287,31
i162294,2
i162296,3
i162297,10
i1623,58
i16230,1
i162300,18
i162306,59
i162313,33
i162319,10
i16232,2
i162322,16
i162326,8
i162327,21
i162328,4
i162330,1
i162331,11
i162332,10
i162336,15
i162337,1
i162338,11
i162342,20
i162349,14
i16235,1
i162352,22
i162359,2
i16236,8
i162363,65
i162376,6
i162378,31
i162381,1
i162385,3
i162386,18
i162393,8
i162397,54
i162399,1
i1624,8
i16240,3
i162408,1
i162409,1
i162418,4
i162421,7
i162422,30
i162423,1
i162426,5
i16243,39
i162433,18
i162439,7
i162440,21
i162456,7
i162458,29
i162460,1
i162469,5
i162471,5
i162474,20
i162476,16
i162478,5
i162482,36
i162483,16
i162488,44
i162489,14
i16249,72
i162490,1
i162498,18
i162499,46
i162506,8
i16251,22
i162512,11
i162517,15
i162531,25
i162532,10
i162533,13
i16254,63
i162541,3
i162542,3
i162544,37
i162549,2
i16255,4
i162550,5
i162555,7
i162557,35
i162558,45
i16256,31
i162572,15
i162576,20
i162577,2
i162578,44
i162580,5
i162581,47
i162587,31
i162589,2
i162591,30
i162595,4
i162597,3
i162599,6
i16260,46
i162600,1
i162603,1
i162606,12
i162608,23
i162615,8
i162616,60
i162618,19
i162622,7
i162624,58
i162628,9
i162633,8
i162644,18
i162645,6
i162646,9
i162649,2
i162652,4
i162658,3
i162660,32
i162664,3
i162666,5
i162673,11
i162677,1
i162680,8
i162682,26
i162683,18
i162692,20
i162698,3
i162703,2
i162708,11
i162723,2
i162726,3
i162728,19
i162730,14
i162731,2
i162732,2
i162733,7
i162735,5
i162741,5
i162745,15
i16275,79
i162750,11
i162754,3
i162758,2
i162765,33
i162766,2
i162767,2
i162775,9
i162779,1
i162780,13
i162786,21
i162788,33
i162789,12
i162797,9
i162802,39
i162806,7
i162810,1
i162815,3
i162832,18
i162837,1
i162839,5
i162842,25
i162846,12
i162849,23
i162850,13
i162856,12
i162860,12
i162862,2
i162864,12
i162865,1
i162869,1
i162875,5
i162879,5
i16288,33
i162887,1
i162896,16
i162898,6
i162902,1
i162903,6
i162904,22
i162906,8
i162909,1
i16291,16
i162910,2
i162918,12
i16292,17
i16293,14
i162931,1
i162935,2
i162943,9
i162948,1
i162949,1
i16295,28
i162954,6
i162962,6
i162973,5
i162978,8
i162980,5
i162992,1
i162994,1
i1630,20
i163000,22
i163007,21
i163016,4
i163018,10
i163020,7
i163030,18
i163031,1
i163033,15
i163039,22
i163043,28
i163045,14
i163048,26
i163049,8
i16305,36
i163050,5
i163055,4
i163057,3
i163065,11
i163071,10
i163074,13
i16308,47
i163085,8
i163093,9
i163101,20
i163112,30
i163113,2
i163116,11
i163125,39
i163126,3
i163129,1
i163130,7
i163139,2
i16314,2
i163140,17
i163145,4
i163153,2
i163158,2
i163160,30
i163165,32
i163168,32
i16317,39
i163171,4
i163174,13
i163175,11
i16318,26
i163182,21
i163185,3
i163189,13
i16319,12
i163193,55
i163194,21
i163195,24
i163196,17
i1632,13
i163200,18
i163205,4
i163206,1
i163207,6
i16321,22
i163215,17
i163216,15
i163217,22
i163219,1
i163230,34
i163231,1
i16324,9
i163247,3
i163252,23
i163253,13
i163256,10
i163260,7
i163265,9
i16327,3
i163278,9
i163285,15
i163286,15
i163288,7
i163290,9
i163296,14
i1633,31
i163308,4
i163315,5
i163317,25
i163323,2
i163331,1
i163333,8
i163337,10
i163341,3
i163344,7
i163351,1
i163352,5
i163354,2
i163357,2
i163358,6
i163362,4
i163366,7
i163369,2
i163370,13
i163371,6
i163373,4
i163374,2
i163375,4
i163387,5
i163392,1
i163393,27
i163399,13
i1634,30
i16340,23
i163400,3
i163402,9
i163419,14
i16342,21
i163421,18
i163422,10
i163443,1
i163447,11
i16345,4
i163454,2
i163472,12
i163475,4
i163476,1
i163481,20
i163482,9
i163484,7
i163485,23
i163486,34
i163491,1
i1635,50
i163500,52
i163510,7
i163519,13
i163530,2
i163538,1
i16355,2
i163552,4
i163564,18
i163565,10
i163566,9
i163571,29
i163573,12
i163576,18
i163577,4
i163587,5
i163589,2
i163595,5
i163596,6
i16360,47
i163600,5
i163602,15
i163606,28
i163607,8
i163611,13
i163615,8
i163629,12
i163637,9
i163638,1
i163640,10
i163647,1
i163649,28
i163651,1
i163654,4
i163660,4
i163661,8
i163665,1
i163671,3
i163677,8
i163685,1
i163693,4
i163695,44
i163698,5
i16370,24
i163716,27
i163719,3
i163723,53
i163724,2
i163727,1
i16373,18
i163732,24
i163733,1
i163734,2
i163735,12
i163736,7
i163737,2
i163741,4
i163742,39
i163743,72
i163744,18
i163748,17
i163749,3
i163751,46
i163753,13
i163761,42
i163766,22
i163773,5
i163776,51
i16378,101
i163780,3
i163781,2
i163782,33
i163791,40
i163795,3
i163797,11
i163804,20
i163805,2
i163806,11
i163807,30
i163810,5
i163811,25
i163814,5
i163818,2
i163821,63
i163822,15
i163826,40
i163827,26
i163828,33
i163839,9
i163840,26
i163844,21
i163847,5
i163848,3
i163849,13
i16385,1
i163857,10
i163860,67
i163861,15
i163865,2
i163868,19
i16387,42
i163870,31
i163873,20
i163887,23
i16389,29
i163890,4
i163893,107
i163894,8
i163895,10
i163897,20
i163902,33
i163903,35
i163904,13
i163906,61
i163907,45
i163908,4
i163910,20
i163911,5
i163919,9
i163921,2
i163923,8
i163924,2
i163925,12
i163929,18
i163931,11
i163935,1
i163939,15
i163940,4
i163942,1
i163944,36
i163946,22
i163950,11
i163955,2
i163957,9
i163958,9
i163959,39
i163965,3
i163980,12
i163982,26
i163985,66
i163987,13
i163997,1
i163998,2
i163999,13
i164001,9
i164007,44
i164008,5
i164011,16
i164015,10
i164016,4
i164023,2
i164025,22
i164026,3
i164029,1
i16403,27
i164030,2
i164031,2
i164038,18
i164041,102
i16405,1
i164050,4
i164056,96
i164063,58
i164065,32
i164071,16
i16408,22
i164081,7
i164084,20
i164091,26
i164093,8
i164094,1
i1641,12
i164107,3
i164108,18
i164110,67
i164114,21
i164115,21
i164116,37
i164120,5
i164133,22
i164137,30
i164143,8
i164146,11
i164147,22
i16415,26
i164154,4
i164162,14
i164164,39
i164168,3
i164169,16
i164177,29
i164182,3
i164185,3
i164188,60
i164190,8
i164197,20
i16421,5
i164214,2
i164217,62
i164224,4
i164226,11
i164231,11
i16424,19
i164248,27
i164253,5
i164256,14
i164263,4
i164269,12
i164279,1
i164287,1
i164289,28
i164290,11
i164297,10
i164299,10
i1643,27
i164302,3
i164306,25
i164307,63
i164309,7
i16431,21
i164313,23
i164315,4
i164318,1
i164319,10
i164322,30
i16433,14
i164330,5
i164340,33
i164343,1
i164347,2
i164349,19
i164350,1
i164352,18
i164355,7
i16436,35
i164362,3
i164370,1
i164371,1
i164372,27
i164373,67
i164378,16
i164389,4
i164390,7
i164391,14
i164392,3
i164394,42
i1644,15
i164402,12
i164406,14
i164409,11
i16441,30
i164410,2
i164411,12
i164413,1
i164415,1
i164416,12
i164418,58
i164425,21
i164426,18
i164429,23
i16443,11
i164432,4
i164436,22
i164440,19
i164441,11
i164442,4
i164443,22
i164444,4
i164449,2
i164454,1
i164455,2
i164456,2
i164457,9
i164462,63
i164464,41
i164471,10
i164473,2
i164483,25
i164484,1
i164485,15
i164486,27
i164490,1
i164492,1
i164501,1
i164507,6
i164508,2
i164510,3
i164515,14
i164516,2
i164518,1
i164524,15
i164530,1
i164531,20
i164532,7
i164533,3
i164539,21
i16454,7
i164540,20
i164541,7
i164546,11
i164547,12
i164549,18
i164554,1
i164559,18
i16456,4
i164562,5
i164571,10
i164578,2
i164580,10
i164584,1
i164585,29
i164587,1
i16459,12
i164601,2
i164606,4
i164607,42
i164615,1
i164621,2
i164622,3
i164625,6
i164628,2
i164633,4
i164636,2
i164643,11
i164646,44
i164647,14
i164649,2
i164650,6
i164653,3
i164654,7
i16466,27
i164666,90
i164668,4
i164669,20
i164677,7
i164682,40
i164689,7
i164690,2
i164699,9
i1647,65
i164712,25
i164718,3
i164720,32
i164721,42
i164722,1
i164728,12
i164731,36
i164733,48
i164735,10
i164738,6
i164739,5
i164746,1
i164750,25
i164751,18
i164753,6
i164754,13
i164759,13
i164762,17
i164767,1
i164772,63
i164773,25
i164776,7
i164778,1
i16478,18
i164782,1
i164783,10
i164784,15
i164788,1
i164791,2
i164795,13
i164799,10
i16480,9
i164800,3
i164801,3
i164802,48
i164803,14
i164811,4
i164814,9
i164821,6
i164822,1
i164824,8
i164827,2
i164829,54
i164831,5
i164834,12
i164835,6
i164837,5
i16484,51
i164841,5
i16485,3
i164854,48
i164860,49
i164862,3
i164863,48
i164866,5
i164871,31
i164875,1
i164879,4
i164880,3
i164881,38
i164882,20
i164884,7
i164885,79
i164887,1
i164888,30
i16489,42
i164893,3
i164896,4
i164898,4
i16490,14
i164900,1
i164901,10
i164904,146
i164908,65
i164909,9
i16491,27
i164911,28
i164915,5
i164916,7
i164921,8
i164923,4
i16493,26
i164932,23
i164933,40
i164935,3
i164938,16
i164940,40
i164945,19
i164947,4
i164948,31
i164949,17
i16495,11
i164955,6
i164956,31
i16496,33
i164961,26
i164963,3
i164972,36
i164975,20
i164978,8
i16498,10
i164989,59
i16499,17
i164994,2
i164996,1
i164998,17
i1650,52
i165011,3
i165012,6
i165016,4
i16502,3
i165021,4
i165031,1
i165037,22
i165039,62
i165043,56
i165047,14
i165048,1
i165049,1
i165051,14
i165052,5
i165056,26
i165058,3
i165062,10
i165063,2
i165065,2
i165067,26
i165070,3
i165076,21
i165086,92
i165089,2
i165093,8
i165094,24
i165096,1
i165098,23
i165100,11
i165101,1
i165105,1
i165116,15
i165120,4
i165125,1
i165126,7
i165128,46
i165136,18
i165138,55
i165148,16
i16515,1
i165152,59
i165153,6
i165159,1
i16516,17
i165162,20
i165163,6
i165165,17
i16517,7
i165175,7
i165176,35
i165178,8
i165180,27
i165182,2
i165183,5
i165185,1
i165188,3
i165193,9
i165194,14
i165195,4
i16520,19
i165206,2
i165207,2
i165208,8
i165215,3
i165220,3
i165221,26
i165222,1
i165225,23
i165230,4
i165231,52
i165235,1
i165242,1
i165244,4
i165246,5
i165248,9
i165249,5
i165252,5
i165257,2
i165259,2
i165261,27
i165267,1
i165270,4
i165275,15
i165279,6
i165281,7
i165283,1
i165288,12
i165297,55
i1653,14
i165307,34
i165308,12
i165309,1
i16531,3
i165313,3
i165325,12
i165331,1
i165338,7
i165339,10
i16534,17
i165341,6
i165347,3
i165349,7
i16536,10
i165364,4
i165366,3
i165367,8
i165379,6
i16538,14
i165385,17
i165390,5
i165391,7
i165410,6
i165419,34
i165424,8
i165428,3
i165431,9
i16544,45
i165440,2
i165442,10
i165444,4
i16545,4
i165453,37
i165455,14
i165458,5
i165461,6
i165462,13
i165468,4
i16547,3
i165472,1
i165473,15
i165475,1
i165476,16
i16548,16
i165480,1
i165481,20
i165491,14
i165493,18
i165497,13
i165501,1
i165504,1
i16551,13
i165517,8
i165518,2
i16553,11
i165530,10
i165532,10
i165533,5
i165535,4
i165538,12
i165541,8
i165548,1
i165554,19
i165556,7
i165557,2
i165560,19
i165566,2
i165568,37
i165571,20
i165572,3
i165575,15
i165577,21
i165579,6
i165584,43
i165587,24
i165588,5
i165590,4
i165591,102
i165596,1
i165598,59
i165599,11
i1656,2
i165603,13
i165604,12
i165607,16
i165608,2
i165611,3
i165612,2
i165614,9
i165617,2
i165618,7
i165619,7
i165622,25
i165625,7
i165627,16
i165629,1
i16563,10
i165632,68
i165634,62
i165635,1
i165636,34
i165647,1
i165659,7
i16567,12
i165677,12
i16568,6
i165682,28
i165684,5
i165685,7
i165688,7
i165689,5
i165692,15
i165696,5
i165697,4
i165698,1
i16570,3
i165703,1
i165706,13
i165709,43
i165717,59
i165719,2
i165725,18
i165735,15
i165746,1
i165755,3
i165757,18
i165760,32
i165766,15
i165767,31
i165768,17
i165775,7
i165776,39
i165779,1
i16578,40
i165781,15
i165783,52
i165786,2
i165787,9
i165791,37
i165795,43
i165797,18
i165798,12
i165799,5
i165800,12
i165804,3
i165819,3
i165823,30
i165825,12
i165831,9
i165832,43
i165833,32
i165835,8
i165837,7
i165842,9
i165845,3
i165848,1
i165849,3
i165850,20
i165852,19
i165857,3
i165858,8
i16586,40
i165864,20
i165866,1
i165867,11
i165870,41
i165874,24
i165875,1
i165877,10
i165878,23
i165881,18
i165882,5
i165883,42
i165884,45
i165885,3
i165888,1
i165890,1
i165894,19
i165896,4
i165897,5
i165900,8
i165903,18
i165904,44
i165905,17
i165908,10
i16591,6
i165917,5
i165922,2
i165923,6
i165927,38
i165928,18
i165929,3
i165930,34
i165931,12
i165933,40
i165938,18
i165939,19
i165941,1
i16595,13
i165950,4
i165951,13
i165961,35
i165962,6
i165963,15
i165967,10
i16597,11
i165975,11
i16598,1
i165983,15
i165985,18
i165986,38
i165987,31
i165992,5
i165994,6
i165997,15
i165998,5
i165999,17
i1660,7
i16600,12
i166001,43
i166002,8
i166003,15
i166004,14
i166006,2
i166011,3
i166014,6
i166019,13
i166027,21
i16603,56
i166036,5
i166038,14
i166041,2
i166049,12
i166055,29
i166057,2
i166060,18
i166071,21
i166072,5
i166073,1
i166078,1
i16608,32
i166083,7
i166088,10
i166090,42
i166098,7
i16610,24
i166100,5
i166101,27
i166104,5
i166114,29
i166115,20
i166116,10
i16612,4
i166124,48
i166125,1
i166126,23
i166130,30
i166131,30
i166132,22
i166134,27
i166138,27
i166142,38
i166143,38
i166148,63
i166149,12
i16615,1
i166150,19
i166151,10
i166155,6
i166157,68
i166161,3
i166162,26
i166168,37
i166170,4
i166181,9
i166187,14
i166191,25
i166195,14
i166201,19
i166208,12
i166212,4
i166219,1
i166223,2
i166230,8
i16624,28
i166241,4
i166243,1
i166245,6
i166248,37
i166251,1
i166255,29
i166260,5
i166264,11
i166267,30
i166268,40
i166270,30
i166274,6
i166276,6
i166277,36
i166284,22
i166285,43
i166286,54
i166287,9
i166289,21
i166296,14
i166306,2
i166309,11
i16631,18
i166315,1
i166316,15
i166319,41
i16632,6
i166323,25
i166326,16
i166331,33
i166339,7
i16634,3
i166340,3
i166341,2
i166342,12
i166348,11
i166351,2
i166356,26
i16636,1
i166362,1
i166364,8
i166365,1
i166366,7
i16637,3
i166372,11
i166375,17
i166381,12
i166385,6
i16639,21
i166395,2
i166396,1
i166404,2
i166406,10
i166408,3
i166409,1
i166410,1
i166412,5
i166418,25
i166421,11
i166422,17
i16643,4
i166430,10
i166435,19
i166447,5
i166448,3
i166449,5
i166452,4
i166453,5
i166460,3
i166461,16
i166466,19
i166467,14
i166478,41
i166480,12
i166485,3
i166491,2
i166493,19
i166495,23
i166497,13
i1665,10
i166506,7
i166514,14
i166515,3
i166517,12
i166532,4
i166533,44
i166536,11
i166538,7
i166542,9
i166544,6
i166545,13
i166550,2
i166551,9
i166553,9
i166561,2
i166562,9
i166563,16
i166566,8
i166570,26
i166571,3
i166572,6
i166573,6
i166575,10
i166576,1
i166580,1
i166585,14
i166586,2
i166587,7
i166588,12
i166595,19
i166597,2
i166612,5
i166614,31
i16662,13
i166621,18
i166623,34
i166625,36
i166629,11
i166630,2
i166632,5
i166633,4
i16664,45
i166640,24
i166642,13
i166649,5
i166653,11
i166656,1
i166657,1
i166658,61
i166660,29
i166661,9
i166662,26
i166663,27
i166664,25
i166668,17
i166679,50
i16668,52
i166681,2
i166686,14
i16669,41
i166692,26
i166695,26
i166697,1
i166720,6
i166722,2
i166740,20
i166742,38
i166745,3
i166746,25
i166764,19
i166765,2
i166767,12
i166770,40
i166775,1
i166776,4
i166778,3
i16678,21
i16679,66
i166793,1
i166798,9
i1668,8
i166802,3
i166822,1
i166829,8
i16683,1
i16684,16
i166843,4
i166845,16
i166850,6
i166852,2
i166855,20
i166860,5
i166865,3
i166870,3
i166871,5
i166873,4
i16688,4
i166882,2
i166885,38
i166887,2
i16689,1
i166890,9
i166891,7
i166892,1
i166894,11
i16690,25
i166905,11
i166907,9
i166915,11
i166916,3
i16692,1
i166921,6
i166929,35
i166933,17
i166935,4
i166938,5
i16694,7
i166944,35
i166948,1
i166956,11
i16696,40
i166962,2
i166963,3
i166979,32
i166981,1
i166983,17
i166986,1
i16699,2
i166998,3
i167,7
i167002,2
i167013,11
i167015,8
i167018,15
i167020,1
i16703,1
i167031,8
i167036,26
i167040,9
i167041,32
i167045,22
i167046,4
i167049,2
i16705,6
i167052,2
i167053,2
i167054,7
i16706,70
i167072,8
i167074,4
i167083,21
i167084,2
i167088,10
i167095,29
i167098,1
i16711,26
i167110,2
i167111,1
i167112,11
i167114,5
i167123,12
i16713,14
i167133,2
i16714,1
i167141,2
i167142,1
i167147,21
i16715,3
i167150,2
i167154,1
i167155,5
i167158,11
i167159,1
i167160,13
i167171,5
i167173,2
i167178,9
i167183,1
i167186,4
i167188,4
i167189,5
i16719,27
i167195,12
i167197,8
i167204,8
i167206,43
i167210,4
i167212,3
i167214,4
i167219,6
i167220,7
i167221,4
i167222,22
i167226,35
i167235,28
i167236,32
i167237,26
i167240,13
i167247,1
i167248,24
i167249,52
i16725,50
i167251,18
i16726,76
i167263,4
i167267,29
i167269,2
i167276,29
i167279,16
i167280,11
i167281,18
i167282,4
i167283,6
i167293,2
i167297,6
i16730,10
i167300,21
i167303,6
i167304,3
i167312,37
i167315,22
i167317,39
i167320,4
i167321,28
i167327,55
i167331,44
i167332,5
i167336,19
i167339,6
i167343,1
i167344,1
i167345,1
i167347,5
i167352,34
i167353,8
i167355,13
i167357,20
i167361,15
i167365,1
i167372,1
i167378,5
i167379,1
i167381,2
i167392,59
i167394,85
i167395,8
i167398,16
i167399,7
i167404,30
i167406,17
i16741,3
i167411,5
i167416,3
i16742,23
i167424,61
i167430,3
i167436,9
i167443,16
i167446,34
i167447,6
i16745,5
i167463,8
i167464,25
i167470,4
i167474,31
i167476,1
i167477,19
i167484,64
i167486,1
i167489,31
i167496,1
i167499,6
i167503,42
i167505,1
i167507,9
i167509,10
i16751,5
i167512,3
i167515,6
i167518,5
i167524,4
i16753,2
i167533,18
i167535,2
i167537,3
i167540,1
i167544,24
i167554,11
i167560,2
i167568,6
i167570,3
i167577,30
i167579,9
i167583,4
i167585,2
i167586,7
i167588,16
i167589,7
i167593,27
i167595,4
i167599,30
i1676,34
i167601,11
i167602,12
i167606,18
i167607,7
i16761,1
i167611,2
i167614,42
i167618,10
i167622,7
i167623,7
i167625,3
i167629,15
i167630,24
i167639,5
i167644,20
i167645,24
i16765,75
i167656,7
i167662,63
i167665,16
i167673,16
i167680,3
i167685,3
i167695,30
i167707,4
i16771,20
i167711,6
i167716,18
i16772,39
i16773,16
i167734,1
i167739,24
i16774,49
i167757,15
i167758,8
i167764,6
i167765,1
i167768,3
i167787,12
i167788,33
i167789,6
i167791,24
i167792,4
i167796,6
i167798,9
i167799,6
i167805,21
i167806,16
i167811,19
i167817,37
i167818,1
i16782,17
i167824,17
i167825,1
i167826,38
i167829,17
i16783,32
i167830,4
i167832,15
i167841,43
i167842,7
i167844,1
i167848,24
i167852,23
i167853,28
i167857,2
i167860,7
i167866,39
i167870,50
i167872,4
i167873,44
i167875,10
i167877,39
i167881,23
i167882,7
i167883,35
i167884,12
i167887,8
i167891,2
i167892,4
i167893,12
i167894,21
i167897,33
i167899,1
i167900,10
i167906,18
i16791,5
i167914,1
i167915,5
i167920,25
i167922,22
i167935,16
i167950,1
i167952,1
i167957,20
i16796,3
i167964,1
i167967,1
i167968,6
i167969,14
i167970,15
i167974,2
i167975,8
i167978,2
i167983,5
i167987,41
i167990,5
i167996,1
i168003,11
i168004,2
i168005,10
i168007,1
i168009,42
i168010,4
i168011,2
i168013,16
i168018,8
i168020,13
i168022,1
i168026,4
i168031,3
i168039,53
i16804,38
i168051,18
i168062,25
i168063,74
i168065,2
i168066,2
i168068,14
i16808,5
i168081,4
i168084,3
i168087,3
i168090,7
i168091,1
i168099,25
i168101,17
i168103,1
i168107,2
i168115,6
i168116,5
i168118,5
i168119,2
i168121,5
i168122,10
i168125,1
i168128,11
i16813,22
i168136,18
i168141,7
i168144,5
i168148,1
i168167,1
i16817,10
i168170,10
i168173,1
i168175,2
i168180,6
i168181,6
i168198,10
i168199,20
i168203,25
i168209,6
i168210,3
i16822,19
i168222,1
i168223,6
i168228,3
i168231,5
i168237,1
i168238,1
i168243,12
i168249,1
i16825,9
i168250,13
i168252,4
i168253,3
i168254,2
i168255,5
i168257,4
i168261,2
i168267,30
i168268,7
i16827,27
i168270,4
i168277,11
i168278,17
i16828,26
i168286,29
i168289,6
i168293,32
i168297,2
i168300,22
i168306,11
i168313,13
i168315,24
i168317,27
i168320,2
i168323,9
i168326,2
i168328,1
i168330,6
i168331,18
i168333,28
i168335,15
i168337,17
i168347,2
i16835,6
i168359,1
i168360,6
i168369,1
i168374,10
i168376,8
i168377,1
i168380,4
i168388,106
i168392,8
i168394,26
i168398,9
i1684,2
i168401,11
i16841,16
i168411,30
i168413,3
i168418,1
i168419,1
i168427,14
i168428,16
i168434,2
i168438,3
i168444,1
i168449,9
i168450,5
i168459,4
i168465,7
i168468,18
i16847,42
i168470,1
i168473,36
i16848,15
i168481,27
i168494,12
i168505,7
i168518,7
i168526,20
i168530,16
i168531,1
i168532,4
i168536,13
i168544,1
i168549,21
i16855,14
i168550,3
i168551,10
i168556,1
i168558,6
i16856,9
i168567,5
i168570,6
i168575,4
i16858,40
i168586,7
i168587,2
i16859,9
i168590,4
i168592,7
i168597,24
i16860,42
i168600,1
i168609,5
i168619,6
i168620,2
i168628,2
i16863,2
i168630,2
i168632,11
i168633,1
i16864,76
i168640,6
i168644,1
i168656,3
i168658,6
i168659,5
i168666,2
i16867,11
i168674,5
i168676,40
i168679,7
i168682,2
i168683,17
i168686,33
i168688,49
i168699,3
i168715,19
i168719,2
i16872,2
i168726,3
i168727,4
i168728,3
i168737,1
i16875,1
i168751,17
i168752,10
i168756,24
i168758,29
i168771,40
i168772,19
i168777,19
i168781,1
i168782,7
i168783,41
i168784,11
i168785,7
i168786,15
i168789,3
i168791,3
i168793,6
i168794,16
i168798,2
i168802,13
i168805,2
i168822,3
i168832,4
i168835,4
i168837,3
i168852,2
i168855,5
i168856,2
i168861,6
i168869,2
i168872,1
i168883,4
i168885,14
i16889,52
i168891,14
i168892,6
i168902,7
i168908,3
i168919,2
i16892,63
i168921,5
i168922,3
i168926,7
i168929,5
i168934,2
i168935,5
i168936,3
i168943,7
i168946,1
i168947,7
i168954,2
i168956,10
i168962,1
i16897,27
i168972,4
i168973,12
i168976,1
i168981,3
i168985,14
i168988,1
i168989,5
i168992,6
i168993,16
i168995,1
i168997,1
i168998,18
i169000,4
i169004,18
i169012,1
i169022,2
i169024,4
i169026,10
i169033,23
i169042,5
i169047,6
i16905,3
i169051,6
i169067,10
i169068,1
i169070,3
i169074,3
i169078,1
i169079,13
i169081,42
i169082,9
i169086,17
i169090,4
i169094,59
i169095,2
i169096,67
i169099,20
i169112,15
i169115,4
i169116,25
i169122,10
i169128,28
i169135,29
i169138,5
i169139,4
i169143,15
i169145,11
i169153,42
i169155,67
i169156,3
i169157,28
i16916,3
i169163,23
i169178,25
i169179,19
i169181,5
i169183,3
i169190,24
i169191,23
i169199,18
i1692,2
i16920,2
i169202,2
i169203,2
i169204,2
i169210,14
i169217,1
i169228,5
i16924,33
i169241,8
i169249,29
i169252,32
i169259,12
i169264,5
i169272,9
i169276,10
i169277,30
i169280,70
i169283,2
i169286,11
i169294,6
i169296,21
i1693,14
i169303,16
i169311,11
i169313,1
i169314,3
i169317,4
i169321,1
i169324,11
i169325,5
i169327,12
i169333,1
i16934,14
i169342,5
i169347,24
i169348,39
i169349,2
i169350,32
i169352,8
i169353,1
i169355,31
i169356,17
i169357,29
i169361,47
i169366,12
i169367,5
i169373,3
i169375,3
i169381,3
i169383,20
i169385,3
i16939,1
i1694,43
i169404,4
i169412,4
i169416,79
i169426,13
i169427,12
i16943,1
i169432,23
i169436,27
i169438,11
i169440,17
i169444,27
i169446,12
i169448,4
i169449,23
i16945,12
i169455,42
i169456,11
i169457,29
i169459,33
i169472,2
i169476,18
i169477,14
i169478,13
i16948,20
i169480,5
i169482,12
i169488,11
i169491,1
i169493,8
i169498,44
i169499,6
i169507,43
i169509,24
i169515,5
i169516,8
i16952,7
i169522,3
i169527,6
i169532,8
i169535,2
i169539,27
i169541,3
i169543,1
i169545,2
i169546,10
i16955,6
i169550,9
i169554,15
i169556,31
i169559,6
i16956,1
i169562,16
i169565,7
i169568,36
i169576,11
i169584,4
i169585,13
i169587,20
i169588,1
i169593,1
i169594,2
i169595,23
i169599,1
i169601,13
i169604,15
i169605,6
i169607,20
i16961,6
i169614,18
i169617,4
i169619,14
i169620,38
i169622,18
i169623,2
i169629,46
i169633,3
i169638,4
i16964,2
i169641,22
i169644,1
i169648,25
i169650,1
i169653,9
i169655,6
i169663,1
i169665,7
i169672,12
i169675,3
i169677,3
i169681,1
i169687,7
i169688,5
i16969,54
i169690,11
i169691,7
i169707,24
i169721,1
i169722,20
i169723,20
i169727,14
i16973,2
i169730,3
i169734,5
i169735,8
i169738,5
i169746,12
i169751,1
i16976,62
i169761,9
i169767,9
i169768,4
i169771,7
i169774,1
i169777,3
i169778,15
i169779,3
i169784,5
i169785,3
i169787,10
i169792,2
i169804,3
i169806,8
i169818,2
i169822,8
i169823,6
i169828,18
i16983,30
i169831,10
i169833,5
i169841,5
i169842,8
i169847,25
i169864,20
i169865,35
i169867,38
i169868,27
i169870,2
i169874,47
i169878,1
i169880,11
i169882,30
i169886,6
i169892,1
i169893,25
i169894,36
i169896,25
i169901,7
i169904,3
i169908,31
i16991,7
i169915,1
i169919,11
i16992,26
i169923,7
i169925,1
i169926,7
i16993,2
i169932,26
i169934,6
i169942,31
i169943,1
i169944,23
i169947,11
i169949,3
i169950,15
i169955,2
i16996,10
i169962,4
i169964,3
i169967,4
i16997,20
i169971,13
i169975,1
i169976,6
i169979,2
i169983,11
i169985,11
i169997,18
i170005,13
i170011,14
i170013,3
i170015,14
i17002,2
i170024,9
i170025,1
i170032,1
i170039,16
i170042,10
i170045,27
i170049,18
i170053,7
i170054,90
i170061,1
i170063,12
i170066,7
i170069,7
i17007,57
i170072,16
i170075,27
i170078,5
i170081,44
i170082,14
i170085,32
i170086,7
i170094,1
i170100,23
i170105,19
i170107,5
i170108,1
i170111,1
i170112,1
i170113,57
i170116,27
i170118,1
i17012,17
i170120,30
i17013,63
i170145,1
i170148,3
i17015,45
i170153,13
i170159,19
i170160,2
i170169,1
i170170,6
i170171,12
i170179,19
i170181,6
i170182,2
i170187,30
i17019,20
i170191,6
i170193,5
i170197,1
i170198,7
i170199,7
i170200,5
i170204,3
i170207,3
i170209,1
i17021,54
i170210,18
i170216,2
i170221,12
i170223,14
i170228,7
i170229,3
i170233,5
i170234,12
i170242,14
i170248,30
i170251,18
i170253,3
i170254,6
i170255,3
i170256,5
i17026,16
i170260,8
i170263,1
i170264,3
i170267,13
i170269,15
i17027,30
i170276,29
i170278,5
i170280,9
i170282,7
i170287,2
i170292,1
i170304,5
i170319,2
i17032,6
i170321,52
i170328,3
i17033,33
i170335,19
i170337,13
i170341,13
i170343,6
i170344,3
i170352,1
i170356,1
i170362,20
i170363,8
i170373,3
i170374,5
i170375,1
i170377,54
i170383,1
i170391,3
i170394,17
i170397,6
i1704,7
i170400,3
i170405,3
i170406,17
i170408,14
i170414,3
i170422,7
i17043,2
i170434,4
i17044,10
i170445,1
i170446,13
i17045,1
i170454,5
i170455,22
i170461,7
i170469,1
i170471,5
i170475,3
i170480,1
i170486,2
i170494,12
i170496,10
i170503,6
i170504,9
i170516,2
i170518,43
i170521,3
i170532,1
i17054,34
i170545,12
i170550,2
i170551,1
i170552,2
i170560,13
i17057,2
i170570,1
i170574,30
i170578,1
i170579,5
i170585,20
i170586,6
i170589,4
i170592,10
i170593,12
i170594,8
i170600,2
i170610,2
i170615,20
i170617,6
i17062,4
i170621,44
i170624,1
i170625,8
i170626,1
i170627,5
i17063,1
i170631,23
i170634,14
i170635,14
i17064,15
i170640,6
i170645,52
i170647,1
i170648,2
i170649,8
i17065,3
i170653,9
i170655,36
i170656,2
i170659,28
i170660,13
i170663,19
i170666,2
i170671,15
i170673,3
i170675,1
i170677,28
i170683,3
i170689,3
i17069,2
i170693,4
i170694,20
i170700,15
i170708,37
i170711,7
i170712,38
i170713,3
i170714,15
i17072,77
i170721,43
i170725,9
i170726,6
i170727,10
i170735,72
i17074,27
i170741,64
i170744,1
i170748,64
i170752,42
i170755,37
i170756,12
i170762,8
i170763,28
i170764,33
i170766,45
i17077,10
i170770,15
i170772,6
i170776,1
i170779,13
i170780,6
i170785,80
i170787,5
i170795,18
i170796,20
i1708,4
i170807,2
i170813,1
i170814,80
i170817,6
i170818,1
i170828,3
i17083,12
i170834,25
i170840,52
i170841,4
i170844,1
i170847,69
i170851,24
i170852,4
i170854,8
i170858,6
i170862,22
i170863,10
i170864,6
i17087,12
i170871,15
i170873,35
i17088,25
i170883,3
i170885,13
i170891,20
i170893,1
i170895,42
i170896,24
i1709,13
i17090,41
i170900,4
i170901,11
i170902,6
i170903,20
i170905,16
i170909,4
i170910,1
i170918,18
i170923,5
i170924,46
i170931,4
i170937,42
i170945,1
i170946,9
i170958,9
i17096,91
i170961,3
i170963,4
i170977,3
i170982,21
i170983,54
i170985,6
i170987,34
i170988,11
i170995,8
i170999,1
i171,76
i17100,25
i171003,51
i17101,18
i171016,15
i171018,13
i171019,8
i171021,3
i171023,20
i171026,11
i171029,3
i171034,15
i171037,13
i17104,2
i171046,18
i171047,4
i171048,3
i171049,1
i17105,61
i171057,35
i171060,32
i171062,6
i171067,25
i171070,19
i171076,4
i171077,5
i171080,1
i171089,38
i17109,57
i171090,2
i171093,23
i171095,5
i171096,22
i171099,7
i171107,10
i171109,26
i17111,2
i171118,3
i17112,10
i171121,3
i171126,10
i171127,120
i171130,3
i171135,2
i171136,3
i171137,5
i171148,8
i171150,23
i171157,13
i171160,2
i171167,31
i171171,1
i171173,28
i171175,7
i171179,5
i17118,27
i171180,9
i171184,13
i171186,4
i171187,31
i17119,1
i171197,26
i171198,5
i171199,23
i171200,1
i171204,7
i171207,26
i17121,3
i171212,2
i171219,21
i17122,4
i171220,21
i171221,8
i17123,28
i171230,66
i171231,1
i171236,65
i171237,1
i171238,10
i171239,17
i171241,36
i171244,31
i171245,15
i171251,7
i171259,22
i171271,1
i171274,17
i171277,14
i171285,24
i171286,1
i171288,12
i171290,1
i171294,4
i171298,52
i1713,11
i171301,10
i171302,28
i171305,3
i171309,35
i171312,3
i171316,2
i171328,11
i171329,17
i171342,4
i171343,2
i171347,9
i171350,28
i171355,9
i171358,6
i171365,26
i171366,27
i171368,23
i171374,2
i171375,3
i171376,21
i171378,5
i171380,9
i171385,2
i171386,2
i171392,5
i171395,2
i171397,5
i1714,23
i171405,21
i171408,12
i171413,2
i171415,45
i171416,6
i171422,10
i171424,19
i171428,7
i171429,3
i171432,7
i171437,15
i171440,7
i171442,1
i171444,2
i171447,12
i171450,2
i171451,1
i171463,35
i171465,9
i171466,5
i171467,3
i17147,32
i171473,6
i171477,37
i171479,2
i171480,1
i171483,31
i171486,44
i171489,33
i171496,37
i171497,1
i171501,13
i171503,19
i171512,71
i171517,5
i171520,9
i171526,1
i171527,33
i171528,1
i171529,15
i17153,18
i171530,6
i171532,8
i171537,4
i171547,1
i17155,2
i171553,1
i171555,4
i171562,86
i171567,26
i171574,9
i171576,1
i17158,7
i171585,4
i17159,21
i171595,5
i171597,18
i171599,6
i171604,9
i17161,2
i171614,71
i171616,11
i171619,17
i17163,23
i171637,25
i171640,13
i171645,11
i171649,5
i171655,1
i171659,23
i17166,1
i171668,1
i171677,1
i171678,12
i171681,96
i171684,67
i171688,7
i171689,10
i171690,9
i171691,22
i171693,49
i171695,2
i171700,12
i171703,2
i171704,91
i171705,21
i17171,18
i171713,20
i171716,28
i171721,4
i171722,23
i171729,38
i171734,4
i171735,7
i171737,1
i171741,8
i171743,2
i171744,2
i171748,3
i171749,9
i171752,3
i171756,31
i171757,63
i17176,51
i171761,35
i171762,3
i171776,4
i171786,41
i171787,23
i171790,16
i171792,4
i171794,3
i171795,4
i171796,1
i171797,10
i171800,2
i171801,51
i171806,47
i171807,39
i171809,19
i171812,11
i171814,31
i171817,19
i171818,29
i171826,33
i171833,2
i171835,11
i171838,6
i171840,43
i171841,13
i171842,26
i171847,5
i171849,14
i171852,2
i171859,5
i171862,2
i171864,5
i171875,15
i171877,31
i171878,20
i17188,1
i171880,6
i171885,2
i171887,2
i171891,2
i171892,22
i171896,59
i171901,3
i171904,5
i171905,14
i171909,7
i171914,2
i171928,4
i171932,9
i171933,16
i171935,10
i171939,6
i171941,3
i171945,79
i171946,9
i17195,4
i171950,3
i171952,20
i171954,7
i171955,10
i171958,26
i171959,3
i171960,8
i171961,10
i171964,19
i171968,17
i171969,18
i17197,13
i171975,2
i171976,7
i171978,5
i171979,17
i171989,45
i1720,18
i172000,5
i172001,2
i172002,1
i172005,56
i172014,17
i172017,13
i172020,16
i172024,3
i172025,19
i172029,9
i172032,53
i172033,16
i172037,17
i17204,49
i172048,4
i172050,11
i172051,3
i172055,5
i172066,25
i172067,59
i17208,4
i172083,1
i172085,1
i17209,31
i172090,6
i172091,3
i172096,2
i172097,5
i1721,135
i172100,4
i172103,7
i172105,17
i17211,2
i172110,18
i172114,1
i172117,2
i172120,44
i172122,39
i172127,6
i172138,19
i172139,11
i17214,72
i172141,10
i172142,48
i172143,37
i172144,2
i172147,8
i17215,5
i172150,22
i172151,11
i172152,8
i172153,3
i172156,20
i172157,17
i172166,17
i172167,2
i17217,1
i172175,5
i172179,3
i17218,19
i172188,33
i172189,2
i17219,4
i172191,6
i172193,24
i172195,3
i172196,16
i172199,3
i172201,7
i172203,4
i172209,3
i17221,2
i172210,11
i172213,2
i172221,12
i172222,8
i172225,4
i172229,15
i172230,4
i172232,9
i172235,4
i172236,2
i172239,10
i172240,10
i172242,10
i172245,5
i172247,1
i172253,13
i172259,12
i172260,9
i172261,2
i172263,4
i172266,2
i172271,23
i172272,5
i172276,1
i172278,1
i17228,14
i172280,12
i172284,12
i172289,8
i17229,72
i172293,8
i172298,1
i1723,18
i172306,86
i172308,20
i172309,8
i172311,15
i172312,40
i172314,8
i172315,28
i17232,62
i172320,16
i172325,7
i172326,14
i172331,2
i172339,1
i17234,19
i172340,6
i172341,9
i172348,2
i172352,3
i172354,3
i172360,7
i172361,1
i172365,1
i172368,12
i172376,2
i172378,1
i172379,1
i172380,1
i172381,1
i172386,30
i172388,2
i172389,3
i1724,4
i17240,2
i172408,4
i172415,1
i172416,8
i172419,3
i17242,19
i172422,12
i172425,5
i172430,3
i172431,17
i172433,10
i172434,3
i172438,22
i172441,10
i172447,3
i172448,13
i172455,2
i172457,2
i17246,14
i172465,1
i172471,22
i172475,10
i172479,2
i172480,4
i172484,7
i172487,5
i172492,2
i172505,16
i172507,5
i17251,60
i172512,1
i172513,2
i172519,15
i172521,1
i172522,8
i172526,4
i172532,19
i172533,5
i172535,31
i172538,4
i172541,5
i172542,17
i172544,1
i172549,27
i172559,13
i172560,36
i172563,89
i172568,56
i17257,8
i172570,36
i172571,10
i172572,27
i172578,3
i172579,43
i172580,30
i172589,15
i17259,93
i172592,17
i172598,1
i172601,1
i172603,3
i172607,36
i172611,3
i172612,11
i172619,10
i172621,33
i172622,12
i172624,3
i172627,13
i172628,2
i17263,1
i172632,4
i172633,39
i172634,4
i172644,23
i172646,3
i172651,3
i172652,11
i172653,1
i172657,25
i172666,13
i172667,1
i172671,2
i172673,25
i172680,5
i172683,35
i172684,1
i172685,64
i172686,14
i17269,29
i172691,73
i172695,10
i172697,35
i1727,31
i172703,27
i172704,15
i172705,54
i172707,1
i17271,11
i172711,4
i172714,37
i172718,1
i17272,14
i172722,1
i172724,22
i17273,11
i172731,7
i172737,6
i17274,44
i172742,3
i172744,6
i17275,30
i172750,22
i172753,1
i172754,14
i172758,28
i172760,20
i172771,41
i172775,6
i172776,57
i172781,1
i172784,2
i172787,2
i17279,3
i172792,1
i172800,10
i172801,1
i172804,28
i172811,1
i172815,45
i172817,19
i172819,71
i172821,25
i172826,3
i172829,1
i17283,23
i172833,27
i172837,4
i172838,2
i172840,33
i172841,2
i172842,19
i172844,74
i172851,20
i172855,41
i172856,87
i172858,5
i172860,1
i172865,59
i172871,3
i172872,8
i172879,3
i172882,17
i172883,3
i172893,23
i172898,2
i172901,1
i172903,14
i172910,10
i172913,10
i172914,21
i172915,8
i172917,12
i172919,2
i172921,8
i172923,1
i172924,7
i172929,48
i172931,11
i172934,1
i172938,29
i172939,7
i172942,12
i172943,27
i172949,17
i17295,3
i172952,3
i172958,43
i17296,22
i172965,1
i172968,16
i172972,1
i172978,1
i172980,10
i172982,4
i172985,4
i172990,1
i172994,6
i172998,42
i173,3
i173003,2
i173008,1
i173012,4
i173017,5
i173018,53
i173019,50
i173022,2
i173025,8
i17303,69
i173031,7
i173032,40
i17304,9
i173043,5
i173046,37
i173047,37
i17305,2
i173050,4
i173054,9
i173058,19
i173062,1
i173065,8
i173068,12
i173071,3
i173080,6
i173090,3
i173095,1
i173104,70
i173112,2
i173115,1
i173119,21
i17312,49
i173122,14
i173127,3
i173130,10
i173132,6
i173147,1
i173149,16
i17315,22
i173152,33
i173154,8
i173160,2
i173167,2
i173169,12
i173173,2
i173174,2
i173175,15
i173179,2
i173185,14
i173187,8
i173191,10
i173193,2
i173199,34
i173200,34
i173201,1
i173205,3
i173211,22
i173212,2
i173215,10
i173224,14
i173228,2
i17324,2
i173241,3
i173242,41
i173247,12
i173250,5
i173252,6
i173255,13
i17326,9
i173261,43
i173265,28
i173267,33
i173270,26
i173272,3
i173273,9
i173277,4
i173278,12
i173280,29
i173283,15
i173284,1
i173285,12
i173294,10
i173295,1
i173299,2
i173301,3
i173304,2
i173306,23
i173309,6
i173314,22
i173316,46
i173318,64
i173319,2
i173321,82
i173322,88
i173332,3
i173334,2
i173342,22
i173348,14
i173351,1
i173354,14
i173355,1
i173357,24
i173358,8
i173359,28
i173363,47
i173365,13
i173370,1
i173379,33
i173385,6
i173396,4
i1734,1
i173400,8
i173401,34
i173402,1
i173415,9
i173417,2
i173426,3
i17343,6
i173444,5
i173452,15
i173457,2
i17346,13
i173462,16
i173463,5
i173468,5
i173469,5
i17347,3
i173471,5
i173474,5
i173477,4
i173480,28
i173489,4
i173490,1
i173492,6
i173493,12
i173524,1
i173525,3
i17353,12
i173536,8
i173541,4
i173542,2
i173544,3
i173547,5
i173558,2
i173567,5
i173588,1
i173595,3
i1736,3
i17360,4
i173600,1
i173615,4
i173616,4
i173619,4
i173620,14
i173625,4
i17363,4
i173635,27
i173639,28
i173642,18
i17365,2
i173659,14
i173661,9
i173664,17
i173665,7
i173667,4
i173672,51
i173675,3
i173680,42
i17369,2
i173690,8
i173691,26
i173695,16
i173696,29
i173701,6
i173702,12
i17371,3
i173710,4
i173714,2
i173718,4
i17372,12
i173722,13
i173735,4
i173736,9
i173741,2
i173749,5
i173756,6
i173758,27
i17377,7
i173773,14
i173780,1
i17379,15
i173791,13
i173793,11
i173794,7
i173797,2
i17380,4
i173800,7
i173801,15
i173806,3
i17381,3
i173812,22
i17382,6
i173820,10
i173821,10
i173825,5
i173826,27
i173837,7
i173838,4
i17384,5
i173840,3
i173843,19
i173858,25
i173859,1
i173861,9
i173862,13
i173863,10
i173869,38
i173872,2
i173883,6
i17389,29
i173890,4
i173898,1
i17390,56
i173901,2
i173907,1
i17391,67
i173910,1
i173911,5
i173912,1
i173917,14
i173919,2
i17392,59
i173934,18
i17394,7
i173940,17
i173945,3
i173954,14
i17396,6
i173968,1
i173974,22
i173979,2
i173985,19
i17399,11
i173991,19
i173994,27
i173997,8
i174,58
i174000,11
i174001,4
i174002,34
i174005,4
i174007,2
i174008,11
i174009,3
i17401,17
i174013,9
i174016,10
i17402,7
i174020,2
i174024,8
i17403,3
i174031,3
i174032,6
i174047,2
i174049,1
i17405,38
i174051,17
i174053,16
i174054,16
i174055,16
i174057,6
i174061,19
i174065,10
i174080,19
i174087,31
i174096,2
i174098,5
i1741,82
i174105,27
i174112,18
i174116,30
i174119,2
i17412,3
i174120,2
i174123,18
i174127,2
i17413,69
i174134,37
i17414,73
i174144,10
i174146,15
i174148,13
i174149,12
i174151,1
i174157,11
i174165,19
i174166,2
i174177,20
i174180,4
i174188,13
i174193,28
i174196,12
i174197,11
i174204,24
i174209,11
i174217,34
i174220,4
i174222,23
i174226,3
i174227,1
i174229,5
i174232,2
i174244,17
i174249,13
i174252,3
i174254,7
i17427,43
i174275,15
i174278,1
i174284,11
i174288,3
i174297,8
i174300,1
i174308,4
i174309,17
i174314,17
i174315,6
i174334,4
i174337,1
i174342,8
i174345,4
i174347,3
i174348,14
i174356,2
i174365,41
i174367,2
i174372,15
i174376,8
i17438,77
i174381,38
i174391,41
i174392,11
i174393,38
i174395,5
i174397,17
i174398,2
i174400,81
i174404,1
i174407,1
i174408,36
i174409,69
i174413,13
i174414,46
i174417,25
i174421,5
i174437,10
i174442,1
i174445,5
i174449,22
i174457,3
i174459,2
i17446,107
i174468,3
i17447,7
i174472,24
i174474,36
i174475,13
i174478,48
i174479,10
i174480,1
i174485,30
i174486,6
i174488,29
i174492,30
i17450,49
i174502,18
i174504,8
i17451,24
i174516,8
i174518,50
i174529,5
i174536,2
i174538,4
i174539,20
i17454,59
i174540,21
i174543,4
i174546,85
i174549,6
i174553,25
i174554,49
i174557,2
i174563,2
i174572,17
i174580,4
i174584,38
i174594,1
i174597,11
i174598,2
i1746,4
i17460,23
i174600,1
i174602,1
i174604,28
i174611,23
i174612,35
i174614,1
i174620,8
i174625,3
i174626,22
i17463,10
i174643,43
i174646,19
i174652,25
i174655,6
i174659,2
i174660,57
i17467,32
i174680,5
i174684,4
i174689,2
i174690,13
i1747,5
i174700,10
i174702,7
i174703,60
i174705,41
i174706,38
i17471,16
i174711,16
i174714,20
i17472,38
i174722,2
i174727,4
i174728,40
i17473,11
i174731,30
i174734,16
i174735,28
i174745,29
i174747,3
i174749,26
i174752,7
i174754,38
i174756,15
i17476,1
i174765,2
i174766,5
i174769,30
i174770,103
i174771,6
i174772,9
i174775,15
i174777,5
i174794,12
i174796,15
i17480,14
i174801,72
i174811,2
i174823,8
i17483,13
i174830,3
i174832,10
i174837,2
i174841,25
i174846,2
i174854,11
i174855,15
i174858,15
i174863,25
i174869,23
i17487,9
i174870,6
i174873,25
i174880,4
i174887,4
i17489,18
i174890,3
i174906,6
i174911,17
i174913,3
i174919,65
i174923,6
i174932,20
i174936,3
i174939,14
i17494,9
i174940,14
i174946,1
i174948,4
i174950,8
i174953,6
i174954,1
i174955,20
i174958,21
i174969,2
i174970,11
i174975,1
i174977,22
i174980,49
i174982,29
i174985,5
i174993,2
i174995,4
i174996,13
i17500,41
i175003,1
i175005,29
i175007,4
i175010,28
i175015,9
i175018,16
i17502,12
i175027,1
i175029,12
i175033,23
i175035,5
i175039,1
i175048,12
i175052,10
i175062,3
i175063,3
i175073,32
i175076,32
i175087,8
i175091,10
i175093,6
i175094,2
i175095,71
i17510,13
i175102,23
i175103,2
i175104,30
i175108,12
i175115,23
i175116,51
i175117,1
i175123,22
i175125,20
i175129,7
i175134,16
i175136,1
i17514,1
i17515,25
i175155,1
i175156,37
i175157,7
i175160,18
i175161,3
i175165,14
i175169,6
i175171,14
i175173,5
i175175,3
i175177,8
i175179,40
i175183,3
i175185,4
i175188,27
i175189,3
i17519,9
i175191,2
i175193,4
i175194,22
i175196,44
i175197,10
i175199,1
i175200,75
i175205,2
i175209,2
i175212,1
i175215,26
i175218,1
i17522,20
i175224,51
i175226,4
i175227,38
i17523,86
i175230,1
i175233,5
i175260,20
i175267,4
i175270,2
i175277,6
i175280,10
i175281,8
i175283,1
i175287,2
i175295,13
i175298,18
i175300,3
i175307,3
i175308,3
i175310,3
i175311,3
i175314,3
i175316,3
i17532,42
i175324,1
i175327,5
i175329,2
i175334,1
i175336,9
i175337,25
i175341,5
i175344,20
i175345,6
i175347,4
i17535,1
i175351,15
i175358,9
i175359,3
i17536,20
i175362,11
i175364,1
i175367,32
i175372,6
i175378,8
i175381,15
i175388,1
i175393,22
i175397,22
i1754,38
i175401,13
i175406,21
i175407,62
i17541,5
i175410,44
i175417,2
i175419,2
i17542,1
i175432,5
i175437,7
i175445,4
i175446,10
i175453,2
i175456,53
i175458,3
i175463,11
i175467,36
i175469,1
i175472,42
i175475,19
i175479,14
i175480,10
i175485,38
i175487,12
i175489,4
i175493,25
i175497,19
i175498,1
i175508,68
i175509,12
i17551,3
i175511,1
i175513,35
i175517,13
i175519,1
i175526,19
i175535,33
i175540,6
i175542,6
i175544,1
i175546,6
i175547,20
i175548,7
i175551,63
i175552,5
i175555,5
i175557,22
i175561,10
i175563,1
i175565,11
i175567,1
i175568,9
i17557,63
i175570,13
i175574,6
i175575,11
i175578,6
i175579,16
i17558,9
i175580,17
i175581,15
i175587,1
i175589,19
i17559,5
i175591,14
i175595,6
i175596,2
i175598,9
i175602,23
i175603,1
i175607,5
i17561,82
i175610,15
i175612,19
i175616,8
i175628,15
i175637,14
i175647,2
i175648,4
i17565,16
i17566,64
i175661,23
i175664,2
i175666,4
i175671,1
i175673,7
i17568,19
i175682,25
i175684,4
i175685,5
i175687,16
i175688,1
i17569,12
i175693,9
i175694,3
i175695,15
i175699,6
i1757,29
i175704,10
i175707,6
i175708,3
i175709,1
i175712,10
i175713,1
i175716,5
i175724,11
i175726,7
i175731,2
i175732,44
i175738,2
i175739,12
i17574,2
i175744,7
i175747,68
i175748,1
i175751,15
i175756,11
i175763,16
i175766,26
i17577,2
i175770,15
i175771,5
i175772,10
i175774,48
i175777,2
i175778,1
i175779,29
i175780,27
i175783,10
i17579,1
i175790,77
i175794,25
i175798,7
i1758,45
i175803,52
i175823,1
i175824,7
i175831,25
i175832,4
i175833,9
i175837,10
i175840,1
i175844,6
i175846,2
i175848,15
i175850,10
i175854,18
i175856,9
i175863,4
i175867,3
i175870,1
i17588,2
i175886,33
i175887,11
i175888,3
i175889,3
i175891,46
i175898,12
i175902,4
i175907,15
i175910,22
i175912,3
i175917,34
i175919,6
i175920,10
i175921,9
i175923,25
i17593,34
i175930,9
i175931,1
i175936,2
i175939,13
i175942,12
i175945,1
i175949,2
i175952,7
i175957,14
i175958,4
i175961,9
i175963,19
i175969,8
i17597,27
i175972,4
i175974,4
i175977,5
i175979,5
i175981,1
i175984,7
i175993,2
i175996,37
i176,4
i1760,27
i17600,27
i176007,13
i176016,4
i176017,7
i176019,1
i176022,17
i176029,3
i17603,48
i176030,1
i176032,8
i176033,8
i176037,2
i176041,17
i176046,12
i176050,1
i176053,2
i176064,8
i176066,1
i176067,3
i17607,16
i176071,6
i176073,25
i176082,12
i176087,20
i176102,7
i176105,3
i176106,7
i176109,2
i17611,43
i176110,81
i176111,1
i176115,3
i176118,2
i176121,2
i176122,2
i176123,16
i176125,14
i17613,17
i176130,13
i176133,2
i176134,8
i176136,34
i176146,6
i176149,4
i17615,6
i176153,1
i176160,4
i176162,6
i176165,7
i176169,26
i176170,2
i176171,22
i176173,5
i176181,9
i176184,6
i176187,24
i176191,2
i176193,1
i176196,12
i17620,19
i176206,4
i176216,9
i17622,2
i176220,6
i176222,7
i176224,23
i176229,25
i176230,24
i176231,18
i176236,6
i176238,11
i176245,1
i176248,19
i176256,1
i176262,15
i176264,11
i176266,13
i17627,47
i176274,34
i176277,5
i176278,9
i176279,43
i17628,8
i176282,8
i176288,2
i176290,11
i176297,19
i1763,1
i17630,8
i176304,14
i176308,1
i176309,1
i176310,16
i176312,2
i176318,5
i176332,3
i176334,49
i176339,87
i176344,35
i176350,55
i176358,17
i176361,1
i176365,16
i176369,30
i176377,6
i176379,35
i17638,9
i17639,9
i176390,3
i176396,50
i176397,7
i176401,3
i176405,8
i176406,35
i17641,60
i176410,1
i176422,13
i176430,4
i176439,6
i176443,1
i176448,7
i176449,114
i176450,18
i176451,10
i176453,33
i176470,11
i176476,27
i176481,2
i176489,1
i176495,35
i176498,18
i176500,6
i176503,2
i176504,18
i176506,4
i176508,24
i176515,3
i176520,2
i176522,3
i176526,1
i176529,6
i17653,27
i176530,11
i176533,13
i176538,36
i17654,19
i176542,5
i176543,5
i176548,25
i176550,2
i176552,5
i176557,2
i176559,11
i176560,20
i176569,7
i176570,46
i176571,21
i176588,20
i176595,13
i176596,5
i176600,13
i176605,3
i176608,5
i17662,9
i176620,4
i176622,1
i176623,17
i176625,20
i176626,4
i17663,17
i176632,3
i176633,51
i176641,21
i176642,4
i176643,1
i176646,22
i176647,3
i176651,20
i176654,7
i176657,25
i176668,1
i176674,1
i176675,17
i176679,1
i176680,2
i176681,28
i176682,4
i176688,14
i17669,3
i176691,5
i176693,26
i176698,38
i176701,2
i176702,3
i176703,4
i176704,9
i17671,86
i176714,35
i176722,2
i176724,10
i176736,3
i176739,7
i176742,29
i176749,2
i176751,2
i176754,10
i176755,1
i176762,22
i176767,5
i17677,1
i176773,20
i176776,6
i176777,23
i176778,11
i17678,6
i176782,20
i176794,3
i176798,5
i17680,13
i176801,54
i176802,2
i176803,1
i176805,8
i176807,25
i176810,3
i176817,32
i176824,10
i176828,1
i176829,1
i17683,3
i176831,41
i176838,2
i176841,6
i176855,13
i176867,7
i176868,3
i176871,3
i176893,18
i176894,13
i176903,3
i176909,12
i176915,4
i176920,2
i176921,4
i176927,8
i176928,22
i176929,8
i176935,8
i176937,1
i176939,6
i176941,15
i176948,8
i176949,3
i176953,1
i176959,9
i176975,3
i176981,6
i176982,2
i176988,17
i17699,33
i176990,13
i1770,77
i17700,10
i177002,14
i177004,2
i177011,8
i177012,13
i177016,11
i177026,7
i177036,21
i177052,1
i177057,90
i177061,1
i177068,1
i177076,14
i177077,31
i17708,4
i177081,6
i177082,5
i177083,21
i177087,41
i177089,1
i17709,18
i177093,18
i177095,1
i177100,6
i177106,30
i177108,15
i177109,2
i177112,16
i177113,17
i177118,2
i17712,19
i177123,13
i177127,38
i177128,19
i177130,23
i177131,18
i177132,22
i177138,22
i177141,1
i177142,1
i177152,7
i177153,26
i177167,1
i177169,7
i177174,49
i177175,22
i177178,1
i177184,52
i177185,7
i177194,9
i177202,20
i177213,48
i177218,3
i177220,40
i177222,3
i177240,14
i177243,12
i177247,39
i17725,4
i177252,1
i177256,1
i177259,1
i17726,13
i177266,12
i177269,33
i177272,11
i177273,38
i177279,2
i177286,11
i177288,41
i177291,9
i177292,20
i177294,2
i177295,15
i177296,7
i177298,4
i177306,32
i177308,2
i177312,8
i177316,2
i177317,1
i177319,13
i17732,2
i177320,4
i177323,4
i177327,12
i177329,8
i17733,3
i177337,11
i17734,1
i177340,8
i177348,6
i17735,12
i177351,1
i17736,1
i177370,7
i177372,1
i177374,2
i177375,18
i177378,24
i17738,49
i177385,2
i17739,61
i177399,3
i177402,1
i177403,12
i177406,12
i17741,1
i177412,8
i177415,5
i177417,4
i17744,12
i177442,11
i177449,7
i177450,5
i177453,17
i177462,10
i177464,1
i177467,2
i17747,53
i177476,5
i177482,1
i177490,13
i177497,37
i177498,2
i17750,1
i177503,3
i177507,8
i177512,6
i17752,3
i177523,2
i177530,13
i177533,7
i177538,15
i177539,2
i177541,7
i177543,4
i177546,2
i177550,20
i177552,10
i177556,6
i177559,1
i17756,42
i177564,16
i177566,5
i177570,2
i177573,5
i177576,1
i177582,16
i177592,15
i177599,3
i177604,14
i177609,9
i177611,15
i177615,7
i177616,10
i177617,8
i177619,9
i177631,1
i177642,17
i177645,17
i177648,5
i177652,3
i177654,15
i17766,3
i177677,8
i177695,3
i177696,20
i177698,5
i177715,4
i17772,16
i177725,13
i177726,5
i17773,61
i177732,3
i177737,16
i177739,1
i17774,3
i177741,11
i17775,50
i177757,2
i177758,6
i177763,39
i177768,11
i17777,18
i177772,18
i177775,3
i177778,35
i177781,45
i177785,14
i177789,1
i177791,9
i177793,2
i177794,7
i177795,10
i177796,8
i177797,4
i177798,1
i177799,1
i177801,3
i177810,1
i177816,12
i177819,1
i177821,18
i177825,2
i177828,15
i177832,29
i177836,75
i177837,46
i17784,16
i177843,2
i177847,8
i177848,10
i177850,42
i177854,49
i177856,5
i177859,23
i177860,5
i177864,22
i177869,48
i177877,2
i177879,9
i177882,2
i177887,36
i177891,2
i177892,3
i177894,13
i177898,35
i177899,18
i1779,35
i177906,1
i177908,2
i177911,7
i177912,13
i177913,20
i177914,7
i177918,10
i17792,86
i177925,28
i177931,31
i177933,40
i177934,5
i177937,5
i177939,33
i17794,28
i177943,9
i177944,1
i177950,2
i177953,20
i177964,31
i177974,30
i177975,30
i177979,1
i177980,20
i177984,33
i177987,99
i177989,10
i17799,3
i177994,1
i177996,6
i178000,23
i178007,5
i178008,4
i178015,3
i178016,1
i17802,16
i178022,13
i178027,5
i178040,15
i178041,1
i178044,4
i17805,12
i178050,2
i178051,6
i178053,7
i178059,39
i178065,2
i178066,20
i178068,26
i178069,34
i178077,2
i17808,22
i178085,67
i178088,29
i178092,22
i178096,2
i178098,4
i1781,67
i178100,5
i178101,21
i178103,11
i178104,30
i178116,2
i178119,15
i178120,5
i178123,42
i178125,19
i178128,44
i17813,38
i178131,27
i178134,1
i178135,44
i178136,21
i178137,5
i17814,10
i178142,58
i178143,10
i17815,1
i178151,1
i178152,9
i178156,1
i178157,25
i178160,7
i178164,16
i178166,34
i178168,9
i178169,13
i178185,10
i178188,4
i17819,6
i178191,1
i178193,2
i178201,33
i178202,35
i178204,9
i178215,27
i178217,1
i178219,35
i17822,67
i178220,7
i178233,4
i178235,3
i178246,29
i17825,4
i178251,2
i178256,6
i178257,8
i178260,19
i178261,2
i178263,18
i17827,18
i178272,25
i178275,3
i178277,29
i178283,16
i178284,27
i178294,6
i178297,5
i1783,30
i178304,2
i178305,8
i178307,10
i178312,53
i178315,1
i178317,7
i178319,11
i178324,1
i178325,4
i178326,2
i178327,18
i178329,14
i178331,49
i178333,1
i178334,2
i178345,1
i178347,1
i178356,3
i178359,20
i178361,37
i178362,1
i178365,3
i17837,14
i178371,13
i178372,33
i178382,11
i178383,1
i178397,3
i178398,3
i178399,4
i1784,35
i178419,2
i178420,31
i178428,25
i17843,5
i178432,56
i178436,76
i178439,24
i178444,2
i178450,1
i178456,4
i178457,25
i178458,14
i178461,18
i178469,1
i178470,16
i178471,12
i178472,44
i178474,3
i178475,4
i178481,6
i178485,8
i178488,2
i178491,4
i178493,1
i178494,5
i178497,4
i178502,14
i178504,11
i178509,12
i178517,9
i178519,19
i178521,4
i178522,24
i178528,40
i17853,23
i178530,6
i178539,33
i178540,3
i178548,26
i178550,33
i178551,5
i178554,2
i178558,29
i178560,22
i178565,1
i178568,7
i178569,2
i178570,27
i178572,15
i178575,3
i178588,1
i17859,24
i178599,9
i17860,84
i178602,11
i178607,3
i178612,1
i178616,54
i178617,53
i178622,4
i178624,13
i178625,32
i17863,18
i178633,5
i178634,5
i178636,7
i178639,1
i178642,9
i178646,5
i178649,4
i178654,2
i178656,2
i178663,3
i178667,2
i178669,5
i178672,22
i178673,14
i178682,8
i178685,4
i178690,5
i1787,4
i178701,6
i178702,9
i178704,17
i178708,3
i17871,4
i178710,1
i178713,7
i178716,8
i178720,11
i178722,7
i178724,1
i178729,5
i178733,10
i17874,26
i17875,1
i178752,27
i17876,29
i178768,7
i178769,23
i17877,33
i178774,2
i178777,22
i178779,3
i178787,22
i178795,18
i178797,6
i178798,13
i1788,77
i17880,7
i178810,32
i178811,2
i17882,2
i178820,1
i178822,14
i178823,2
i178824,1
i178828,1
i178830,1
i178836,19
i17884,1
i178841,19
i178845,1
i178847,66
i178848,2
i17885,54
i178851,21
i178853,11
i178859,35
i178864,13
i178872,13
i178880,2
i178881,2
i178882,3
i178883,76
i178887,1
i178888,22
i178889,46
i178892,8
i178895,3
i178896,6
i178901,18
i178903,14
i178907,35
i178909,1
i17891,1
i178910,3
i178911,7
i178913,20
i178914,32
i178915,2
i178919,38
i178920,44
i178921,4
i178922,15
i17893,5
i178930,48
i178931,3
i178935,35
i178937,1
i178942,13
i178944,12
i178945,4
i178948,1
i17895,16
i178954,24
i17896,49
i178967,85
i178969,9
i17897,14
i178973,3
i178981,5
i178984,1
i17899,1
i178992,1
i178997,5
i1790,15
i17900,43
i179020,2
i17903,46
i179032,2
i179043,4
i179046,15
i179053,4
i179056,11
i17906,18
i179067,17
i179070,16
i179078,16
i179080,6
i179084,30
i179088,11
i179101,31
i179105,2
i179107,3
i179108,1
i179112,3
i179120,41
i179123,4
i179129,35
i179131,10
i179133,8
i179139,6
i179144,5
i179157,2
i179159,5
i179163,14
i179166,21
i179167,1
i179168,28
i17917,4
i179172,4
i179180,25
i179183,2
i179194,9
i179197,2
i179199,14
i179200,1
i179228,13
i179234,6
i179244,1
i179245,1
i179251,22
i179252,13
i179255,31
i179258,10
i179263,11
i179264,12
i179265,35
i179268,6
i179269,25
i179271,2
i179272,14
i179274,15
i179275,1
i17928,12
i179281,9
i179284,24
i179287,4
i17929,43
i179291,25
i179293,9
i179294,1
i179298,25
i179305,3
i179310,5
i179317,1
i17932,1
i179322,2
i179324,9
i179330,1
i179333,3
i179334,5
i179339,36
i179343,4
i179344,3
i179345,12
i179346,7
i179347,2
i179356,19
i179357,28
i179360,6
i179363,1
i179365,7
i179367,10
i179377,9
i179384,6
i179387,2
i179389,8
i179396,33
i179398,13
i179403,11
i179408,4
i179409,5
i179416,7
i17942,10
i179425,2
i179432,2
i179434,6
i17944,7
i179441,26
i179452,14
i17946,6
i179480,10
i179485,21
i179494,5
i179496,8
i179498,10
i179508,4
i17951,89
i179511,11
i179513,8
i179514,4
i179515,5
i179521,6
i179523,4
i179527,2
i179539,17
i17954,77
i179541,10
i179545,1
i179552,17
i179554,3
i179557,3
i179569,8
i179571,1
i179576,5
i179578,3
i179583,4
i179588,2
i179589,2
i17959,21
i179590,8
i179594,2
i179601,10
i179605,25
i179609,3
i179611,2
i179612,18
i179614,9
i17962,5
i179622,1
i179624,22
i179628,1
i179632,19
i179640,2
i179641,12
i179644,2
i179650,1
i179656,12
i179658,3
i17966,3
i179661,4
i179662,8
i179663,3
i179667,24
i179669,1
i17967,33
i179673,2
i179683,1
i179684,3
i179693,8
i179696,21
i179698,7
i179702,5
i179703,2
i179704,2
i179706,1
i179709,4
i179711,1
i179712,1
i179713,14
i179715,8
i179721,1
i179726,2
i17973,4
i179732,1
i179742,62
i179747,11
i17975,4
i179750,5
i179769,3
i179773,23
i179774,5
i179775,35
i179788,15
i179792,39
i179794,31
i179797,7
i17980,20
i179801,21
i179805,13
i179806,16
i179810,2
i179812,3
i179817,8
i179819,6
i17982,8
i179821,76
i179826,1
i179828,4
i179829,40
i17983,1
i179830,47
i179839,32
i179842,12
i179846,10
i179849,71
i179850,34
i179855,12
i179860,36
i179862,29
i179863,3
i17987,73
i179873,15
i179883,41
i179891,8
i179892,12
i1799,52
i179901,17
i179902,33
i179905,1
i179909,3
i179912,23
i179927,18
i179928,21
i179929,30
i179930,14
i179931,2
i179932,34
i179937,22
i179938,3
i179940,11
i179941,13
i17995,32
i179951,12
i179954,44
i17996,41
i179964,3
i179966,14
i179969,7
i179975,16
i179979,11
i179981,60
i179989,8
i179991,3
i179994,2
i179995,2
i179999,10
i18,29
i1800,1
i180002,14
i180006,5
i180007,1
i180012,4
i180013,9
i180014,2
i180016,14
i180020,53
i180028,5
i180029,48
i180031,3
i180033,14
i180035,21
i180036,1
i18004,15
i180050,5
i180055,9
i180056,50
i18006,11
i180065,25
i180066,17
i180071,14
i180073,12
i180077,10
i180084,2
i180090,8
i180097,39
i180098,16
i1801,7
i180109,31
i180111,30
i180112,3
i180113,37
i180118,10
i180121,2
i180126,6
i18013,11
i180134,6
i180139,7
i180142,2
i180143,3
i180148,26
i180153,1
i180154,1
i180156,1
i180157,3
i180167,11
i18017,10
i180171,13
i180172,20
i180177,23
i180178,4
i180181,6
i180190,4
i180192,5
i180195,2
i180196,3
i180197,17
i180199,2
i180200,1
i180206,12
i180210,21
i180214,2
i18022,4
i180221,25
i180224,8
i180226,6
i180230,39
i18024,10
i180247,11
i180248,4
i180249,1
i180250,6
i180259,21
i180261,19
i180264,4
i180274,7
i180279,2
i180282,12
i180286,4
i180287,3
i180293,1
i180294,16
i180297,47
i1803,8
i18031,6
i180313,4
i180318,44
i180319,7
i18032,3
i180322,19
i180324,20
i180326,13
i180329,9
i180331,1
i180337,19
i18034,2
i180341,4
i180346,10
i180348,3
i180349,12
i18035,14
i180353,1
i180355,6
i180356,19
i180358,1
i180362,5
i180363,14
i180366,7
i18037,6
i180377,1
i180378,14
i180379,6
i180380,1
i180386,11
i180393,21
i180410,26
i180411,4
i180420,5
i180424,1
i180426,12
i180427,3
i180428,10
i180432,4
i180436,1
i180441,8
i180443,5
i180447,3
i180448,7
i180452,4
i180462,5
i180466,3
i180468,10
i18048,39
i180485,1
i18049,32
i180491,8
i180498,2
i18050,4
i180500,1
i180501,1
i180507,3
i180511,2
i180513,5
i180517,13
i180518,1
i18052,85
i180524,7
i180525,1
i18053,2
i180538,18
i180547,10
i18055,1
i180553,1
i180557,9
i18056,1
i180562,8
i180563,13
i180564,13
i180571,6
i180572,2
i180578,3
i180592,3
i180597,23
i1806,43
i18060,10
i18061,18
i180610,3
i18062,2
i180620,3
i180643,1
i180646,22
i180652,21
i180653,9
i180659,1
i180662,21
i180665,19
i180671,2
i180676,4
i180679,18
i18068,27
i180687,31
i180689,37
i180701,26
i180707,15
i180725,21
i180734,38
i180735,43
i180737,11
i180738,3
i180740,3
i180743,3
i180750,16
i180755,27
i180760,35
i180765,4
i180766,2
i180767,3
i180770,3
i180773,21
i18078,1
i180791,24
i180794,10
i180796,37
i180797,1
i180798,11
i1808,19
i180801,19
i180805,1
i180808,2
i180809,30
i180821,12
i180822,9
i180823,2
i180832,35
i180833,9
i180837,17
i18084,13
i180843,7
i180846,8
i180852,2
i180856,16
i18086,26
i180861,12
i180867,20
i180868,15
i180869,1
i18087,36
i180876,10
i180880,1
i180884,6
i180889,4
i180892,7
i180894,28
i180897,18
i180899,3
i180900,1
i180902,12
i180904,7
i180911,1
i180918,2
i18092,71
i180927,3
i180935,7
i18094,54
i180946,2
i180949,2
i18095,1
i180953,12
i180954,35
i180955,1
i180961,1
i180964,1
i180969,6
i180974,11
i180975,1
i180982,8
i1810,4
i181001,18
i181002,4
i181004,3
i181006,7
i181008,9
i181014,2
i181017,9
i181021,1
i181030,17
i181043,18
i181044,31
i181045,16
i181049,2
i181053,8
i181054,17
i181055,46
i181057,19
i181058,24
i181065,2
i181073,3
i181076,31
i181077,2
i181080,17
i181090,17
i181099,26
i18110,3
i181100,9
i181104,3
i181116,19
i181117,57
i181118,5
i181119,9
i181120,2
i181122,2
i18113,5
i181131,7
i181132,4
i181138,27
i181141,10
i181146,4
i181147,18
i181152,2
i181154,1
i181157,1
i181162,13
i18118,62
i181182,2
i181189,3
i181195,3
i181200,5
i181204,6
i181208,5
i181209,12
i181214,9
i181218,10
i181219,3
i181221,24
i181223,5
i18123,1
i18124,10
i181246,6
i181253,14
i181257,3
i181270,4
i181274,5
i181280,1
i181286,4
i181289,7
i181299,2
i181300,8
i181301,1
i181302,14
i181311,2
i181312,15
i181318,1
i181319,16
i18133,95
i181331,2
i181336,3
i181342,3
i181344,2
i181348,9
i18135,2
i181357,26
i181358,17
i181361,2
i181372,2
i181373,1
i181374,13
i181376,1
i181383,10
i181384,12
i18139,17
i181390,24
i181391,1
i181394,21
i181397,24
i181399,52
i18140,38
i181402,3
i181407,31
i181408,26
i181411,1
i181419,67
i181423,1
i181425,102
i181427,31
i181436,2
i181437,4
i181439,44
i18145,3
i181459,2
i18146,77
i181460,5
i181465,40
i181471,56
i181476,33
i181482,1
i181486,17
i181487,48
i18149,71
i181491,57
i181492,2
i181502,18
i181505,27
i181510,37
i181513,11
i181516,27
i181521,11
i181525,15
i181529,71
i18153,22
i181534,39
i181535,27
i181541,14
i181548,36
i18155,15
i181552,3
i181554,14
i181560,47
i181566,13
i181567,21
i181573,10
i181576,9
i181577,89
i181579,2
i181582,25
i181583,1
i181584,6
i181585,33
i181587,23
i181589,68
i181591,16
i181594,4
i181595,46
i181600,18
i181601,12
i181603,6
i181608,20
i181612,5
i181614,17
i181623,18
i181624,1
i181629,4
i181632,2
i181634,2
i181635,30
i181637,2
i181639,11
i181640,9
i181645,1
i181646,2
i181658,1
i181660,2
i181663,1
i181664,25
i181666,20
i181668,6
i18168,17
i181680,17
i181686,6
i181689,55
i181690,4
i181691,15
i181693,3
i181694,15
i181700,3
i181701,27
i181708,2
i181714,19
i181715,6
i181716,9
i18172,14
i181720,20
i181722,49
i181738,21
i181739,22
i181742,18
i181745,1
i181746,17
i18175,1
i181754,4
i181762,7
i181764,10
i181768,1
i18177,11
i181785,17
i181792,12
i18180,19
i181804,17
i181806,2
i181809,47
i181810,13
i181812,13
i181816,10
i181819,2
i18182,4
i181820,2
i181821,2
i181827,18
i181829,45
i18183,6
i181832,12
i181833,5
i181836,11
i18184,38
i181840,23
i181845,1
i181847,6
i181856,1
i181864,6
i181868,2
i181869,6
i181875,7
i181892,10
i181896,4
i181897,58
i181898,27
i18190,2
i181900,6
i181906,5
i18191,1
i181910,32
i181911,18
i181913,1
i181914,10
i181921,6
i181925,3
i181926,20
i181927,4
i181928,2
i181929,35
i18193,55
i181930,15
i181939,1
i181947,33
i181948,1
i18196,1
i181962,12
i181964,1
i181968,5
i181972,31
i181977,1
i181981,15
i181982,32
i181984,54
i181985,4
i181987,3
i181988,2
i18199,61
i181991,69
i181998,9
i1820,34
i182000,21
i18201,54
i182014,32
i182019,12
i182020,28
i182021,9
i182024,2
i182032,27
i182044,9
i182045,2
i182046,11
i182047,30
i182049,3
i182050,56
i182053,38
i182055,11
i182057,23
i182066,16
i18207,3
i182070,1
i182072,19
i182081,28
i182085,2
i182088,2
i182089,9
i182093,30
i182094,10
i182095,24
i182104,5
i182106,8
i182112,1
i182117,3
i182118,37
i182124,43
i182127,1
i182128,17
i18213,10
i182132,3
i182134,76
i182140,11
i182153,9
i182154,24
i182159,1
i182160,12
i182162,15
i182165,8
i182166,28
i18218,36
i182189,80
i182192,2
i182195,9
i18220,28
i182200,13
i182203,14
i182205,2
i182207,4
i182208,1
i18221,137
i182211,52
i182215,15
i182224,9
i182226,12
i182229,23
i18223,11
i182233,2
i182234,1
i182235,6
i182237,2
i18224,5
i182247,7
i182250,3
i182266,1
i182271,31
i182274,10
i182279,7
i182283,30
i182290,23
i182295,3
i182306,10
i18231,8
i182311,8
i182323,25
i182325,1
i18233,58
i182333,8
i182339,4
i182342,15
i182344,14
i182350,1
i182351,4
i18236,70
i182360,15
i182365,7
i182369,10
i182371,12
i182373,1
i182374,10
i182379,5
i182380,11
i182386,5
i182388,12
i182390,14
i182395,1
i182399,25
i1824,35
i18240,3
i182401,24
i182406,8
i182407,7
i182411,6
i182413,3
i182415,13
i18242,55
i182422,29
i182426,11
i182433,9
i18244,50
i182442,7
i182445,37
i182451,2
i182455,44
i182456,1
i182457,17
i182464,5
i182466,2
i182468,6
i182469,2
i182479,12
i182480,22
i182482,1
i182483,22
i182484,4
i182488,2
i18249,1
i182490,14
i182491,3
i182493,2
i182494,1
i182496,11
i182497,28
i182503,4
i182514,11
i182515,6
i182519,10
i182523,1
i182524,2
i182534,2
i182538,10
i182547,26
i18255,23
i182550,16
i182559,9
i182562,2
i182569,12
i18257,10
i182571,57
i182577,1
i182579,1
i182582,13
i182587,13
i182589,11
i18259,25
i182592,3
i182595,1
i182598,5
i1826,54
i182602,6
i182605,13
i182607,21
i182608,37
i182611,24
i182612,2
i182613,26
i182626,1
i18263,12
i182635,6
i182636,1
i182639,29
i182640,1
i182648,11
i182650,1
i182651,1
i182659,1
i18266,29
i182664,19
i182669,1
i18267,3
i182674,11
i182676,8
i182678,1
i182682,8
i182684,4
i182689,3
i18269,3
i182692,2
i18270,3
i182700,2
i182707,4
i182708,2
i18271,14
i182714,22
i182719,5
i182720,7
i182725,6
i182732,11
i182733,4
i182734,30
i182735,2
i182740,5
i182743,3
i182744,2
i182746,3
i182747,4
i18275,49
i182750,2
i182752,4
i182753,5
i182755,5
i182756,11
i182759,4
i182762,1
i182763,9
i182765,5
i182766,5
i182768,3
i182775,10
i18278,7
i182784,2
i182787,1
i182789,2
i182796,12
i182797,22
i1828,41
i182802,40
i182805,9
i182806,5
i182808,12
i18281,3
i182813,1
i182815,3
i182820,36
i182827,9
i182828,4
i182840,15
i182842,19
i182848,12
i18285,20
i182850,35
i182851,18
i182853,1
i182860,21
i182864,13
i182866,6
i18287,2
i182871,8
i18289,17
i182892,16
i182896,1
i182902,3
i182903,21
i182915,1
i182919,1
i182935,5
i182938,11
i182946,7
i18295,2
i182950,15
i182954,5
i182955,2
i182957,29
i182958,13
i18296,44
i182960,8
i182962,11
i182964,2
i182975,38
i182979,3
i18298,60
i182982,15
i182988,2
i182989,5
i18299,25
i182999,4
i183,13
i18300,3
i183005,1
i183007,1
i183009,16
i18301,55
i183018,1
i183023,5
i183024,2
i183026,14
i18303,1
i183032,5
i183034,1
i183043,1
i183046,2
i183047,3
i183049,2
i183052,2
i183061,23
i183065,9
i183073,9
i183074,20
i183075,7
i183076,11
i183077,16
i183079,3
i18308,41
i183081,3
i183082,5
i18309,18
i183100,38
i183101,33
i183109,28
i183110,6
i183112,39
i183113,4
i183116,22
i183118,5
i183122,35
i183128,1
i183131,83
i183132,4
i183133,50
i183137,4
i183138,11
i183150,23
i183159,16
i18316,17
i183163,8
i183167,4
i183168,19
i183171,18
i183172,26
i18318,28
i183183,9
i183189,20
i183193,30
i183194,11
i183195,21
i183201,5
i183203,17
i18321,19
i183212,18
i183221,12
i183224,16
i183226,4
i183227,1
i183228,11
i183231,11
i183234,37
i183236,66
i183237,5
i183238,2
i183241,15
i183244,4
i183246,17
i183254,1
i183255,2
i183256,1
i183258,4
i18326,15
i18327,15
i183274,20
i183275,22
i183277,5
i18328,4
i183282,1
i183286,3
i183288,2
i18329,3
i183290,5
i183294,7
i183295,1
i183300,4
i183314,60
i183318,3
i183319,24
i183328,15
i183331,1
i183336,17
i183337,12
i18334,26
i183340,13
i183353,4
i183354,2
i183357,1
i183358,39
i18336,1
i183363,13
i183367,2
i183372,11
i183375,4
i183379,1
i183386,5
i183387,1
i183388,18
i183390,9
i183393,8
i183398,17
i183401,25
i183405,6
i183415,12
i183416,106
i183417,5
i183418,5
i183422,15
i183423,20
i183426,1
i183428,3
i183431,4
i183432,11
i183434,22
i183436,4
i183438,19
i183440,58
i183447,17
i183449,16
i183452,12
i183454,11
i183467,3
i18347,19
i183471,11
i183472,45
i183476,7
i18348,58
i183480,20
i183483,19
i183484,2
i183487,6
i183499,18
i183503,1
i183507,13
i183518,14
i183522,1
i183529,8
i183537,35
i183545,2
i183548,21
i18355,43
i183555,2
i183556,26
i183557,14
i183561,27
i183568,1
i18357,15
i183570,8
i183578,2
i183579,18
i18358,1
i183581,9
i183585,23
i183591,14
i183596,41
i183598,2
i1836,20
i18360,60
i183602,26
i183605,4
i18361,27
i183614,2
i183626,10
i183631,5
i183639,16
i183640,4
i183647,1
i183649,5
i183652,18
i183654,2
i183656,1
i183660,4
i183666,1
i183667,4
i18367,20
i183671,9
i183676,15
i183682,14
i183683,6
i183684,3
i183686,1
i183687,14
i183691,19
i183696,48
i18370,17
i183702,17
i183703,1
i183705,23
i183706,7
i18371,63
i183715,1
i183718,1
i183721,10
i18373,1
i183743,3
i183744,10
i18375,12
i183751,3
i183754,5
i183757,2
i183760,5
i183761,23
i183770,9
i183771,23
i183774,12
i183775,15
i183778,1
i183779,29
i183781,5
i183784,24
i183785,4
i183786,12
i18379,15
i183791,16
i183792,5
i183797,19
i183800,11
i183807,9
i18381,1
i183814,14
i18382,5
i183820,6
i183823,1
i183824,1
i183826,2
i183829,5
i18383,46
i183831,1
i183845,4
i183848,1
i183850,4
i183852,7
i183857,4
i183863,8
i183870,6
i183875,6
i183876,6
i183877,14
i183886,3
i183891,5
i183892,28
i1839,3
i183907,21
i183911,1
i183912,12
i183913,11
i183914,23
i183916,4
i183917,16
i183923,1
i183926,1
i183927,16
i183928,3
i18393,7
i183930,8
i183932,1
i183934,16
i183946,21
i183948,31
i183952,7
i183954,11
i183955,2
i183970,7
i183971,2
i183972,45
i183975,44
i183977,14
i183979,2
i18398,7
i183996,7
i183999,9
i184001,14
i184005,8
i184009,8
i184017,14
i184020,1
i184022,6
i184024,4
i184025,1
i184026,15
i18403,4
i184036,3
i184038,23
i184045,5
i184047,15
i184055,1
i184063,5
i184064,19
i184069,3
i184071,26
i184073,10
i184079,1
i184082,15
i184085,9
i184087,3
i184110,1
i184121,2
i18413,11
i184131,1
i184135,2
i184138,11
i184140,8
i184148,9
i18415,2
i184166,2
i184169,14
i18417,95
i184176,3
i184180,7
i184181,2
i184182,21
i184184,12
i184186,6
i184192,18
i184194,12
i184198,2
i184200,3
i184201,2
i184204,2
i18421,1
i184212,6
i184214,9
i184215,7
i184222,10
i184227,6
i184228,14
i184234,1
i18424,1
i184243,4
i18425,1
i184250,33
i184256,19
i184257,2
i18426,27
i184261,12
i184263,16
i184264,1
i184273,14
i184275,10
i184276,1
i184279,24
i184281,4
i184289,23
i18429,1
i184297,6
i18430,4
i184301,30
i184303,15
i184304,8
i18431,6
i184313,23
i184317,1
i18432,1
i184320,8
i184325,12
i184326,8
i184327,4
i184328,13
i184330,6
i184331,32
i184333,5
i184334,1
i184336,3
i18435,20
i184355,14
i184356,19
i184360,6
i184361,1
i184363,4
i184365,62
i184370,1
i184372,1
i184375,3
i184379,13
i184381,21
i184385,3
i18439,14
i184391,1
i184394,12
i184396,2
i184397,7
i184399,9
i184401,30
i184404,4
i184409,2
i18441,5
i184413,2
i184415,13
i184417,1
i18442,2
i184421,3
i184427,7
i184429,5
i18443,18
i184436,3
i184438,4
i184439,8
i18444,2
i184444,5
i184447,3
i184448,15
i184449,2
i184450,2
i184452,2
i18446,1
i184463,10
i184465,31
i184466,18
i184471,4
i184476,16
i184479,8
i184483,2
i184484,7
i184485,1
i184494,15
i184496,4
i184498,8
i1845,33
i184503,3
i184506,4
i184516,11
i184517,1
i18452,10
i184520,15
i18453,2
i184530,12
i184533,9
i184536,6
i184537,1
i18454,2
i184541,10
i184546,1
i18455,9
i184552,4
i184556,5
i184557,36
i184558,11
i184562,1
i184568,35
i184572,6
i184575,6
i184578,6
i18458,5
i184580,12
i184581,13
i184584,103
i184587,20
i184596,6
i184598,51
i184602,13
i184604,1
i184605,4
i184608,4
i184610,7
i184611,11
i184612,43
i184614,7
i184615,76
i184616,11
i184621,23
i184628,22
i184630,34
i184631,2
i184634,65
i184635,1
i184638,1
i184643,3
i184645,14
i184649,7
i18465,12
i184653,25
i184655,40
i184658,2
i184659,1
i184660,1
i184661,8
i184662,51
i184664,10
i184668,54
i18467,29
i184670,6
i18468,20
i1847,3
i184700,26
i184701,10
i184703,47
i184708,6
i184709,51
i184714,46
i184715,35
i184716,2
i184719,19
i184720,45
i184736,21
i184738,32
i184739,29
i184751,50
i18476,11
i184769,1
i184782,8
i184791,4
i184796,11
i18480,2
i184801,35
i184807,15
i184810,13
i184820,8
i184821,3
i184822,2
i184826,1
i184834,32
i184837,18
i18484,70
i184843,8
i184844,3
i184853,7
i184856,4
i184859,2
i184864,38
i184865,19
i184870,8
i184871,10
i184874,22
i184878,9
i184882,28
i184884,1
i184886,21
i184892,6
i184893,4
i184894,18
i184897,3
i18490,7
i184902,1
i184903,3
i184904,30
i184908,5
i184909,1
i184911,20
i18492,29
i184922,7
i184923,4
i184926,10
i184927,6
i184935,13
i184942,20
i184943,2
i184947,56
i184948,30
i184949,5
i184960,14
i184962,1
i184963,9
i184965,2
i184968,4
i18497,25
i184970,49
i184982,3
i184990,28
i184991,47
i184993,44
i184997,2
i184998,1
i1850,50
i185003,31
i185005,5
i185008,4
i185018,17
i185020,24
i185027,3
i185031,8
i185036,2
i185041,14
i185046,46
i185052,23
i185057,22
i185058,9
i185059,2
i185061,4
i185062,1
i185063,31
i185065,27
i185070,1
i185083,33
i185096,6
i185099,43
i185103,12
i18511,4
i185114,11
i185116,11
i185123,17
i185124,38
i185128,7
i185129,12
i18513,3
i185130,6
i185131,18
i185142,3
i185147,1
i185153,3
i185159,1
i185163,11
i185168,7
i185171,8
i185173,41
i185175,5
i185179,3
i185185,1
i185188,24
i185189,27
i185192,23
i185196,10
i1852,26
i185201,4
i185203,6
i185204,3
i185215,37
i185222,15
i185223,26
i185224,1
i185231,40
i185239,28
i185240,3
i18525,4
i185252,1
i185254,37
i185255,30
i185266,57
i185269,4
i185274,3
i185280,33
i185286,1
i185289,23
i185290,9
i185291,26
i185293,23
i185295,2
i1853,39
i185305,18
i185308,8
i185310,28
i185312,1
i185314,16
i185316,3
i185320,4
i185326,12
i185333,11
i185336,25
i185337,2
i18534,4
i185341,14
i185343,27
i185344,4
i185346,2
i185347,35
i185350,11
i18536,9
i185361,19
i185374,1
i185376,1
i185379,12
i185382,3
i185387,51
i18539,1
i185393,9
i185395,19
i185398,5
i185399,30
i185405,25
i18541,1
i185411,30
i185412,3
i185425,3
i185429,2
i18543,31
i185436,1
i185440,12
i185441,5
i185442,21
i185446,9
i185452,2
i185454,1
i185456,2
i185466,4
i185477,2
i185479,78
i185485,7
i185492,12
i185497,13
i185499,4
i1855,50
i185501,6
i185502,14
i185503,31
i185504,4
i185506,1
i185510,20
i185511,16
i185513,2
i185521,1
i185527,33
i185528,2
i185532,2
i185536,13
i185539,1
i185541,7
i185545,2
i185548,16
i185549,15
i185552,25
i185556,1
i185561,20
i185576,9
i185578,1
i185582,6
i18559,10
i185593,38
i185601,21
i185602,21
i185606,7
i185608,39
i185611,57
i185620,11
i185623,6
i185628,10
i185629,28
i185631,33
i185632,1
i185633,32
i185648,71
i185649,24
i185650,8
i185651,4
i185652,5
i185657,87
i185658,81
i185663,2
i185665,4
i185669,17
i185673,26
i185674,17
i185677,20
i185682,4
i185683,26
i185685,24
i185686,21
i185687,23
i185693,1
i185695,7
i185696,43
i1857,5
i185700,21
i185701,1
i185703,5
i185705,6
i185707,1
i18571,57
i185713,2
i185714,11
i185716,10
i185719,12
i185720,6
i185724,16
i185726,20
i185727,1
i185731,35
i185735,11
i185737,4
i185739,4
i185743,48
i185746,9
i185752,9
i185763,58
i185766,1
i185767,21
i18577,18
i185770,22
i185773,29
i18578,41
i185782,4
i185785,12
i185786,33
i18579,14
i185790,13
i185793,26
i185794,12
i185797,6
i185798,12
i185799,11
i185803,16
i185804,1
i185808,4
i185811,39
i185814,17
i185815,35
i185823,2
i185824,61
i185825,6
i185826,16
i185831,7
i185832,9
i185835,22
i185837,7
i185838,64
i185839,6
i18584,6
i185841,3
i185842,1
i185845,16
i185847,5
i185852,42
i18586,6
i185864,15
i185865,1
i185869,11
i18587,30
i185870,7
i18588,33
i185881,8
i185882,7
i185884,8
i185885,58
i18589,70
i185891,8
i18590,53
i185902,1
i185904,21
i185905,13
i185906,3
i185908,30
i185909,23
i185910,12
i185913,38
i185916,51
i185918,10
i18592,1
i185928,23
i18593,30
i185930,8
i185933,10
i185934,3
i185936,4
i185942,2
i185943,6
i185944,8
i185949,2
i18595,38
i185959,11
i18596,15
i185962,7
i185964,3
i185966,7
i185967,15
i185968,5
i18597,2
i185971,28
i185976,14
i185977,36
i185993,7
i185995,1
i185998,3
i18600,103
i186003,43
i186004,5
i18601,19
i186010,2
i186011,10
i186016,10
i186017,1
i186018,5
i186029,5
i186033,25
i186034,7
i186036,1
i186037,7
i186038,16
i186040,60
i186044,31
i186046,19
i186047,2
i186048,8
i186052,1
i186062,3
i186068,8
i18607,1
i186074,6
i18608,2
i186083,1
i186088,4
i186089,3
i18609,33
i186095,5
i186099,13
i186100,23
i186106,1
i186107,1
i18611,45
i186117,11
i186119,17
i186127,10
i186128,16
i18613,14
i186130,3
i186132,14
i186135,2
i186144,14
i18615,3
i186150,1
i18616,44
i186165,4
i186169,1
i186171,8
i186172,2
i186180,10
i186183,18
i186184,11
i186187,17
i186188,24
i186190,9
i186197,1
i186201,2
i186203,14
i186207,3
i186208,8
i18621,7
i186211,18
i186213,24
i186215,1
i186219,2
i186223,12
i186229,1
i186230,10
i186231,31
i186236,1
i186238,5
i186240,14
i186242,11
i18625,7
i186252,8
i186258,12
i186260,3
i186271,3
i186278,15
i186283,7
i186285,1
i186286,1
i186290,7
i186293,10
i186294,2
i1863,5
i186306,4
i186310,6
i186318,5
i18632,13
i186321,2
i186322,10
i186324,21
i186325,26
i186331,3
i186342,12
i186348,4
i186349,1
i186353,48
i186355,33
i186362,6
i186365,2
i186374,4
i186376,11
i186377,13
i186378,1
i186381,11
i186382,10
i186384,9
i186385,16
i186388,3
i186397,12
i186399,13
i1864,17
i186400,37
i186401,10
i186403,1
i186410,5
i186415,4
i186419,5
i186423,10
i186424,3
i186432,11
i186436,13
i186438,26
i186439,9
i186442,60
i186449,5
i18645,1
i186453,25
i186454,2
i186456,6
i186462,5
i186464,4
i186465,1
i186474,12
i186476,42
i186478,2
i186489,71
i186490,3
i186498,7
i186499,29
i1865,26
i186503,26
i186504,31
i186513,45
i186520,10
i186521,29
i186525,14
i186529,57
i186533,24
i186534,15
i186540,16
i186548,41
i18656,27
i186561,35
i186573,2
i186574,2
i186575,21
i186578,8
i186579,2
i186580,37
i186589,20
i18659,7
i186590,5
i186593,38
i186596,68
i186606,8
i186609,11
i186610,3
i186611,44
i186613,18
i186615,12
i186622,26
i186630,11
i186631,5
i186632,7
i186634,9
i186639,2
i186645,2
i186647,6
i186651,62
i186653,6
i186660,13
i186663,69
i186672,38
i186683,21
i186686,13
i186688,9
i186689,2
i18669,10
i186696,23
i18670,1
i186700,1
i186704,15
i186707,8
i186712,24
i186715,12
i186716,66
i186727,12
i186731,34
i186735,6
i186736,8
i186740,3
i186741,54
i186742,6
i186744,17
i186745,1
i186754,9
i186758,1
i18676,67
i186766,17
i18678,16
i186785,25
i186787,18
i186788,74
i186792,49
i1868,5
i186800,13
i186801,10
i186803,2
i186805,24
i186807,2
i186809,21
i186815,15
i186816,1
i186818,30
i18682,5
i186820,28
i186823,16
i186828,1
i186838,5
i186842,44
i186844,31
i186846,24
i186849,3
i186853,12
i18686,3
i186872,42
i186873,24
i186874,2
i186879,55
i186882,12
i186883,16
i186889,23
i186890,4
i186892,1
i186893,3
i186895,17
i186899,1
i18690,24
i186901,23
i186917,14
i186918,2
i186921,7
i186923,18
i186927,2
i186929,7
i186939,8
i18694,18
i186940,1
i18695,15
i186961,6
i186963,19
i186964,13
i186966,21
i18698,35
i186991,15
i186995,3
i186998,5
i18700,17
i187011,3
i187018,6
i187024,1
i187025,1
i187029,13
i187032,9
i187034,23
i187037,44
i187040,7
i187047,1
i187048,15
i187050,6
i187051,3
i187055,17
i18706,32
i187063,3
i187065,23
i187066,5
i187067,18
i187069,24
i187072,7
i187077,8
i187081,10
i187086,5
i187087,8
i18709,4
i187091,39
i187092,7
i187094,5
i187096,17
i187102,23
i187106,5
i18711,18
i187111,36
i187115,18
i187116,3
i187117,5
i18712,111
i187123,29
i187128,4
i187129,1
i187147,5
i187149,25
i18715,96
i187152,9
i187153,2
i187157,21
i187158,2
i187162,20
i187164,18
i187166,16
i187168,1
i187172,20
i187177,2
i187179,20
i187180,6
i187184,1
i187190,41
i187191,6
i187192,16
i187196,2
i187201,48
i187203,28
i187205,68
i187206,37
i187209,22
i187210,17
i187213,10
i187218,1
i187221,4
i187233,11
i187235,3
i187236,17
i187243,38
i187246,47
i187256,13
i187257,1
i187258,2
i187260,23
i187262,83
i187268,1
i187273,11
i187278,16
i187280,1
i187282,5
i187284,62
i187285,29
i187286,3
i187288,20
i187296,2
i1873,82
i18730,6
i187305,2
i187323,20
i187328,3
i18733,16
i187331,2
i187337,12
i18734,30
i187340,22
i187342,3
i187345,2
i187346,8
i187348,7
i187349,30
i187360,14
i187363,7
i187372,2
i187376,3
i18738,6
i187380,3
i187386,2
i187390,18
i187395,6
i187396,5
i187397,29
i187398,1
i1874,64
i187400,1
i187401,34
i187407,51
i187411,1
i187416,2
i18742,29
i187435,16
i187441,1
i187443,3
i187448,6
i187450,13
i187451,3
i187452,6
i187453,18
i187454,5
i187455,4
i18746,26
i187461,2
i187468,35
i18747,11
i187477,6
i18748,21
i187480,7
i187481,29
i187483,9
i187490,24
i187498,6
i18750,5
i187501,6
i187504,2
i187506,9
i187507,24
i187515,8
i187517,2
i187518,7
i187522,17
i187523,9
i187525,1
i187529,52
i18753,18
i187531,15
i187540,12
i187542,29
i187559,2
i18756,33
i187560,41
i187562,6
i187577,21
i187580,24
i187581,1
i187582,54
i187583,4
i187587,1
i18759,5
i187590,35
i187591,7
i187596,18
i187597,9
i187599,9
i18760,46
i187603,31
i187604,4
i187610,26
i187615,11
i187616,8
i18762,62
i187620,3
i187622,1
i187629,2
i187630,42
i187634,10
i187635,11
i187636,17
i18764,10
i187641,13
i187645,21
i187649,5
i187650,2
i187654,4
i187657,6
i187658,2
i187659,6
i187660,1
i187663,8
i187668,5
i187669,8
i18767,6
i187671,2
i187679,2
i187689,3
i187691,5
i187692,24
i187695,2
i187699,3
i187701,7
i187703,28
i187704,9
i187714,49
i187719,12
i18772,76
i187731,8
i187733,10
i187734,5
i187743,23
i187746,3
i187748,4
i187750,8
i18776,77
i187765,1
i187766,5
i187771,7
i187775,4
i18778,24
i187782,13
i187785,2
i187786,8
i187797,12
i187799,5
i18780,11
i187804,6
i187805,12
i187807,12
i18781,5
i187810,1
i187826,6
i187828,12
i187835,21
i187842,30
i187846,1
i187847,18
i187849,15
i187851,3
i187852,7
i187854,4
i187855,2
i187860,15
i187864,3
i187868,19
i187878,27
i187882,9
i187887,11
i18789,82
i187890,40
i187891,4
i187893,2
i187894,3
i187897,1
i187902,4
i187907,21
i187910,12
i187913,2
i187917,3
i187918,41
i187919,12
i18792,15
i187921,7
i187923,7
i187928,12
i187934,1
i187941,3
i187942,10
i187946,3
i18795,47
i187955,20
i187959,24
i187963,16
i187964,10
i187967,1
i187968,6
i187971,9
i187973,2
i187974,26
i187995,8
i187997,11
i187999,11
i188012,4
i188014,1
i188015,1
i18802,9
i188023,3
i188032,4
i188037,5
i188051,4
i188055,9
i188058,3
i18806,1
i188061,4
i188066,1
i188070,6
i188073,2
i188074,6
i18808,5
i188082,23
i188083,52
i188086,3
i188088,16
i188089,29
i18809,22
i188090,5
i188091,5
i188093,36
i188096,6
i188097,1
i188104,1
i188108,5
i188109,4
i188111,2
i188112,12
i188117,10
i188118,4
i188119,9
i188122,10
i188124,9
i188125,7
i188126,1
i188128,12
i188134,17
i188140,1
i18815,4
i188153,15
i188158,1
i188161,1
i188162,2
i188165,8
i188166,2
i188167,1
i188170,6
i188171,3
i188178,2
i188181,2
i188184,8
i188186,5
i18819,1
i188194,4
i188195,8
i188197,4
i188202,55
i188205,2
i188210,8
i188212,6
i188213,10
i188216,4
i188218,20
i188221,2
i188231,1
i188232,11
i188233,49
i188237,32
i188239,33
i188248,23
i18825,49
i188252,36
i188254,50
i188255,23
i188258,3
i188259,11
i18826,62
i188260,2
i188262,16
i188271,8
i188272,52
i188275,16
i188278,2
i188280,4
i188282,43
i188286,6
i188293,26
i188294,33
i188298,55
i1883,20
i18830,1
i188300,6
i188302,3
i188305,24
i188314,4
i188317,34
i188319,19
i18832,17
i188322,26
i188328,1
i188333,4
i18834,2
i188343,3
i188348,2
i18835,72
i188356,15
i188363,16
i188368,16
i18837,20
i188373,44
i188374,14
i188375,22
i188377,25
i188382,26
i188387,20
i188390,2
i188392,6
i188395,11
i188398,12
i188399,55
i1884,4
i188403,13
i188404,22
i18841,1
i188413,3
i188414,7
i188416,27
i188419,3
i188426,13
i188429,94
i188435,1
i188436,5
i188438,3
i188439,1
i188441,1
i188448,92
i188449,5
i188450,60
i188452,3
i188454,54
i188459,37
i188461,20
i188471,1
i188472,5
i188473,1
i188482,21
i188487,20
i188491,36
i188492,33
i188493,80
i188498,5
i188506,3
i188508,12
i188509,21
i188510,6
i188515,28
i188517,14
i188527,3
i188530,18
i188534,1
i18854,1
i188544,4
i188550,33
i188554,44
i188558,2
i188560,2
i188563,37
i188565,11
i188567,1
i188573,30
i188576,15
i18858,19
i188580,15
i188581,2
i188582,2
i188586,31
i18859,23
i188594,3
i188597,39
i188599,32
i18860,93
i188602,4
i188604,19
i18861,8
i188610,1
i188612,13
i188615,1
i188616,10
i188618,1
i188625,46
i188630,12
i188646,7
i188647,18
i188657,11
i18866,41
i188661,33
i188664,12
i188665,2
i188666,3
i188668,16
i188671,25
i188674,76
i188675,34
i188679,2
i18868,4
i188680,8
i188681,32
i18869,13
i188690,5
i188691,4
i188694,43
i188697,2
i188700,5
i188704,88
i188710,11
i188716,14
i18872,2
i188725,13
i188731,2
i188732,2
i188735,7
i188744,32
i188753,15
i188756,19
i188765,6
i188766,1
i188770,7
i188771,16
i188772,6
i188779,32
i188780,48
i188781,7
i188782,26
i188786,77
i188790,1
i188795,26
i188798,1
i188803,55
i188811,16
i188812,14
i188817,1
i188822,1
i188824,1
i188827,24
i18883,75
i188832,37
i188833,7
i188835,6
i188836,16
i188845,2
i188848,8
i18885,28
i188853,14
i188854,28
i188861,1
i188863,24
i188870,3
i188881,9
i188882,10
i188887,1
i18889,22
i188892,9
i1889,27
i188903,12
i188904,9
i188907,4
i188913,6
i188918,22
i18892,1
i188920,9
i188924,8
i188925,1
i188927,5
i188931,5
i188934,1
i188940,8
i188941,2
i188943,2
i188953,23
i188955,13
i188956,6
i188959,18
i188968,2
i188969,2
i18897,29
i188981,7
i188983,22
i188996,4
i188997,57
i188998,14
i189,60
i1890,2
i18900,30
i189000,3
i189006,9
i18901,2
i189014,9
i189016,15
i189020,37
i189022,2
i189023,3
i189025,5
i189026,3
i18903,36
i189035,7
i189038,7
i18904,12
i189040,4
i189045,13
i189047,1
i189050,13
i189055,3
i189058,3
i189064,72
i18907,26
i189072,2
i189077,12
i189078,16
i189079,13
i189084,13
i189087,6
i189089,1
i189090,5
i189092,40
i189099,21
i189100,2
i189102,3
i189105,1
i189107,8
i18911,19
i189111,23
i189113,1
i189124,1
i189125,20
i189131,13
i189132,5
i189134,3
i189135,54
i189139,2
i189140,8
i189142,3
i18915,3
i189150,12
i189163,1
i189164,7
i189176,2
i189179,40
i18918,31
i18919,10
i189190,20
i189194,90
i189196,3
i189197,1
i189198,20
i189199,24
i18920,14
i189200,26
i189202,4
i189204,11
i189207,1
i189212,24
i189216,2
i189218,2
i189224,1
i189226,2
i189233,39
i18924,5
i189241,71
i189245,5
i189250,1
i189252,1
i189256,7
i189261,22
i189263,40
i189266,8
i189267,19
i189268,14
i189269,7
i18927,29
i189272,61
i189276,84
i189279,20
i18928,25
i189280,2
i189285,9
i189295,71
i189302,10
i189305,19
i189307,5
i189315,8
i18932,37
i189328,5
i189329,8
i18933,37
i189332,33
i189344,4
i189346,4
i189347,2
i189349,48
i189351,2
i189352,6
i189357,12
i189363,31
i189365,35
i189368,5
i189369,1
i18937,26
i189371,43
i189372,31
i189379,25
i18938,3
i189380,10
i189383,12
i189393,17
i189402,18
i189404,2
i18941,40
i189419,5
i18942,9
i189422,25
i189423,4
i189426,41
i189429,6
i189432,19
i189437,7
i189438,19
i18944,6
i189445,71
i189447,2
i189449,2
i18945,2
i189455,1
i189459,5
i189462,2
i189463,2
i189465,5
i189467,19
i189468,17
i189469,13
i189471,19
i189477,50
i189478,31
i189482,16
i189484,18
i189490,5
i189491,15
i189493,6
i189495,28
i189496,18
i189499,41
i189500,7
i189501,1
i189506,3
i189518,1
i18952,7
i189523,30
i189525,51
i189530,5
i189534,9
i189536,5
i189539,24
i189544,1
i189549,22
i18955,44
i189550,7
i189553,1
i189554,51
i189560,1
i189564,2
i189567,24
i189572,16
i189573,4
i189590,10
i189596,2
i189598,16
i1896,1
i18960,3
i189601,3
i189605,3
i189616,4
i189619,1
i189621,2
i189622,5
i189628,8
i189632,10
i189636,2
i189648,9
i189649,6
i189656,3
i189658,10
i189661,2
i189672,4
i189673,9
i189675,5
i189680,2
i189681,2
i189684,4
i189685,30
i189693,2
i189696,1
i189697,4
i189707,10
i189729,18
i189732,6
i189736,3
i189739,7
i189752,18
i189753,7
i189757,15
i189758,3
i189759,1
i189761,30
i189764,16
i189765,5
i189766,5
i189768,4
i189772,2
i189773,20
i189776,7
i189779,1
i18978,8
i189782,3
i189788,1
i189796,25
i189802,28
i189805,2
i189808,1
i189811,28
i189812,9
i189813,14
i189818,3
i189825,14
i189827,1
i189834,3
i189837,1
i189844,8
i189856,6
i189858,6
i189860,4
i189868,5
i189873,1
i189874,6
i18988,9
i189897,13
i189913,7
i189924,10
i189925,1
i189927,13
i189928,3
i189929,11
i189930,8
i189933,4
i189935,2
i189944,11
i189946,5
i189948,11
i189950,7
i189958,5
i189960,4
i189962,12
i189966,6
i189973,15
i189981,17
i189982,24
i189983,2
i189984,8
i189987,17
i189989,5
i189992,37
i189993,24
i189997,66
i19,30
i190009,11
i190015,22
i190016,5
i19002,33
i190022,43
i190026,5
i190027,12
i190028,17
i190032,6
i190037,3
i190038,2
i190040,9
i190044,3
i190045,5
i190046,6
i190049,2
i190050,17
i190054,12
i190057,9
i190058,8
i190059,12
i19006,91
i190069,1
i190070,15
i190072,10
i190074,9
i190075,10
i190076,1
i190078,8
i190080,56
i190081,19
i190082,10
i190088,39
i190095,8
i190100,12
i190101,3
i190104,6
i19011,4
i190113,21
i190114,10
i190117,1
i190118,2
i190119,14
i19012,44
i190124,2
i190127,16
i190128,3
i19013,10
i190136,20
i190137,28
i190141,30
i190142,9
i190145,3
i19015,7
i190150,8
i190152,8
i190156,15
i190169,18
i190172,1
i190176,7
i190182,11
i190184,14
i190187,8
i190189,3
i190191,20
i190192,29
i190193,34
i190194,9
i190196,24
i190198,14
i190199,13
i1902,3
i190203,4
i190207,17
i190218,26
i190221,22
i190224,23
i190226,18
i190229,2
i190230,21
i190231,1
i190232,12
i190236,3
i19024,16
i190242,47
i19025,63
i190251,1
i190256,20
i190259,81
i19026,2
i190261,15
i190262,36
i190264,5
i190270,10
i190271,1
i190277,5
i190281,1
i190282,43
i190287,1
i19029,1
i190290,11
i190292,19
i190299,8
i190307,26
i190308,15
i190309,30
i190314,17
i190322,38
i190323,4
i190332,15
i190333,8
i190334,12
i190337,13
i190340,1
i190344,42
i190346,1
i190347,4
i190348,58
i190352,2
i190353,2
i190358,5
i190361,17
i190362,5
i190363,30
i190364,10
i190376,84
i190386,1
i190389,2
i19039,9
i190391,5
i190394,2
i190397,1
i190399,29
i190400,14
i190401,27
i190413,4
i190415,1
i190416,21
i190419,4
i190421,3
i190426,33
i190428,10
i190430,1
i190438,26
i19044,5
i190449,11
i190452,7
i190454,23
i190455,23
i19046,21
i190485,1
i190490,17
i190492,6
i190499,15
i190500,1
i190501,15
i190504,6
i19051,26
i190511,5
i190525,10
i190526,9
i190527,1
i190532,10
i190535,2
i190536,17
i190537,13
i190539,2
i190549,8
i190550,1
i190553,40
i190562,4
i190570,18
i190575,9
i190577,2
i190580,4
i190582,12
i190584,1
i190587,15
i190589,2
i19059,1
i190594,19
i190595,4
i190597,17
i190605,3
i190606,3
i190610,8
i190611,9
i190616,2
i190617,22
i190632,3
i190634,1
i190644,1
i190648,2
i190650,26
i190655,7
i190664,3
i190667,31
i190668,12
i19067,54
i190675,18
i190677,11
i190678,2
i190679,4
i190684,17
i190689,6
i190690,8
i190698,15
i190703,2
i190706,3
i190712,10
i190715,5
i190716,5
i190727,1
i190732,16
i190739,3
i190740,10
i190741,18
i190744,5
i190768,7
i19077,7
i190786,6
i190792,43
i190798,1
i190799,18
i190801,13
i190804,37
i190807,3
i190810,12
i190812,10
i190814,7
i190818,51
i190820,15
i190824,17
i190827,6
i19083,53
i190835,5
i190844,26
i190845,6
i190846,26
i190847,8
i190848,6
i190851,10
i190855,6
i190858,2
i19086,39
i190863,15
i190865,32
i190867,3
i190871,2
i190878,10
i19088,6
i190880,5
i190881,39
i19089,47
i190890,2
i190893,5
i19090,9
i190905,2
i190909,5
i190911,2
i190917,1
i190918,11
i190922,5
i190924,3
i190926,2
i190929,1
i190932,9
i190934,5
i190943,16
i190947,2
i19096,1
i190961,16
i190964,25
i190966,18
i190967,9
i190968,6
i19097,49
i190971,12
i190975,5
i190981,4
i190990,4
i190992,2
i190994,10
i190995,27
i190999,15
i1910,5
i191002,9
i191004,57
i191006,25
i191015,5
i191018,11
i191029,1
i19103,1
i191032,38
i191033,19
i191041,5
i191042,4
i19105,103
i191052,16
i19107,44
i191073,18
i191077,1
i191083,1
i191087,7
i191088,20
i19109,1
i191096,9
i191097,3
i191109,2
i191112,22
i191119,1
i19113,74
i191130,2
i191139,2
i19114,13
i191140,8
i191141,1
i191148,17
i191149,6
i19115,2
i191158,1
i191162,5
i191171,4
i191172,1
i191174,11
i191175,11
i19118,1
i191180,22
i191183,8
i191187,9
i191188,8
i191192,32
i191193,3
i191196,11
i191200,31
i191201,12
i19121,21
i191218,2
i19122,62
i191226,2
i191230,3
i191237,6
i191238,17
i19124,1
i191246,2
i191253,10
i191254,8
i191255,9
i191260,15
i191263,6
i191264,15
i191265,19
i191269,21
i191274,5
i191275,2
i191290,10
i191293,3
i191295,4
i191296,3
i191297,2
i191298,16
i191301,1
i191305,4
i191307,6
i191311,1
i191313,65
i191318,11
i191320,7
i191325,9
i191336,1
i191337,13
i19134,33
i191343,17
i191344,1
i191347,17
i19135,2
i191350,3
i191353,10
i191355,6
i191358,2
i19137,37
i191373,15
i19138,21
i191383,2
i191386,11
i191387,7
i191391,2
i191396,3
i191401,7
i191411,9
i191423,23
i191424,1
i191430,11
i191433,5
i191439,2
i191442,1
i191451,7
i191454,49
i191458,5
i191463,5
i191466,1
i191468,1
i19147,82
i191479,17
i191481,7
i191483,18
i191489,1
i191493,15
i1915,4
i191506,5
i191507,3
i191513,2
i191515,5
i191516,4
i191520,1
i191522,5
i191528,2
i191529,6
i19153,4
i191533,7
i191534,3
i191541,7
i191545,29
i191546,2
i191547,41
i191548,14
i191549,34
i19155,1
i191553,22
i191561,3
i191562,11
i191567,2
i191572,1
i191573,3
i191579,1
i191580,52
i191585,9
i191595,2
i1916,25
i191602,4
i191605,22
i191606,17
i191607,23
i19161,41
i191611,90
i191613,65
i191616,27
i191625,2
i191633,14
i191637,22
i19164,69
i191641,25
i191645,5
i19165,2
i191652,31
i191657,2
i19166,2
i191660,8
i191661,43
i191665,13
i191666,24
i191668,54
i191669,38
i191671,48
i191675,63
i19168,1
i191681,19
i191688,7
i191692,1
i191695,1
i191706,4
i191708,40
i19171,10
i191713,6
i191714,33
i191718,2
i191721,16
i191726,40
i191730,21
i191731,17
i191733,74
i191739,16
i191740,25
i191741,35
i191743,55
i191744,10
i191745,2
i191746,42
i191749,16
i191752,34
i191753,1
i191754,13
i191756,17
i191757,20
i191759,61
i191760,68
i191761,13
i191765,3
i191770,21
i191772,2
i191775,42
i191776,1
i19178,30
i191781,5
i191784,27
i191786,11
i191787,20
i1918,3
i191800,1
i191801,35
i191806,24
i191807,15
i191810,4
i191815,4
i191816,7
i191820,7
i191828,23
i191830,59
i191832,1
i191839,21
i191840,14
i191845,82
i191855,5
i191858,16
i19186,7
i191861,67
i191867,1
i191873,23
i191886,4
i191892,11
i191899,1
i1919,2
i19190,2
i191900,74
i191902,20
i191903,3
i191906,1
i191908,34
i191915,4
i191926,5
i191927,58
i19193,3
i191930,4
i191931,38
i191939,2
i191944,14
i191949,9
i191950,9
i191957,35
i191961,2
i191968,2
i19197,37
i191972,2
i191975,15
i191976,45
i191978,1
i191980,30
i191982,4
i191983,24
i191985,7
i191987,12
i191990,42
i191991,54
i19200,10
i192001,16
i192002,4
i192004,52
i192021,6
i192024,3
i192029,5
i192030,17
i192034,10
i19204,23
i192040,6
i192042,6
i192043,4
i192050,5
i192052,1
i192055,1
i192061,9
i192062,15
i192065,20
i192066,11
i192067,1
i192068,19
i19207,95
i192073,7
i192074,50
i19208,1
i192083,23
i192090,85
i192091,7
i192095,1
i192097,6
i1921,2
i192101,8
i192104,20
i19211,34
i192110,1
i192116,30
i192117,19
i192118,5
i192124,1
i19213,28
i192130,23
i192138,3
i192140,29
i192148,5
i192153,54
i192154,74
i192155,24
i192158,33
i19216,40
i192162,3
i192166,14
i192168,51
i192171,67
i192172,6
i192175,2
i192176,6
i192178,24
i192179,54
i192180,8
i192181,19
i192182,3
i192183,1
i192184,26
i192185,13
i192188,25
i19219,28
i192193,9
i192197,28
i192201,23
i192202,11
i192204,2
i192207,28
i192215,7
i19222,30
i192220,16
i192222,9
i192225,2
i192228,2
i19223,4
i192231,2
i192235,3
i192236,17
i192238,34
i192239,28
i192241,10
i192244,5
i192247,2
i192248,5
i192249,2
i192250,15
i192256,8
i192260,1
i192261,6
i192264,2
i192268,8
i192272,4
i192274,27
i192275,8
i19228,45
i192285,1
i19229,28
i192291,93
i192293,33
i192294,7
i192296,6
i192297,29
i192299,6
i192302,7
i192311,2
i192312,18
i192313,38
i192314,7
i192316,7
i192317,9
i192324,2
i192326,9
i19233,66
i192337,51
i19234,20
i192348,8
i192349,2
i192352,2
i192355,1
i192359,1
i192365,8
i192368,11
i192371,9
i192379,7
i192383,11
i192386,13
i19239,6
i192392,16
i1924,42
i192403,2
i192405,17
i192419,3
i192423,10
i192424,2
i192425,1
i192427,14
i192430,6
i192431,1
i192434,9
i192438,4
i192446,20
i192450,43
i192454,17
i192455,6
i192456,7
i192461,3
i192467,27
i192469,23
i192473,5
i192474,3
i192476,16
i192479,4
i192481,4
i192484,1
i192486,2
i192488,1
i192498,1
i1925,6
i19250,1
i192502,4
i192506,2
i192513,22
i192516,14
i192517,3
i192519,45
i19252,37
i192522,4
i192524,38
i192527,4
i192531,20
i192534,1
i192535,1
i192536,6
i192538,19
i19254,6
i192544,28
i192550,33
i192551,3
i192555,44
i192556,10
i192557,27
i192560,20
i192566,66
i19257,7
i192570,1
i192572,2
i192574,3
i192577,14
i192578,10
i192579,1
i192583,19
i192589,95
i192592,3
i192593,34
i192594,5
i192598,13
i192601,3
i192608,39
i192610,14
i192611,18
i192613,41
i192615,3
i192618,26
i192619,2
i19262,10
i192620,46
i192627,21
i192628,23
i192629,6
i192632,4
i192634,18
i192635,7
i192638,12
i192643,33
i192649,47
i192651,1
i192654,3
i192656,40
i192658,2
i19266,24
i192661,10
i192663,3
i192664,2
i192666,11
i192673,4
i192681,1
i192685,8
i19269,17
i192693,21
i192694,21
i192697,3
i192699,15
i192700,41
i192707,7
i192708,43
i19271,45
i192714,18
i19272,14
i192720,2
i192723,54
i192724,34
i192725,2
i192735,4
i192739,5
i19274,6
i192740,23
i192747,1
i192748,46
i192749,21
i19275,7
i192762,4
i192767,10
i19277,27
i192770,4
i192771,8
i192772,36
i192775,34
i192777,22
i192781,17
i192788,35
i19279,3
i192794,14
i192806,2
i192812,4
i192822,25
i192826,9
i192827,8
i192829,44
i192831,1
i192833,7
i192837,23
i192842,2
i192844,64
i192851,19
i192853,17
i192862,6
i192866,1
i192868,5
i192869,24
i192870,11
i192871,10
i192873,3
i192875,5
i192876,2
i192877,10
i192880,1
i192884,8
i192900,4
i192902,5
i192908,13
i192912,24
i192917,1
i19292,36
i192920,9
i192923,8
i192924,12
i19293,13
i192931,11
i192937,7
i19294,1
i192941,1
i192943,1
i192945,6
i19295,11
i192953,46
i192955,14
i192957,1
i19296,24
i192960,2
i192965,1
i192966,3
i192967,1
i19297,25
i192977,21
i192983,12
i192988,12
i192995,12
i192996,4
i192999,1
i193,12
i1930,13
i193009,36
i193015,1
i193019,8
i193022,4
i193023,69
i193025,1
i193026,7
i193038,16
i193039,8
i193044,4
i193048,26
i19305,10
i193050,19
i193051,7
i193053,3
i193054,6
i193058,11
i193060,10
i193061,1
i193062,7
i193063,3
i193065,2
i193070,7
i193071,5
i193079,1
i193083,1
i193085,10
i19309,3
i193090,20
i193094,13
i193095,1
i193096,36
i193099,1
i1931,24
i193105,9
i19311,15
i193113,1
i193118,1
i19312,30
i193132,11
i193136,7
i193139,9
i19314,50
i193140,4
i193143,22
i193144,4
i19315,10
i193155,4
i193161,2
i193164,12
i193166,14
i193167,11
i193172,7
i193176,3
i19318,58
i193181,9
i193198,19
i19320,31
i193201,3
i193202,11
i193208,1
i193209,7
i19321,16
i193210,23
i193213,4
i193214,1
i19322,26
i193220,15
i193222,2
i193225,1
i193226,7
i193228,4
i193229,5
i193242,11
i193248,5
i193250,8
i193252,6
i193253,4
i193257,20
i19326,61
i193262,15
i193266,10
i193271,4
i193275,15
i193277,1
i193278,2
i19328,2
i193287,16
i193289,8
i193294,2
i193295,40
i1933,3
i193301,30
i193303,2
i193307,35
i193312,14
i193313,64
i193314,6
i193320,46
i193321,17
i193325,7
i193326,13
i19333,27
i193332,75
i193336,2
i193345,51
i19335,62
i193355,4
i193357,3
i193359,24
i193366,13
i193367,3
i193370,8
i193375,1
i193379,27
i193380,6
i193386,12
i193398,63
i193400,5
i193401,6
i193402,19
i193408,1
i193412,31
i193414,15
i193415,23
i193416,5
i193422,35
i193426,14
i193429,15
i193432,1
i193446,16
i193451,24
i193452,2
i193455,7
i193457,21
i19346,51
i193460,2
i193464,31
i193471,27
i193473,34
i193478,18
i193481,18
i193490,2
i193491,10
i193495,46
i193497,3
i193498,11
i193506,25
i193508,33
i193509,4
i193513,4
i193519,19
i193520,25
i193525,5
i19353,81
i193539,39
i19354,21
i193540,15
i193547,25
i193549,34
i19355,10
i193555,5
i193559,8
i193560,7
i193570,6
i193572,25
i193576,42
i193579,18
i193582,22
i193586,1
i193590,21
i193594,19
i193596,5
i19360,1
i193601,8
i193603,24
i193605,7
i193606,5
i193607,2
i193608,33
i193613,19
i193618,12
i193628,2
i193629,4
i193636,13
i193639,5
i193641,4
i193649,2
i19365,13
i193656,1
i193658,4
i193659,2
i19366,17
i193660,5
i193666,1
i193668,5
i193674,29
i193676,2
i193679,2
i193680,16
i193686,6
i193689,7
i193692,29
i193693,6
i193694,30
i193697,11
i19370,28
i193704,26
i193707,15
i193709,24
i193711,10
i193712,1
i193713,19
i193719,25
i193728,43
i193730,13
i193732,1
i193733,1
i193734,1
i193735,14
i193737,1
i193739,1
i193741,48
i193742,42
i193744,18
i193746,32
i193753,8
i193754,8
i193755,12
i19376,49
i193762,44
i193767,18
i193769,19
i19377,101
i193774,55
i193775,6
i193777,1
i193780,12
i193782,36
i193784,19
i193789,16
i193795,11
i193800,19
i193804,38
i193805,30
i193809,33
i193812,43
i193814,7
i193818,1
i193821,8
i193822,1
i193829,2
i193832,23
i193833,4
i19384,3
i193842,7
i193849,33
i193850,1
i193851,23
i193853,12
i193859,6
i193860,3
i193863,14
i193866,4
i193873,19
i193874,5
i193876,40
i193877,15
i193883,10
i193884,62
i193886,6
i193891,11
i193893,7
i193897,1
i193903,3
i193908,11
i193913,9
i193917,41
i19392,6
i193920,13
i193929,5
i19393,3
i193931,25
i193936,15
i193940,7
i193943,13
i193945,8
i193947,5
i193950,23
i193957,7
i19396,6
i193962,4
i193963,4
i193965,9
i193974,3
i193979,22
i193980,15
i193981,12
i193983,4
i193984,16
i194004,5
i194007,46
i194010,4
i194014,5
i194021,3
i194024,4
i194025,29
i194028,1
i194035,41
i194037,14
i194041,27
i194044,1
i194048,8
i194053,6
i194057,4
i194070,2
i194079,6
i194081,6
i194088,1
i194090,1
i194091,1
i194093,2
i194094,29
i194098,4
i1941,24
i194100,4
i194102,3
i194108,10
i194109,16
i19411,14
i194111,2
i194113,9
i194120,21
i194121,1
i194122,10
i19413,10
i194131,5
i194133,4
i194134,2
i194136,11
i194141,4
i194142,42
i194146,6
i194150,22
i194156,28
i194157,2
i194160,9
i194162,3
i194171,1
i194180,5
i194183,6
i194184,11
i194188,18
i194190,1
i19420,25
i194204,6
i19421,7
i194210,3
i194212,7
i194213,4
i194218,7
i194227,24
i194230,39
i194237,3
i194245,9
i194246,15
i194248,9
i19425,6
i194257,9
i194263,16
i194264,27
i194270,5
i194272,4
i194275,10
i194276,24
i19428,1
i194282,3
i194288,17
i194289,25
i19429,13
i194290,1
i194296,25
i194297,8
i1943,56
i194302,6
i194305,1
i194312,2
i194320,20
i194321,18
i194332,2
i194337,4
i194340,32
i194341,11
i194342,8
i194346,8
i194349,15
i194350,2
i194352,9
i194366,48
i194369,2
i194374,3
i194376,23
i194377,4
i194394,17
i194398,1
i1944,72
i194403,10
i194404,30
i194407,3
i194408,14
i194409,10
i194413,2
i194416,10
i194418,5
i194424,11
i194427,13
i194434,9
i194436,7
i194441,3
i19445,23
i194455,4
i194457,5
i194459,4
i19446,26
i194462,24
i194470,16
i194471,3
i194481,2
i194482,5
i194484,2
i194486,12
i194489,27
i194491,29
i194501,16
i194509,15
i194513,7
i194516,1
i19452,23
i194526,7
i194530,18
i194532,13
i194533,32
i194534,15
i194536,13
i194544,9
i194545,1
i194548,2
i194549,9
i194552,1
i19456,9
i194560,14
i194562,4
i194563,3
i194566,8
i194570,3
i194574,4
i194580,1
i194584,14
i194589,3
i19459,56
i194590,7
i19460,24
i194603,12
i194605,9
i19462,8
i194621,3
i194625,13
i194628,17
i194630,4
i194643,2
i194649,4
i19465,9
i194650,4
i194651,2
i194652,17
i194658,2
i194659,9
i194663,5
i194667,9
i19467,32
i194677,2
i194682,4
i194684,5
i194685,9
i194686,3
i194689,35
i19469,26
i194690,9
i194692,1
i194695,4
i194698,2
i194699,21
i194702,18
i194704,7
i194711,36
i194713,6
i194729,3
i194731,1
i194733,29
i194734,7
i194735,12
i194739,3
i19475,4
i194753,31
i194759,6
i194760,7
i194766,47
i194767,8
i194769,17
i19477,25
i194770,8
i194777,2
i194780,1
i194783,1
i194797,3
i194799,3
i194804,12
i194809,12
i194811,8
i194816,1
i194818,1
i194823,48
i194826,1
i194827,12
i194828,9
i194838,6
i194839,2
i194852,19
i194855,5
i194857,1
i194861,6
i194864,6
i194868,16
i194872,1
i194878,18
i194879,7
i19488,6
i194886,24
i19489,7
i194893,3
i194897,6
i194903,13
i194905,8
i194907,2
i194909,1
i194911,5
i194914,18
i194915,1
i194916,2
i194918,1
i19492,4
i194932,2
i194933,1
i194937,1
i194938,2
i194944,27
i194949,16
i194952,36
i194955,3
i194963,12
i194965,39
i194970,94
i194972,11
i194978,48
i194981,2
i194998,23
i194999,3
i195001,8
i195002,49
i195003,8
i195010,36
i195011,47
i195015,9
i195016,27
i195024,24
i195027,15
i195031,11
i195046,66
i195060,21
i195061,24
i195068,3
i19507,37
i195071,3
i195080,29
i195083,3
i195094,3
i19510,16
i195107,58
i195112,1
i195116,31
i195119,31
i195122,5
i195126,32
i19513,1
i195131,31
i195132,5
i195137,2
i195139,5
i195143,1
i195144,2
i195146,11
i195147,18
i195148,5
i195149,31
i19515,40
i195152,16
i195160,7
i195163,3
i19517,1
i195170,5
i195178,31
i195181,47
i195189,5
i19519,15
i195190,15
i195196,24
i195199,16
i195200,1
i19522,15
i195220,38
i195225,1
i195230,13
i19524,19
i195248,4
i195251,45
i195253,51
i195255,9
i195258,4
i195259,18
i19526,25
i195263,20
i195264,21
i195266,17
i195268,5
i195273,2
i195274,1
i195276,28
i195285,19
i195287,8
i19529,7
i195291,14
i195293,9
i195296,32
i1953,5
i195301,2
i195303,17
i195304,2
i195305,4
i195306,44
i195311,6
i195312,2
i195314,22
i195315,8
i195324,17
i195329,9
i195331,34
i195342,9
i195343,20
i195345,1
i19535,20
i19536,1
i195362,43
i195366,2
i195373,8
i195377,3
i195378,24
i195380,14
i195385,38
i195386,2
i195388,15
i195400,1
i19541,16
i195416,21
i195417,2
i195427,10
i195428,8
i195433,10
i195440,5
i195444,3
i195448,3
i19545,45
i195452,6
i195454,25
i195456,30
i195459,39
i195460,30
i195461,5
i195462,10
i195463,8
i195469,2
i195470,18
i195481,30
i195483,34
i195489,5
i195491,2
i195497,9
i195499,2
i1955,90
i195501,48
i195502,17
i195506,71
i195508,5
i195510,2
i195511,22
i195512,33
i195515,1
i19552,15
i195524,20
i195530,28
i195532,11
i195534,16
i195535,7
i195540,2
i195543,4
i195550,1
i195555,1
i195556,41
i195559,6
i195562,19
i195566,4
i19557,9
i195570,42
i195571,36
i19558,2
i195586,11
i195589,1
i195594,15
i195595,7
i195597,13
i195598,3
i195603,1
i195604,10
i195612,29
i195613,33
i195616,13
i195621,14
i195622,4
i195627,1
i195628,4
i195630,33
i195632,26
i195634,7
i195637,23
i195638,49
i195639,13
i195646,39
i195648,2
i195650,54
i195658,2
i195664,29
i195666,4
i195668,2
i195672,23
i195675,8
i195678,32
i195681,1
i195683,16
i195686,1
i195688,21
i195689,13
i19569,16
i195693,28
i195699,11
i19570,9
i195705,1
i19571,15
i195713,4
i195716,5
i195718,9
i195722,1
i195730,6
i195735,2
i195738,5
i195739,15
i195741,47
i195750,10
i195753,1
i195756,5
i195760,8
i195762,2
i19577,6
i195775,8
i195776,24
i195781,2
i195782,2
i195786,3
i1958,2
i19580,19
i195800,20
i195801,8
i195803,1
i195812,1
i195819,1
i195820,1
i195821,4
i195822,66
i195825,2
i19583,1
i195832,2
i195839,21
i195842,4
i195844,5
i195846,7
i195847,3
i195848,13
i195849,1
i195853,2
i195856,1
i19586,1
i195862,1
i195864,6
i19587,8
i195870,1
i195873,12
i195876,2
i195882,14
i195888,2
i195891,1
i195896,54
i19590,4
i195903,5
i195914,11
i195915,5
i195921,1
i195923,13
i195934,6
i195935,1
i195937,15
i195939,28
i195940,30
i195943,1
i19595,20
i195955,43
i19596,23
i195960,93
i195961,2
i19597,3
i195975,1
i195977,11
i195979,14
i195980,17
i195981,27
i195983,26
i195984,32
i195989,19
i195995,14
i195996,2
i1960,17
i19600,9
i196004,13
i196005,15
i196006,2
i196008,4
i196015,4
i196016,33
i196019,1
i196023,2
i196030,22
i196035,9
i196036,45
i196039,11
i196042,4
i196044,18
i19605,2
i196056,1
i196058,16
i19606,31
i196061,4
i19607,20
i196071,15
i196079,10
i19608,14
i196081,3
i196082,10
i196084,6
i196086,2
i196096,1
i196097,3
i196099,7
i1961,1
i196103,2
i196104,33
i196110,4
i196116,12
i196119,1
i19612,18
i196124,10
i196127,1
i196135,11
i196138,44
i196139,17
i196140,5
i196144,12
i196145,9
i196148,1
i19615,67
i196155,7
i19616,28
i196168,17
i196174,10
i196176,5
i19618,41
i196181,5
i196182,4
i196186,1
i196188,8
i196190,6
i196199,15
i196206,3
i196211,12
i196225,1
i196227,6
i19623,22
i196230,4
i196233,39
i196238,9
i196244,13
i196246,5
i196249,4
i196250,1
i196256,2
i196259,12
i196260,55
i196262,19
i196265,3
i19627,19
i196272,10
i196279,7
i196282,17
i196285,1
i196287,14
i196290,1
i196295,3
i196299,37
i196302,4
i196309,19
i19631,13
i196315,68
i196317,20
i19632,5
i196339,13
i196340,22
i196347,4
i196351,3
i196353,11
i196355,11
i196356,15
i19637,20
i196371,2
i19638,1
i196380,1
i196389,12
i19639,17
i196396,10
i196399,19
i196400,31
i196401,20
i196405,8
i196407,4
i19641,12
i196410,21
i196415,2
i196417,26
i196419,22
i196421,3
i196427,1
i196429,11
i196434,2
i196435,6
i196439,8
i19644,38
i196441,12
i196445,16
i196452,1
i196454,4
i196458,11
i196460,5
i196461,4
i196463,5
i196465,6
i196467,7
i196472,2
i196474,3
i196478,13
i196479,5
i196486,13
i196488,20
i19649,1
i19650,20
i196508,8
i196513,6
i196514,6
i196516,5
i196522,1
i196527,9
i196537,3
i196538,5
i196539,23
i196542,11
i196545,19
i196558,1
i196559,6
i19656,18
i196560,49
i19659,30
i196593,23
i196595,1
i196596,13
i196599,1
i19660,21
i196602,7
i196608,6
i196610,20
i196611,1
i196613,1
i196616,6
i196627,16
i196628,4
i196633,21
i196645,29
i196647,1
i196649,27
i196653,18
i196669,3
i19667,88
i196677,113
i196681,6
i196682,21
i196684,13
i196685,47
i196686,19
i196688,32
i196693,11
i196695,1
i196701,4
i196706,41
i196707,14
i19671,28
i196710,10
i196713,20
i19672,23
i196723,15
i196728,6
i19673,2
i196731,106
i196738,87
i196739,2
i19674,20
i196746,62
i196749,20
i19675,29
i196757,11
i196758,1
i19676,1
i196763,8
i196767,16
i196768,15
i196769,8
i19677,44
i196772,20
i196774,9
i19678,1
i196783,1
i196787,14
i196793,41
i196796,3
i196808,24
i196809,32
i196812,14
i196815,58
i19682,68
i196820,17
i196823,6
i196825,2
i196828,14
i19683,1
i196830,1
i196831,24
i196832,24
i196836,8
i196837,3
i196838,10
i19684,1
i196842,12
i196856,7
i196859,1
i19686,40
i196878,9
i196880,36
i196882,11
i196886,4
i196888,3
i196891,11
i1969,22
i19690,26
i196901,16
i196902,5
i196904,9
i196906,2
i196907,8
i196908,34
i19691,9
i196912,2
i196915,5
i196917,3
i196921,16
i196926,79
i19693,30
i19694,22
i196946,5
i19695,6
i196953,11
i196957,18
i196975,49
i196977,38
i196982,4
i196984,6
i196988,22
i196989,3
i196994,4
i196996,32
i1970,39
i197001,2
i197002,11
i197003,36
i197004,9
i197005,1
i197007,6
i19701,31
i197011,2
i197014,3
i197017,8
i197019,34
i197021,14
i197024,1
i197027,12
i197028,38
i197031,12
i197037,18
i197044,1
i197048,4
i197050,2
i19706,82
i197060,7
i197066,63
i197075,17
i197077,1
i19708,65
i197087,32
i197089,1
i197093,21
i197098,2
i1971,6
i197103,7
i197105,2
i197109,27
i197112,12
i197116,6
i197117,26
i19712,20
i197122,2
i197123,12
i197125,11
i197128,45
i197135,4
i197137,2
i197141,5
i197145,3
i197148,2
i197150,3
i197151,20
i197154,31
i197156,5
i197159,21
i197162,1
i197170,4
i197179,7
i197188,4
i19719,1
i197191,2
i197192,4
i197194,20
i197204,8
i197209,5
i19721,3
i197211,9
i197212,1
i197213,6
i197217,1
i19722,13
i197224,8
i197227,3
i197234,17
i197237,3
i197245,3
i197250,2
i197252,5
i197267,2
i197272,9
i197275,2
i197279,3
i197280,4
i197282,12
i197284,8
i197286,1
i197290,2
i197296,16
i1973,50
i197301,1
i197307,4
i19731,3
i197312,2
i197323,1
i197325,20
i197326,3
i197328,22
i197330,13
i19734,31
i197346,9
i197348,6
i19735,47
i197352,2
i197353,2
i197357,22
i197358,1
i197368,19
i197369,37
i197370,1
i197373,6
i197374,9
i197376,6
i197378,17
i197379,4
i19738,2
i197387,4
i197388,14
i19740,53
i197406,3
i197410,11
i197414,5
i197415,1
i197418,4
i197430,10
i197433,7
i197441,3
i197449,8
i19745,30
i197451,11
i197452,3
i197472,4
i197474,6
i197476,7
i197480,2
i197481,3
i197482,40
i197488,14
i197491,13
i197492,1
i197494,58
i19750,9
i197500,67
i197506,6
i197508,13
i197517,21
i197519,11
i197525,2
i197528,1
i19753,3
i197530,11
i197531,27
i197535,2
i197537,22
i197540,19
i197541,18
i197544,18
i197546,4
i197547,6
i197548,30
i197549,3
i197550,1
i197557,3
i197559,15
i197563,2
i197565,1
i197567,20
i197573,5
i197583,13
i197585,2
i197587,13
i197588,6
i197590,8
i197598,21
i197608,3
i19761,45
i197613,1
i197617,1
i197618,17
i197620,16
i197626,4
i197630,3
i197631,24
i197632,5
i197637,2
i197640,1
i197641,3
i197642,5
i197647,4
i19765,11
i197652,4
i197655,30
i197663,14
i197674,1
i197678,4
i197684,1
i197687,18
i197689,42
i197690,18
i197691,3
i197692,3
i197693,17
i197694,16
i197699,10
i1977,31
i19770,3
i197706,7
i197707,8
i197708,3
i19772,37
i197721,7
i197722,9
i197724,5
i197733,1
i197735,13
i197739,2
i197742,2
i197748,1
i197756,28
i197757,10
i197761,2
i197762,6
i197767,10
i197769,1
i197788,7
i19779,3
i197790,10
i197792,2
i19780,47
i197804,23
i197816,4
i197819,1
i197826,3
i197828,6
i19783,7
i197830,9
i197832,4
i197834,30
i19784,2
i197842,1
i197845,28
i197846,6
i197847,26
i197850,1
i197851,3
i197857,9
i197859,5
i197863,22
i197865,19
i197871,1
i197872,3
i197875,6
i197880,3
i197883,10
i197886,24
i197892,11
i197895,2
i197896,5
i197899,13
i197904,13
i197910,7
i197919,26
i197921,1
i197924,7
i197930,6
i197931,6
i197939,2
i197941,2
i197944,11
i197947,5
i19795,15
i197953,4
i197954,18
i197955,2
i197957,8
i197958,2
i19796,1
i197963,7
i197967,13
i197970,18
i197971,23
i197979,1
i19798,2
i197983,23
i197984,12
i197986,21
i19799,45
i197990,20
i197992,26
i197993,2
i197996,23
i197999,8
i198007,21
i198010,2
i198015,10
i198016,1
i198017,2
i198029,14
i198034,7
i198038,11
i198039,3
i19804,49
i198044,7
i198045,14
i198047,3
i19805,17
i198065,10
i198066,6
i198068,1
i19807,11
i198073,7
i19808,5
i198085,8
i198091,7
i198093,8
i198098,1
i198100,2
i198103,17
i198104,17
i198107,27
i198111,31
i198113,5
i198114,17
i198115,42
i198117,1
i198121,2
i198122,5
i198124,17
i198125,2
i198126,53
i198128,7
i198134,22
i198138,39
i198139,20
i198140,33
i198145,51
i198150,38
i198151,6
i198152,5
i198153,25
i198162,29
i198165,29
i198167,58
i19817,19
i198173,11
i198174,27
i198175,4
i198177,13
i198188,13
i198190,2
i198191,3
i198193,7
i198194,13
i198199,8
i1982,44
i19820,12
i198201,49
i198202,9
i198205,13
i198206,49
i198209,18
i198210,6
i198213,26
i198216,3
i19822,4
i198226,16
i19823,2
i198234,2
i198236,2
i198240,12
i198248,5
i198252,4
i198253,6
i198261,91
i198265,7
i198272,25
i198273,15
i198274,27
i198276,1
i19828,19
i198280,69
i198282,10
i198285,9
i198286,30
i19829,83
i198296,31
i198298,24
i198302,5
i198303,1
i198306,40
i198311,24
i198323,15
i198329,1
i19833,56
i198332,4
i198336,5
i198337,51
i198338,18
i198339,4
i198344,6
i198351,10
i198352,33
i198355,3
i198363,7
i198368,1
i198369,3
i198370,15
i198376,23
i198378,7
i198380,21
i198382,4
i198384,27
i198399,38
i198400,2
i198403,4
i198409,1
i198412,26
i198416,14
i198418,27
i198419,38
i198426,10
i19843,4
i198450,3
i198453,2
i198461,12
i198462,11
i198464,24
i198467,2
i19847,103
i198470,12
i198479,17
i198480,14
i198482,8
i198486,66
i198489,40
i198492,24
i198496,1
i198499,14
i198504,10
i198508,48
i198509,11
i19851,33
i198510,1
i198513,16
i198515,18
i198519,19
i198525,26
i198527,4
i198530,1
i198534,2
i19854,3
i198541,8
i198544,25
i198546,17
i198548,23
i19855,59
i198556,25
i198557,4
i198559,2
i19856,101
i198563,2
i198566,39
i198569,9
i198579,17
i198587,4
i19859,18
i198593,2
i198595,4
i198597,7
i198605,41
i198607,15
i19861,1
i198612,20
i198620,31
i198622,3
i198627,4
i198632,12
i198634,18
i198639,41
i198643,41
i198644,6
i198647,5
i19865,3
i198650,4
i198652,3
i198654,21
i198657,14
i198658,17
i198659,29
i198660,108
i198664,11
i198669,1
i198671,21
i198672,2
i198674,29
i198676,5
i198677,2
i198679,12
i198680,1
i198681,1
i198682,43
i198684,41
i198686,1
i19869,22
i198690,27
i198693,14
i19870,33
i198702,5
i198706,5
i198708,17
i19871,8
i198711,2
i198712,15
i198716,24
i198717,24
i198719,18
i198720,36
i198721,8
i198722,4
i198723,2
i198726,2
i198730,1
i198733,11
i198737,1
i198740,18
i198743,10
i198746,1
i198754,25
i198755,5
i198760,8
i198773,4
i198783,1
i198791,10
i198799,39
i19880,23
i198800,6
i198803,11
i198806,10
i198808,3
i198809,2
i198810,16
i198813,4
i198815,4
i198820,1
i198821,27
i198823,1
i198826,2
i19883,1
i198830,3
i198831,5
i198832,39
i198834,1
i198835,25
i19884,35
i19885,33
i198850,17
i198857,52
i198860,2
i198866,6
i198869,49
i198870,2
i198873,3
i198877,17
i198878,1
i19888,5
i198886,31
i198887,18
i198888,1
i198889,1
i198891,16
i198892,25
i19890,42
i198903,26
i198909,12
i19891,1
i198913,3
i198916,21
i198924,18
i198925,15
i198928,34
i198930,4
i198932,1
i198942,2
i198947,1
i198953,16
i198958,10
i198961,9
i198967,20
i19897,1
i198972,6
i198978,5
i198979,1
i19898,4
i19899,24
i1990,3
i199002,2
i199004,1
i199018,3
i199019,3
i199021,2
i199022,2
i199025,36
i199026,6
i199029,1
i19903,57
i199035,1
i199038,20
i199041,2
i199046,14
i199047,24
i199049,15
i199053,6
i199054,6
i199055,1
i199056,10
i199062,23
i199068,1
i199070,22
i199072,3
i199073,23
i19908,5
i199081,15
i199084,29
i199091,43
i199092,2
i199095,3
i19910,7
i199100,11
i199109,6
i19911,7
i199114,6
i199116,5
i199117,2
i199120,19
i199124,22
i199125,6
i199126,26
i199128,30
i199130,3
i199132,63
i199136,37
i199139,15
i199143,3
i199147,27
i19915,58
i199151,7
i199152,46
i199168,29
i199171,10
i199172,1
i199173,33
i199179,27
i199183,31
i199192,1
i199194,1
i199197,33
i199198,6
i199202,54
i199205,27
i199208,3
i199219,2
i19922,32
i199220,11
i199222,1
i199226,2
i199236,6
i199237,5
i19924,21
i199247,30
i19925,37
i199250,22
i199253,3
i199256,52
i19926,3
i199260,18
i199264,9
i19927,7
i199270,9
i199276,1
i199277,6
i199281,5
i199285,5
i19929,53
i199294,42
i199297,18
i19930,25
i199300,25
i199302,10
i199303,4
i199310,33
i199313,11
i199318,13
i199322,51
i199326,5
i199331,3
i199332,13
i199336,12
i19934,1
i199341,41
i199346,17
i199348,32
i199354,26
i199356,14
i199361,4
i199363,40
i199364,9
i199367,3
i199369,1
i199373,1
i199376,5
i199379,3
i199387,4
i199390,54
i19940,53
i199400,1
i199401,1
i199403,12
i199406,19
i199410,4
i199411,6
i199421,18
i199423,3
i199430,29
i199438,9
i199441,3
i199445,17
i199449,50
i19945,1
i199457,4
i199463,11
i199466,9
i199467,1
i199468,18
i199488,26
i199499,25
i19950,37
i199502,6
i199505,5
i199506,56
i199508,2
i199511,4
i199512,29
i199514,15
i19952,1
i199521,5
i199524,1
i199532,12
i199535,21
i199548,5
i199549,28
i199550,82
i199552,17
i199553,47
i199555,68
i199558,3
i199561,39
i199567,10
i199569,37
i199576,10
i199577,1
i199578,34
i19958,9
i199581,56
i199589,3
i199591,5
i199595,16
i199598,1
i199599,7
i199600,1
i199604,18
i199608,17
i199610,1
i19963,17
i199647,5
i199648,3
i199649,49
i19965,7
i199651,8
i199653,1
i199655,4
i199656,21
i199666,3
i199669,20
i199670,4
i199674,16
i199676,11
i199677,17
i199682,2
i199699,1
i19970,17
i199700,13
i199702,16
i19971,21
i199718,34
i199724,22
i199729,2
i199730,3
i199733,22
i199744,13
i199749,8
i199757,29
i199759,7
i199761,9
i199762,2
i199765,15
i199766,1
i199767,1
i19977,2
i199770,1
i199772,12
i199773,8
i199775,2
i199778,1
i19978,7
i199780,11
i199792,1
i199798,16
i19980,64
i199802,12
i199803,2
i199805,6
i199807,10
i199812,4
i199814,9
i199823,5
i199828,2
i19983,27
i199830,4
i199841,2
i199844,3
i199847,3
i199849,3
i199858,1
i19986,20
i199864,4
i199867,4
i199869,14
i199870,10
i199871,30
i199873,5
i199878,2
i19988,5
i199885,38
i199888,2
i199893,2
i199897,2
i199901,22
i199902,2
i199906,1
i19991,7
i199917,9
i19992,5
i199920,1
i199926,6
i199934,6
i199939,1
i19994,25
i199940,4
i199941,7
i199942,7
i199944,5
i199947,36
i199950,60
i199953,1
i199954,10
i199957,7
i199958,13
i199959,32
i199960,12
i199962,5
i199963,2
i199964,24
i199966,22
i199968,30
i19997,25
i19998,3
i199980,11
i199983,1
i199987,54
i199998,28
i199999,23
i2000,10
i20000,14
i200000,12
i200005,95
i200006,9
i200008,32
i200017,2
i200019,37
i200021,2
i200022,24
i200023,1
i200024,8
i200026,39
i200033,6
i200034,14
i200036,5
i200038,11
i200040,6
i200057,1
i200059,57
i200061,1
i200065,10
i200066,1
i200067,6
i20008,1
i200081,5
i200083,9
i200084,9
i200089,72
i200093,26
i200094,21
i200097,14
i200099,50
i200106,1
i200107,6
i200118,1
i200119,41
i200124,1
i200129,1
i200137,7
i200139,25
i200142,3
i200145,18
i200148,10
i20015,3
i200150,30
i200151,8
i200153,12
i200154,14
i200156,1
i200157,2
i200160,1
i200163,4
i200168,2
i200169,21
i20017,49
i200172,2
i200173,2
i200178,5
i200186,10
i200189,3
i200191,7
i200193,4
i200197,1
i200200,57
i200206,46
i200208,2
i200212,51
i200214,6
i200216,10
i200217,24
i200219,3
i200226,12
i200227,29
i200232,2
i200237,7
i200238,28
i20024,29
i200241,1
i200242,47
i200246,4
i200247,29
i20025,9
i200257,1
i200258,1
i20027,6
i200270,3
i200278,2
i200281,9
i200282,3
i200294,41
i200305,10
i200306,1
i200307,39
i200309,5
i200310,9
i200312,10
i200315,12
i200318,1
i200319,11
i200320,2
i200322,34
i200324,2
i200325,26
i200331,3
i200336,6
i200340,18
i200341,6
i200346,12
i20035,1
i200350,27
i200356,2
i200359,12
i200361,1
i200366,9
i200368,49
i200375,18
i200377,29
i200378,63
i200386,4
i200389,12
i200390,30
i200391,1
i200394,47
i200395,26
i200396,3
i20040,32
i200402,12
i200403,10
i200409,27
i200410,18
i200411,11
i200412,1
i200417,19
i200418,6
i200424,7
i200426,41
i20043,30
i200430,35
i200433,9
i200435,66
i200436,13
i200438,9
i200439,14
i200445,9
i200447,1
i200448,2
i200451,4
i200455,3
i200459,5
i20046,23
i200461,9
i200465,5
i200469,13
i200472,18
i200477,14
i200479,10
i200483,11
i200484,6
i200485,76
i200486,8
i200489,71
i200490,1
i200499,2
i200503,5
i200511,5
i200513,4
i200518,1
i200521,2
i200522,13
i200526,3
i200542,6
i200543,25
i200544,23
i200548,3
i200553,2
i200556,8
i200557,1
i200569,20
i20057,26
i200575,3
i200577,18
i200579,1
i200584,6
i200590,4
i200591,2
i200593,12
i200596,13
i2006,14
i200602,3
i200604,13
i200609,6
i200618,1
i200620,22
i200622,50
i200625,16
i200627,1
i200628,17
i200629,2
i200630,12
i200633,35
i200635,42
i200636,48
i200637,3
i200638,11
i200640,1
i200641,12
i200642,18
i200644,18
i200646,11
i20065,13
i200652,12
i200653,12
i200654,5
i200657,25
i200659,18
i200672,6
i200673,13
i200676,42
i200682,11
i200687,3
i200697,2
i200707,11
i200710,38
i200712,1
i200714,2
i200717,25
i20072,7
i200720,2
i200721,10
i200723,53
i20073,71
i200734,27
i200735,7
i200741,1
i200743,3
i200747,12
i200752,14
i200753,14
i200754,5
i200762,7
i200767,1
i200769,21
i200781,20
i200782,40
i200783,9
i20079,22
i200791,1
i200792,38
i200797,1
i200798,18
i200801,7
i200804,49
i200806,6
i200808,6
i200823,6
i200825,2
i200832,33
i200836,20
i200838,53
i200843,44
i200847,5
i20085,10
i200851,9
i200856,5
i200859,20
i200861,11
i200864,12
i20087,9
i200877,4
i20088,8
i200880,4
i200881,6
i200889,1
i200890,11
i200891,1
i200894,1
i200896,4
i2009,46
i200902,1
i200906,12
i200907,4
i200908,1
i200911,6
i200914,13
i200915,2
i200918,4
i20092,2
i200925,13
i200929,4
i20093,18
i200930,34
i200931,5
i200937,2
i200943,9
i200952,1
i200957,22
i200962,6
i200966,7
i200969,19
i200971,17
i200974,26
i200977,5
i200981,2
i200987,6
i200988,13
i20099,13
i200992,3
i200995,24
i2010,21
i201000,6
i201004,5
i201005,14
i201007,4
i201008,10
i201009,30
i201012,7
i201018,13
i20102,2
i201027,11
i20103,4
i201030,1
i201031,8
i201037,34
i201046,3
i20105,15
i201057,49
i201058,17
i201063,62
i201066,8
i201069,31
i201070,6
i201071,24
i201076,4
i201078,51
i20108,4
i201081,26
i201085,47
i201086,16
i201089,3
i20109,1
i201094,1
i201098,2
i2011,1
i201101,2
i201102,8
i201106,4
i201107,25
i201111,3
i201117,2
i201118,10
i201120,2
i201122,28
i201127,2
i201128,1
i20113,15
i201130,19
i201137,12
i201138,21
i201139,35
i20114,81
i201146,5
i201150,8
i201157,2
i201158,10
i201159,3
i201160,10
i201167,2
i201170,27
i201172,9
i201178,20
i201185,15
i201186,9
i201193,27
i201194,5
i201198,3
i2012,25
i201203,4
i201204,2
i20121,52
i201224,3
i201225,5
i201227,10
i20123,5
i201230,13
i201231,10
i201232,3
i201233,33
i201235,7
i20124,1
i201240,7
i201242,3
i201248,3
i20125,1
i201251,6
i201259,2
i20126,31
i201263,3
i201270,15
i201274,5
i201277,12
i201282,9
i201283,1
i201288,8
i20129,9
i201295,3
i201309,13
i20131,32
i201310,6
i201313,3
i201314,4
i201323,5
i20133,45
i201335,7
i201338,9
i201339,4
i20134,19
i201344,4
i20135,12
i201350,1
i201354,3
i201356,4
i201357,5
i201364,1
i201365,11
i20137,66
i201370,11
i201375,7
i201376,8
i20138,7
i201383,19
i201385,12
i201388,7
i201395,30
i201404,26
i201405,35
i201415,1
i201416,5
i201418,8
i20143,18
i201430,9
i20144,3
i201445,2
i201447,15
i201449,4
i201452,1
i201454,2
i201456,2
i201459,1
i20146,36
i201461,6
i201465,8
i201474,6
i201475,30
i201482,1
i201483,6
i201485,2
i201489,12
i20149,20
i201490,21
i201508,7
i201509,16
i201513,2
i201515,4
i201516,19
i201518,21
i201524,8
i201525,3
i201531,33
i201533,12
i201535,6
i201538,6
i201541,33
i201555,12
i201567,10
i201571,57
i201572,13
i201573,3
i201574,6
i201575,12
i201580,7
i201583,7
i201595,1
i201596,1
i20160,9
i20161,30
i201612,3
i201617,42
i201618,41
i201620,21
i201627,3
i20163,26
i201636,1
i201642,2
i201646,4
i201655,5
i201657,27
i201660,3
i201662,1
i201668,20
i20167,10
i201670,3
i201672,7
i201673,8
i201678,20
i201682,11
i201686,19
i201689,22
i20169,3
i201691,11
i20170,3
i201704,18
i201708,2
i201714,3
i201715,2
i201717,2
i201720,7
i201723,2
i201726,5
i201727,4
i20173,2
i201730,9
i201731,3
i201735,5
i201736,4
i201739,3
i201745,8
i201756,19
i201757,21
i201758,6
i20176,11
i201763,65
i201765,4
i201769,10
i201774,7
i201777,17
i201779,40
i201780,4
i201782,20
i201783,7
i20179,1
i201790,28
i201792,8
i201796,70
i2018,2
i20180,5
i201806,20
i201808,15
i201809,2
i201810,32
i201816,19
i201822,20
i201825,48
i201827,16
i201830,8
i201832,12
i201839,41
i201842,1
i201844,23
i201846,12
i201847,1
i201852,49
i201855,1
i201861,23
i201864,1
i20187,48
i201870,4
i201871,10
i201875,18
i201878,21
i201883,2
i201888,3
i201890,8
i201895,8
i201900,31
i201909,1
i20191,28
i201914,3
i201917,35
i201918,22
i201921,21
i201922,2
i201928,1
i201929,23
i20193,6
i201936,30
i201939,12
i201940,4
i201944,22
i201947,28
i201948,26
i201949,2
i201950,18
i20196,11
i201964,2
i201966,90
i20197,22
i201972,1
i201977,35
i201978,47
i201979,11
i201987,8
i201989,4
i201996,6
i202,7
i2020,7
i20200,38
i202002,45
i202005,17
i202006,5
i202008,14
i202018,13
i202027,6
i20203,1
i202034,1
i202039,9
i202042,5
i20205,4
i202053,8
i202055,1
i202060,3
i202061,53
i202064,16
i202077,5
i202079,10
i202084,6
i202086,5
i202087,8
i202091,39
i202097,1
i202099,5
i20210,11
i202110,21
i202112,1
i202115,1
i202117,22
i202119,10
i20212,1
i202124,11
i202130,35
i202141,11
i202142,32
i202144,11
i202147,5
i202150,12
i202153,8
i202159,1
i20216,2
i202161,5
i202163,23
i202167,32
i202169,27
i202172,21
i202178,7
i202181,9
i202182,19
i202193,29
i202197,18
i2022,37
i20220,3
i202200,46
i202202,2
i202205,1
i202206,1
i202209,8
i202213,3
i202216,5
i202223,3
i202234,2
i202251,1
i202254,1
i202255,5
i202258,18
i20226,35
i202261,23
i202264,35
i202269,8
i202274,2
i202275,30
i202277,44
i202286,5
i202290,6
i202293,8
i202299,3
i2023,97
i202303,5
i202312,7
i202320,31
i202322,9
i202328,43
i202329,29
i20233,33
i202330,58
i202332,17
i202337,9
i202343,36
i202348,11
i20235,22
i202352,48
i202354,21
i202358,9
i20236,46
i202361,48
i202363,37
i202378,13
i202379,28
i20238,11
i202384,3
i202386,24
i202390,24
i202396,2
i2024,4
i202412,29
i202416,3
i202427,3
i202429,4
i20243,2
i202430,37
i202433,22
i202434,3
i202438,1
i202442,3
i20245,2
i202451,4
i202454,12
i202464,52
i202465,17
i202467,7
i202473,3
i202487,3
i202489,13
i202493,3
i202494,4
i202496,16
i202498,2
i202501,15
i202504,33
i202508,21
i20251,25
i202513,4
i202518,21
i202520,7
i202521,57
i202528,1
i202531,7
i202533,44
i202540,12
i202543,22
i202548,16
i202549,83
i202550,10
i202552,14
i202555,15
i202558,1
i202560,25
i202561,1
i202572,13
i202575,12
i202591,8
i2026,29
i202600,8
i202601,17
i202603,14
i202609,2
i202610,2
i202614,8
i202618,2
i202619,4
i20262,7
i202620,6
i202625,1
i202626,32
i202639,13
i202646,15
i202651,18
i202652,26
i202658,10
i202662,7
i202663,4
i202664,1
i202669,7
i202671,4
i202678,5
i202683,17
i202687,6
i202691,10
i202696,40
i202698,12
i202701,13
i202708,24
i202709,8
i20271,34
i202713,35
i202715,2
i202716,7
i202726,1
i202729,22
i20273,50
i202732,38
i202733,3
i202736,1
i202737,1
i202738,17
i20274,42
i202741,17
i202743,16
i20275,61
i202752,10
i202753,12
i202759,9
i202768,5
i202769,51
i20277,51
i202771,44
i202779,11
i20278,3
i202782,8
i202785,47
i202788,3
i202789,47
i202795,28
i202797,10
i202799,1
i202800,30
i202801,9
i202803,48
i202805,5
i202806,4
i202820,11
i202821,1
i202822,21
i202827,11
i202830,3
i202832,5
i202834,24
i202839,11
i20284,10
i202844,1
i202848,2
i202853,33
i202860,15
i202864,12
i202866,23
i202869,8
i202871,38
i202873,4
i202875,16
i202877,10
i202882,32
i202885,10
i20289,12
i202892,1
i202893,4
i202896,26
i202899,15
i202908,2
i202916,7
i202923,6
i202926,31
i202932,2
i202947,1
i202949,7
i20295,6
i202951,18
i202953,3
i202954,29
i202957,1
i202961,11
i202972,7
i202974,3
i202975,4
i202977,11
i202987,1
i202994,15
i202996,17
i2030,16
i203008,38
i20301,6
i203018,1
i203029,4
i203038,3
i203039,4
i203042,1
i203043,5
i203057,8
i203062,11
i203067,9
i203070,15
i203077,9
i203078,4
i20308,8
i20309,6
i203095,15
i203099,3
i20310,31
i203101,8
i203104,13
i203105,28
i203110,2
i203113,17
i203119,13
i203128,19
i203132,3
i203133,11
i203135,2
i203136,8
i203139,24
i203144,11
i203146,2
i203148,9
i203150,7
i203154,2
i203158,5
i203159,12
i203160,9
i203164,3
i203165,10
i203166,11
i203169,1
i203170,16
i203171,3
i203173,8
i203180,3
i203181,4
i203183,12
i203191,5
i203193,1
i203194,2
i20320,7
i203203,22
i203212,3
i203214,2
i203218,17
i203219,1
i203220,4
i203221,1
i203227,4
i203228,8
i203229,1
i203236,3
i203240,4
i203241,3
i203243,35
i203249,7
i20325,37
i203255,3
i203261,7
i203265,31
i203270,2
i203272,6
i203274,11
i203278,1
i20328,60
i203281,4
i203291,21
i203294,1
i203296,24
i203297,2
i203301,5
i203302,1
i203304,10
i203311,6
i203316,2
i203317,18
i203321,6
i203325,6
i203326,6
i203327,1
i203332,1
i203338,2
i20334,17
i203344,27
i203346,10
i203347,8
i203351,1
i203352,13
i203359,8
i203378,18
i203382,18
i203386,40
i203388,6
i203389,15
i203390,12
i203391,8
i203397,86
i203406,7
i203412,37
i203418,3
i203421,24
i203428,28
i203430,11
i203431,19
i203433,25
i203434,12
i203438,4
i203443,23
i203445,2
i203446,30
i203455,36
i203457,5
i20346,1
i203462,8
i203463,43
i203465,7
i203472,56
i203479,2
i203480,5
i203481,1
i203489,18
i203490,25
i203491,56
i203492,4
i203493,30
i203495,23
i203497,14
i203499,4
i203501,33
i203514,31
i203515,14
i203516,84
i203517,21
i203518,6
i203519,8
i203521,31
i203522,28
i203526,25
i203528,15
i203533,39
i203537,38
i203545,1
i203548,7
i203550,15
i203553,26
i203554,5
i203557,13
i203559,25
i20356,64
i203561,3
i20357,2
i203576,30
i203578,1
i203584,1
i203586,49
i203592,3
i203596,1
i203602,17
i203610,1
i203611,4
i203614,22
i203615,13
i203618,6
i20362,25
i203621,28
i203626,20
i203632,1
i203634,11
i203636,26
i203644,22
i203647,1
i20365,33
i203651,10
i203659,18
i203665,1
i203666,4
i203671,11
i203681,4
i203682,6
i203684,33
i203687,11
i203697,33
i203699,8
i20370,6
i203704,19
i203705,16
i203706,8
i203712,67
i203714,19
i203720,55
i203724,1
i203728,6
i20373,6
i203733,36
i203735,4
i203744,1
i203748,2
i20375,10
i203752,36
i203755,34
i203758,3
i20376,9
i203760,7
i203761,18
i203765,1
i203766,2
i203777,2
i203782,1
i203787,10
i203789,3
i20379,25
i203790,2
i203791,7
i2038,5
i20380,8
i203807,7
i203812,1
i203813,8
i203817,27
i203818,3
i203825,6
i203828,12
i203830,5
i203837,3
i203839,2
i203840,25
i203841,12
i203844,10
i203845,1
i203846,7
i203848,5
i203859,4
i20386,4
i203863,2
i203866,1
i203867,4
i20387,9
i203870,2
i203873,1
i203874,12
i203884,3
i20389,25
i203890,1
i203893,18
i203895,1
i203905,9
i203907,35
i203909,2
i203916,4
i20392,13
i203922,13
i203924,13
i203935,4
i203940,63
i203943,21
i203946,10
i203953,29
i203954,1
i203956,20
i203961,1
i203966,15
i203967,1
i203973,15
i203975,7
i203977,1
i203984,2
i203991,7
i203992,11
i203993,5
i204,42
i204011,3
i204012,12
i204013,6
i204014,40
i20403,6
i204033,1
i204045,3
i204046,16
i204051,5
i204052,6
i204054,13
i204068,5
i204071,3
i204084,19
i204090,31
i204093,3
i204094,3
i204099,2
i20410,17
i204105,2
i204106,18
i20411,45
i204112,19
i204116,2
i20412,2
i204121,1
i204123,11
i204126,8
i204139,2
i20414,6
i20415,26
i204151,4
i204154,11
i204157,11
i204167,10
i204174,6
i204175,5
i204179,2
i204188,1
i204193,4
i20420,5
i204201,8
i204202,4
i204203,5
i204209,1
i204210,2
i204212,4
i204214,10
i204221,1
i204224,2
i204234,19
i204238,2
i204239,1
i20424,11
i204243,1
i204245,6
i204251,4
i204255,12
i204264,28
i204268,8
i204275,4
i204276,11
i20428,5
i204282,2
i204283,11
i204289,9
i204290,1
i204291,3
i204295,28
i204298,11
i204300,18
i204302,13
i204303,5
i204306,24
i204311,14
i204312,10
i204314,2
i204317,4
i204318,26
i204323,4
i204324,12
i204329,12
i20433,3
i204331,4
i204332,9
i204333,20
i204338,3
i204351,18
i20436,12
i204361,2
i204364,4
i204365,8
i204366,4
i20437,4
i204373,10
i20438,42
i204383,42
i204384,26
i204385,2
i204388,1
i204391,6
i2044,19
i20440,4
i204401,43
i204403,2
i20441,28
i204416,39
i204417,4
i204420,1
i204424,2
i20443,18
i204435,6
i204436,3
i204441,3
i204443,15
i204444,17
i204448,3
i204450,8
i204458,7
i204459,15
i20446,126
i204460,17
i204465,8
i204471,11
i204476,2
i204481,16
i20449,7
i204490,1
i204492,9
i204493,18
i204494,11
i204497,12
i2045,53
i204502,12
i204509,22
i20451,39
i204511,12
i204512,6
i204515,2
i204517,28
i204521,1
i204527,2
i20453,28
i204532,17
i204533,3
i204539,1
i204541,5
i204544,5
i20455,25
i204551,5
i204560,9
i204561,8
i204565,12
i204570,6
i20458,8
i204582,3
i204589,3
i20459,7
i204590,21
i204595,1
i204599,1
i204600,8
i204603,1
i204604,1
i204606,6
i204610,15
i204611,2
i204612,46
i204615,6
i204617,33
i204621,8
i204627,12
i204635,2
i204636,5
i20464,24
i204641,3
i204643,3
i204646,20
i204647,1
i204649,3
i20466,24
i204661,12
i204662,5
i204667,13
i204670,1
i204676,8
i204679,12
i204680,1
i204689,9
i204692,4
i204694,11
i204695,20
i204699,3
i204701,3
i204704,5
i204710,1
i204712,14
i204716,9
i204718,7
i20472,38
i204720,23
i204725,20
i204728,9
i204735,8
i204747,17
i204748,5
i204766,13
i20477,41
i204771,4
i204773,16
i204774,4
i204781,3
i204787,5
i204789,5
i204792,1
i204794,5
i204795,13
i204796,1
i204797,11
i204798,1
i204799,12
i2048,7
i20480,7
i204806,7
i204817,4
i20482,4
i204827,9
i204832,14
i204835,4
i20484,16
i204847,1
i204848,7
i20485,11
i204854,6
i204862,10
i204869,4
i204883,18
i204890,1
i204897,13
i204898,3
i204902,2
i204904,11
i204907,37
i204914,23
i204916,59
i204929,72
i20493,10
i204937,56
i204939,3
i204940,43
i204942,54
i204949,1
i204959,22
i204960,24
i204961,6
i204962,14
i204966,13
i20497,1
i204971,71
i204972,6
i204975,1
i204984,32
i204992,2
i204999,12
i205,106
i2050,2
i20500,70
i205003,59
i205005,27
i205006,35
i205015,2
i205016,24
i205021,67
i205024,11
i20503,3
i205031,2
i205034,25
i205035,22
i205037,4
i20504,11
i205042,33
i205052,5
i205058,34
i205060,1
i205061,5
i205062,14
i205064,40
i205068,3
i205071,26
i205072,3
i205075,21
i205079,10
i205080,29
i205083,17
i205086,8
i205090,2
i205091,30
i205098,2
i2051,5
i205107,10
i205110,39
i205120,16
i205121,3
i205123,9
i20513,58
i205131,19
i205133,4
i205136,20
i205139,3
i20514,35
i205144,63
i205145,4
i20515,6
i205152,61
i205153,1
i205157,29
i20516,10
i205160,5
i205163,1
i205164,18
i205165,9
i20517,2
i205172,3
i205182,32
i205184,11
i205188,3
i205206,10
i205208,28
i20521,34
i205210,89
i205211,8
i205213,7
i205223,17
i205225,10
i205226,4
i205227,4
i205229,51
i205230,9
i205233,2
i205237,7
i205239,7
i205243,3
i205249,35
i20525,38
i205253,16
i205258,7
i205261,16
i205264,1
i205267,14
i205268,2
i205269,8
i205278,9
i205279,7
i205280,45
i205282,12
i205289,2
i205298,27
i205302,27
i205303,6
i205305,1
i205314,18
i20532,12
i205329,2
i205338,8
i205340,2
i205347,2
i205349,10
i205352,1
i205356,6
i205357,18
i205359,4
i20536,65
i205361,37
i205363,63
i205366,8
i205368,29
i205372,31
i205380,12
i205383,18
i205387,6
i205399,22
i2054,67
i205401,77
i205409,6
i205411,5
i205416,1
i205421,4
i205431,3
i205434,12
i205435,63
i205436,3
i205442,3
i205446,1
i20545,16
i205452,67
i205456,1
i205457,18
i205460,1
i205463,6
i205467,1
i20547,3
i205470,2
i205473,18
i205477,1
i205479,32
i205484,2
i205489,20
i205491,4
i205494,10
i205495,1
i205497,2
i205498,27
i205499,6
i205500,16
i205503,46
i205506,6
i205513,10
i205514,1
i205515,18
i205520,14
i205521,20
i205523,38
i205526,1
i205529,8
i205531,4
i205534,19
i205537,5
i205541,2
i205554,5
i205555,9
i205560,18
i205567,57
i205571,8
i205577,27
i205590,12
i205593,48
i205595,6
i205601,15
i205603,31
i205604,4
i205607,14
i20561,4
i205613,7
i205614,1
i205615,3
i205618,6
i205622,23
i205624,1
i205625,4
i205626,6
i205628,12
i20563,1
i205630,31
i205632,8
i205634,26
i205636,3
i205638,25
i205642,3
i205643,10
i205645,14
i205648,11
i205649,10
i20565,69
i205654,66
i205659,6
i20566,27
i205673,3
i205674,9
i205681,3
i205685,1
i205686,10
i20569,14
i205695,10
i205700,13
i205704,20
i205709,1
i205714,7
i205718,14
i205719,10
i205720,9
i205725,11
i20573,7
i205732,40
i205734,48
i205737,2
i205738,2
i205745,12
i205747,53
i205751,15
i205759,17
i205761,10
i205766,57
i205767,2
i205770,21
i205778,9
i205783,4
i205787,17
i205788,7
i205789,2
i205794,10
i205798,15
i2058,9
i205804,7
i205806,6
i205810,4
i205816,15
i205820,6
i205823,7
i205824,3
i20583,38
i205832,18
i20584,53
i205840,23
i205844,5
i205848,1
i205849,4
i205851,6
i205852,26
i205856,11
i205857,30
i205859,3
i205865,1
i205866,3
i205867,7
i205868,11
i20587,6
i205873,2
i205881,2
i205884,4
i205889,18
i205895,18
i205904,3
i205905,9
i205909,4
i205911,4
i205912,9
i205915,15
i205920,23
i205924,2
i20593,1
i205936,52
i205937,11
i205938,1
i20594,4
i205940,4
i205942,19
i205951,26
i205953,4
i205956,16
i205960,44
i205961,15
i205962,12
i205964,58
i205968,55
i205970,34
i205972,4
i205979,1
i205981,49
i205985,20
i205989,1
i205990,31
i205994,30
i205998,46
i206000,11
i206009,3
i20601,44
i206010,37
i206014,19
i20602,8
i206022,2
i206027,7
i206028,21
i206029,3
i20603,30
i206031,13
i206034,40
i206035,5
i206039,1
i206042,9
i206046,6
i20605,1
i206054,2
i206056,4
i206059,22
i20606,11
i20607,15
i206070,8
i206071,1
i206073,7
i206074,4
i206082,11
i206084,16
i206093,12
i206095,44
i206101,1
i206103,18
i206104,31
i206107,1
i206108,10
i206110,15
i206112,30
i206113,41
i206117,6
i206118,1
i206121,3
i206133,21
i206135,17
i206139,11
i206142,100
i206144,7
i206145,4
i206148,2
i206151,19
i206153,31
i206155,8
i206156,5
i206158,2
i206159,11
i206163,1
i206165,2
i206169,5
i206174,6
i206175,9
i206176,17
i206180,1
i206181,8
i206185,4
i20619,1
i206191,62
i206203,16
i206204,8
i206208,21
i206211,3
i206212,45
i206213,15
i206217,36
i206218,1
i206222,30
i206223,10
i206225,39
i206226,5
i206227,13
i206228,12
i20623,31
i206230,59
i206235,4
i206236,10
i206237,21
i206242,73
i206247,29
i20625,2
i206251,24
i206256,3
i206257,2
i206259,35
i206260,32
i206262,1
i206263,34
i206268,4
i206269,26
i206273,2
i206276,2
i206277,11
i206278,2
i206283,20
i206285,62
i206286,5
i206288,16
i206289,40
i206293,2
i206295,2
i206301,22
i206306,16
i206308,62
i206309,7
i206310,6
i206313,5
i206314,15
i20632,23
i206325,45
i206329,2
i206331,11
i206334,19
i20634,3
i206351,8
i206353,12
i206361,22
i206362,5
i206363,3
i206368,3
i206370,5
i206374,21
i206375,2
i206379,7
i206387,6
i206388,2
i206389,5
i206397,5
i206399,6
i2064,1
i20640,5
i206402,22
i206403,4
i206407,23
i206408,8
i206411,37
i206415,14
i206417,9
i206432,1
i206434,1
i206437,23
i206438,14
i20644,12
i206444,6
i206449,22
i206450,1
i206459,5
i206462,3
i206464,6
i206469,4
i206472,4
i206481,10
i206482,1
i20649,25
i206493,6
i206496,31
i20650,44
i206508,8
i206510,2
i20652,1
i206532,10
i206534,15
i206541,2
i206544,3
i20655,7
i206552,20
i206563,3
i206566,2
i206570,8
i206581,2
i206592,3
i206600,2
i206601,5
i206602,6
i206608,10
i206609,3
i20661,14
i206617,2
i206625,1
i206626,10
i206634,1
i206636,22
i206637,16
i20664,14
i206650,6
i206651,6
i206652,1
i206654,9
i206656,1
i206658,7
i20666,75
i206663,1
i206671,10
i206673,10
i206679,13
i206681,7
i206685,9
i20669,7
i206690,1
i206694,8
i206706,5
i206711,3
i206715,2
i206724,5
i206735,2
i206737,1
i206739,5
i20674,10
i206742,1
i206745,4
i206747,6
i206748,5
i20675,57
i206752,12
i206755,30
i206757,21
i206762,1
i206767,9
i206768,36
i206771,2
i206772,1
i206773,22
i206774,24
i206781,3
i206782,3
i206783,41
i206794,4
i206801,46
i206802,4
i206808,38
i206814,34
i206815,37
i206816,2
i206818,14
i206823,48
i206827,1
i206828,1
i206829,4
i206831,5
i206832,8
i206833,1
i206835,22
i206837,7
i20684,1
i206845,4
i20685,7
i206851,16
i206863,2
i206865,3
i206868,31
i206870,45
i206873,10
i206875,61
i206879,4
i206885,4
i206887,3
i206888,4
i206889,43
i20689,1
i206891,2
i206892,2
i206895,22
i206896,55
i206899,22
i2069,17
i20690,30
i206907,11
i20691,4
i206912,7
i206913,7
i206923,7
i206925,37
i206926,10
i20693,32
i206933,2
i206935,4
i206937,36
i206940,8
i206946,5
i206947,4
i206951,4
i206956,1
i206959,10
i206962,22
i206963,7
i20697,2
i206971,4
i206977,5
i206980,14
i206981,3
i206983,2
i206989,4
i206990,5
i206993,9
i206994,1
i206997,4
i207003,1
i207014,20
i207015,19
i207017,13
i207019,4
i20702,29
i207020,72
i207021,7
i207027,1
i207028,7
i207035,27
i207038,15
i207040,1
i207044,11
i207047,3
i207049,8
i207054,33
i20706,4
i207061,15
i207067,2
i207076,11
i207077,12
i207087,5
i207091,9
i207101,12
i207102,26
i207103,21
i207108,2
i20711,75
i207115,6
i20712,29
i207120,21
i207123,17
i207127,31
i207128,19
i207132,22
i207134,5
i207142,13
i207144,13
i20715,35
i207150,16
i207157,25
i207159,34
i207160,2
i207165,25
i207168,3
i20717,18
i207174,1
i207177,1
i207180,1
i207183,11
i207185,1
i207186,10
i207187,13
i207194,27
i207195,2
i207199,1
i207206,1
i207211,17
i207215,1
i207216,5
i207223,18
i207226,5
i207228,2
i207229,9
i207230,89
i207232,1
i207233,7
i207234,11
i207237,12
i207238,20
i207242,4
i207248,1
i207252,2
i207254,26
i207257,1
i207260,21
i207276,1
i207277,6
i207278,1
i207282,1
i207284,2
i207285,2
i207287,3
i207289,4
i207294,24
i207295,2
i2073,7
i207305,6
i207310,11
i207314,4
i207320,2
i207323,16
i207325,1
i207338,37
i207341,16
i207344,14
i207349,2
i207354,3
i207358,12
i207361,17
i207368,16
i207372,1
i207375,6
i207376,4
i207379,2
i207381,2
i207382,45
i207387,56
i207391,4
i207393,7
i207396,2
i207397,28
i207401,3
i207405,1
i207406,4
i207408,11
i207409,2
i20741,47
i207411,6
i207414,9
i207415,8
i207420,1
i207425,10
i207427,13
i20744,4
i207442,5
i207443,6
i207455,3
i207456,3
i207458,26
i20746,44
i207462,14
i207464,29
i207465,3
i207466,5
i207468,14
i207471,4
i207474,9
i207478,8
i207479,2
i207482,7
i207483,6
i207485,5
i207491,4
i207493,13
i207501,8
i207506,2
i207508,7
i207512,7
i207523,34
i207526,2
i207528,7
i207529,3
i207536,2
i207546,43
i20755,54
i207555,17
i207558,3
i20756,19
i207571,1
i207579,1
i207586,3
i207588,12
i207591,7
i207593,40
i207596,8
i207599,8
i20760,12
i207600,76
i207602,12
i207603,12
i207604,14
i207606,1
i207607,1
i207608,17
i207610,13
i207611,17
i207612,34
i207615,1
i207616,2
i207619,1
i207622,9
i207625,1
i207626,3
i207634,22
i207645,8
i207646,2
i207650,32
i207651,19
i207653,8
i207654,5
i207659,10
i207660,11
i207663,6
i207667,6
i207668,23
i207670,13
i207683,6
i207692,18
i207695,2
i207697,25
i207699,19
i2077,1
i207701,4
i207706,1
i207713,15
i207717,6
i207719,1
i207720,26
i207726,19
i207732,6
i20774,34
i207742,38
i207746,1
i207747,62
i207748,21
i207749,7
i207759,24
i207765,2
i207774,2
i207782,5
i207788,7
i207790,11
i207798,15
i207802,2
i207807,20
i207815,8
i207818,22
i20782,45
i207820,2
i207826,9
i207829,21
i207839,1
i207841,5
i207845,1
i207851,10
i207854,2
i207861,4
i207862,2
i207866,4
i207868,2
i207874,34
i207881,1
i207885,20
i207887,2
i207894,5
i207895,2
i207899,14
i20790,67
i207908,3
i207913,4
i207914,3
i207915,18
i20792,3
i20793,12
i207931,25
i207933,1
i207944,2
i20795,18
i207952,24
i207967,11
i207972,6
i20798,10
i207982,2
i207988,3
i207993,2
i207995,2
i207999,5
i2080,1
i208001,1
i208010,3
i208011,6
i208016,20
i208022,20
i208025,7
i208028,14
i208032,19
i208037,9
i20805,2
i208053,1
i208059,9
i208062,19
i208065,13
i20807,9
i208079,6
i20809,6
i208091,3
i208092,4
i208098,1
i208107,14
i20811,12
i208117,6
i208121,3
i208124,2
i208126,2
i208128,2
i208130,6
i208131,2
i208132,21
i208133,10
i208137,23
i208138,2
i20814,20
i208146,5
i208147,2
i208152,4
i208153,2
i208157,26
i208163,5
i208166,9
i208168,24
i208170,19
i208177,1
i20818,37
i208183,1
i208187,5
i208205,1
i20821,8
i208222,2
i208228,12
i208229,8
i208232,17
i208233,4
i208238,3
i20824,38
i208241,2
i208245,18
i208247,5
i208248,13
i208249,2
i20825,6
i208250,4
i208251,1
i208253,8
i208254,66
i208255,5
i208263,16
i208264,42
i208265,49
i208266,1
i208272,21
i208273,2
i208275,3
i208281,7
i208286,24
i208287,68
i208297,16
i208299,11
i208305,19
i208308,2
i20831,22
i208310,29
i208318,49
i208319,16
i208326,69
i208327,18
i20833,4
i208340,36
i208342,15
i208346,41
i20835,13
i208355,5
i208357,21
i208364,31
i208366,22
i20837,1
i208371,14
i208372,6
i208374,34
i208376,2
i208378,15
i208379,46
i208386,1
i208389,26
i208395,1
i208396,1
i208399,6
i208407,1
i208410,3
i208418,21
i20842,15
i208420,50
i208426,22
i208429,2
i208432,2
i208437,15
i20844,4
i208444,22
i20845,37
i208451,9
i208453,23
i208455,24
i208457,8
i208458,1
i20846,24
i208466,5
i208470,28
i208477,18
i208479,1
i20848,4
i208485,28
i208486,56
i20849,101
i208504,33
i208507,64
i208508,6
i208513,5
i208519,18
i208521,50
i208528,39
i208529,7
i20853,4
i208531,34
i208535,1
i208537,29
i208538,32
i208545,1
i208549,12
i208556,1
i20856,4
i208567,9
i208572,1
i208575,14
i208576,33
i208581,4
i208588,10
i208589,4
i208603,2
i208606,2
i208607,15
i208609,7
i208613,17
i208614,5
i208616,46
i208619,28
i208620,15
i208623,3
i208627,1
i208629,5
i208637,1
i208642,1
i208644,11
i208650,7
i208651,2
i208653,15
i208654,4
i208655,36
i208661,42
i208665,9
i208667,6
i208669,25
i208671,11
i208673,41
i208678,6
i208689,8
i208691,29
i208696,4
i208706,23
i208707,9
i208708,32
i208711,6
i208714,45
i208715,5
i208716,13
i208729,7
i208736,8
i208737,19
i208741,30
i208743,2
i208745,3
i208746,5
i208752,4
i208756,18
i208759,22
i208760,52
i208764,15
i208775,32
i208781,9
i208796,2
i208798,80
i20880,16
i208805,6
i208813,7
i208818,23
i208820,1
i208824,5
i208826,16
i208829,53
i20883,6
i208834,34
i208838,2
i208842,10
i208845,31
i208846,31
i208847,2
i208859,8
i208860,3
i208861,3
i208863,17
i208866,1
i208868,25
i20887,4
i208872,10
i208884,1
i208885,3
i208886,45
i208889,24
i208892,22
i208893,20
i20890,49
i208903,21
i208908,29
i208911,33
i208916,17
i208919,1
i208921,11
i208925,17
i208927,16
i208935,39
i208942,9
i208943,1
i208944,4
i208946,2
i208949,31
i208952,3
i208954,28
i208955,10
i208963,10
i208967,2
i208968,37
i208980,31
i208983,10
i208988,5
i208989,11
i208998,2
i209,6
i209004,13
i209008,18
i209010,22
i209013,1
i209016,11
i209017,6
i209019,1
i209022,21
i209026,3
i209033,8
i209038,30
i209042,32
i209045,1
i209051,23
i209053,2
i209055,15
i209061,5
i209062,10
i209064,8
i209066,16
i209069,39
i209073,11
i209074,22
i209076,23
i209077,32
i209080,2
i209082,49
i209085,11
i209088,40
i209090,11
i209103,3
i209107,7
i20911,80
i209118,48
i209123,2
i209125,2
i209136,3
i209139,29
i20914,23
i209140,13
i209141,5
i209142,24
i209146,5
i209152,1
i209154,8
i209156,13
i20916,1
i209166,3
i209167,7
i209170,21
i209180,2
i209189,31
i2092,56
i20920,18
i20921,38
i209222,63
i209223,4
i209224,14
i209238,15
i209248,9
i209251,18
i209255,21
i209257,22
i209259,13
i209264,9
i209265,17
i209266,23
i209269,14
i209271,4
i209275,24
i209278,35
i209282,35
i209284,23
i209285,17
i209286,2
i209292,3
i20930,70
i209303,1
i209307,45
i20931,11
i209310,51
i209314,7
i209316,3
i209319,20
i20932,18
i209325,10
i209328,40
i209335,13
i209342,16
i209344,12
i209353,26
i209355,35
i209356,23
i209357,20
i209358,3
i209364,1
i209367,6
i209368,12
i20937,15
i209377,1
i209381,7
i209386,34
i209388,3
i20939,78
i209399,28
i2094,3
i209409,2
i209411,5
i209412,9
i209417,7
i209418,19
i209420,10
i209423,15
i209427,11
i209431,24
i209435,6
i209438,2
i209443,2
i209446,1
i209455,26
i209466,3
i209470,6
i20948,26
i209481,7
i209483,3
i209485,31
i20949,16
i209496,3
i2095,3
i20950,1
i209501,8
i209507,1
i20951,12
i209510,5
i209512,6
i209522,25
i209523,7
i209524,4
i209526,3
i20953,39
i209530,21
i209534,1
i209537,2
i209540,3
i209551,2
i209558,3
i209562,9
i209567,3
i209571,15
i209576,19
i209578,19
i209582,8
i209586,10
i20959,4
i209597,7
i209598,15
i209599,3
i20960,63
i209601,22
i20961,33
i209610,9
i209613,4
i209617,3
i209624,14
i209626,10
i209633,6
i209639,29
i209640,3
i209641,41
i209642,11
i209644,11
i209645,3
i209659,6
i209667,12
i209668,1
i209671,4
i209672,13
i209674,14
i209675,53
i209679,3
i20968,17
i209685,4
i209690,8
i209692,25
i209694,6
i209701,18
i209706,1
i209708,19
i209711,35
i209712,17
i209718,6
i209720,7
i209721,4
i209723,12
i209726,19
i20974,59
i209743,9
i209747,10
i209750,1
i209756,2
i209758,7
i209760,4
i209776,1
i209778,4
i209781,5
i209783,4
i209797,14
i209799,15
i209801,2
i209802,7
i209810,6
i209815,2
i209817,2
i20982,8
i209820,1
i209826,47
i209827,1
i209830,1
i209844,2
i209845,3
i209846,3
i209855,10
i209856,6
i209859,5
i20986,12
i209860,7
i209867,1
i209868,1
i209872,18
i209876,4
i20988,25
i209881,2
i209882,17
i209883,2
i209884,17
i209885,5
i209891,16
i209895,6
i2099,3
i209915,14
i209916,1
i209918,12
i20992,47
i209928,3
i209929,2
i20995,11
i209954,3
i209961,1
i209967,7
i209972,26
i20998,2
i209980,52
i209981,10
i209984,13
i209990,45
i209998,16
i209999,1
i210,48
i21000,12
i210005,4
i210011,9
i210012,9
i210017,5
i210019,27
i210026,23
i210027,24
i210031,1
i210035,2
i210036,3
i210038,50
i210039,1
i21004,1
i210040,4
i210045,10
i210061,27
i210062,11
i210064,4
i21007,2
i210071,12
i210073,2
i210075,1
i210089,18
i210092,1
i210095,5
i210099,31
i2101,39
i210104,10
i210105,1
i210106,13
i210108,2
i210109,37
i210113,7
i210119,1
i210121,15
i210123,7
i210124,39
i210127,13
i21013,2
i210131,12
i210136,2
i210141,6
i210150,18
i210153,15
i210154,34
i210157,3
i210160,3
i210166,16
i210168,35
i21017,13
i210175,1
i210176,7
i210177,42
i210181,24
i210190,3
i210192,1
i210194,12
i210195,8
i210197,7
i21020,25
i210203,9
i210204,5
i21021,3
i210212,7
i210213,3
i210214,2
i210219,10
i21022,10
i210220,29
i210227,4
i210228,7
i210229,15
i210234,13
i210236,8
i210237,3
i210238,2
i210248,44
i210250,1
i210254,1
i210255,31
i21026,7
i210260,4
i210264,26
i210268,26
i210269,1
i210273,14
i210274,14
i210275,8
i210277,10
i210280,21
i210281,2
i210290,1
i210296,8
i210297,9
i21030,7
i210301,8
i210305,14
i210308,38
i210309,7
i210310,42
i210311,18
i210318,14
i21032,1
i210320,5
i210323,1
i210328,7
i210329,32
i210330,1
i210333,5
i210335,2
i210344,21
i21035,6
i210353,2
i210355,5
i210358,9
i21036,29
i210363,1
i210366,39
i210379,5
i21038,31
i210383,28
i210385,36
i210388,8
i210389,1
i21039,3
i210390,39
i210392,1
i210393,37
i2104,1
i21040,45
i210402,10
i210406,53
i210410,1
i210414,1
i210420,4
i210422,3
i210424,1
i210425,21
i210428,17
i210432,3
i210434,11
i210438,11
i210441,33
i210443,2
i210446,15
i210449,1
i210451,2
i210452,18
i210457,11
i210458,5
i21046,6
i210462,1
i210464,3
i210470,3
i210472,3
i210474,40
i210475,24
i210483,23
i210485,1
i210486,3
i21049,26
i210490,4
i210491,1
i210492,1
i210493,13
i210495,20
i210497,32
i210512,17
i210515,20
i210518,9
i210520,6
i210524,4
i210528,3
i21053,8
i210536,4
i210538,10
i210540,4
i210545,10
i210546,14
i210548,3
i210549,4
i210550,3
i210552,9
i210555,1
i210560,5
i210561,3
i210569,4
i210572,2
i210574,7
i210575,6
i210577,25
i21058,3
i210586,2
i210594,5
i210596,22
i210598,13
i21060,3
i210604,1
i210608,5
i210615,5
i210623,16
i210640,23
i210658,16
i210669,8
i210670,1
i210671,8
i21068,13
i210686,3
i210688,1
i21069,68
i210697,6
i2107,23
i210702,7
i210703,31
i210706,12
i210708,1
i210709,3
i21072,13
i210722,15
i210725,17
i210730,25
i210736,11
i210738,12
i210741,1
i210749,6
i210753,2
i210754,1
i210759,6
i210766,3
i210768,6
i210776,5
i210777,4
i210783,2
i210786,10
i210788,10
i210790,10
i210794,8
i21080,3
i210802,7
i210804,3
i210805,5
i210808,18
i21081,1
i210811,1
i210813,31
i210818,1
i210819,1
i210820,2
i210824,5
i210827,8
i210831,27
i210832,4
i210833,2
i210842,26
i210845,8
i210846,15
i210856,17
i210858,27
i210861,38
i210863,21
i210867,7
i21087,32
i210873,5
i210874,24
i210875,3
i210878,46
i21088,10
i210885,21
i210888,13
i210899,3
i21090,42
i210900,1
i210907,2
i21091,4
i210914,14
i210915,3
i210916,1
i210924,58
i210925,3
i210926,1
i210930,37
i210933,5
i210937,12
i210938,12
i210943,9
i210944,17
i210946,64
i210961,2
i210962,12
i210964,21
i210967,6
i210969,10
i210973,7
i210974,6
i210975,3
i210976,3
i210985,10
i210986,33
i210987,10
i210990,4
i210993,1
i210995,30
i210998,1
i2110,15
i211001,4
i211006,11
i211011,20
i211013,44
i211016,5
i211019,4
i211023,14
i211031,34
i211039,3
i211041,3
i211042,5
i211044,6
i211047,8
i211056,6
i211059,16
i211068,2
i211080,35
i211083,2
i211088,11
i211089,10
i21109,32
i211097,7
i2111,50
i21110,2
i211103,3
i211104,10
i211106,18
i211108,1
i21111,8
i211123,12
i211125,4
i211126,2
i211128,26
i211130,3
i211132,14
i211134,40
i211139,4
i211147,10
i211153,5
i211156,2
i211157,8
i211166,7
i211169,1
i21117,87
i211176,13
i211182,4
i211184,13
i211186,2
i211187,4
i21119,3
i211191,13
i211202,12
i211204,5
i211208,1
i21121,22
i211213,2
i211217,6
i211222,1
i211226,7
i211229,19
i21123,72
i211231,11
i211233,19
i21124,3
i211241,28
i211244,14
i211249,3
i21125,2
i211250,28
i211253,2
i211263,10
i211269,19
i21127,38
i211271,18
i211274,2
i211279,4
i21128,47
i211285,8
i211287,15
i2113,94
i211305,1
i211308,32
i211319,22
i211324,2
i21133,2
i211331,12
i211335,2
i211340,20
i211344,12
i211348,11
i211349,12
i21135,26
i211355,6
i211372,2
i211375,5
i21138,3
i211383,14
i211388,21
i211389,2
i211396,6
i211398,3
i21140,14
i211400,18
i211402,15
i211408,10
i211414,2
i211417,1
i211420,16
i211423,12
i211431,4
i211439,1
i211441,2
i211445,5
i211447,4
i21145,2
i211452,2
i211456,11
i211458,12
i211460,9
i211462,2
i211464,2
i211467,6
i211471,8
i211475,5
i21148,23
i211487,26
i211495,6
i211497,37
i211500,5
i211511,5
i211512,5
i211513,29
i211519,30
i211520,27
i211524,3
i211531,37
i211538,80
i211539,18
i211540,26
i211544,16
i211545,2
i211553,16
i211555,38
i211556,1
i21156,5
i211560,2
i211562,17
i211564,44
i211566,7
i211572,2
i211576,43
i211578,92
i211580,3
i211583,10
i211585,37
i211587,1
i211593,28
i211594,42
i211596,6
i211597,40
i211598,24
i2116,39
i211600,15
i211602,5
i211607,2
i211609,3
i21161,22
i211610,3
i211611,22
i211614,1
i211619,48
i211622,5
i211624,12
i211627,1
i211628,54
i211630,4
i211635,6
i211636,20
i211637,12
i211641,20
i211643,15
i211645,1
i211650,4
i211651,10
i211655,8
i211657,23
i211661,2
i211665,31
i211668,6
i211671,20
i211675,1
i211676,12
i211693,16
i211696,9
i211697,62
i211698,28
i2117,61
i21170,17
i211704,2
i211705,36
i211706,17
i211708,21
i211709,12
i211710,3
i211713,5
i211716,7
i211726,3
i211729,6
i21173,60
i211730,1
i211732,9
i211734,14
i211741,12
i211742,37
i211743,6
i211747,48
i211751,66
i211752,30
i211753,7
i211754,27
i211755,1
i211758,28
i21176,13
i211760,10
i211761,19
i211764,22
i211768,10
i21177,8
i211772,5
i211776,44
i211777,26
i211779,25
i211780,10
i211782,50
i211784,71
i211787,17
i211788,23
i211790,10
i211794,22
i211797,2
i211798,20
i2118,45
i21180,42
i211803,32
i211809,4
i211813,1
i211818,9
i21182,1
i211829,24
i21183,33
i211831,37
i211840,15
i211842,11
i211843,52
i211846,21
i211852,9
i211853,1
i211854,4
i211855,72
i211858,4
i211863,24
i21187,4
i211873,18
i211876,77
i211878,21
i211880,18
i211881,2
i211882,34
i211889,33
i211890,21
i211891,10
i211893,62
i211895,41
i211899,16
i21190,50
i211901,2
i211905,66
i211906,15
i211909,41
i211910,68
i211913,6
i211914,1
i211916,2
i211917,14
i211920,17
i211921,2
i211926,5
i211932,37
i211939,44
i211940,9
i211941,2
i211942,8
i21195,41
i211959,51
i211961,5
i211966,4
i211970,3
i211971,5
i211972,3
i211976,22
i211977,5
i211978,40
i211985,54
i211988,8
i211989,16
i211992,13
i211994,13
i211998,5
i2120,89
i212004,6
i212007,2
i212008,66
i212011,1
i212013,40
i212018,62
i21202,96
i212022,39
i212025,22
i212031,7
i212032,5
i212037,14
i212041,4
i212042,64
i212045,83
i212046,25
i212049,4
i212051,43
i212053,10
i212055,44
i212056,25
i212058,49
i212059,40
i212061,41
i212069,6
i21207,12
i212071,3
i212073,35
i212074,15
i212075,23
i212076,23
i212079,10
i21208,30
i212093,6
i212095,1
i212099,55
i2121,29
i21211,71
i21212,95
i212121,9
i212124,15
i212125,38
i212126,12
i212129,2
i212132,37
i212135,17
i212140,1
i212157,20
i21216,12
i212160,32
i212163,13
i212164,32
i212165,39
i212175,27
i21218,106
i212186,5
i212187,2
i212193,6
i212196,8
i212199,3
i2122,24
i212205,1
i212206,5
i212207,10
i21221,15
i212210,7
i212211,6
i212215,6
i212218,44
i21222,29
i212220,74
i212223,37
i212227,20
i212228,1
i212229,6
i212242,61
i212244,4
i212251,16
i212255,3
i212257,4
i212263,13
i212265,7
i212275,14
i212276,24
i212279,2
i212280,37
i212282,3
i212296,1
i212304,9
i212308,5
i212310,15
i212316,1
i212318,16
i21232,14
i212320,1
i212324,6
i212325,11
i212337,17
i212339,20
i212344,23
i212348,7
i21235,1
i212351,18
i212353,18
i212355,24
i212356,11
i212373,23
i212374,5
i212376,12
i212378,1
i212379,1
i21238,25
i212386,23
i212387,8
i212390,27
i212392,42
i212397,6
i21240,13
i212400,15
i212403,7
i212408,29
i21241,27
i212412,21
i212420,4
i212424,62
i212427,1
i212429,17
i212430,4
i212431,8
i212432,44
i21244,2
i212440,3
i212441,18
i21245,5
i212450,33
i212457,28
i212461,17
i212462,19
i212467,3
i21247,6
i212473,4
i212474,1
i21248,65
i212482,23
i212486,2
i212492,18
i212496,2
i212501,2
i212506,2
i212508,13
i21251,3
i212511,4
i212514,2
i212515,10
i212520,8
i212526,21
i212527,14
i212534,14
i212535,27
i212536,24
i212539,19
i212540,20
i212541,12
i212548,15
i212550,11
i212552,48
i212557,28
i212561,9
i212563,18
i212566,58
i212569,1
i212571,31
i212572,12
i212577,27
i212579,3
i212580,17
i212584,19
i21259,4
i212592,4
i212593,18
i212595,85
i212597,20
i212599,80
i212601,11
i212602,3
i212603,19
i212605,10
i212609,43
i212611,15
i212614,49
i212622,1
i212623,47
i212626,2
i212629,8
i212635,40
i212637,32
i212638,1
i212643,16
i212647,3
i21265,40
i212658,1
i212661,1
i212663,1
i21267,3
i212670,38
i212685,3
i212686,28
i212687,3
i212695,1
i212696,2
i212698,1
i2127,3
i212700,54
i212707,10
i21272,6
i212720,2
i212721,23
i212722,50
i212724,8
i212725,40
i21273,28
i212734,7
i212739,6
i212741,20
i212747,21
i21275,38
i212752,71
i21276,11
i212761,73
i212772,14
i212773,19
i212779,14
i212785,16
i212792,31
i212797,34
i212799,6
i2128,9
i212805,101
i212806,1
i212808,6
i212809,57
i212812,4
i212817,19
i212818,4
i212821,25
i212827,34
i212837,23
i212841,11
i212843,86
i212845,47
i212846,17
i212850,37
i212851,38
i212853,41
i212854,32
i212855,2
i212856,49
i212857,7
i212859,2
i21286,13
i212860,3
i212861,28
i212862,29
i212863,9
i212865,16
i212866,8
i212869,17
i212873,13
i212883,6
i212885,2
i212888,21
i21289,1
i212890,20
i212892,28
i212893,29
i212905,46
i212906,43
i212907,43
i212910,13
i212923,28
i212925,51
i212937,58
i212939,8
i21294,20
i212941,8
i212943,24
i212945,23
i212946,14
i212948,35
i21295,43
i212953,25
i212957,5
i212958,5
i212959,6
i21296,16
i212961,14
i212963,6
i212965,47
i212969,3
i21297,4
i212972,12
i212976,9
i21299,12
i212991,43
i212994,15
i212995,11
i212996,24
i212997,4
i212998,35
i212999,21
i2130,18
i21300,31
i213001,15
i213005,2
i213006,39
i213009,2
i213012,2
i213018,3
i213026,1
i213028,1
i213034,20
i213039,9
i21304,45
i213042,6
i213043,2
i213045,22
i213047,46
i213051,10
i213053,15
i213058,5
i213063,9
i213067,25
i213068,72
i21307,10
i213071,28
i213075,95
i213076,18
i213088,17
i213092,5
i213093,10
i213097,5
i213098,18
i21310,23
i213106,5
i213108,1
i213113,36
i213114,2
i213115,2
i213123,5
i213125,44
i213132,25
i213142,1
i213148,11
i213151,3
i213153,7
i21316,94
i213161,37
i213170,2
i213171,10
i213173,2
i213178,4
i21318,38
i213182,16
i213186,2
i213188,12
i213204,21
i213205,16
i213207,5
i213209,33
i213217,6
i213221,26
i213222,4
i213223,6
i213224,7
i213227,97
i213228,1
i213229,43
i213237,20
i213238,52
i213240,56
i213244,19
i213248,29
i21325,42
i213251,48
i213255,13
i213256,51
i21326,89
i213262,18
i213268,6
i213272,22
i213275,1
i213280,3
i213282,12
i213286,2
i213295,9
i213299,3
i21330,2
i213300,2
i213301,3
i213307,4
i213312,14
i213315,33
i21332,9
i213323,9
i213325,7
i213327,8
i213331,9
i213333,2
i213334,8
i213355,7
i213356,18
i213358,4
i213366,2
i213378,38
i213379,41
i21338,39
i213387,15
i213388,17
i213390,15
i213391,12
i213392,18
i213394,52
i213399,39
i213407,21
i213410,2
i213412,3
i213415,3
i213422,2
i213426,21
i21343,2
i213430,17
i213432,14
i213433,18
i213436,4
i213437,1
i213450,2
i213452,16
i213454,39
i213458,47
i213468,6
i21347,8
i213474,17
i213475,33
i213476,19
i21348,1
i213486,26
i213497,56
i213499,23
i213502,47
i213505,52
i213510,46
i213512,16
i213516,1
i21352,7
i213524,18
i213526,13
i21353,8
i213532,6
i213533,57
i213535,2
i213540,38
i213555,13
i213558,4
i213561,11
i213563,11
i213564,26
i213565,9
i213569,1
i213571,8
i213576,52
i213578,10
i213580,1
i213589,6
i213590,2
i213593,6
i213594,4
i2136,2
i21360,1
i213600,24
i213604,4
i213607,46
i21361,1
i213610,7
i213614,14
i213616,2
i213617,8
i213624,69
i213626,31
i213628,18
i213629,11
i213630,4
i213635,2
i213637,35
i213638,6
i213643,5
i213647,8
i213649,78
i213653,12
i213654,31
i213657,2
i213658,57
i21366,14
i213660,4
i213667,29
i21367,42
i213671,43
i213689,4
i213690,1
i213699,17
i213701,31
i213706,69
i213714,15
i213717,24
i21372,11
i213720,4
i213724,25
i213726,18
i213727,13
i213731,4
i213735,30
i213741,64
i213743,1
i213748,3
i213755,19
i213762,9
i213765,49
i213766,4
i213768,30
i21377,41
i213772,1
i213773,2
i213774,6
i213778,25
i213779,14
i213781,45
i213782,20
i213783,6
i2138,9
i213800,21
i213802,6
i213803,28
i213804,54
i213807,9
i213808,5
i213810,2
i213813,8
i213829,12
i213830,25
i213832,10
i213836,2
i213850,15
i213851,3
i213855,4
i213857,10
i213862,5
i21387,31
i213871,22
i213874,20
i213878,6
i213884,70
i213890,62
i213891,2
i213893,4
i213894,24
i213901,11
i213905,21
i213908,78
i213910,13
i213913,6
i21392,7
i213923,20
i213926,9
i21393,12
i213936,1
i213940,1
i213946,2
i213947,35
i21395,4
i213950,8
i213953,5
i213963,2
i213964,8
i213967,10
i213972,21
i213979,2
i213982,17
i213986,4
i213989,101
i213990,17
i213992,10
i213993,81
i213994,8
i213997,3
i214,5
i2140,14
i214000,6
i214001,25
i214009,40
i21401,7
i214012,3
i214013,3
i214014,6
i214015,24
i214017,1
i214020,3
i214021,6
i214029,24
i214032,5
i214037,26
i214039,6
i214040,5
i214047,12
i214049,1
i21406,5
i214064,10
i214070,18
i214071,4
i21408,15
i214089,10
i214090,10
i214095,31
i214100,5
i214106,10
i214107,12
i214109,3
i21411,25
i214111,3
i214112,30
i21412,32
i214120,8
i214126,5
i214134,15
i214136,43
i214145,19
i214147,3
i214154,1
i214155,7
i214169,26
i214173,87
i214174,30
i214178,6
i21418,31
i214180,2
i214181,7
i214182,29
i214191,3
i214192,19
i214193,4
i214194,33
i214195,20
i214200,35
i214204,8
i214205,1
i21421,47
i214210,7
i214211,9
i214212,13
i214216,4
i214223,33
i214225,4
i214228,38
i214244,5
i214245,1
i214249,72
i21425,1
i214251,3
i214255,13
i214256,32
i214257,24
i214264,3
i214266,1
i214278,11
i214281,1
i214287,6
i214290,36
i214293,45
i214295,8
i214296,1
i214299,4
i2143,53
i21430,12
i214306,2
i214312,16
i214323,1
i214324,1
i214327,1
i214332,37
i214334,24
i214335,19
i214338,7
i214342,17
i214349,4
i214351,6
i214365,3
i214367,11
i214369,3
i214373,6
i214374,13
i214377,13
i214379,30
i21438,19
i214385,17
i214386,23
i214388,5
i21439,19
i214390,22
i214396,6
i214399,5
i214400,24
i214403,16
i21441,26
i214421,20
i214422,9
i214423,2
i214424,12
i214426,6
i214430,7
i214432,3
i214435,1
i214436,8
i214438,40
i214439,1
i214442,2
i214443,7
i21445,18
i214452,12
i214453,7
i214459,5
i214461,51
i21447,79
i214473,45
i21448,15
i214483,23
i214491,19
i214495,1
i214499,3
i214505,1
i214506,1
i214507,4
i214508,2
i214509,12
i214514,18
i214517,5
i214518,1
i214520,28
i214523,24
i214530,11
i21454,3
i214540,9
i214543,1
i214545,2
i214546,6
i21455,1
i214550,1
i214554,33
i214555,21
i214561,32
i214568,4
i214569,29
i214572,36
i214573,4
i214576,1
i214578,40
i214582,16
i214583,7
i214585,66
i214587,21
i214588,2
i214590,2
i214595,3
i214597,1
i2146,7
i21460,24
i214600,27
i214601,26
i214605,50
i214606,2
i214607,15
i214609,3
i21461,30
i214611,5
i214612,6
i214616,9
i214619,1
i214620,8
i214625,6
i214626,4
i214637,27
i21464,71
i214643,19
i214644,40
i214657,42
i21466,6
i214662,15
i214665,24
i214669,31
i214671,22
i214672,8
i214675,17
i214676,9
i214681,14
i214682,35
i214690,13
i214693,35
i214695,22
i214699,15
i214702,1
i214703,5
i214705,15
i214708,1
i214714,19
i214718,4
i214724,22
i214725,6
i214727,32
i214728,7
i21473,38
i214732,52
i214733,2
i214734,1
i214738,16
i214742,1
i214743,16
i214744,2
i214746,4
i214757,32
i214761,86
i214762,16
i214764,12
i214784,29
i214788,39
i214790,4
i214791,20
i214795,4
i214797,8
i214798,8
i214805,48
i214806,21
i214809,14
i214812,3
i214814,3
i21482,9
i214821,3
i214822,42
i214826,4
i21483,2
i214832,36
i214833,26
i214834,9
i214843,4
i214847,32
i214848,22
i21485,1
i214852,10
i214859,7
i214870,3
i214873,28
i214874,10
i214877,3
i214882,12
i214887,9
i214888,6
i214892,29
i214895,7
i214897,6
i214902,27
i214907,6
i214915,6
i214917,31
i21492,59
i214925,21
i214927,2
i214928,4
i214929,14
i214931,33
i214933,13
i214934,16
i214935,14
i214939,2
i21494,30
i214941,9
i214948,21
i214957,2
i214966,16
i214968,7
i21497,8
i214970,2
i214971,31
i214972,1
i214973,24
i214975,19
i214976,2
i214977,10
i21498,43
i214980,21
i214981,14
i214987,5
i214992,69
i214993,39
i214994,9
i214996,17
i214998,3
i215,10
i215010,1
i215011,6
i215014,18
i215020,20
i215023,3
i215024,27
i215030,34
i215032,3
i215035,2
i215036,24
i215038,36
i215043,20
i215050,2
i215054,3
i21506,10
i215060,14
i215061,13
i215062,1
i215064,1
i215067,11
i215069,9
i21507,55
i215070,9
i215077,10
i215083,3
i215085,1
i215086,2
i215089,31
i215091,1
i215095,21
i2151,2
i21510,8
i215101,15
i215105,39
i21511,6
i215111,1
i215112,29
i215119,1
i215120,5
i215122,2
i215125,14
i215129,22
i215130,16
i215132,13
i215134,8
i215137,2
i215142,5
i215149,17
i215156,5
i215157,13
i215159,12
i21516,36
i215160,13
i215161,26
i215166,1
i215170,13
i215171,5
i215172,20
i215173,1
i215177,1
i215183,63
i215188,6
i215189,1
i215194,7
i215195,1
i21520,1
i215215,10
i215218,6
i215220,13
i215221,23
i215228,17
i215236,35
i21524,8
i215242,51
i215245,18
i215246,9
i215249,21
i215254,1
i215260,1
i215266,14
i215268,3
i215271,1
i215274,2
i215279,32
i21528,24
i215280,42
i215287,3
i215289,3
i21529,5
i215292,9
i215293,22
i215297,6
i215308,24
i215317,2
i215318,45
i21532,1
i215321,6
i215324,6
i215326,4
i21533,5
i215332,36
i215333,71
i215337,16
i215338,22
i215339,47
i21534,4
i215344,2
i215345,4
i215346,1
i215352,3
i215353,37
i215355,2
i215357,1
i215361,4
i215363,21
i215367,33
i215370,20
i215371,12
i215376,9
i215377,21
i21538,9
i215386,1
i215388,30
i215390,5
i215394,3
i215395,2
i215396,9
i215399,1
i215405,12
i215406,36
i215409,11
i215410,2
i215412,36
i215416,4
i215417,18
i215419,6
i215420,10
i215423,3
i215425,5
i215427,1
i215429,1
i215430,2
i215434,1
i215437,2
i21544,3
i215440,1
i215442,5
i215445,1
i215448,4
i215456,31
i215458,11
i215472,1
i215477,7
i215481,24
i215484,3
i215489,3
i215491,3
i21550,6
i215500,10
i215505,7
i215507,23
i215513,23
i215514,22
i215517,1
i215523,12
i21553,34
i215536,10
i215538,2
i215539,23
i21554,2
i215541,12
i215543,5
i215545,5
i215547,4
i215549,8
i215552,1
i215554,1
i215558,1
i21556,16
i215561,29
i215564,4
i215570,1
i215571,13
i215574,6
i215578,2
i215583,8
i21559,12
i215598,4
i215606,2
i215608,5
i215618,12
i21562,1
i215621,1
i215624,6
i215629,9
i215634,14
i215636,22
i215643,20
i215655,27
i215657,38
i215666,53
i21567,24
i215672,57
i215675,14
i215676,2
i215677,25
i215680,4
i215682,1
i215683,2
i215685,17
i215688,2
i215691,3
i21570,45
i215708,11
i215709,11
i215710,28
i215713,9
i215714,24
i215715,1
i215720,1
i215722,4
i215723,12
i215726,36
i215727,14
i215729,1
i21573,3
i215732,8
i215735,11
i215736,19
i215737,36
i215738,23
i215741,24
i215742,29
i215743,3
i215766,1
i215768,4
i21577,13
i215772,33
i215774,7
i215776,15
i215777,11
i215778,15
i215779,15
i215783,30
i215785,1
i215796,3
i215801,40
i215805,7
i21581,31
i215813,1
i215814,8
i215815,1
i215816,2
i215819,8
i215823,8
i215824,42
i215826,29
i21583,1
i215832,3
i215835,11
i215836,2
i215837,32
i215842,1
i215846,16
i215853,15
i215855,21
i215858,58
i21586,9
i215862,39
i215864,1
i215865,1
i215866,2
i215869,11
i21587,41
i215875,1
i215877,2
i21588,5
i215881,20
i215885,8
i215886,37
i215887,2
i215888,50
i215892,9
i215900,23
i215902,46
i215904,23
i215905,5
i215909,19
i215915,1
i215916,6
i215918,15
i215924,5
i215928,2
i215932,5
i215934,6
i215935,15
i215937,17
i215938,62
i215945,15
i215948,35
i215950,3
i215952,23
i215957,10
i215959,9
i215960,7
i215961,23
i215964,13
i215972,27
i215973,13
i215975,23
i215979,1
i21598,7
i215980,41
i215983,6
i215984,12
i215985,34
i21599,25
i21600,14
i216001,33
i216003,40
i216004,6
i216005,28
i216006,2
i21601,12
i216012,20
i216014,1
i216017,11
i216018,9
i216019,9
i216021,48
i216027,32
i216030,33
i216033,5
i216038,25
i216040,18
i216042,3
i216043,16
i216047,5
i216049,3
i216057,39
i216059,34
i216060,25
i216061,31
i216064,13
i216067,2
i216068,13
i21607,5
i216072,7
i216078,12
i216080,20
i216081,39
i216089,57
i216099,28
i2161,2
i216100,34
i216105,49
i216106,2
i216107,22
i21611,1
i216113,7
i216115,2
i216116,21
i216117,18
i216118,15
i216119,12
i21612,11
i216121,10
i216124,20
i216127,13
i216135,6
i216138,73
i216147,2
i216154,21
i216156,17
i21616,39
i216160,1
i216162,3
i216163,3
i216165,1
i216171,2
i216182,17
i216184,7
i216186,37
i21619,8
i216190,59
i216192,49
i216195,39
i216197,1
i216201,2
i216202,65
i216204,12
i216217,3
i21622,94
i216226,1
i216227,1
i216229,1
i216230,7
i216233,2
i216236,16
i216237,6
i216245,13
i216253,17
i216257,15
i216260,12
i216262,3
i216265,11
i216268,2
i216271,7
i216276,27
i216279,5
i216289,3
i21629,47
i216294,57
i216295,30
i216297,5
i216303,5
i216304,19
i216309,3
i216311,13
i216312,12
i216322,15
i216324,16
i21633,52
i216333,8
i216337,1
i216338,31
i216347,10
i21635,26
i216356,12
i216357,44
i216359,6
i21636,64
i216360,14
i216361,6
i216364,17
i216365,56
i216367,23
i216368,4
i21637,14
i216371,9
i216374,119
i216383,17
i216387,2
i21639,11
i216396,20
i216398,5
i216402,15
i216404,13
i216405,1
i216407,11
i216411,1
i216412,20
i216414,2
i216417,9
i216418,3
i216427,1
i216434,10
i216439,4
i216441,2
i216442,5
i216448,4
i216458,17
i216465,3
i216473,9
i21648,1
i216480,12
i216483,24
i216484,17
i216488,23
i216489,3
i216496,1
i216497,19
i216499,1
i216500,13
i216503,1
i216507,1
i216518,25
i216520,3
i216521,17
i216522,11
i216525,17
i216527,46
i216528,11
i21653,1
i216539,10
i21654,41
i216543,2
i216546,15
i216547,32
i21655,12
i216550,39
i216556,19
i216557,3
i216559,1
i21656,26
i216561,19
i216564,5
i216570,3
i216574,21
i216575,11
i216582,25
i216583,1
i216584,34
i216586,3
i216588,6
i21659,94
i216590,3
i216593,11
i216596,3
i2166,3
i216602,16
i216603,1
i216604,18
i216615,53
i216616,4
i216619,22
i21662,42
i216621,1
i216622,30
i216625,10
i216641,4
i216643,36
i216644,25
i216646,1
i216650,32
i216652,3
i216656,2
i216657,10
i21666,12
i216660,1
i216662,1
i216663,23
i216668,2
i216672,24
i216681,40
i216682,7
i216687,4
i216693,5
i216709,14
i216710,25
i216713,11
i216715,9
i21672,18
i216723,17
i216729,31
i21673,2
i216731,1
i216732,9
i216740,15
i216742,3
i216750,9
i216753,18
i216769,2
i216770,8
i216771,2
i216774,4
i216776,23
i216777,28
i216782,18
i216787,4
i216794,24
i216797,9
i216798,3
i216802,2
i216803,12
i216808,3
i216810,3
i216811,4
i216816,13
i21682,60
i216822,31
i216824,53
i216831,25
i216833,11
i216835,18
i21684,3
i216840,2
i216841,24
i216842,107
i216843,6
i216848,20
i216850,28
i21686,38
i216864,5
i216865,4
i216872,15
i216874,5
i216878,28
i216888,5
i216890,2
i216894,20
i216895,20
i216898,57
i216902,3
i216906,9
i216909,30
i216912,25
i216914,13
i216918,21
i216922,4
i216923,2
i216927,4
i216933,4
i216939,24
i216943,3
i216945,1
i216946,3
i216948,2
i216949,1
i21695,2
i216950,49
i216952,11
i216954,9
i216956,2
i216961,8
i216963,4
i216967,3
i216969,9
i216972,45
i216973,4
i216976,1
i216983,36
i216990,5
i216993,20
i216996,35
i216997,23
i216999,15
i217001,15
i217003,29
i217005,32
i217007,22
i217008,8
i217017,20
i217022,3
i217028,10
i21704,10
i217041,14
i217042,18
i217048,14
i217049,2
i217053,11
i217055,2
i217056,50
i217058,2
i217060,22
i217061,26
i217063,12
i217074,7
i21708,17
i217083,1
i217088,3
i217090,4
i217093,3
i217094,17
i217095,2
i21710,30
i217100,31
i217102,10
i217109,10
i217127,17
i217128,29
i217129,14
i217130,11
i217132,2
i217136,7
i217137,2
i217138,7
i217139,6
i217141,1
i217145,1
i21715,8
i217155,33
i217158,10
i217160,3
i217165,22
i217167,16
i217171,19
i217175,38
i217179,3
i21718,2
i217184,1
i217187,13
i21719,64
i217190,18
i217192,1
i217193,15
i217195,51
i217197,32
i217199,9
i21720,1
i217201,2
i217203,25
i217221,6
i217224,13
i217225,10
i217226,5
i217228,5
i217230,8
i217238,2
i217239,5
i21724,1
i217241,28
i217242,13
i217243,22
i217244,2
i217251,15
i217255,14
i217258,14
i217259,5
i21726,33
i217271,2
i217273,26
i217274,19
i217282,1
i217294,34
i217295,15
i217298,1
i217300,1
i217302,6
i217304,8
i217306,5
i217310,5
i217312,1
i217314,17
i217318,2
i217320,20
i217323,7
i217337,1
i217339,21
i217348,7
i217355,42
i217361,1
i217362,5
i217368,4
i217369,21
i217370,2
i217373,14
i217376,45
i217377,11
i217379,2
i21738,19
i217382,13
i217384,1
i217385,6
i217395,8
i217396,4
i217399,15
i217402,13
i217404,31
i217407,22
i21741,15
i217410,3
i217414,2
i217415,4
i217416,1
i217418,1
i217420,19
i217429,19
i217434,15
i217452,4
i217455,1
i217459,12
i21746,11
i217463,1
i217464,56
i217466,22
i21747,9
i217471,3
i217473,2
i217485,10
i217486,19
i217494,53
i217501,8
i217514,1
i217517,1
i217520,11
i217523,1
i217525,11
i217533,2
i217538,42
i21754,2
i217540,2
i217546,10
i217551,5
i217554,6
i217561,13
i217563,3
i217567,2
i21757,75
i217571,6
i217573,2
i21758,5
i217586,32
i21759,38
i217590,1
i217591,38
i217595,2
i217605,1
i217608,2
i21761,45
i217611,34
i217612,13
i217613,2
i217615,1
i21762,2
i217621,11
i217623,34
i217625,3
i21764,2
i217640,5
i217646,20
i21765,20
i217655,1
i217665,10
i217666,23
i217671,23
i217677,2
i217680,25
i217686,4
i217688,10
i217689,11
i21769,40
i217694,2
i217701,10
i217702,2
i21771,26
i217710,21
i217723,3
i217724,11
i217726,3
i217729,12
i21774,29
i217745,3
i217747,6
i217748,2
i217753,13
i217756,32
i217759,2
i217760,4
i217762,10
i217766,2
i217767,2
i21777,2
i217774,7
i21778,3
i217784,16
i21779,5
i217799,5
i21780,2
i217801,4
i217803,13
i217804,11
i217805,6
i217806,2
i217807,21
i21781,38
i217818,27
i217826,16
i217829,23
i217830,2
i217833,11
i217835,10
i217837,26
i217838,3
i21785,9
i217850,2
i217852,33
i217853,47
i217859,28
i21786,17
i217863,57
i217867,35
i217869,12
i21787,3
i217870,16
i217871,18
i217875,3
i217877,2
i217885,57
i217886,6
i217895,3
i2179,5
i21790,9
i217900,26
i217902,2
i217905,5
i217908,1
i217915,36
i217917,20
i217921,6
i217924,34
i217928,11
i21793,17
i217930,18
i217932,2
i217934,46
i217936,3
i217940,2
i217943,5
i217947,2
i217957,3
i217973,1
i21798,2
i217981,4
i217984,6
i217992,21
i217996,39
i218,4
i2180,27
i218003,19
i218005,20
i218006,19
i218007,8
i218011,19
i218019,10
i218027,61
i218035,19
i218039,7
i218040,11
i218043,3
i21805,58
i218058,2
i218062,8
i218066,32
i218067,26
i21807,56
i218070,6
i218072,4
i218078,7
i218082,24
i218088,1
i218095,2
i218097,1
i21810,18
i218103,11
i218105,4
i218106,5
i218107,7
i218108,5
i21811,10
i218112,6
i218113,8
i21812,9
i218122,16
i218124,37
i218136,10
i218138,8
i21814,2
i218141,21
i218150,43
i218153,1
i218154,7
i218159,34
i218166,16
i218167,4
i218169,3
i218172,1
i218177,6
i21818,2
i218181,22
i218186,29
i218198,19
i2182,86
i218201,8
i218203,1
i218209,6
i218214,6
i218226,1
i218232,1
i218236,43
i218241,4
i218251,2
i218255,12
i218258,12
i218259,15
i21826,15
i218278,8
i218279,2
i218280,19
i218282,7
i218285,5
i218287,5
i218292,3
i218298,8
i218309,3
i21831,3
i218313,4
i218317,14
i21832,1
i218324,8
i21833,3
i218332,8
i218335,6
i218338,2
i218339,1
i218341,2
i218346,2
i218347,5
i218356,24
i218362,2
i218364,2
i218366,2
i218368,2
i21839,1
i218391,7
i218400,2
i218403,20
i218408,64
i21841,30
i218410,1
i218416,3
i21842,6
i218420,31
i218426,4
i218427,4
i21843,6
i218433,2
i21844,21
i218441,5
i218447,1
i218449,1
i218451,5
i21846,11
i218463,1
i218468,14
i21847,9
i218477,6
i218479,4
i218481,11
i218488,1
i218495,4
i218498,7
i218511,4
i218524,8
i218531,8
i218533,2
i218539,13
i218540,5
i218541,32
i218546,4
i218547,41
i21855,32
i218552,15
i218560,3
i218570,40
i218571,20
i218574,7
i218581,2
i218586,1
i218589,4
i218591,5
i218595,1
i21860,11
i218604,2
i218607,10
i21861,31
i218612,8
i218613,1
i218618,8
i218619,2
i218622,10
i218627,7
i218634,8
i218642,12
i218645,1
i218646,1
i218652,8
i218655,33
i218669,17
i218671,10
i218672,1
i218673,1
i21868,8
i218683,6
i218698,26
i218700,7
i218701,1
i218703,17
i218704,4
i218707,4
i218715,7
i218720,3
i218721,10
i218722,2
i218725,23
i218726,80
i218728,5
i21873,19
i218733,25
i218735,27
i218737,18
i21874,38
i218743,2
i218745,10
i21877,13
i21878,2
i218780,8
i218786,20
i218791,8
i218792,5
i218794,2
i218798,9
i2188,18
i218802,8
i218803,9
i218804,3
i218808,3
i218811,1
i218813,11
i218815,5
i21882,3
i218821,3
i218831,2
i218832,16
i218836,9
i218837,9
i218841,4
i218842,39
i218843,15
i218845,8
i218851,2
i218856,15
i218859,20
i21886,22
i218861,17
i218868,54
i218874,9
i218881,15
i218884,13
i218897,10
i218898,5
i218900,20
i218901,24
i218905,49
i218906,6
i218907,30
i21891,15
i218913,14
i218920,10
i218923,2
i218928,2
i218930,40
i218931,30
i218948,29
i218949,3
i218951,33
i218952,21
i218956,2
i218957,8
i218970,3
i218972,6
i21898,16
i218980,11
i218989,42
i218991,4
i218995,1
i218999,25
i2190,18
i219003,12
i219005,14
i219006,60
i219009,21
i219011,11
i219018,4
i219026,41
i21903,3
i219035,22
i219036,12
i219044,3
i219047,1
i219049,16
i219054,5
i219055,2
i219056,20
i219058,20
i219061,7
i219065,28
i219067,15
i219068,6
i219073,1
i219076,9
i219078,41
i219079,9
i219085,7
i219090,3
i219091,10
i219106,47
i219107,6
i219108,4
i219120,28
i219124,28
i219125,3
i219127,7
i219129,1
i219131,7
i219132,8
i219135,11
i219136,19
i219137,8
i21914,32
i219142,4
i219149,13
i21915,45
i219150,28
i219157,9
i219159,5
i21916,37
i219162,1
i219165,13
i219168,19
i219176,27
i219179,24
i21918,3
i219184,3
i219185,8
i219195,20
i219199,8
i2192,3
i219202,13
i219203,5
i219208,1
i219209,17
i219210,64
i219211,5
i219212,57
i219213,1
i219215,11
i219222,39
i219223,1
i219224,30
i219227,4
i21923,1
i219233,17
i219234,30
i219235,19
i219236,26
i219245,30
i219252,11
i219253,5
i219254,36
i219256,10
i219260,5
i219261,4
i219264,4
i219265,22
i219271,20
i219278,11
i219280,1
i219282,21
i219286,56
i219287,29
i21929,28
i219290,7
i219292,5
i219295,23
i21930,57
i219304,12
i219310,37
i219314,31
i219325,1
i21933,15
i21934,15
i219353,6
i21936,12
i219365,1
i219366,18
i219370,7
i219372,8
i219377,51
i219380,5
i219381,4
i219383,13
i219384,7
i219388,46
i219392,37
i219396,9
i219398,33
i2194,3
i219402,32
i219403,7
i219404,5
i219405,13
i219407,21
i219408,1
i21941,5
i219412,9
i219415,35
i219419,13
i219420,23
i21943,2
i219433,12
i219439,5
i219441,3
i219449,5
i21945,5
i219450,15
i219451,2
i219453,13
i219455,5
i219459,2
i21946,15
i219461,37
i219466,4
i219468,16
i219471,21
i219472,10
i219473,9
i219479,2
i219482,5
i219484,3
i219503,21
i219505,23
i219508,16
i219510,51
i219512,41
i219514,10
i219517,23
i219519,44
i219524,2
i219540,4
i219542,37
i219545,11
i219547,1
i21955,31
i219554,1
i219562,16
i219566,25
i219567,22
i219568,14
i219569,1
i21957,3
i219572,2
i219575,7
i219582,3
i219583,53
i219586,38
i219588,33
i219589,7
i21959,3
i219592,12
i219596,50
i219597,35
i219599,22
i219608,19
i219613,8
i219618,1
i219619,2
i219622,22
i219625,3
i219626,14
i219632,30
i219634,18
i219636,6
i219637,11
i219639,17
i219645,1
i219660,3
i219664,7
i219667,42
i219669,32
i219670,14
i219677,70
i21968,15
i219692,17
i219696,3
i219700,21
i219708,3
i219709,65
i21971,8
i219726,1
i219729,1
i219730,2
i219732,7
i219735,11
i219737,18
i219738,8
i21974,4
i219744,4
i219745,27
i219746,7
i219748,11
i219749,5
i219754,17
i219756,17
i219757,8
i219759,28
i219760,27
i219763,3
i219764,27
i219768,1
i219772,22
i219785,1
i21979,25
i219794,55
i219795,5
i219796,2
i219797,26
i21980,15
i219800,1
i219805,23
i21981,21
i219815,1
i219821,13
i219822,17
i219824,22
i219825,28
i219829,5
i219832,1
i219834,12
i219835,11
i219838,45
i219848,5
i219849,28
i219852,17
i219853,4
i219855,9
i219857,32
i219859,3
i21986,2
i219864,19
i219867,18
i219870,1
i219871,7
i219874,16
i219885,27
i219886,21
i21989,10
i219891,2
i219892,1
i219896,4
i219899,4
i2199,46
i219900,37
i219912,73
i219914,2
i219915,3
i219916,45
i219918,36
i219931,24
i219935,1
i219936,4
i219942,10
i219943,10
i219946,10
i219948,2
i219952,20
i219955,6
i21996,38
i219961,3
i219962,2
i219964,20
i219971,8
i219972,8
i219973,17
i219978,2
i219979,13
i21998,2
i219983,12
i219994,2
i219997,27
i219998,1
i2200,10
i220001,3
i220007,10
i220018,2
i220023,4
i220025,2
i220027,29
i220028,9
i22003,17
i220033,9
i220035,8
i220038,1
i220050,12
i220053,9
i220055,53
i220058,13
i220059,8
i220060,3
i220066,24
i220074,3
i22008,23
i220083,18
i220089,28
i22009,16
i220090,25
i220099,5
i220100,5
i220105,32
i220109,2
i220112,2
i220119,27
i220125,3
i220126,5
i220130,9
i220138,17
i220141,1
i220144,21
i220146,43
i220151,1
i220153,4
i220157,2
i220159,45
i220164,1
i220168,4
i22018,13
i220181,3
i220182,24
i220185,6
i22019,45
i220194,11
i220195,19
i220197,1
i220199,3
i2202,51
i22020,16
i220207,35
i220218,10
i220219,7
i22022,2
i220223,5
i220224,3
i220228,2
i220229,36
i220230,29
i220233,1
i220241,2
i220245,11
i220246,12
i22025,19
i220253,6
i220258,4
i220261,16
i220265,9
i220274,3
i220276,4
i220279,17
i220280,4
i220288,10
i220289,4
i220323,1
i220325,2
i220326,4
i220327,22
i220332,1
i220333,2
i220335,18
i220344,1
i220345,9
i220346,44
i220348,15
i220349,12
i220350,5
i220358,1
i220364,8
i220365,1
i220369,7
i22037,2
i220375,26
i220377,2
i22038,4
i220382,20
i220386,1
i220388,30
i220392,23
i220396,19
i220398,20
i2204,17
i220400,1
i220402,10
i220407,3
i220409,13
i22041,7
i220413,4
i220415,44
i220416,7
i220426,6
i220431,2
i220435,52
i220438,11
i220443,25
i220445,4
i220447,11
i220453,13
i220455,12
i220459,2
i220464,15
i22047,2
i220473,9
i220477,29
i220478,19
i220480,1
i220482,3
i220492,11
i220493,41
i220499,1
i22050,20
i220508,7
i220512,1
i220513,7
i220516,4
i220519,20
i220520,1
i220523,24
i220532,2
i220533,3
i220537,6
i220550,3
i220556,2
i220560,19
i220563,1
i220568,10
i22057,19
i220572,19
i220574,22
i220576,31
i22058,51
i220587,3
i220588,2
i220589,1
i2206,24
i220605,9
i220608,6
i220609,5
i220610,17
i220613,5
i220616,7
i220617,58
i220625,6
i220627,2
i220628,10
i220632,21
i220638,1
i220645,1
i220648,7
i22065,3
i220653,8
i220655,1
i220657,20
i220663,4
i220664,13
i220665,1
i220671,1
i220676,2
i22068,52
i220682,4
i220684,16
i220692,1
i22070,25
i220700,2
i220701,5
i220703,3
i220708,4
i220711,15
i220712,10
i220724,1
i220727,2
i220728,34
i220737,21
i220743,18
i220751,15
i220755,12
i220756,9
i220757,1
i220761,3
i220762,22
i220764,30
i220766,5
i220771,5
i220774,4
i220775,2
i220778,1
i220780,5
i220782,15
i220783,4
i220787,46
i22079,5
i220790,3
i220799,25
i220802,14
i220807,25
i220808,4
i220812,10
i220813,25
i220818,10
i220820,1
i220823,2
i220830,14
i220834,44
i220843,10
i220846,5
i220849,8
i220853,41
i220859,20
i220866,18
i220870,8
i220874,6
i220879,4
i220883,14
i220886,28
i220888,24
i220889,1
i220891,1
i220893,13
i220904,7
i220906,8
i22091,3
i220912,21
i220913,5
i22092,61
i220921,5
i220926,1
i22093,9
i220931,4
i220932,1
i220934,47
i220943,12
i220944,24
i220948,11
i220952,6
i220953,13
i22096,6
i220960,1
i220961,27
i220963,5
i220964,9
i220965,16
i22097,5
i220970,1
i220977,2
i220978,28
i220992,2
i220995,9
i221,25
i221001,12
i221002,1
i221004,2
i221006,74
i221007,4
i221014,2
i221016,6
i221019,4
i221020,16
i221024,1
i221026,3
i221034,3
i221035,7
i221037,1
i221043,2
i221049,8
i221050,4
i221051,3
i221055,4
i221062,91
i221064,12
i221065,39
i22107,4
i221070,1
i221071,1
i221072,34
i221073,3
i22108,9
i221084,2
i221086,1
i22109,25
i221096,7
i2211,3
i22110,21
i221101,3
i221105,8
i221106,4
i221110,5
i221112,13
i221124,23
i221130,4
i221132,1
i221134,14
i221138,1
i221143,26
i221155,39
i221157,12
i221159,1
i22116,85
i221160,13
i221166,7
i221172,9
i221178,3
i221180,14
i221181,36
i221182,20
i221183,14
i221184,6
i221185,33
i221189,34
i221205,57
i221206,18
i221212,13
i221213,9
i221214,8
i221216,10
i221220,25
i221230,3
i221238,21
i221243,25
i221248,10
i22125,2
i221254,7
i221256,6
i221257,2
i221264,1
i221265,2
i221268,35
i221272,4
i221276,3
i221277,9
i221279,12
i22128,2
i221282,6
i221284,11
i221286,15
i221288,33
i221292,2
i221293,5
i221296,16
i221305,35
i221308,9
i221309,17
i22131,9
i221311,16
i221313,10
i221314,49
i221317,1
i221327,9
i221328,10
i221329,25
i221331,18
i221333,1
i221334,3
i221337,1
i221339,4
i22134,7
i221355,9
i221357,19
i22136,81
i221360,27
i221363,39
i22137,80
i221373,19
i221377,4
i221379,14
i22138,31
i221381,10
i221396,39
i2214,2
i221402,20
i221403,2
i221404,8
i221409,10
i22141,72
i221411,12
i221412,4
i221422,11
i221423,4
i221427,1
i221428,11
i221439,1
i22144,10
i221443,2
i221444,3
i221447,9
i221462,21
i221464,1
i221465,5
i221469,1
i22147,4
i221475,12
i221476,10
i221477,1
i221480,1
i221487,3
i221488,2
i221489,2
i221493,4
i221499,1
i221503,2
i221526,12
i221532,2
i221535,8
i221539,15
i221549,1
i221552,1
i221554,11
i221561,1
i22157,52
i221570,9
i221581,47
i221586,3
i22159,15
i221604,3
i221611,13
i221612,13
i221620,20
i221630,16
i221634,9
i221651,1
i221659,2
i22166,18
i221665,9
i221666,3
i221668,8
i221669,12
i221671,41
i221672,1
i221683,33
i221685,3
i221686,11
i221687,2
i221692,2
i221693,10
i221694,1
i221696,10
i2217,100
i22170,28
i221706,5
i22171,7
i221718,10
i221729,8
i221738,2
i221740,8
i221741,9
i221743,2
i221753,1
i221754,4
i221755,10
i221763,10
i221767,6
i221768,9
i22177,10
i221778,4
i221783,4
i221786,14
i221788,1
i221789,1
i22179,27
i221792,9
i221796,12
i221797,2
i221799,28
i22180,47
i221800,42
i221801,10
i221802,10
i221805,2
i221809,4
i221822,2
i221824,8
i221830,7
i221834,10
i221836,16
i221840,11
i221846,5
i221847,23
i221850,4
i221851,4
i221855,14
i221866,3
i221867,9
i221868,7
i22188,15
i221883,31
i221885,4
i221886,9
i221889,1
i22189,8
i221893,8
i221894,5
i221898,1
i221899,15
i221900,8
i221902,15
i221904,6
i221910,7
i221911,13
i221916,2
i22192,29
i221920,5
i221924,12
i221925,8
i221926,12
i221928,1
i22193,8
i221931,13
i221933,1
i221941,13
i221949,1
i221950,29
i221963,10
i221965,16
i221967,6
i221973,1
i221974,14
i221977,8
i221980,4
i221981,7
i221982,4
i221984,4
i221995,13
i221997,2
i222,14
i222012,22
i222016,5
i222020,2
i222022,11
i222028,2
i22203,50
i222033,16
i222035,1
i222036,8
i222041,19
i222045,3
i222048,2
i22205,8
i222050,3
i222051,11
i222056,3
i222057,5
i22206,10
i222060,2
i222065,5
i222066,8
i222067,3
i22207,45
i222079,6
i222089,1
i222090,6
i222092,1
i222093,44
i222097,15
i222099,44
i222101,5
i222104,2
i222108,8
i222110,1
i222114,23
i222115,1
i222117,7
i222122,6
i222124,3
i222129,6
i222130,3
i222152,9
i222155,12
i222156,10
i222163,33
i222180,13
i222184,11
i222190,21
i222194,15
i222195,4
i222198,9
i222199,22
i2222,6
i222206,14
i222209,2
i222212,11
i222215,2
i22222,9
i222220,3
i222223,7
i222230,11
i222232,3
i222234,1
i222236,14
i222239,1
i222240,10
i222242,26
i222245,14
i222248,3
i222249,13
i222252,14
i222254,7
i222258,6
i22226,3
i222262,6
i222265,13
i222266,2
i222279,12
i222280,5
i222281,4
i222283,14
i222287,15
i222290,1
i222292,1
i2223,35
i222300,22
i222305,6
i222308,30
i222309,1
i222310,16
i222313,32
i222314,3
i222316,21
i222317,5
i222318,22
i22232,16
i222321,1
i222326,22
i222328,7
i222330,10
i222333,1
i222337,10
i222338,9
i222339,24
i22234,41
i222347,2
i222349,1
i222352,1
i222355,5
i222356,8
i222357,3
i222358,1
i22236,10
i222363,2
i222366,9
i22237,56
i222372,5
i222373,5
i222377,13
i22238,8
i222380,5
i222385,8
i222387,6
i222388,31
i222389,17
i222391,34
i2224,9
i222402,8
i222405,8
i222419,1
i222421,14
i222428,2
i222431,2
i22244,52
i222445,7
i222452,1
i222455,4
i222462,2
i222466,6
i222467,19
i22247,29
i222481,11
i222482,34
i222484,7
i222485,1
i222486,16
i222489,3
i22249,46
i222494,13
i222499,31
i222500,10
i222503,3
i222505,10
i222508,12
i222509,2
i222512,12
i222517,2
i22252,23
i222532,12
i222533,14
i222536,14
i222543,7
i222544,12
i22255,47
i222551,13
i222562,30
i222563,13
i222564,1
i222565,1
i22257,3
i222570,10
i222571,11
i222574,1
i222588,2
i222595,2
i2226,22
i22260,22
i222601,8
i222607,35
i222608,8
i22261,5
i222610,20
i222612,2
i222613,18
i222614,9
i222616,12
i222617,57
i22262,2
i222620,3
i222621,10
i22263,44
i222637,16
i222638,8
i22264,60
i222646,28
i22265,4
i222650,10
i222652,15
i222654,13
i222655,49
i22266,5
i222662,20
i222663,20
i222665,8
i22267,16
i222674,5
i222675,5
i222677,48
i222678,24
i222681,13
i222689,16
i222690,8
i222691,2
i222697,10
i2227,30
i222700,4
i222705,15
i222708,5
i222710,17
i222716,27
i222717,24
i222718,8
i22273,1
i222735,19
i222745,28
i222746,13
i222749,7
i222750,8
i222756,2
i222763,4
i222766,10
i222774,3
i222776,5
i222777,2
i222779,3
i222780,31
i222798,10
i222800,7
i222801,5
i222809,34
i222812,2
i222814,21
i222815,4
i222817,19
i222820,1
i222829,3
i22283,2
i222834,6
i222840,3
i222841,8
i222846,18
i22285,6
i222853,12
i222859,2
i222861,2
i222863,14
i222864,7
i222870,9
i222871,4
i222876,6
i222877,2
i222878,1
i222882,1
i222886,15
i222892,1
i222897,3
i2229,2
i222905,10
i222914,1
i222917,8
i222922,3
i222923,9
i222926,7
i222927,4
i222930,6
i222935,21
i222938,27
i22294,1
i222944,3
i222946,2
i222950,4
i222955,9
i222956,1
i222962,13
i222963,12
i222969,5
i222973,1
i222978,2
i22298,3
i222986,1
i22299,36
i222991,7
i222992,5
i223001,18
i223002,1
i223015,5
i22302,18
i223020,1
i223024,5
i223026,16
i22303,13
i223033,2
i223034,2
i223035,4
i223036,27
i223046,3
i223048,12
i22305,15
i223051,9
i223059,13
i223065,2
i223073,8
i223078,48
i22308,11
i223083,1
i223088,1
i223091,32
i223093,4
i223095,4
i223107,1
i223109,3
i223115,5
i223116,22
i223125,37
i223128,6
i223131,34
i223132,2
i223133,3
i22314,14
i22315,34
i223155,32
i223158,4
i223159,5
i223161,2
i223165,2
i223170,35
i223180,29
i223186,1
i223188,2
i223192,2
i223193,11
i223197,5
i223198,7
i22320,30
i223201,2
i223204,2
i223208,4
i223221,1
i223222,1
i223223,2
i223226,16
i223232,10
i223235,13
i223240,9
i223241,12
i223243,3
i223251,10
i223261,13
i223262,46
i223265,5
i223269,12
i223275,3
i223284,12
i223291,20
i223294,17
i223296,1
i223297,2
i223298,8
i223300,1
i223302,10
i22331,4
i223311,35
i223314,1
i223315,8
i223317,2
i223319,3
i22332,21
i223324,1
i223332,3
i22334,4
i223342,17
i223349,4
i22335,11
i223350,13
i223357,11
i223361,1
i223368,6
i22337,65
i223370,3
i223371,10
i223379,11
i223383,10
i223387,35
i223389,15
i22339,16
i223399,9
i2234,23
i223405,17
i223407,12
i223409,2
i223411,4
i223415,3
i223431,1
i223435,26
i223439,4
i223442,4
i223446,8
i223448,1
i223450,2
i223453,11
i223461,2
i223463,12
i223464,2
i223466,6
i223467,10
i223468,1
i223472,2
i223473,5
i223478,9
i22348,21
i223484,13
i223489,14
i22349,4
i223493,6
i223496,2
i223497,1
i2235,6
i223505,19
i223508,11
i223510,4
i223513,2
i223519,6
i223527,4
i223529,6
i22353,25
i223531,18
i223533,17
i223534,39
i223535,40
i223543,14
i223544,4
i223552,2
i223558,12
i22356,1
i223560,13
i223564,6
i223570,8
i223574,6
i223575,22
i223576,10
i223577,13
i223578,2
i223580,7
i223581,2
i223586,7
i223590,1
i223591,1
i223594,2
i223595,17
i22360,5
i223600,11
i223601,7
i223602,1
i223605,1
i223610,10
i223611,1
i223612,6
i22362,61
i223621,14
i223628,8
i223632,3
i223636,5
i223638,2
i22364,8
i223646,26
i22365,15
i223653,2
i223654,38
i223656,8
i223659,4
i22366,14
i223672,1
i223673,7
i223677,56
i223678,5
i223681,37
i223691,2
i223695,6
i223696,16
i2237,9
i223718,2
i223720,3
i223726,4
i22373,82
i223732,5
i223737,3
i223740,1
i223744,8
i223745,3
i223749,23
i223752,1
i223760,17
i223767,3
i223775,3
i223780,10
i223782,6
i223784,15
i22379,89
i223790,8
i223792,15
i223801,5
i223802,16
i223805,1
i223815,6
i223816,17
i223821,32
i223823,1
i223825,5
i223826,1
i223827,2
i223833,14
i223836,7
i223838,25
i223839,7
i223841,10
i223843,2
i223854,6
i223856,8
i223858,7
i223859,12
i22386,6
i223869,9
i22387,14
i223871,7
i223873,16
i223876,3
i223877,2
i223879,1
i223884,1
i223886,7
i223888,2
i223892,7
i223895,3
i223898,1
i223899,4
i22390,96
i223905,16
i223909,6
i223922,2
i223923,1
i223924,12
i223928,2
i223931,1
i223934,7
i223937,3
i223939,1
i223950,3
i223951,1
i223953,20
i223954,31
i223963,13
i223965,18
i223968,2
i223969,8
i22397,2
i223972,16
i223979,1
i223986,7
i223987,1
i22399,1
i223999,16
i2240,3
i224003,3
i224005,4
i224009,2
i224010,5
i22402,40
i22403,1
i224033,2
i224038,17
i224041,1
i224042,7
i224043,7
i224048,1
i224052,9
i224056,4
i224059,21
i224061,10
i224067,7
i224068,13
i224070,1
i224074,2
i224078,2
i22408,17
i224083,19
i224085,5
i224089,4
i224094,1
i224097,2
i224105,4
i224107,1
i224108,15
i224116,1
i224119,8
i224120,2
i224122,6
i224127,6
i224131,3
i224137,19
i224138,7
i22414,9
i224146,1
i224150,35
i224156,3
i224162,2
i224164,1
i224166,15
i224177,8
i224182,1
i224184,9
i224187,5
i224188,5
i22419,34
i224191,1
i224192,7
i224197,9
i224202,6
i224203,22
i224204,4
i224205,8
i224206,3
i22421,2
i224211,11
i224212,10
i224216,3
i224217,12
i224218,9
i22422,2
i224220,2
i224227,4
i22423,24
i224233,14
i224235,1
i224239,1
i224243,1
i224245,66
i224246,15
i224252,2
i224254,4
i224256,5
i224269,2
i22427,12
i224271,60
i224272,10
i224275,33
i224277,12
i224281,21
i224290,23
i22430,5
i224301,23
i224303,25
i224308,15
i224316,22
i224319,9
i224324,3
i224328,71
i22433,16
i224337,2
i224338,23
i22434,37
i224341,5
i224345,7
i224349,24
i224350,2
i224357,43
i224360,2
i224362,7
i224368,11
i22437,9
i224372,17
i224373,12
i224375,11
i224378,6
i22438,25
i224380,16
i224381,13
i224382,18
i22439,30
i224398,1
i224399,22
i224400,38
i224401,9
i224402,1
i224404,3
i224406,1
i224411,29
i224414,35
i224420,2
i224422,16
i224423,16
i224424,6
i224426,38
i22443,1
i224436,30
i224439,6
i224443,14
i224448,4
i224455,22
i224458,33
i224459,1
i224464,52
i224466,24
i224473,2
i224474,17
i224479,6
i224480,42
i224482,6
i224483,58
i224486,22
i224492,11
i224498,10
i224502,17
i224514,9
i224522,2
i224525,50
i22453,3
i224538,9
i224541,13
i224544,14
i224545,2
i224549,26
i224552,25
i224553,1
i224559,3
i224562,3
i224567,59
i224568,28
i224569,9
i224573,20
i224574,12
i224575,10
i224584,1
i224587,12
i22459,10
i224590,57
i224592,82
i2246,82
i224600,5
i224601,38
i224602,9
i224605,15
i224606,21
i224607,31
i22461,67
i224614,6
i224615,19
i224623,20
i224627,1
i224629,1
i224631,44
i224639,3
i224641,52
i224642,43
i224643,26
i224647,48
i224650,4
i224651,10
i224655,4
i224658,60
i224660,5
i224664,43
i224665,71
i224670,24
i224675,31
i224676,5
i224678,16
i224685,33
i224687,2
i22469,31
i224691,1
i224694,12
i224695,20
i224700,8
i224703,6
i224705,19
i22471,26
i224710,3
i224711,44
i224718,3
i22472,12
i224721,16
i224722,48
i224725,6
i224733,2
i224747,6
i224752,24
i224758,8
i224761,1
i224764,13
i224773,1
i224776,2
i224778,6
i22478,3
i224782,1
i224784,1
i224787,10
i224788,50
i22479,22
i224792,7
i224797,10
i224802,6
i224804,17
i224805,33
i22481,3
i224810,13
i224812,10
i224815,15
i224823,15
i224826,18
i22483,71
i224839,47
i22484,58
i224840,3
i224843,3
i224846,29
i224849,3
i22485,61
i224852,22
i224859,1
i22486,47
i224861,12
i224864,12
i224867,15
i224869,7
i22487,41
i224870,39
i224872,8
i224877,9
i224879,1
i22488,11
i224880,4
i224881,31
i224882,24
i224883,32
i224885,6
i224887,15
i224893,19
i224896,1
i224898,42
i2249,90
i224900,17
i224901,22
i224903,25
i224904,5
i224911,95
i224913,9
i224917,26
i224918,71
i22492,20
i224933,3
i224935,8
i224939,19
i22494,43
i224940,39
i224943,54
i224944,25
i224947,49
i224948,28
i224961,6
i224962,2
i224963,40
i224965,40
i224967,5
i224969,4
i224970,1
i224971,24
i224977,27
i224982,29
i224983,13
i224986,6
i224987,6
i224989,18
i22499,19
i224992,33
i224993,35
i224997,2
i224998,15
i2250,12
i225001,9
i225003,6
i22501,63
i225010,11
i225017,17
i225027,5
i225028,3
i225034,22
i22504,31
i225042,16
i225043,1
i225047,5
i22505,20
i225053,1
i225055,9
i225056,14
i225058,9
i225061,39
i225085,9
i225086,29
i225088,57
i22509,3
i225090,41
i225094,16
i225098,9
i2251,19
i22510,47
i225103,2
i225109,1
i22511,12
i225112,1
i225113,7
i225114,28
i225115,26
i225116,7
i225117,15
i225118,1
i22512,5
i225122,1
i225123,3
i225124,9
i225129,7
i225130,16
i225131,16
i225132,13
i225134,29
i225139,11
i225140,11
i225142,5
i225146,9
i225150,13
i225153,13
i225155,22
i225156,16
i225172,58
i225174,15
i225176,3
i225177,2
i22518,42
i225181,2
i225185,9
i225187,1
i225188,1
i225190,21
i225194,13
i225196,17
i225197,1
i225200,3
i225205,61
i225208,26
i22521,4
i225210,27
i225211,4
i225212,28
i225214,17
i225215,33
i225216,29
i225225,31
i225227,1
i225228,2
i225242,37
i225246,26
i225247,22
i225250,12
i225259,4
i225265,5
i225266,23
i22527,11
i225274,4
i225275,18
i225283,3
i225293,8
i225297,40
i225299,19
i2253,37
i22530,4
i225304,7
i225306,3
i225320,45
i225322,1
i225324,4
i225326,1
i225328,25
i225336,24
i225344,22
i225345,13
i225346,35
i225355,10
i225360,59
i225362,47
i225363,10
i225374,29
i225376,6
i225378,2
i225387,10
i22539,37
i225393,13
i225401,14
i225402,3
i22541,12
i225410,7
i225420,48
i225427,3
i225431,5
i225432,1
i225437,2
i22544,7
i225440,24
i225443,17
i225446,9
i225448,10
i22546,15
i225464,1
i225465,2
i225467,18
i225469,28
i225473,2
i225476,12
i225479,3
i225486,8
i225487,9
i225489,14
i225490,3
i225491,15
i225494,3
i225495,3
i225496,19
i225502,32
i225510,4
i225518,28
i225519,3
i225523,16
i225524,101
i225536,11
i225539,7
i225540,4
i225543,22
i225545,28
i225547,15
i22555,51
i225550,3
i225553,2
i225556,3
i225558,73
i225559,6
i22556,19
i225562,31
i225565,22
i225568,35
i225571,32
i225573,1
i225574,1
i22558,19
i225580,8
i225586,7
i225590,1
i225592,13
i225599,8
i22560,59
i225600,8
i225603,3
i225609,54
i225610,16
i225611,1
i225617,2
i225625,18
i225627,26
i225631,7
i225633,2
i225637,5
i22564,84
i225654,1
i225655,6
i225661,25
i225664,3
i225675,24
i225676,2
i225679,15
i225681,4
i225683,7
i225686,3
i225687,1
i225688,6
i225694,49
i225695,23
i225697,9
i2257,42
i225706,31
i225714,8
i225717,23
i225719,32
i225723,1
i225725,20
i225726,19
i225728,1
i225729,29
i22573,6
i225730,4
i225731,33
i225735,1
i225737,10
i225743,11
i225746,18
i225747,1
i225754,8
i225757,25
i225762,7
i225775,13
i225778,42
i225779,22
i225781,7
i225786,8
i225787,22
i225790,6
i225802,11
i225803,6
i225808,1
i225809,23
i22581,4
i22582,30
i225820,29
i225822,15
i225832,9
i225833,38
i225834,4
i225838,18
i22584,6
i225843,17
i225848,16
i225851,3
i225854,19
i225855,2
i225857,7
i225858,5
i22586,40
i225864,29
i22587,31
i225889,9
i2259,12
i225905,1
i225906,7
i225909,11
i225914,4
i225917,19
i225920,4
i225922,30
i225929,60
i225930,1
i225932,3
i225936,13
i225939,22
i225944,2
i225945,1
i225948,11
i225955,8
i225956,6
i225957,19
i225967,4
i225969,14
i22597,60
i225971,4
i225973,1
i225975,2
i225976,35
i225977,22
i225978,31
i225981,4
i225982,14
i225992,33
i225996,17
i226001,23
i226005,4
i226008,36
i226011,4
i226013,26
i226014,21
i226021,1
i226024,25
i226027,20
i226038,1
i22604,23
i226047,2
i226049,2
i226050,2
i226052,23
i226054,25
i226055,6
i226057,25
i22606,70
i226061,1
i226062,29
i226064,17
i226067,1
i226069,19
i226070,1
i226073,10
i226075,9
i226079,1
i226083,29
i22609,15
i226094,2
i226096,10
i226097,14
i226104,9
i226107,6
i22611,16
i226113,20
i226115,7
i226120,21
i226121,2
i226126,15
i226130,14
i226134,14
i226136,19
i226138,36
i226139,5
i22614,15
i226140,15
i226143,18
i226144,9
i226148,27
i226149,24
i22615,37
i226152,8
i226153,10
i226162,6
i226165,9
i226169,43
i226175,30
i226176,16
i226180,29
i226187,29
i22619,12
i226198,15
i226205,12
i22621,2
i226215,1
i226216,1
i226224,3
i226226,6
i226229,2
i22623,16
i226233,8
i226239,21
i22624,8
i226242,12
i226244,27
i226247,30
i226254,4
i226256,7
i226259,7
i22626,1
i226260,2
i226261,1
i226263,1
i226265,18
i226268,1
i226269,27
i226274,24
i226278,20
i226279,1
i226289,7
i226297,39
i22630,55
i226304,5
i226308,22
i226316,25
i226319,13
i226323,9
i226339,1
i226340,3
i226341,4
i22635,12
i226350,17
i226353,7
i226356,1
i22636,6
i226364,17
i226365,12
i226366,4
i226371,7
i226373,14
i22638,70
i226390,7
i226394,3
i226395,6
i22640,33
i226407,9
i226408,2
i226411,20
i226412,3
i22642,5
i226422,21
i226426,10
i226435,66
i22644,16
i226442,2
i226443,4
i226446,68
i226448,4
i22645,3
i226454,27
i226460,1
i226463,10
i226467,5
i226469,13
i226470,2
i226471,8
i226480,17
i226481,5
i226482,24
i226483,37
i226496,1
i226501,7
i226502,36
i226503,33
i226507,13
i226511,32
i226512,7
i226513,48
i226515,1
i226518,4
i22652,31
i226521,21
i226522,7
i226533,27
i226535,27
i226544,11
i226546,9
i22655,22
i226550,2
i226551,3
i226553,39
i226555,9
i22656,1
i226566,7
i226578,55
i22658,27
i226585,7
i226586,22
i226588,3
i226593,8
i226595,4
i226597,11
i226599,38
i2266,14
i226601,7
i226606,8
i226609,16
i226616,2
i226617,9
i226619,20
i22662,4
i22663,65
i226631,9
i226632,1
i226634,5
i226635,41
i226636,8
i226640,7
i226648,9
i226652,7
i226656,3
i22666,6
i226666,5
i226667,14
i226674,8
i226682,12
i226684,29
i226691,1
i226692,1
i226694,39
i226695,2
i226700,27
i226702,1
i226708,12
i226710,2
i226711,12
i226716,2
i226721,18
i226724,23
i226727,8
i226728,2
i226731,10
i226732,17
i226734,4
i226736,13
i226740,31
i226744,3
i226745,19
i226748,3
i226751,19
i226754,6
i226756,8
i226761,5
i226762,4
i226763,5
i226766,3
i226767,1
i226770,35
i226772,1
i226773,21
i226780,10
i226781,3
i226783,55
i226787,13
i226790,7
i226794,12
i226797,56
i226799,2
i2268,12
i226800,4
i226801,1
i226807,4
i226811,5
i226812,6
i226813,14
i226817,6
i22682,66
i226820,6
i226823,12
i226830,1
i226833,5
i226835,31
i226836,2
i226843,3
i226844,1
i226849,1
i226851,20
i226852,2
i226853,44
i226854,2
i226855,10
i226857,27
i226858,2
i22686,4
i22687,8
i226872,11
i226873,6
i226874,3
i226878,2
i22688,17
i226886,9
i226888,14
i226893,1
i226896,68
i226897,4
i226898,8
i22690,33
i226900,1
i226904,47
i226907,40
i226917,1
i226923,3
i226925,1
i226928,39
i22693,2
i226930,9
i226933,12
i226934,60
i226935,8
i226936,5
i226945,13
i226956,16
i226959,11
i226963,3
i226967,8
i22697,3
i226972,1
i226973,17
i22698,34
i226980,2
i226981,14
i226986,11
i226988,52
i226989,5
i226992,30
i226994,10
i226995,4
i226996,2
i227001,4
i227006,4
i227009,38
i227013,6
i227021,8
i227025,2
i22703,5
i227033,42
i227038,1
i227043,3
i227047,1
i227049,3
i227057,1
i22706,10
i227060,3
i227066,2
i227075,2
i227079,38
i227082,15
i227083,3
i227084,13
i227085,25
i227089,20
i22709,13
i227096,13
i227099,9
i227104,18
i227108,5
i227111,38
i227112,6
i227113,6
i22712,9
i227125,18
i227129,35
i227134,41
i227135,1
i227136,29
i227139,3
i227141,4
i227144,20
i227158,1
i227159,15
i227168,16
i227173,11
i227175,14
i227178,38
i227180,9
i227185,4
i227186,4
i227188,1
i22719,2
i227199,12
i227202,32
i227203,18
i227204,11
i227207,10
i22721,4
i227210,12
i227215,4
i227217,7
i227234,25
i227236,26
i227243,15
i227245,3
i227246,1
i227254,20
i227268,6
i227271,5
i227276,6
i227288,6
i22729,2
i227292,4
i227293,1
i227303,5
i227306,5
i227313,1
i227330,19
i227339,10
i227342,2
i227347,28
i227357,12
i22736,21
i227365,3
i227368,2
i22737,14
i227373,24
i227377,6
i227383,6
i227387,5
i227397,19
i227403,27
i227405,3
i227413,3
i227416,26
i227418,14
i227421,3
i227424,1
i227425,8
i227428,24
i227432,2
i227434,41
i227436,15
i227438,25
i227439,1
i22744,47
i227441,54
i227442,17
i227443,4
i227448,2
i227449,2
i227451,5
i227457,1
i227459,1
i227460,26
i227461,33
i227463,13
i227465,1
i227467,7
i227469,1
i22747,32
i227473,2
i227481,11
i227482,2
i22749,33
i227496,40
i227499,8
i22750,1
i227503,21
i227504,3
i227507,3
i227515,9
i227517,9
i227519,5
i22752,14
i227521,2
i227528,16
i227529,3
i227530,2
i227534,7
i227537,7
i227539,24
i227549,2
i227554,7
i227555,11
i227558,17
i227559,1
i22756,5
i227565,13
i22757,2
i227575,1
i22758,38
i227580,4
i227583,16
i227588,4
i227590,29
i227596,4
i227597,3
i227598,12
i227599,21
i2276,23
i227603,1
i227608,1
i227619,7
i22762,4
i227623,1
i227624,31
i227626,1
i227629,3
i227631,2
i227634,29
i227635,1
i22764,2
i227641,14
i227650,33
i227658,13
i227659,15
i227662,1
i227663,18
i227664,9
i227666,9
i227670,3
i227673,4
i227674,11
i227677,9
i22768,4
i227682,9
i227703,7
i227710,55
i227713,15
i227727,12
i227729,15
i22773,6
i227734,16
i227739,3
i227740,7
i227743,20
i227746,21
i227748,45
i22775,11
i227756,2
i227758,11
i227761,2
i227765,16
i22777,56
i227775,14
i227777,13
i227781,7
i227788,30
i227791,1
i227795,8
i227798,3
i227799,18
i227801,22
i22781,6
i227812,1
i227813,4
i227818,51
i227826,18
i227827,1
i227834,2
i227836,5
i227837,1
i22784,12
i227844,4
i227846,6
i227849,11
i227850,10
i227858,3
i227863,10
i227864,22
i227868,7
i227870,9
i227876,2
i227883,3
i227884,18
i227886,55
i227887,2
i22789,2
i227891,11
i227895,1
i22790,1
i227900,17
i227902,18
i227905,12
i227906,34
i227907,33
i22791,56
i227915,7
i227916,5
i227923,20
i227926,3
i227928,4
i227934,2
i227939,3
i227940,20
i227951,32
i227956,22
i22796,4
i227960,28
i227963,39
i227964,4
i22797,15
i227976,1
i227977,13
i227979,30
i227989,1
i227990,5
i227996,9
i227998,1
i228,8
i228000,36
i228001,43
i228003,3
i228004,46
i228006,1
i228009,4
i228011,4
i228022,6
i228027,1
i228029,1
i22803,18
i228030,2
i228031,1
i228033,18
i228034,9
i228037,1
i228040,45
i228052,7
i228054,4
i228055,6
i228057,5
i228059,14
i228061,5
i228066,4
i228072,6
i228078,3
i228080,1
i228083,2
i228088,2
i22809,72
i228094,4
i228095,2
i228098,3
i228099,12
i2281,9
i228103,2
i228105,1
i22811,26
i228110,13
i228112,9
i228118,14
i22812,23
i228120,28
i228122,31
i228127,14
i228133,16
i228141,8
i228142,7
i228144,50
i228146,4
i228152,2
i228156,43
i22816,20
i228164,8
i228168,1
i228175,15
i22818,51
i228185,7
i228186,25
i228187,2
i228188,16
i2282,17
i22821,22
i228213,6
i228218,9
i228220,2
i228227,2
i22823,2
i228230,21
i228231,12
i228232,14
i228235,19
i228236,11
i228239,11
i228244,1
i228246,13
i228249,9
i22825,6
i228251,19
i228253,10
i228259,17
i228261,1
i228263,10
i228265,8
i228268,22
i228275,1
i228282,10
i228284,2
i228285,27
i228293,8
i228295,6
i228297,14
i228298,5
i228307,3
i228310,6
i228312,39
i228315,26
i228318,14
i228319,25
i228331,3
i228334,5
i228336,5
i228339,4
i228345,4
i228346,24
i228348,19
i228350,2
i228358,19
i228359,17
i22836,48
i228365,1
i228369,3
i228375,2
i228381,6
i228382,23
i228404,13
i228406,8
i228408,33
i228412,4
i228413,13
i228417,16
i22842,50
i228422,8
i228423,15
i228425,1
i228426,13
i228432,15
i228440,39
i228449,4
i228451,10
i228455,8
i228460,12
i228463,8
i228466,11
i228476,14
i228477,4
i22848,45
i228484,27
i228486,32
i22849,52
i228490,2
i228492,1
i228494,5
i228497,26
i22850,49
i228507,2
i228509,2
i228512,1
i228514,3
i228521,14
i228523,14
i228524,23
i228537,9
i228539,30
i228550,32
i228553,12
i228559,42
i228560,1
i228563,4
i228568,13
i228570,4
i228573,18
i228577,12
i228579,16
i228585,1
i228592,8
i228593,5
i22860,12
i228600,6
i228601,12
i228604,21
i228607,2
i228612,1
i228615,44
i22862,59
i22863,3
i228632,5
i228633,15
i228640,4
i228642,3
i228646,4
i228647,2
i228648,9
i228655,10
i228668,15
i228670,1
i228671,9
i228675,9
i228679,1
i228680,18
i228685,18
i228687,25
i228692,8
i228693,6
i2287,45
i22870,16
i228702,26
i228706,6
i228711,10
i228713,4
i228722,5
i228727,5
i228736,11
i228739,2
i228740,25
i228745,13
i228746,1
i228750,5
i228751,15
i228756,1
i228757,1
i228770,48
i228778,1
i228779,6
i228780,16
i228783,12
i228785,7
i228789,3
i22879,3
i228792,10
i228794,2
i228806,25
i228808,6
i228810,1
i228823,4
i228824,2
i228829,3
i22883,49
i228832,8
i228837,5
i228838,4
i22884,3
i228841,5
i228845,6
i228847,1
i228850,11
i228851,2
i228853,1
i228854,11
i22886,48
i228863,2
i228864,3
i22887,67
i228876,1
i228879,1
i228884,2
i22889,9
i228890,3
i228891,10
i228897,2
i228901,1
i228904,25
i228905,32
i228907,1
i228908,2
i22891,2
i228915,8
i228919,3
i228924,3
i228925,2
i228931,4
i228932,6
i228935,19
i22894,37
i228955,12
i228959,8
i22896,2
i228963,4
i228970,14
i228973,3
i228975,2
i22898,3
i228983,9
i228986,1
i228993,4
i229,46
i22900,20
i229001,6
i229004,4
i229005,12
i229008,5
i229009,5
i22901,1
i229012,14
i229018,21
i229022,5
i22903,7
i229035,8
i229043,14
i229048,2
i229049,12
i229051,1
i229054,1
i229055,1
i22906,32
i229062,3
i229065,4
i22907,4
i229070,8
i229077,23
i229079,2
i229082,7
i229084,21
i229086,2
i22909,7
i229092,4
i229093,13
i229096,14
i229100,17
i229104,17
i229108,6
i229114,9
i229120,20
i229125,2
i22914,52
i229141,13
i229149,4
i22915,27
i229153,17
i229162,3
i229163,4
i229170,4
i229171,9
i229172,29
i229175,1
i229178,3
i229182,2
i229184,9
i22919,31
i229196,14
i229197,8
i229199,18
i22920,14
i229202,5
i229208,29
i229209,1
i229210,3
i229214,36
i229219,1
i22922,12
i229222,22
i229231,22
i229233,1
i229234,23
i229239,6
i229241,20
i229245,1
i229247,2
i229253,10
i229255,6
i229265,7
i229267,1
i229277,7
i229278,6
i229284,1
i229286,4
i229287,21
i22929,14
i229290,6
i229292,5
i229296,8
i229298,1
i229301,42
i229302,3
i229310,7
i229311,6
i229320,16
i229327,1
i229328,24
i22933,106
i229330,4
i229336,8
i229337,6
i229338,12
i229339,4
i22934,13
i229341,25
i229346,4
i229348,9
i229353,4
i229355,10
i229358,2
i229360,2
i22937,1
i229372,8
i229377,2
i229381,4
i229383,17
i229389,5
i229392,10
i229393,1
i229395,1
i229396,16
i229400,9
i229401,27
i229409,9
i229414,2
i229416,3
i229424,12
i229427,15
i22943,31
i229433,10
i229437,3
i229448,1
i229450,8
i229463,10
i229469,1
i229470,1
i229472,15
i229477,2
i229486,4
i229493,4
i229495,12
i2295,35
i229502,4
i229506,8
i229513,5
i22952,6
i229528,3
i22953,78
i229532,2
i229542,1
i229547,1
i229549,3
i22955,1
i229552,4
i229553,2
i229554,2
i229557,20
i229558,10
i229559,1
i229565,17
i229569,3
i22957,1
i229570,1
i229579,1
i229580,15
i229584,5
i229586,5
i229589,2
i22959,3
i229590,2
i229596,5
i229597,2
i229598,2
i22960,2
i229601,1
i229604,6
i229608,20
i229609,36
i229611,4
i229612,2
i229616,9
i229618,8
i22962,5
i229623,2
i229624,1
i229627,3
i229632,5
i229634,1
i229638,3
i22964,23
i229642,54
i229646,14
i229649,2
i229652,3
i229654,17
i229656,1
i229660,21
i229662,1
i229664,9
i229665,10
i229669,4
i22967,11
i229677,6
i229681,7
i229685,3
i229691,1
i229692,24
i229697,1
i229699,3
i2297,34
i229701,3
i229702,2
i229708,2
i229714,15
i229715,1
i229716,2
i229719,8
i22972,3
i229722,7
i229725,1
i229726,3
i229728,1
i229732,46
i229734,3
i229735,2
i229739,5
i22974,12
i229741,8
i229744,2
i229746,6
i229747,18
i229748,1
i229752,3
i229753,1
i229758,1
i229764,4
i22977,88
i229772,4
i229773,4
i229779,11
i229787,52
i229789,15
i229794,15
i2298,23
i229800,23
i229807,4
i229808,18
i229814,28
i229816,4
i229819,10
i229824,9
i229833,1
i229837,16
i229843,4
i22985,5
i229854,1
i229857,16
i229860,13
i229861,8
i229863,27
i229865,5
i229867,11
i229875,16
i229882,1
i22989,43
i229890,12
i229891,18
i229892,25
i229899,14
i229903,4
i229906,27
i229907,2
i229908,14
i22991,74
i229913,5
i229919,12
i22992,27
i229922,22
i229926,2
i229927,3
i229934,3
i229935,1
i229936,3
i229941,2
i229945,20
i229948,7
i22995,29
i229950,6
i229961,6
i229964,17
i229965,6
i229974,5
i229982,5
i229983,27
i229988,17
i229992,1
i229995,18
i229997,2
i229998,13
i23,28
i230000,2
i230004,1
i23001,8
i230011,9
i230014,11
i23002,15
i230022,13
i230023,6
i230037,2
i230038,21
i23004,1
i230044,30
i230050,10
i230051,46
i230052,7
i230053,26
i230055,5
i230057,13
i230059,4
i23006,14
i230063,2
i230065,2
i230075,2
i230084,8
i230086,1
i23009,2
i230092,11
i230093,19
i230097,2
i23010,2
i230100,2
i230101,3
i230102,17
i230105,9
i230106,4
i230107,10
i230111,3
i230113,13
i230123,4
i230124,1
i230128,3
i230131,2
i230132,4
i230134,1
i230137,18
i230140,17
i230143,4
i230145,1
i230147,36
i23015,5
i230150,25
i230154,1
i230157,5
i230158,9
i230159,2
i230162,12
i230164,1
i230166,1
i230169,1
i230171,1
i230178,19
i230181,3
i230185,22
i230186,15
i230188,5
i230189,5
i230195,1
i230196,13
i230199,3
i230203,17
i230204,8
i230212,3
i230218,5
i230222,26
i230236,4
i23024,70
i230243,15
i230244,3
i230246,2
i230247,11
i230272,1
i230276,19
i230278,26
i230287,23
i230289,19
i23029,24
i230290,23
i230293,3
i230297,3
i230302,11
i230308,20
i23033,6
i230333,2
i230334,17
i230350,1
i230351,11
i230353,18
i230356,3
i23036,1
i230368,11
i230369,27
i230371,11
i230376,1
i230382,15
i230387,5
i230388,7
i230391,15
i230392,7
i230396,1
i230397,6
i230399,7
i230403,2
i230405,21
i23041,3
i230411,7
i230414,6
i230417,14
i230418,5
i230421,2
i230432,24
i230435,3
i230438,11
i23044,1
i230445,3
i230446,15
i230451,1
i230454,8
i230465,1
i230466,3
i230479,6
i230486,3
i230488,1
i230492,2
i230496,8
i230497,18
i23050,62
i230501,3
i230509,9
i230510,11
i230512,4
i230518,4
i230524,15
i230538,17
i230539,2
i230541,7
i230548,5
i23055,29
i230558,5
i230559,1
i23056,7
i230562,2
i230564,6
i230567,13
i230568,2
i230574,1
i230576,15
i230590,5
i230595,3
i230598,10
i230602,2
i230604,4
i230605,28
i230607,1
i230623,48
i23063,58
i230637,1
i230642,2
i230654,3
i230658,3
i230660,3
i230665,2
i230666,5
i230669,8
i230676,6
i23069,7
i230690,29
i230701,1
i230706,15
i230707,1
i230708,5
i23071,5
i230712,7
i230717,2
i230718,7
i230720,5
i230722,2
i230730,3
i230743,10
i230745,2
i230750,14
i230751,12
i230753,2
i230755,11
i230765,17
i230768,1
i230775,7
i230779,1
i230781,16
i230782,3
i230789,5
i23079,6
i230790,1
i230794,4
i230798,6
i230803,3
i230804,1
i23081,34
i230811,3
i230814,5
i230816,5
i230819,10
i23082,6
i230826,1
i230829,6
i230831,1
i230833,46
i230834,16
i230836,4
i230844,5
i230851,2
i230854,10
i230862,2
i230865,27
i230867,14
i230871,4
i230873,1
i23088,46
i230881,3
i230882,4
i230887,1
i230889,4
i23089,19
i230891,3
i230896,9
i230899,2
i230900,5
i230905,2
i230906,19
i230907,22
i230912,1
i230914,4
i230919,8
i230922,2
i230923,5
i230935,11
i230938,19
i230943,1
i230944,5
i230948,13
i230955,6
i230956,29
i230957,10
i230960,9
i230962,1
i230964,34
i230971,15
i230972,2
i230975,29
i230976,4
i230981,3
i230987,2
i230995,50
i230996,2
i231,2
i2310,60
i231000,4
i231004,1
i231005,12
i23101,30
i231018,5
i231020,10
i231024,21
i231027,40
i23103,23
i231030,1
i231042,7
i231044,51
i231047,8
i231056,3
i231060,15
i231066,19
i231071,10
i231072,13
i231086,2
i231089,5
i231091,4
i231096,15
i2311,65
i231101,5
i231102,12
i231103,2
i231112,2
i231116,1
i231119,3
i231120,2
i231122,3
i231125,13
i231129,2
i231133,14
i231134,13
i231135,23
i231138,10
i231139,6
i23114,16
i231140,7
i231147,4
i23115,48
i231151,3
i231154,12
i231155,12
i231160,5
i231166,1
i231169,7
i23117,3
i231173,10
i231180,2
i231183,22
i231184,1
i231189,9
i23119,56
i231190,14
i231194,1
i231206,3
i231210,10
i231212,1
i231214,4
i23122,34
i231220,23
i231224,14
i23123,24
i231231,7
i231245,5
i231249,1
i231253,5
i231258,1
i231261,5
i231266,1
i231267,6
i23127,25
i231272,32
i231273,2
i231274,3
i231277,14
i231279,25
i231281,9
i23129,16
i231300,1
i231304,1
i231307,17
i23131,41
i231312,1
i231315,8
i231319,10
i231321,16
i231326,2
i231328,2
i231330,1
i231333,1
i23134,21
i231347,12
i231350,1
i231352,7
i231354,8
i231358,15
i23136,8
i231361,24
i231365,7
i231370,17
i231371,1
i231374,7
i231378,6
i231382,6
i231385,3
i231386,16
i23139,50
i23140,30
i231404,4
i231406,1
i231409,2
i231421,14
i231422,7
i231423,3
i231425,14
i231428,1
i231439,5
i231450,5
i231457,5
i231467,3
i23147,34
i231475,2
i231479,29
i231496,5
i23150,2
i231504,1
i231509,9
i231510,13
i231513,2
i231528,4
i231534,5
i231535,3
i231540,1
i231542,9
i231550,8
i231554,6
i231567,1
i231569,1
i23157,8
i231570,2
i231573,3
i231575,3
i231579,1
i23158,22
i231584,9
i231589,9
i23159,2
i231590,1
i231591,5
i231596,3
i231598,8
i231599,1
i23160,3
i231609,18
i231611,1
i231614,2
i231617,1
i231619,3
i23162,2
i231628,1
i231639,1
i231644,2
i231645,3
i231650,7
i23166,32
i231661,1
i231667,6
i23167,5
i231670,5
i231671,15
i231682,5
i231685,11
i231687,1
i23169,3
i231695,2
i231704,7
i231707,18
i231708,2
i23171,1
i231716,1
i231720,4
i231721,2
i231727,1
i231732,2
i231734,3
i23174,67
i231740,7
i231743,4
i231745,11
i231747,1
i23176,25
i231761,1
i231764,2
i231785,2
i231789,3
i231796,3
i231797,27
i231808,6
i231810,8
i231812,2
i231820,10
i231824,1
i23183,16
i231831,17
i231836,7
i23184,29
i231842,5
i23185,75
i231852,1
i231853,5
i231856,5
i231866,12
i231867,3
i231870,3
i231873,1
i231876,1
i231892,6
i231893,2
i231898,1
i231903,5
i231906,6
i231908,4
i231912,6
i231914,3
i231917,16
i23192,7
i231929,7
i231933,7
i231935,13
i231936,4
i23194,2
i231944,1
i231946,6
i231965,3
i231981,7
i231988,2
i231998,4
i232000,1
i232008,3
i23201,4
i232025,5
i232027,7
i232028,1
i232029,3
i232032,5
i232038,1
i23204,5
i232041,2
i232046,1
i232048,1
i232050,1
i232064,2
i232086,2
i232088,1
i232089,1
i232093,1
i232094,1
i232102,1
i232105,1
i232109,1
i23212,3
i232122,2
i232123,1
i232130,6
i232134,1
i232136,3
i232144,1
i232148,1
i23216,28
i232164,8
i232165,1
i232174,6
i232177,1
i23219,2
i232195,3
i232196,2
i232199,5
i2322,1
i232203,2
i232204,7
i23221,29
i232212,2
i232213,1
i232215,2
i23222,2
i232224,5
i232226,5
i232231,1
i232240,8
i232244,1
i232249,1
i232253,1
i232271,4
i232281,16
i23229,17
i232290,1
i2323,3
i232300,1
i232306,2
i23233,17
i232330,2
i23235,32
i23237,2
i232375,13
i232378,1
i23238,1
i232389,2
i232394,4
i232395,8
i23241,18
i232410,1
i232413,4
i232424,2
i232427,11
i232430,1
i232434,2
i232435,2
i232440,5
i23245,5
i232454,3
i232469,2
i232470,1
i232499,2
i23250,26
i232502,3
i232507,11
i23251,50
i232512,15
i232515,3
i232527,1
i232532,1
i232541,5
i232558,2
i23256,1
i232564,3
i232568,4
i232578,14
i232587,1
i232590,1
i232592,5
i232598,6
i232604,10
i23261,53
i232613,5
i232614,5
i232615,2
i232618,6
i232623,1
i232630,1
i232635,4
i232636,1
i232643,3
i232652,8
i232656,3
i23266,4
i232677,2
i232683,6
i232688,2
i232693,1
i23270,26
i232710,4
i232713,1
i232734,5
i232742,2
i232746,1
i23276,3
i23277,53
i232771,5
i232774,2
i232781,1
i232788,3
i232792,2
i232796,13
i232798,2
i23280,15
i232803,3
i232804,8
i232818,2
i232825,8
i232835,1
i23284,25
i232841,1
i232855,2
i232865,2
i232866,1
i23287,24
i232871,2
i232876,2
i232878,1
i232884,1
i232889,1
i232891,5
i232892,5
i232893,2
i2329,15
i23290,30
i232902,1
i232906,1
i232907,2
i23291,69
i232911,1
i232914,1
i23292,24
i232924,1
i232940,3
i232945,3
i232946,2
i232947,5
i232951,3
i232963,7
i232971,5
i232979,5
i232981,4
i232988,1
i232992,1
i232996,12
i23302,3
i233035,1
i233042,3
i23305,1
i233050,1
i233055,9
i233064,1
i233066,3
i233075,9
i233078,5
i23309,18
i233098,1
i2331,1
i233101,13
i233103,16
i233110,3
i233113,4
i233118,2
i233122,3
i233127,2
i233147,5
i23315,42
i23316,44
i233164,5
i233186,1
i233187,5
i23319,9
i233197,2
i233205,8
i23322,15
i23323,70
i233234,1
i233239,1
i233243,2
i233249,1
i233251,2
i233253,6
i233256,2
i233257,2
i233258,6
i233267,9
i233271,10
i233272,5
i23328,45
i233280,1
i233281,6
i233287,12
i233289,2
i233298,4
i233300,4
i233303,6
i233312,1
i233315,1
i23332,20
i233322,3
i233330,6
i233334,2
i233343,1
i233346,11
i233347,4
i233349,1
i233351,6
i233354,1
i233363,2
i233369,16
i23337,24
i233375,8
i233379,15
i233385,3
i233401,1
i233402,9
i233409,4
i233416,2
i233417,4
i233420,3
i233421,11
i233422,9
i233429,10
i233430,1
i233434,2
i233436,8
i233437,4
i233438,3
i233441,8
i233443,4
i233445,3
i233447,2
i233450,6
i233459,1
i23346,54
i233465,1
i233467,5
i233470,2
i233474,1
i233478,7
i233479,2
i233484,1
i233486,2
i233487,3
i233498,2
i23350,6
i233507,5
i23351,2
i233510,25
i233526,5
i233528,1
i233537,1
i23354,25
i233541,4
i233545,10
i233555,4
i23356,31
i233566,8
i233577,1
i233578,3
i233582,7
i23359,5
i23360,21
i233608,13
i23361,2
i233616,1
i233620,3
i233623,1
i233627,1
i233637,1
i233639,1
i233647,2
i233657,2
i23367,14
i233684,2
i233685,2
i233692,2
i233695,1
i23370,61
i233701,7
i233707,4
i233720,20
i233724,1
i233730,3
i23374,49
i233742,7
i23375,46
i233756,5
i233759,3
i233784,1
i23379,2
i233791,4
i233792,13
i233793,10
i233794,7
i233799,3
i23380,5
i233802,6
i233803,1
i233809,1
i23381,28
i233815,1
i233818,1
i23382,21
i233830,1
i233840,7
i233842,1
i233845,1
i233846,2
i233852,5
i233865,4
i23387,8
i233880,6
i233889,4
i23389,25
i233892,4
i233903,2
i233913,9
i233923,1
i233925,2
i23394,13
i233949,9
i233953,3
i233959,1
i233964,3
i233969,1
i233975,3
i233984,5
i233987,3
i233991,20
i233993,8
i233994,6
i233997,1
i233999,2
i234000,1
i234004,5
i234007,7
i234008,1
i23401,22
i234014,3
i234021,3
i23404,13
i234064,2
i234070,9
i234076,10
i234087,3
i2341,2
i23412,22
i234129,2
i234132,1
i234135,1
i234139,11
i234142,1
i23415,19
i234161,2
i234163,1
i234169,6
i23419,19
i234193,1
i234201,4
i234210,1
i234213,1
i234223,4
i234227,2
i234231,5
i234233,4
i23424,25
i234249,2
i23425,8
i234251,7
i234253,9
i234254,6
i234256,4
i234261,5
i234262,1
i234264,6
i234265,6
i234268,1
i23427,1
i234290,6
i234296,3
i234298,1
i2343,29
i23430,62
i234319,8
i234324,1
i234330,8
i23434,1
i23436,23
i23437,6
i23438,33
i234381,3
i23439,30
i234391,4
i234397,1
i23440,19
i234400,1
i234428,3
i234429,10
i234430,13
i234433,8
i234435,2
i234438,3
i234441,11
i234442,5
i234445,14
i234449,1
i234459,7
i23446,15
i234461,2
i234465,1
i234466,2
i234467,3
i234472,2
i234478,1
i234480,1
i234488,3
i23449,16
i234491,1
i23450,7
i234507,3
i234509,3
i234516,1
i234522,2
i234523,2
i234525,2
i234526,17
i234528,1
i234529,2
i23453,30
i234535,2
i234546,3
i234559,2
i234560,1
i234568,3
i234571,6
i234572,3
i234579,6
i234584,1
i23459,11
i234594,4
i234611,2
i234614,5
i234616,3
i234620,2
i234621,6
i234624,15
i234632,1
i234634,4
i234635,3
i234637,7
i234640,1
i234646,2
i234660,8
i234661,1
i234666,11
i234667,4
i234679,1
i234682,2
i234683,2
i234686,2
i234688,3
i234691,1
i234692,1
i234695,1
i234700,4
i234702,14
i234703,11
i234706,1
i234707,3
i23471,4
i234710,7
i234719,4
i234725,11
i234728,3
i23473,59
i234730,3
i234731,6
i234737,6
i234741,1
i234761,1
i234765,1
i234770,1
i234771,2
i234775,4
i234776,1
i234778,3
i23478,37
i234784,1
i23479,1
i234790,1
i234791,3
i234804,5
i234808,8
i23481,38
i234814,1
i234821,2
i23483,1
i234844,1
i234851,1
i234852,1
i234874,6
i234895,9
i234899,1
i2349,5
i23490,35
i234900,1
i234903,12
i234912,4
i234913,1
i234915,2
i234918,2
i23492,4
i234922,5
i23493,12
i234932,3
i234934,7
i234936,3
i234937,2
i234939,3
i23494,14
i23495,39
i234954,21
i234957,4
i23496,2
i234960,2
i234970,1
i234971,2
i234978,1
i23498,14
i234998,7
i234999,11
i235,13
i2350,81
i23500,8
i235002,13
i235004,3
i235009,6
i235011,3
i235014,7
i235017,27
i235023,4
i235025,2
i235036,2
i235039,6
i23504,1
i235054,3
i235056,1
i235067,1
i235074,7
i235076,1
i235078,3
i235085,1
i23509,2
i2351,1
i23510,3
i235106,1
i235108,15
i235110,8
i235115,4
i235116,1
i235120,6
i235132,3
i235146,4
i235148,6
i235154,13
i235157,4
i235176,18
i23519,2
i235201,4
i235210,1
i235214,2
i235216,4
i235221,7
i235225,5
i235226,13
i235230,2
i235231,4
i235234,8
i235246,3
i235247,3
i235248,2
i235249,1
i235251,4
i235257,2
i235259,3
i235267,3
i235270,7
i235272,3
i235290,2
i235305,1
i23531,20
i235310,4
i235312,4
i235313,2
i235315,8
i23532,25
i235323,4
i235324,3
i235327,4
i235329,7
i235330,1
i235332,2
i235333,7
i235341,8
i235342,4
i235345,2
i235346,9
i235347,1
i235349,5
i23535,8
i235350,10
i235356,1
i235364,2
i235366,4
i235375,1
i23538,2
i235392,4
i23540,10
i235408,1
i235410,1
i235411,10
i235426,1
i235429,4
i235435,10
i235437,1
i235449,6
i235451,4
i235454,10
i23546,4
i235464,2
i235475,2
i235479,3
i235480,1
i235488,10
i235489,1
i235491,28
i235493,8
i235498,1
i235505,3
i23551,83
i235510,5
i235519,2
i23552,3
i235521,2
i235525,5
i23553,2
i23554,5
i235540,3
i235546,2
i235552,8
i235558,2
i235559,1
i23556,6
i235561,1
i235562,5
i235570,1
i235575,1
i23558,13
i235584,1
i235588,4
i235601,1
i23561,13
i235611,3
i235625,10
i235626,3
i235627,2
i235631,5
i235637,1
i235644,9
i235645,2
i235653,1
i23566,9
i235663,4
i235670,4
i235674,11
i235678,2
i235679,9
i235681,1
i235682,2
i235683,1
i23569,13
i235690,1
i2357,20
i23570,20
i235700,4
i235702,7
i235708,5
i23571,1
i235710,4
i235712,2
i235717,10
i235723,1
i235731,6
i235733,5
i235736,2
i235739,17
i235748,17
i235749,7
i235750,5
i235770,4
i235778,1
i23578,12
i235789,4
i235791,25
i235792,1
i235797,14
i235798,5
i235802,3
i235804,1
i23581,24
i235818,9
i23582,5
i235823,5
i235827,3
i235832,1
i235836,2
i235863,2
i235867,3
i235869,1
i235879,5
i235880,3
i235882,6
i235884,2
i235889,1
i235896,1
i2359,6
i23590,2
i235911,9
i235913,2
i235914,4
i235916,3
i235917,1
i235922,2
i235926,3
i235928,3
i235929,2
i235935,1
i23594,16
i235952,1
i235961,12
i235965,6
i235971,4
i235975,7
i235985,9
i235989,4
i236001,5
i236017,2
i236028,2
i236033,6
i236036,4
i23604,24
i236057,7
i236058,1
i236059,1
i236073,1
i236079,5
i236080,3
i236086,3
i236094,2
i2361,10
i236103,5
i236109,7
i23611,3
i236128,2
i236129,6
i23613,4
i236133,6
i236135,2
i236139,3
i236144,2
i236147,20
i236149,2
i236155,1
i236157,2
i236159,1
i236167,1
i236174,1
i236175,2
i236187,2
i23619,10
i236193,10
i2362,20
i23621,2
i236223,11
i236227,1
i23623,53
i236232,10
i236239,3
i236252,1
i236269,1
i236276,4
i236280,3
i236283,1
i236289,5
i23629,22
i236298,8
i236305,1
i236306,1
i236312,4
i236319,2
i236329,1
i23633,1
i236335,4
i23634,55
i236345,5
i236346,1
i236351,4
i236371,2
i236374,2
i236379,6
i236382,24
i236391,2
i236398,6
i236411,3
i236412,11
i23643,1
i236431,5
i236442,13
i23645,11
i236453,3
i236454,1
i236456,1
i236459,1
i23646,1
i23648,43
i236480,6
i236483,10
i236484,1
i236487,3
i236488,3
i236496,1
i23651,9
i236512,3
i236514,2
i236528,3
i23653,21
i236531,1
i236536,4
i23654,20
i236540,1
i236545,4
i236548,8
i236552,22
i236559,16
i236560,1
i236567,5
i236574,2
i236575,1
i236576,2
i236588,2
i236591,1
i236594,1
i236598,3
i236599,12
i236609,3
i236611,3
i236612,1
i236616,1
i236618,3
i236624,5
i236629,1
i23664,53
i236654,13
i236657,4
i236659,2
i236667,1
i236669,1
i236679,1
i23668,6
i236684,1
i23669,63
i2367,65
i236705,1
i236706,1
i236717,2
i236718,17
i236719,15
i236724,13
i236740,3
i236743,2
i236744,1
i23677,5
i236775,1
i236780,4
i23679,16
i236793,7
i2368,19
i236820,1
i236834,8
i23684,4
i236844,14
i236849,1
i236855,9
i23687,46
i236881,4
i236886,1
i236890,3
i236905,3
i236917,3
i236923,4
i236974,2
i236986,4
i236992,2
i236996,1
i237004,2
i237007,7
i237021,12
i237024,5
i237027,4
i237029,3
i23703,8
i237031,3
i237036,1
i23704,3
i23705,3
i237076,2
i23709,7
i237090,3
i237091,4
i237106,1
i237108,9
i23711,24
i237115,5
i237119,1
i237123,8
i237126,3
i237131,5
i23714,2
i237141,4
i237144,10
i237152,8
i237155,13
i23716,1
i237168,6
i237169,12
i23717,4
i237180,1
i237187,2
i237190,1
i237194,4
i237196,2
i237204,1
i237211,5
i237213,2
i23722,2
i237221,7
i237242,1
i23725,4
i237250,3
i237261,4
i23727,71
i23728,15
i237280,1
i23729,88
i237294,1
i237296,2
i2373,2
i237305,6
i237315,5
i237318,1
i237322,1
i237323,1
i237327,2
i237329,4
i23733,23
i237330,6
i237331,4
i237335,3
i237338,4
i237341,11
i237345,1
i23735,2
i237353,12
i237362,5
i237367,4
i237372,1
i237373,2
i237374,2
i23738,9
i237380,5
i237381,4
i237382,2
i237389,4
i237390,2
i237393,4
i237394,4
i237398,7
i237399,9
i2374,5
i237404,14
i237419,2
i237420,5
i237426,6
i237427,5
i23744,5
i237443,1
i237449,2
i237451,2
i23746,1
i237460,1
i237462,2
i237481,2
i237482,15
i237485,3
i237494,6
i23750,25
i237500,2
i237506,12
i237513,1
i237517,2
i237520,2
i237523,2
i237527,2
i237529,3
i23753,5
i23754,66
i237546,2
i237547,1
i237548,1
i237550,9
i237554,4
i237562,7
i23757,36
i237571,1
i23758,39
i237588,3
i237592,5
i237602,7
i237609,3
i237613,4
i237615,1
i237616,6
i237623,1
i237627,6
i237628,3
i237629,5
i237631,1
i237632,6
i237640,11
i237641,7
i237644,5
i23766,24
i237666,1
i237667,2
i23768,12
i237681,1
i237683,7
i237689,3
i237693,4
i237697,1
i237698,1
i237702,7
i237709,1
i237712,4
i237715,3
i237724,1
i237725,1
i237728,5
i237734,14
i237737,6
i237743,3
i237744,6
i237747,4
i237749,1
i23775,27
i237750,2
i237753,9
i237756,1
i237758,1
i237760,1
i23777,3
i237771,1
i237774,2
i237777,1
i237778,1
i237781,2
i237785,1
i237786,4
i237793,5
i237803,6
i23781,1
i237810,2
i237812,4
i237815,1
i237818,3
i237824,1
i23783,13
i237834,1
i237840,2
i237851,3
i237855,4
i237857,4
i237859,1
i237861,2
i237872,10
i237875,2
i23788,4
i237884,1
i237886,2
i23789,62
i23790,4
i237900,5
i237906,3
i237918,2
i237919,6
i237933,11
i237952,4
i237957,1
i237961,4
i237965,1
i237967,1
i237975,9
i237979,1
i23798,14
i237981,6
i237988,3
i2380,16
i238003,1
i238008,6
i238009,3
i238014,5
i238024,10
i238027,3
i23803,33
i238032,3
i238051,2
i238053,2
i238054,18
i238055,6
i238056,1
i238057,6
i238065,4
i238070,2
i238071,1
i238079,5
i23808,3
i238083,7
i238088,8
i238098,4
i2381,21
i238100,3
i238104,6
i238108,2
i238112,17
i23812,5
i238131,5
i238137,1
i238143,1
i238144,1
i238145,7
i238146,7
i238147,2
i23815,19
i23816,9
i238166,4
i238177,7
i238179,2
i238180,1
i238183,1
i238184,4
i238185,2
i238188,8
i238190,2
i238192,2
i238195,6
i238197,3
i238199,1
i238203,1
i238205,7
i238207,3
i238208,4
i238217,1
i238219,1
i238224,1
i238228,3
i238239,11
i23824,56
i238249,2
i23825,11
i238258,2
i238265,2
i238271,8
i238275,2
i238282,1
i238285,1
i238288,2
i2383,62
i238300,1
i238311,2
i238316,3
i238321,4
i238323,8
i238329,2
i238341,2
i238348,6
i238349,19
i23835,4
i238355,17
i238364,2
i238365,4
i238367,7
i238368,3
i238369,2
i238379,5
i23838,18
i238388,2
i238389,6
i2384,3
i238400,6
i238401,5
i238411,3
i238412,16
i238415,6
i238421,4
i238437,5
i238438,2
i23844,3
i238440,1
i238445,1
i238449,5
i238450,5
i238455,1
i238456,2
i238457,1
i238458,5
i238462,1
i238482,1
i23849,20
i238491,5
i238494,1
i2385,35
i23850,31
i238500,4
i238501,4
i23852,41
i238525,13
i238534,4
i238541,2
i238543,1
i238546,7
i238549,4
i23855,32
i238555,6
i238557,2
i238558,3
i238559,2
i238561,1
i238575,1
i23858,86
i238583,4
i238587,2
i238588,1
i23859,92
i238592,6
i238596,3
i238620,2
i238624,1
i238626,7
i238627,5
i238631,6
i23864,4
i238640,1
i238641,2
i238649,5
i238650,1
i238651,1
i238653,4
i238655,5
i238658,1
i238662,11
i238667,10
i238668,5
i238670,6
i238678,18
i23868,10
i238687,2
i238691,4
i23870,22
i238714,3
i238717,2
i238725,1
i23873,11
i238748,3
i238750,7
i238754,2
i238755,1
i238757,15
i238762,1
i238764,2
i238765,2
i238766,2
i23878,46
i238786,4
i238795,10
i23881,2
i238810,14
i238813,2
i238826,2
i238829,5
i23883,1
i238835,4
i238840,6
i238848,8
i238866,3
i238867,1
i238874,4
i238878,1
i238879,1
i238880,2
i238887,4
i238897,1
i238900,1
i238901,4
i238904,2
i23891,4
i238918,2
i238921,3
i238928,4
i238933,1
i238942,2
i238966,1
i238974,7
i238993,1
i23902,12
i239023,2
i23903,15
i239034,8
i239041,2
i239051,1
i23906,49
i239072,4
i239080,15
i239083,4
i23909,10
i239096,2
i239102,4
i239111,4
i239114,9
i239115,1
i239116,5
i239120,4
i239122,2
i239127,1
i239144,2
i239146,4
i239149,2
i239152,3
i239156,1
i239169,2
i239183,19
i239184,3
i239185,21
i239186,5
i239187,1
i239188,2
i239192,10
i23920,1
i239200,3
i239206,3
i23921,5
i239214,1
i239219,7
i239227,9
i239230,2
i239231,2
i239234,2
i239235,1
i239237,1
i239254,8
i239262,2
i239273,3
i239274,2
i239291,2
i239293,1
i239295,5
i239302,4
i239306,2
i239309,4
i239310,5
i239313,6
i239315,3
i23932,75
i239321,1
i239322,1
i239323,1
i239324,1
i239329,10
i239330,3
i239336,1
i239341,4
i23935,1
i239359,3
i239375,7
i239380,9
i239382,1
i239392,2
i239393,6
i239407,2
i239422,1
i239426,2
i23943,1
i239435,8
i239437,2
i23944,21
i239448,5
i239455,3
i239460,4
i23948,16
i239480,2
i239499,2
i239505,2
i239514,1
i239515,2
i239517,4
i23953,7
i239531,6
i239532,4
i239538,8
i239544,3
i239546,2
i23955,50
i239550,5
i239565,3
i239566,8
i239569,1
i239572,7
i239587,15
i239588,5
i239596,2
i23960,25
i239603,2
i239605,5
i239608,1
i23961,4
i239610,5
i239611,1
i239612,1
i239622,7
i239625,9
i239626,1
i239632,5
i239634,15
i239636,5
i239638,9
i23964,41
i239642,2
i239643,2
i239645,2
i239646,2
i239647,1
i239652,1
i239656,11
i239658,7
i239667,2
i239672,3
i239678,1
i23970,46
i239713,1
i239729,5
i23973,44
i239733,1
i239739,5
i239740,1
i239761,2
i239763,4
i23977,7
i23978,14
i239781,1
i239798,5
i2398,19
i239811,1
i239819,2
i23982,18
i239823,2
i239837,4
i23984,8
i239843,2
i239872,1
i239881,2
i239899,4
i23990,1
i239905,7
i239908,1
i239909,4
i239911,3
i239912,11
i239924,1
i23993,44
i239936,1
i23994,31
i239947,1
i239948,1
i23995,6
i239952,2
i239954,1
i239957,4
i239960,1
i239962,8
i239963,2
i239970,1
i239971,2
i239977,1
i239978,1
i239986,4
i239989,2
i23999,76
i239996,4
i2400,5
i240000,12
i240005,1
i240006,2
i240024,7
i240033,3
i240038,1
i240044,1
i24005,4
i240055,4
i240063,3
i240066,1
i240073,4
i2401,41
i24010,22
i240111,2
i240115,12
i24012,2
i240127,9
i240130,1
i24015,4
i240161,6
i240163,1
i240170,3
i240173,7
i240180,2
i240185,3
i240186,1
i240187,2
i240194,8
i240195,1
i240200,1
i240204,1
i240206,1
i240211,2
i240212,4
i240213,1
i240218,3
i240219,17
i240220,4
i240221,3
i240222,1
i240225,7
i240239,2
i24024,1
i240240,1
i240241,4
i240244,13
i240248,3
i24025,27
i240250,8
i240253,1
i240263,1
i240267,18
i240268,3
i240270,2
i240275,6
i24028,55
i240283,3
i240285,1
i240291,23
i240293,8
i240297,1
i240299,9
i240304,4
i240306,12
i240313,5
i240336,5
i240357,7
i24036,1
i240366,6
i240367,6
i240368,1
i240372,3
i240381,10
i240383,1
i240384,3
i240385,12
i240402,1
i240411,12
i240414,4
i240418,2
i240420,3
i240421,1
i240423,3
i240426,10
i240428,1
i240429,1
i240432,1
i240452,3
i240453,4
i24046,1
i240462,11
i240465,5
i240467,7
i240468,11
i240470,4
i240473,3
i240489,4
i24049,3
i240493,5
i240497,11
i240499,12
i2405,20
i240504,3
i240506,5
i240507,6
i240513,1
i240514,1
i240524,1
i240526,5
i240528,5
i240529,2
i240531,1
i240533,3
i240535,1
i240538,2
i240539,1
i240542,3
i240549,1
i24055,2
i240568,8
i240572,3
i240573,1
i240576,3
i240577,2
i24058,35
i240582,7
i240583,2
i240585,3
i240589,3
i24059,10
i240596,1
i2406,4
i240607,2
i240609,3
i240620,11
i240621,3
i240626,1
i240628,1
i24063,66
i240630,3
i240638,1
i24064,2
i240640,2
i240643,2
i240647,2
i24066,12
i240660,2
i240663,9
i240665,1
i240666,3
i24067,57
i240672,8
i240679,9
i24068,2
i240682,4
i240687,5
i240690,3
i240691,2
i240694,1
i2407,27
i240702,1
i240705,1
i240718,7
i24073,5
i240736,1
i240741,1
i240746,2
i240748,1
i24075,71
i240757,4
i240769,5
i24077,38
i240776,1
i24078,20
i240788,4
i24079,15
i240800,7
i240802,2
i240817,1
i240829,5
i240845,9
i240854,3
i240855,3
i240879,2
i240883,1
i24089,2
i240893,5
i240896,6
i240908,2
i240911,6
i240912,15
i240914,1
i240916,1
i240918,7
i240919,4
i24092,19
i240920,3
i240921,6
i240926,3
i240934,11
i240955,2
i240956,7
i240960,1
i240969,6
i240971,2
i240975,2
i240979,5
i24098,1
i240983,1
i240985,11
i240993,3
i240996,6
i241006,4
i241017,2
i241021,1
i241022,4
i241025,2
i241034,4
i241037,1
i241041,1
i241042,2
i241045,1
i241049,1
i24105,1
i241055,5
i24106,15
i241064,6
i24107,37
i241075,2
i241080,3
i241083,1
i241085,3
i241088,1
i241091,1
i241095,8
i2411,74
i241100,2
i241103,1
i241106,3
i241114,1
i241115,1
i241118,9
i241122,16
i241140,2
i241142,2
i241144,2
i241147,4
i241149,12
i241156,1
i241160,2
i241162,1
i241164,2
i241165,3
i24117,38
i241172,4
i241176,3
i241177,1
i241180,1
i241184,5
i241187,5
i241188,2
i24119,34
i241192,2
i241196,17
i241198,9
i24120,1
i241202,1
i24122,52
i241220,3
i241223,7
i241228,2
i241229,10
i241244,3
i241245,1
i24125,2
i241262,5
i241265,13
i241270,2
i241272,2
i24128,20
i24130,17
i241300,22
i241309,1
i24131,14
i241315,7
i24132,1
i241322,9
i241338,3
i24134,56
i24135,23
i241352,1
i241359,2
i241360,23
i241367,5
i241370,2
i241371,4
i241375,5
i241377,5
i241378,13
i241385,5
i241386,2
i241387,23
i24139,37
i241392,15
i241402,3
i241407,1
i241410,7
i241413,4
i241417,1
i24142,6
i241424,2
i241425,6
i241435,1
i241437,3
i24144,15
i241444,9
i241447,1
i24145,9
i241452,5
i241454,1
i241458,7
i24146,37
i241461,3
i241473,2
i241477,1
i241478,2
i241482,2
i241499,1
i2415,46
i241507,14
i241508,11
i241518,1
i241526,4
i241547,2
i241554,2
i241565,2
i241567,1
i241572,9
i241573,6
i241575,3
i24158,3
i241586,4
i24159,2
i241592,1
i241604,1
i24161,1
i241610,11
i241612,6
i241615,1
i241618,2
i241621,1
i241623,4
i24163,20
i241638,14
i241646,2
i241648,6
i24165,68
i241650,1
i241653,1
i241657,14
i241663,1
i241664,4
i241667,7
i24168,4
i24170,5
i241701,4
i241702,22
i241704,2
i241707,10
i241711,8
i241713,1
i24172,12
i241721,10
i241723,3
i241736,1
i241739,5
i24174,1
i241742,4
i241743,1
i24175,3
i241752,9
i241753,5
i241769,1
i241782,3
i241790,1
i241798,1
i24180,1
i241808,4
i241811,2
i241812,5
i241814,11
i241816,4
i241818,2
i24182,65
i241820,1
i241822,4
i241825,3
i241826,4
i241832,6
i24184,22
i241840,3
i241850,6
i241852,1
i24186,2
i241862,1
i241863,6
i241866,1
i241867,1
i241872,3
i241880,3
i24189,1
i241890,2
i241891,11
i241892,6
i241894,3
i241897,6
i241913,5
i241917,3
i241919,1
i241925,1
i241928,1
i241933,2
i241935,1
i24195,2
i241959,7
i241960,4
i241961,1
i241963,12
i241967,12
i241968,3
i241977,11
i241978,6
i241979,1
i241983,4
i241985,2
i241988,16
i241989,4
i241991,4
i241992,3
i241995,8
i241996,1
i241999,10
i242,19
i2420,11
i242006,20
i24201,19
i242012,1
i242021,4
i242025,2
i24203,13
i242032,3
i242037,8
i242047,10
i24205,11
i242050,2
i242051,3
i242053,2
i242063,1
i24207,70
i242081,3
i242087,5
i242088,1
i24209,16
i242092,3
i242094,1
i242097,1
i24210,16
i24212,1
i242147,9
i242148,2
i242152,6
i242155,1
i242158,1
i242162,2
i242182,19
i242184,2
i242185,4
i242189,4
i242192,10
i242194,6
i242196,2
i242198,1
i242199,4
i24221,6
i242216,1
i242217,1
i242218,1
i242219,3
i24222,56
i242233,5
i242235,7
i242247,2
i24225,7
i242260,2
i242263,4
i242275,1
i242276,1
i242281,4
i242296,3
i24231,5
i242313,1
i242322,4
i242326,3
i242330,4
i242334,3
i242335,1
i242340,1
i242341,1
i242347,3
i24235,95
i24236,87
i242360,5
i242362,1
i242368,1
i242373,1
i242393,4
i242396,11
i242398,2
i2424,4
i242400,5
i242403,3
i242407,1
i242409,2
i242410,4
i242414,2
i242417,1
i24242,58
i242433,14
i24246,12
i242468,1
i242474,1
i242476,1
i242477,9
i242484,14
i24249,6
i242491,2
i24250,4
i242507,3
i24251,57
i242515,2
i242516,16
i242520,24
i242527,2
i242532,1
i242534,3
i242538,10
i242539,3
i24254,32
i242551,9
i242562,2
i242564,12
i242572,5
i242574,2
i242576,2
i242587,10
i242601,7
i242602,1
i242604,2
i242607,6
i242608,2
i242616,1
i242617,7
i242621,5
i242628,13
i242635,3
i242643,2
i242649,12
i242659,2
i242661,1
i242663,1
i242664,7
i242672,9
i242673,2
i242674,1
i242678,5
i242679,1
i24268,2
i242689,3
i24269,62
i242693,1
i24270,28
i242709,1
i242712,36
i242716,2
i242717,1
i24272,48
i242720,15
i242723,4
i242727,5
i242734,3
i242741,2
i242744,5
i242746,1
i242755,7
i242764,2
i242768,2
i242774,4
i242776,6
i24278,9
i242782,1
i242792,4
i24280,36
i242811,2
i242813,3
i242816,5
i242817,1
i242819,1
i242822,2
i24283,10
i242832,1
i242838,2
i242856,1
i24286,42
i24287,61
i242885,2
i242893,8
i242894,8
i242896,1
i242910,3
i242912,2
i242913,2
i242914,4
i242927,6
i24293,22
i24294,14
i242944,6
i242950,2
i242958,7
i242960,3
i242961,18
i242963,13
i242966,1
i242968,5
i24297,41
i242974,1
i242993,6
i242996,3
i243005,3
i243013,3
i243018,1
i243019,2
i243027,7
i243033,6
i243038,2
i24304,2
i243045,2
i243047,3
i243048,4
i24305,3
i243051,1
i243071,6
i243077,3
i243080,8
i243082,1
i243086,1
i24309,36
i243096,1
i243099,1
i243104,4
i243107,4
i24311,10
i243114,6
i243117,3
i24312,10
i243121,1
i243124,2
i243125,2
i24313,34
i243133,11
i243152,2
i243154,3
i243160,6
i243172,4
i243177,5
i24318,6
i243180,2
i243188,2
i2432,3
i243206,3
i243207,1
i243210,3
i24322,41
i243220,9
i243221,3
i243223,10
i243224,3
i243226,11
i243237,1
i243238,6
i243239,11
i243246,2
i24325,17
i243253,1
i243254,10
i243269,5
i243270,4
i243277,2
i243279,2
i243285,1
i243286,1
i243287,4
i243292,4
i243293,2
i243299,1
i2433,3
i243305,1
i243306,1
i243307,3
i243319,3
i243329,1
i24333,18
i243330,3
i243331,3
i243333,3
i243348,5
i243351,1
i243352,1
i243354,9
i243355,3
i243359,2
i243362,9
i243363,6
i243373,11
i243374,3
i243375,7
i243380,1
i243381,1
i243388,2
i243390,1
i243393,2
i2434,6
i24340,2
i243403,2
i24343,4
i243430,2
i243440,2
i243442,1
i243450,2
i243451,4
i243453,15
i243466,1
i243468,2
i243480,1
i243485,13
i243496,3
i24350,1
i243502,1
i243508,2
i243513,8
i243516,1
i24352,17
i243532,2
i243537,6
i24354,52
i243545,6
i243551,10
i243554,6
i24357,2
i243588,5
i243589,2
i243599,1
i243600,4
i243603,1
i243609,6
i243617,4
i243619,1
i243621,6
i243630,13
i243636,1
i243640,4
i243644,11
i243649,1
i243652,2
i243656,2
i24366,4
i243668,1
i243672,1
i243680,8
i243682,1
i2437,10
i243700,2
i24371,2
i243713,3
i243714,1
i243717,10
i243718,1
i243725,3
i243726,7
i243743,1
i24375,14
i24376,31
i243760,2
i243764,1
i243766,1
i243783,1
i243785,1
i243801,3
i243806,2
i243809,5
i243815,2
i24382,45
i243820,1
i243827,2
i243828,10
i243846,2
i24385,20
i243862,1
i243863,1
i243894,7
i243895,2
i2439,49
i24390,52
i243909,6
i243912,6
i243914,3
i243918,2
i243919,2
i243931,1
i243949,8
i243960,4
i243961,2
i243965,1
i243966,12
i243977,3
i243981,8
i243982,5
i243983,8
i243985,1
i243990,1
i243991,1
i2440,7
i244003,2
i244005,5
i24401,1
i244012,1
i244019,2
i244038,1
i244044,13
i24406,2
i244061,14
i244067,5
i244068,9
i244071,12
i244073,23
i244079,14
i244080,9
i244081,6
i244085,4
i244088,2
i24409,1
i244094,4
i24411,1
i244119,4
i244123,1
i244124,9
i244126,1
i24413,19
i244136,8
i244142,2
i244143,2
i244146,2
i244149,1
i244156,1
i24416,17
i244169,10
i244171,1
i244175,2
i244177,2
i24418,3
i244180,1
i244183,2
i244184,1
i244185,2
i244196,1
i24420,9
i244202,7
i244205,2
i24421,25
i244220,3
i244221,4
i244225,3
i244231,3
i244236,2
i244238,4
i244241,3
i244245,3
i244248,1
i244250,4
i24426,3
i244262,4
i244287,1
i244289,9
i244291,1
i244294,10
i2443,4
i244300,2
i244315,9
i244338,1
i244340,12
i244341,1
i244342,1
i244354,3
i244360,21
i244361,4
i244365,7
i244366,1
i244368,4
i244372,3
i244375,1
i244394,5
i244395,2
i2444,25
i24440,47
i244404,3
i24441,28
i244410,1
i244411,1
i244412,1
i244415,2
i244442,9
i244443,3
i244468,5
i244469,4
i244470,3
i244479,1
i244480,5
i244481,10
i244483,2
i244485,2
i244488,1
i244492,3
i244494,1
i244501,8
i244509,6
i244512,1
i244514,1
i244519,5
i244520,1
i244525,6
i244526,5
i244536,3
i244537,1
i244539,1
i24454,19
i244540,2
i244542,1
i244543,12
i244552,1
i244553,1
i244554,2
i244559,1
i24456,13
i244560,7
i244563,1
i244570,5
i244573,5
i244579,2
i244581,7
i244583,2
i244586,3
i244589,5
i244592,1
i244598,1
i244607,4
i244609,5
i244613,7
i24462,6
i244621,2
i244624,22
i244625,5
i244629,2
i24463,11
i244632,3
i244633,3
i244644,5
i244645,2
i24465,2
i244655,3
i244658,5
i244659,2
i244661,1
i244665,2
i244671,1
i244676,1
i244679,5
i244685,9
i2447,82
i244701,11
i244718,2
i24472,1
i244722,6
i244724,1
i244726,2
i244727,1
i244728,1
i244729,2
i244735,1
i244736,3
i24474,6
i244749,3
i24476,65
i24477,2
i244772,1
i24478,24
i244791,7
i244792,5
i244793,7
i244799,5
i244800,16
i244814,1
i244823,4
i244842,2
i244845,6
i244851,6
i244859,1
i244861,6
i244863,10
i244873,1
i244877,10
i24488,16
i244885,4
i244887,1
i244892,1
i244895,2
i244897,2
i24490,63
i244904,13
i244905,1
i244907,1
i24491,39
i244912,3
i244915,3
i244918,3
i244920,14
i244925,3
i244929,3
i244934,4
i244936,3
i244938,1
i244939,1
i244952,1
i244953,4
i24496,50
i244970,2
i244977,5
i244988,1
i24499,2
i244998,6
i245009,5
i245015,6
i245016,8
i245018,2
i245028,3
i245033,6
i245041,4
i245048,1
i24505,9
i245052,4
i245057,2
i245058,2
i245062,2
i245073,3
i245078,2
i245079,1
i24508,45
i245084,3
i245088,1
i245090,3
i245093,1
i245098,2
i2451,1
i245105,1
i245107,5
i245109,2
i245112,2
i245114,6
i245119,3
i245121,1
i245127,7
i245129,1
i245139,5
i245146,1
i245149,5
i24515,36
i24516,1
i24517,12
i245170,1
i245174,3
i245176,4
i245177,1
i245180,2
i245181,4
i24519,2
i245195,1
i245196,9
i2452,3
i24520,3
i245203,1
i245209,2
i245211,5
i245213,1
i245222,2
i245223,12
i24523,5
i245231,13
i245233,1
i245235,3
i24524,33
i245241,3
i245251,2
i245252,1
i245253,1
i245260,2
i245263,2
i245284,3
i245287,5
i245299,2
i245301,5
i245306,9
i245311,3
i245312,2
i245314,4
i245328,6
i245332,3
i245334,7
i245335,6
i245336,2
i245344,3
i245349,3
i24535,32
i245350,3
i245352,2
i245353,8
i245359,1
i24536,1
i245375,1
i245391,2
i245395,1
i2454,29
i245405,3
i245407,1
i245409,3
i245426,2
i245429,2
i245432,3
i24544,46
i245443,3
i245454,10
i245455,1
i245456,15
i245459,1
i245467,6
i245481,1
i245489,6
i245497,1
i245498,2
i245499,2
i24550,1
i245506,6
i245515,1
i24552,32
i245524,2
i245529,3
i24553,27
i245533,3
i245535,5
i24554,20
i245546,1
i245553,16
i245557,4
i245560,1
i245569,2
i245573,10
i245574,6
i245579,6
i245587,21
i24559,9
i245591,1
i245601,5
i245602,4
i245603,1
i245605,9
i245607,1
i245608,5
i245609,5
i245616,1
i245618,4
i24562,31
i245624,4
i245628,29
i245639,8
i24564,40
i245643,5
i245644,2
i245645,2
i245646,2
i245647,1
i245650,20
i245663,9
i245677,7
i245686,1
i245699,2
i245700,6
i245704,1
i245707,3
i245709,1
i24571,50
i245710,2
i245719,1
i245722,1
i24573,44
i245734,4
i245736,1
i245738,2
i245740,2
i245742,2
i245747,3
i245757,6
i245766,8
i245778,2
i24578,1
i245780,2
i245785,2
i245803,1
i245807,2
i24581,8
i245817,1
i245819,2
i245823,2
i245829,5
i24584,9
i245857,5
i245872,1
i245880,1
i245888,1
i245889,1
i245930,16
i245931,8
i245934,2
i24595,6
i24596,29
i245966,1
i245975,1
i245987,1
i245993,1
i245994,1
i246001,3
i246003,2
i246013,20
i246015,7
i246018,1
i246025,1
i246030,2
i246038,2
i246050,1
i246052,4
i246053,16
i246069,3
i246073,1
i246079,1
i246083,13
i246092,1
i246098,2
i2461,2
i246115,1
i246125,3
i246127,6
i246128,1
i246131,2
i246134,2
i246145,4
i24615,78
i246153,2
i246158,6
i24616,34
i246165,2
i246166,10
i246172,6
i246174,5
i246176,1
i246177,1
i246180,4
i246190,5
i246191,5
i246194,1
i246198,2
i2462,34
i246208,1
i246217,2
i24622,5
i246225,5
i246229,2
i246243,1
i246246,1
i246249,5
i24626,22
i246265,5
i246268,1
i246269,7
i246271,2
i246277,15
i246287,1
i246288,5
i246297,3
i2463,3
i24630,1
i246300,1
i246301,3
i246304,6
i246307,5
i246310,16
i246325,1
i246329,11
i246333,6
i246334,1
i246337,1
i246339,1
i24634,31
i246349,5
i24635,66
i246351,12
i246356,6
i246362,3
i246366,3
i24637,33
i246371,16
i246373,1
i246376,1
i246379,1
i246381,1
i246389,6
i24639,11
i246392,3
i2464,46
i24640,10
i246418,2
i24642,50
i246420,5
i246433,4
i246435,2
i246450,1
i246451,6
i246456,3
i246458,2
i246464,3
i246476,1
i246477,1
i24650,2
i246505,1
i24651,33
i246516,2
i246518,1
i246519,7
i24652,32
i246527,6
i246532,3
i246537,5
i246538,12
i246539,2
i24654,4
i246550,11
i246553,6
i246557,8
i24656,89
i24658,29
i246586,1
i246587,2
i246605,2
i246606,1
i24661,6
i24663,1
i246636,10
i246637,1
i246647,1
i246648,1
i246656,1
i246658,2
i246664,4
i246666,1
i24667,22
i246674,1
i246677,2
i246679,3
i246683,1
i246692,33
i2467,6
i24670,11
i246700,1
i246701,9
i246715,6
i24672,1
i246730,1
i246737,1
i246739,1
i246742,3
i246745,3
i246755,8
i246758,6
i246767,4
i246768,1
i246771,3
i246785,3
i24679,47
i246790,4
i246792,2
i246793,1
i246795,1
i246800,3
i246805,3
i246811,1
i246813,1
i246816,2
i246826,1
i24683,1
i246835,2
i246841,2
i246843,2
i246845,9
i246847,1
i246849,2
i246859,2
i24686,18
i246880,5
i246895,3
i246899,2
i246916,2
i246923,7
i246927,6
i246940,9
i24695,45
i246950,3
i246957,8
i246959,4
i24696,1
i246961,12
i246965,6
i246968,1
i246972,3
i24698,2
i24699,1
i246990,1
i246993,8
i246995,2
i247000,1
i24701,18
i247014,1
i247016,1
i247018,2
i247026,1
i247038,4
i247040,1
i247043,1
i247051,4
i247054,3
i247056,1
i247057,4
i247059,1
i247065,1
i247068,1
i247075,10
i247092,3
i247095,1
i247096,1
i24710,68
i247100,9
i247105,7
i247115,1
i247119,1
i247128,3
i247129,2
i247148,8
i24715,12
i247157,1
i247163,9
i24717,6
i247170,6
i247171,1
i247172,1
i247175,15
i247176,5
i247177,3
i247181,1
i247182,1
i247183,1
i247189,1
i247191,2
i247192,1
i247194,4
i247214,12
i247218,6
i24722,39
i247221,1
i247229,1
i247233,15
i247235,1
i247241,15
i247242,1
i247243,5
i247244,2
i247247,5
i24725,23
i24726,76
i247261,6
i247265,2
i247269,5
i247274,1
i247276,2
i247278,2
i247283,1
i247289,7
i247293,2
i247299,1
i247302,4
i247314,1
i24732,2
i247330,1
i247339,7
i247349,6
i24735,22
i247352,7
i247357,2
i24736,9
i24737,2
i247387,4
i24739,16
i247399,3
i2474,62
i24740,2
i247413,1
i247414,1
i247425,2
i24743,34
i247445,3
i247446,5
i24746,13
i247460,2
i247462,1
i247464,5
i247465,5
i247473,1
i247475,8
i247480,4
i247506,1
i247508,13
i247511,5
i247519,2
i247520,3
i247527,6
i247533,2
i247538,3
i24754,4
i247551,3
i247563,13
i247573,1
i247574,8
i247575,5
i24758,1
i247586,12
i247590,1
i247594,3
i247599,1
i2476,14
i247605,1
i247606,14
i247611,1
i247617,10
i247628,4
i247638,6
i247640,4
i247641,1
i247665,4
i247678,5
i247680,7
i247682,10
i247684,4
i24770,37
i247703,6
i247706,4
i247708,6
i247710,1
i247711,4
i24772,28
i247743,4
i247751,2
i247759,5
i247760,3
i247767,2
i247768,2
i247776,2
i247777,4
i247779,2
i247781,9
i247783,6
i247785,1
i24779,3
i247791,3
i2478,8
i24780,20
i247820,2
i247824,6
i247834,2
i247836,2
i24784,7
i247840,8
i247853,23
i247854,3
i247868,1
i247871,1
i24788,12
i247883,2
i247885,2
i247891,4
i247893,29
i247894,3
i247896,7
i247898,1
i247902,1
i247909,1
i24791,54
i247914,1
i247923,1
i247925,4
i24793,2
i247934,6
i247938,6
i247943,3
i24795,49
i247965,3
i247969,3
i247973,1
i24798,19
i247983,2
i247984,2
i247987,2
i24799,105
i247993,2
i248,44
i24800,9
i248006,3
i248010,8
i248011,5
i248026,2
i248033,4
i248034,3
i248035,1
i248038,2
i248043,1
i248049,18
i248052,2
i248070,8
i248079,3
i248082,3
i248086,4
i248088,13
i248089,1
i24809,4
i248105,7
i248107,2
i248109,4
i248110,1
i24812,39
i248124,2
i24813,7
i248130,3
i248134,11
i248141,1
i248142,4
i248143,1
i248147,3
i248153,3
i248157,6
i248160,2
i248165,2
i24817,93
i248177,2
i24818,19
i248180,1
i248193,2
i248197,7
i248198,4
i24820,67
i248202,7
i248209,7
i24821,100
i248210,1
i248211,4
i248214,7
i24822,5
i248221,2
i248226,5
i248228,7
i248231,3
i248238,12
i24824,18
i248249,1
i24825,6
i248252,4
i248255,2
i248269,1
i248281,4
i248284,8
i248286,2
i24829,34
i248292,10
i248294,1
i248295,2
i2483,24
i24830,38
i248300,2
i248302,1
i248309,2
i248313,4
i248338,6
i248340,3
i248342,5
i24835,5
i248352,1
i248360,6
i248363,3
i24837,42
i248386,2
i248388,1
i248391,1
i2484,53
i24840,64
i248407,29
i248410,2
i248416,6
i248423,1
i248425,1
i248426,6
i24843,4
i248447,1
i248448,4
i248449,11
i24846,53
i248464,1
i248465,2
i248467,4
i24847,2
i24848,28
i248485,1
i248488,1
i248498,1
i248499,2
i2485,19
i248517,1
i24852,19
i248534,2
i248545,3
i24855,67
i248560,1
i248563,2
i248602,12
i248607,1
i248615,4
i24862,19
i248621,6
i248628,1
i248634,1
i248635,6
i248640,17
i248644,2
i24865,4
i248652,2
i248658,1
i248664,2
i248694,3
i248698,2
i2487,76
i248709,1
i24871,9
i248711,1
i248715,8
i248721,9
i248727,4
i248728,2
i248736,1
i248738,1
i248749,3
i248759,6
i248763,1
i248764,1
i248768,1
i248771,1
i248778,8
i248790,1
i248793,19
i2488,40
i24880,33
i248804,2
i248805,4
i248811,19
i248829,1
i248847,1
i248859,9
i248889,10
i24889,39
i248892,1
i24890,11
i248900,7
i248901,2
i24891,2
i248914,1
i248941,5
i248946,2
i248950,1
i248951,5
i248954,5
i248955,3
i24896,3
i248973,1
i248976,1
i248986,3
i24899,3
i248998,11
i249006,2
i24902,12
i249021,2
i24903,41
i249032,1
i24904,1
i249048,1
i249050,3
i249055,1
i249056,17
i249076,6
i249077,2
i249078,13
i249081,4
i249119,2
i24912,33
i249121,2
i249125,5
i249132,11
i249134,7
i249137,4
i24914,38
i249145,2
i24915,10
i249154,1
i249157,2
i249159,1
i24916,50
i249160,1
i249166,7
i249178,2
i24918,3
i249218,1
i249226,1
i249230,1
i249237,9
i249243,1
i249246,5
i249253,2
i249259,10
i249267,2
i24927,22
i249273,7
i24928,19
i249287,2
i249292,1
i24932,19
i249328,1
i249351,6
i249354,1
i24936,27
i249360,1
i249363,4
i249365,1
i249366,8
i249367,9
i249370,11
i249375,4
i24938,5
i249386,1
i249388,1
i249390,1
i249395,2
i249397,6
i249399,4
i249414,1
i24943,6
i249434,1
i249436,1
i249438,3
i249444,7
i249445,2
i249448,5
i249450,2
i2495,4
i24950,35
i249505,1
i249513,4
i249514,2
i249517,1
i24952,3
i249522,3
i249528,3
i249532,3
i249534,1
i249560,1
i249564,1
i249573,4
i249575,5
i249581,4
i249587,6
i2496,17
i249607,10
i249610,2
i249613,3
i249616,3
i249628,2
i249631,1
i249652,2
i249656,5
i249671,8
i249678,5
i249682,2
i249687,1
i24969,2
i249690,1
i249694,1
i249697,2
i249724,3
i249729,1
i249741,5
i249748,3
i249750,2
i249751,7
i249756,1
i249757,5
i24976,15
i249761,18
i249765,6
i249767,7
i249769,9
i249771,4
i249774,1
i249777,2
i249790,6
i249792,2
i24980,33
i249805,12
i249821,2
i249827,10
i249840,2
i249841,1
i249843,5
i249851,14
i249855,1
i249857,2
i249858,1
i249865,3
i249880,5
i249887,1
i24989,3
i249893,5
i249899,12
i24991,99
i249913,2
i249920,1
i249948,2
i249950,1
i249952,11
i249958,1
i24996,5
i249965,3
i249972,15
i249977,15
i249982,3
i249995,2
i249996,5
i249998,3
i250,24
i250000,2
i250007,10
i250011,2
i250015,4
i25002,6
i250020,3
i250034,8
i250036,4
i250050,2
i250053,2
i25006,35
i250061,1
i250087,4
i2501,66
i25010,34
i250107,6
i25012,19
i250154,3
i250174,2
i250177,1
i250178,9
i25018,40
i250185,7
i250186,2
i250188,1
i2502,48
i25022,2
i250228,3
i250230,10
i250232,4
i250241,4
i250243,1
i250244,8
i250245,7
i250248,1
i250255,6
i25026,3
i250263,3
i250277,3
i250279,3
i250286,3
i25029,1
i250292,3
i250294,1
i250305,7
i250307,3
i250309,3
i250311,2
i250316,1
i250317,2
i25032,4
i250323,4
i250324,2
i250330,9
i250331,2
i250333,2
i250334,3
i250335,2
i250337,5
i250341,8
i250344,2
i250347,3
i250361,1
i250376,4
i250386,1
i250387,2
i25039,36
i250394,8
i250396,1
i250397,2
i250398,3
i250405,6
i250408,1
i25041,25
i250427,1
i250435,9
i25044,4
i25046,10
i250462,1
i250464,7
i25047,28
i250475,2
i250477,3
i250479,5
i25048,6
i250484,4
i25050,84
i250507,2
i250509,9
i250520,2
i250530,1
i250536,5
i250537,3
i25054,4
i250542,3
i250547,5
i250556,1
i25056,15
i250587,1
i250589,6
i250593,1
i250604,12
i250608,19
i250610,1
i250621,4
i250635,13
i250638,6
i250651,1
i250652,8
i25066,11
i250664,5
i250669,4
i25067,7
i250675,5
i250677,1
i25068,48
i250683,1
i250684,4
i250685,5
i250686,2
i250691,3
i25070,44
i25071,5
i250725,2
i250732,1
i250736,7
i250740,1
i250743,1
i25076,11
i250772,2
i250775,3
i25078,43
i25080,14
i250800,2
i25081,6
i250810,8
i250816,1
i250819,1
i250827,3
i250828,14
i250841,1
i250846,8
i250847,1
i250848,2
i250853,1
i250859,1
i25086,11
i250864,5
i250882,8
i250883,3
i250889,5
i25089,5
i250893,10
i250899,7
i25090,16
i250900,4
i250906,1
i250907,2
i250910,4
i250911,8
i25093,31
i250947,1
i25095,5
i250951,4
i250954,2
i25096,28
i250961,1
i250962,17
i250964,2
i250977,3
i25098,25
i250986,8
i25099,83
i250994,3
i250999,7
i251003,7
i25101,5
i251017,7
i251021,2
i251038,9
i251039,5
i251041,3
i251047,5
i251051,1
i251056,1
i251061,1
i251062,1
i251068,12
i251070,4
i251074,1
i251078,3
i251082,3
i251085,7
i251087,1
i251090,2
i251092,9
i251093,4
i251096,4
i251097,6
i251098,2
i2511,23
i251101,2
i251104,2
i25111,4
i251118,3
i251123,6
i251124,8
i251127,3
i251129,19
i251136,1
i251137,8
i251139,2
i251143,1
i251154,3
i251162,3
i251176,6
i251182,2
i251198,6
i25120,1
i251202,1
i251204,8
i251207,4
i25122,52
i251222,2
i251226,1
i251233,1
i251236,3
i251239,1
i251249,3
i25125,2
i25126,8
i251260,1
i251261,1
i251267,5
i251269,3
i25127,29
i251270,2
i251272,1
i251275,1
i251276,5
i251283,2
i251288,2
i251289,3
i251292,1
i251295,3
i251311,6
i25134,23
i251347,2
i25135,1
i251351,6
i251356,7
i25136,42
i251372,1
i251373,1
i251377,9
i251397,4
i2514,30
i25140,12
i251400,1
i25141,9
i251410,2
i251411,10
i251415,2
i251417,4
i25142,11
i251425,6
i251428,1
i25143,55
i251445,5
i251446,1
i25147,18
i251474,1
i251479,2
i25148,42
i251483,1
i251495,1
i2515,20
i251500,4
i251503,2
i251504,1
i251507,5
i251509,3
i251519,3
i25152,61
i251520,1
i251550,6
i251552,1
i251555,1
i251556,1
i251558,2
i251561,2
i251568,5
i251576,1
i251589,6
i251599,9
i2516,6
i25160,46
i251606,2
i25161,22
i251610,1
i251613,1
i251620,4
i251621,4
i25163,7
i251633,3
i251635,2
i251639,10
i25165,22
i251658,1
i251668,1
i251669,30
i251673,4
i251675,3
i251677,14
i251678,7
i251680,7
i251687,1
i251689,7
i251691,2
i2517,58
i251702,7
i251711,8
i251715,1
i25172,14
i251738,6
i251742,1
i25175,1
i251750,1
i251751,1
i251759,2
i251765,1
i251766,3
i251774,3
i251775,3
i251777,3
i25178,9
i251781,1
i251783,3
i251786,2
i25179,46
i251790,1
i251799,3
i2518,6
i251805,1
i251807,1
i251808,1
i251812,1
i251813,1
i25182,7
i251820,5
i251828,1
i251831,2
i251832,5
i251835,1
i25184,70
i251854,1
i251861,1
i251862,3
i251865,11
i251866,11
i25187,3
i251877,3
i25189,16
i251894,11
i251900,3
i251913,5
i251916,1
i25192,61
i251934,5
i251945,9
i251950,1
i251956,8
i251958,2
i25196,64
i251963,1
i251965,2
i251968,2
i251970,7
i251972,10
i251981,4
i251991,6
i251992,6
i252001,1
i252005,5
i252006,1
i252010,2
i252013,11
i252025,1
i25203,28
i252044,9
i252046,6
i252061,1
i25207,31
i25208,5
i252098,11
i25210,3
i252101,2
i252102,11
i252115,3
i252125,1
i252138,1
i252143,6
i252145,2
i252153,12
i252158,1
i252161,7
i252165,1
i252166,1
i252167,1
i252175,5
i252177,1
i25218,72
i252198,2
i252199,1
i252200,1
i25221,7
i252223,1
i252245,2
i252267,4
i252275,3
i252287,6
i252293,1
i252318,5
i252319,1
i252323,1
i252327,1
i252335,3
i252340,2
i252341,1
i252342,1
i252344,1
i252345,3
i252347,1
i252357,1
i252358,5
i252360,2
i252361,3
i252362,10
i25237,16
i252370,1
i252375,3
i25238,23
i252381,2
i252388,3
i252390,2
i252393,3
i252395,5
i252399,4
i252406,1
i252410,3
i25242,14
i252424,3
i252435,3
i252436,1
i25244,16
i252447,13
i252464,1
i252465,2
i252466,5
i252474,5
i252487,3
i252489,5
i252521,2
i25253,1
i252532,1
i25254,6
i252544,1
i252545,1
i252551,2
i25256,23
i252566,9
i252568,1
i252573,1
i252576,1
i252577,2
i252582,6
i252605,1
i252621,3
i252623,1
i252629,1
i252631,1
i252648,3
i25265,31
i252650,4
i25266,35
i25267,1
i252697,5
i2527,71
i252703,2
i252711,19
i252712,4
i252723,3
i25273,1
i252733,1
i252738,3
i252745,2
i252752,1
i252767,13
i252780,12
i25279,12
i252795,11
i252797,3
i252803,2
i252813,3
i252820,1
i252822,1
i252825,2
i252828,1
i252829,2
i25283,10
i252830,3
i252833,7
i252836,1
i252845,1
i25285,17
i252856,5
i252861,1
i25287,32
i252884,1
i252890,1
i252893,10
i252900,2
i252903,1
i252905,3
i25291,19
i252913,7
i25292,6
i252922,3
i252932,3
i252937,1
i25296,61
i252961,24
i252963,2
i25297,87
i252970,21
i252971,1
i252981,3
i252982,13
i252983,7
i252985,1
i253005,7
i25301,11
i253012,7
i253017,11
i253018,5
i253021,1
i253023,1
i253025,1
i253027,1
i25303,27
i253032,11
i253036,2
i253040,2
i253042,1
i253054,1
i253066,3
i25307,2
i253072,2
i253082,1
i253084,1
i253091,1
i2531,65
i25310,2
i25311,32
i25312,4
i25313,1
i253133,4
i25314,1
i253142,4
i253164,1
i253167,7
i253169,3
i253174,3
i253177,3
i253183,1
i25319,73
i253193,1
i253199,2
i25320,13
i253204,4
i253212,12
i253216,3
i25322,2
i253223,1
i25323,55
i25324,16
i253251,1
i253252,1
i253261,8
i253272,10
i253279,1
i253293,3
i2533,41
i25330,3
i253309,15
i253311,2
i253313,4
i25332,86
i25334,6
i253345,1
i253355,1
i253356,3
i253358,7
i25336,4
i25338,48
i253387,9
i253388,1
i253410,18
i253414,1
i253417,1
i25342,24
i253421,1
i253426,8
i25343,15
i253433,2
i253437,3
i25344,17
i253460,1
i25347,31
i253481,8
i253484,5
i25349,16
i253500,11
i253505,2
i25351,12
i253520,2
i253523,9
i253524,1
i253540,1
i253548,3
i25355,4
i253550,3
i253562,1
i253567,2
i253572,4
i253579,1
i253582,2
i253589,1
i253595,1
i253596,4
i253599,1
i25360,36
i253614,2
i253624,7
i253628,2
i253636,1
i253637,3
i25364,58
i25365,1
i25366,68
i253661,7
i253669,7
i253678,9
i25368,5
i253687,2
i253689,6
i253704,5
i25371,4
i253721,1
i25373,1
i253736,1
i253745,5
i253752,6
i253755,3
i253761,6
i253766,7
i253768,2
i253778,1
i25378,40
i253780,1
i253782,6
i253785,1
i253799,8
i25380,34
i253807,2
i253812,7
i253817,5
i253823,2
i253825,1
i25383,5
i253834,1
i253836,5
i25384,2
i253841,2
i25385,2
i253851,4
i253855,10
i253858,6
i25387,34
i253870,3
i25388,6
i253886,10
i253887,1
i253889,4
i253891,6
i253892,4
i253893,10
i253894,6
i253907,13
i253911,1
i253914,1
i253919,3
i25393,15
i253931,3
i253946,2
i25395,5
i253959,10
i25396,4
i25397,28
i253977,3
i25398,5
i253984,9
i253998,9
i254,3
i254004,2
i25401,38
i254016,2
i254023,1
i254025,12
i254041,3
i254044,9
i254045,2
i254054,2
i254056,3
i254058,9
i254059,4
i254060,10
i254061,9
i254065,5
i254069,6
i254074,4
i254076,1
i254079,1
i254081,4
i254082,3
i254083,14
i254091,2
i25410,8
i254103,1
i254136,1
i25414,6
i254141,7
i254147,8
i254151,3
i254155,4
i254160,3
i254165,2
i254176,4
i254178,5
i254190,1
i254192,10
i254193,2
i254195,2
i254197,3
i254198,2
i25420,13
i254203,6
i254205,3
i254206,3
i254207,1
i25421,7
i254211,6
i25422,1
i254221,4
i254245,4
i254247,2
i254250,5
i254252,1
i254257,3
i25426,26
i254267,9
i254273,2
i254278,1
i254280,1
i254281,3
i254283,1
i254285,6
i254293,2
i254294,2
i254297,2
i254299,1
i254300,8
i254301,2
i254302,3
i254303,19
i254309,12
i254310,9
i254312,1
i254315,1
i25432,3
i254321,4
i254342,2
i254344,5
i254354,1
i254357,1
i25436,4
i254360,5
i254363,1
i254364,3
i254369,4
i254378,2
i254387,2
i254391,1
i254392,1
i254393,1
i254402,4
i254411,10
i254412,1
i254415,5
i254416,7
i254417,2
i254419,1
i254420,7
i254424,4
i254425,2
i254437,13
i254440,2
i25445,2
i254450,7
i254451,3
i25447,15
i254471,3
i254472,1
i254473,2
i254478,2
i254480,1
i254517,1
i254527,7
i254535,5
i254538,2
i25454,5
i254541,3
i254550,2
i254557,11
i254562,4
i25458,45
i254599,3
i2546,2
i25460,16
i254616,1
i254629,4
i25463,14
i254630,18
i25464,21
i254646,5
i254650,2
i25466,2
i254667,2
i254687,1
i254693,10
i254695,1
i254715,3
i254717,3
i25472,2
i25473,34
i254731,3
i254732,10
i254734,10
i254740,1
i254743,3
i254749,3
i254754,12
i254756,10
i254757,2
i254763,9
i254769,6
i254770,1
i254774,1
i254777,3
i254778,4
i254779,4
i254788,1
i254795,1
i254797,2
i254804,4
i254842,9
i254844,2
i254848,5
i254852,1
i254853,5
i254859,2
i254864,1
i25487,3
i254870,1
i254871,1
i254874,1
i254881,2
i254896,3
i254902,10
i254908,6
i25492,21
i254927,3
i254928,4
i25493,41
i254932,7
i25494,37
i254955,1
i254956,9
i254959,1
i254965,1
i254972,4
i254977,2
i254982,3
i254986,2
i254989,1
i2550,64
i25500,9
i255001,3
i255006,7
i25502,29
i255030,3
i255036,5
i25504,9
i255042,7
i255044,1
i255051,1
i255055,1
i255056,1
i255061,2
i255062,3
i255063,5
i255065,2
i255066,3
i255068,2
i255071,2
i255074,1
i255083,2
i255091,1
i255106,9
i255113,9
i255116,2
i25512,4
i255133,4
i255134,10
i25515,9
i255155,10
i25517,9
i255173,1
i25518,5
i255186,1
i255187,1
i255191,2
i255197,4
i25520,4
i255220,1
i25523,49
i25525,8
i255250,3
i255258,4
i255259,1
i255263,1
i255265,2
i255270,1
i255275,4
i255285,1
i255287,1
i255294,1
i255305,6
i255310,1
i255315,5
i255316,3
i255317,2
i255321,2
i255329,1
i25533,1
i255332,6
i255337,3
i255349,2
i255352,1
i255358,2
i255359,1
i25536,28
i255365,2
i255373,2
i255385,2
i255390,2
i255392,4
i255402,2
i25541,15
i255413,7
i255416,3
i255417,1
i25542,7
i255426,4
i255427,1
i25544,28
i255444,1
i25545,6
i255497,1
i255498,3
i25550,11
i255501,3
i255513,4
i25552,1
i255522,2
i255523,8
i255525,2
i255529,7
i255534,1
i255537,5
i25554,1
i255541,5
i255546,2
i255547,10
i255549,1
i255554,1
i255558,3
i255566,14
i255574,19
i255577,1
i25558,50
i255580,2
i255581,2
i255584,6
i255595,8
i2556,116
i255605,1
i255609,2
i25561,10
i255618,4
i25562,30
i255620,10
i255621,2
i255625,1
i255636,1
i255647,3
i255648,1
i25565,14
i255655,4
i25566,1
i255663,4
i255683,1
i255708,2
i255709,8
i255717,2
i255731,5
i255743,1
i255747,2
i255748,9
i255749,3
i255756,2
i255768,6
i255769,4
i25577,48
i25578,4
i25579,29
i255790,1
i255797,4
i25580,58
i255801,5
i255803,4
i25581,12
i255817,2
i255821,12
i255826,14
i255834,8
i255843,4
i255849,9
i255850,2
i255853,8
i255854,2
i25587,11
i255871,9
i255872,4
i255873,5
i255874,3
i255876,2
i255880,3
i255887,5
i25589,12
i255899,11
i2559,17
i255909,14
i25591,1
i255910,6
i255926,2
i255928,1
i25593,1
i255938,3
i255941,4
i255943,1
i255946,1
i255949,4
i255951,2
i255955,1
i25596,6
i255961,1
i255963,1
i25597,2
i255974,4
i255983,1
i255985,1
i256024,1
i256029,4
i256032,1
i256039,1
i256050,1
i256052,1
i256055,2
i256056,1
i256060,3
i256061,1
i256062,11
i256064,3
i256067,12
i256072,1
i256089,3
i25609,7
i256093,1
i256099,3
i2561,23
i256129,6
i25613,18
i256131,1
i256141,1
i256142,14
i256143,1
i256148,8
i25615,1
i256150,1
i256151,3
i256156,5
i25616,11
i256160,6
i256162,7
i256165,1
i256166,1
i256167,3
i256173,2
i256175,1
i256178,3
i256186,15
i256187,1
i256195,5
i256197,2
i256205,4
i256209,2
i256212,3
i256215,4
i256220,2
i256228,1
i256233,8
i256234,5
i256250,13
i256252,2
i256253,2
i256254,1
i256261,2
i256276,1
i256277,2
i256279,7
i256282,6
i256284,6
i2563,21
i256304,2
i256311,11
i256312,1
i256318,14
i25632,28
i256336,7
i25634,41
i256354,6
i25637,3
i256388,12
i25641,36
i256413,10
i256416,2
i256418,1
i256426,5
i256455,1
i25646,79
i256461,3
i25647,74
i256478,4
i256509,4
i256522,5
i25654,24
i256548,1
i256549,1
i256559,2
i256568,6
i25657,25
i256575,1
i256582,7
i2566,19
i256613,2
i25662,2
i25663,1
i256638,2
i256645,1
i25665,26
i256652,9
i256657,1
i25666,85
i256661,7
i256662,11
i256666,1
i25667,15
i256671,5
i256675,3
i256695,1
i256704,2
i256712,1
i256718,3
i25672,25
i256745,2
i256747,1
i256748,2
i256762,1
i25677,100
i256780,4
i256781,29
i256790,3
i256798,1
i2568,20
i256801,2
i256813,1
i256823,2
i256826,3
i25683,76
i256835,4
i256844,7
i256846,12
i256847,4
i256857,6
i25686,5
i256864,1
i256875,3
i256880,15
i256889,2
i25689,22
i256890,1
i256891,1
i256894,7
i2569,7
i25690,18
i256903,1
i256912,3
i256917,3
i25693,71
i256930,12
i256935,2
i25694,2
i256949,7
i256951,7
i256954,3
i256955,4
i256958,4
i256959,3
i256960,2
i256967,2
i256969,1
i25697,3
i256970,1
i256979,2
i25699,14
i256991,1
i257014,1
i25702,12
i25703,68
i257032,1
i25704,37
i257041,4
i257044,2
i257046,15
i257047,1
i257062,3
i257063,2
i257073,1
i25708,13
i257081,5
i257085,12
i257088,1
i257092,3
i257119,1
i25712,1
i257123,5
i257129,7
i25713,13
i257134,4
i25715,15
i257151,2
i257156,3
i257157,10
i257160,5
i257163,3
i257168,1
i257175,2
i257181,11
i25719,2
i257194,1
i257195,1
i2572,5
i25720,4
i25721,12
i257217,2
i257220,1
i257229,6
i257232,1
i257236,1
i257239,3
i257246,1
i257249,1
i257250,1
i257257,1
i257258,2
i257274,1
i257275,1
i25728,2
i25729,7
i257293,4
i257295,1
i257308,2
i25731,25
i257325,2
i257332,3
i25735,9
i257356,1
i257358,3
i257365,3
i257366,3
i257374,6
i257375,1
i257381,2
i257390,7
i257402,1
i257404,4
i257405,1
i257411,2
i257413,1
i257441,1
i257448,2
i25747,1
i257481,2
i257485,5
i25749,58
i2575,4
i25750,22
i257500,7
i257511,3
i257530,1
i257534,9
i257546,1
i257567,1
i25757,3
i257570,1
i257573,14
i257574,3
i257576,1
i257579,2
i25759,26
i2576,17
i257605,1
i257611,2
i257617,4
i257622,2
i257627,2
i257629,1
i25763,15
i257630,1
i257632,4
i257636,9
i257640,7
i257654,1
i257658,2
i257665,5
i257669,9
i257672,5
i257684,1
i257687,8
i257695,2
i257696,5
i257697,6
i257702,3
i257706,5
i257707,1
i257708,1
i257712,1
i257714,6
i257719,3
i257724,1
i257727,4
i25773,26
i257730,6
i257731,7
i257733,3
i257737,5
i257743,2
i257746,5
i257753,8
i257755,5
i257759,1
i257761,2
i257771,1
i257774,12
i257783,9
i25779,4
i257791,5
i257792,1
i257795,2
i257796,14
i2578,5
i25780,4
i257802,3
i257807,9
i257815,5
i25782,8
i257821,2
i257838,2
i257839,1
i257851,2
i257853,4
i257866,1
i257867,4
i257869,1
i257871,3
i257880,5
i257885,1
i257896,5
i2579,1
i257907,6
i257908,1
i257914,2
i257918,3
i257928,11
i257932,1
i257935,6
i257950,7
i257957,1
i257961,2
i257977,7
i25798,2
i257981,5
i257985,4
i257988,1
i257990,2
i258002,1
i25801,13
i258010,3
i258011,1
i258015,1
i258029,2
i258030,2
i258031,12
i258040,4
i258041,3
i258046,1
i258048,1
i258054,3
i258064,2
i25807,35
i258078,5
i25808,37
i258082,2
i258090,1
i258095,1
i258099,3
i258108,2
i25811,32
i258118,1
i258124,1
i258126,1
i258128,1
i258136,4
i258139,1
i258143,5
i258150,2
i25816,33
i258160,4
i258174,1
i258185,7
i258188,4
i258192,4
i258195,5
i258199,2
i2582,1
i258210,2
i258214,2
i25822,10
i258222,7
i258224,1
i258229,2
i258235,1
i258236,2
i258238,1
i258240,1
i258244,5
i258245,3
i258250,2
i258253,2
i258261,1
i258263,2
i258265,4
i25827,15
i258272,2
i258273,1
i258274,2
i258276,2
i258279,9
i258286,3
i258287,2
i258298,3
i25830,6
i258302,2
i258305,4
i258315,1
i258316,7
i258319,1
i25832,3
i258321,1
i258328,7
i258335,1
i25834,90
i258355,3
i258357,1
i258360,2
i258366,2
i258367,1
i25837,21
i258371,1
i258382,4
i258389,2
i25839,21
i258394,1
i258397,7
i258399,1
i258401,1
i25841,60
i258414,2
i258424,2
i25844,25
i258443,3
i258446,4
i258447,10
i258449,1
i258450,4
i258451,3
i258459,6
i258460,3
i258464,4
i258478,6
i258492,4
i258498,1
i258500,5
i258502,10
i258503,3
i258504,3
i258508,3
i258510,6
i258513,12
i258514,4
i258519,1
i258525,6
i258529,6
i25853,50
i258530,2
i258542,1
i25857,9
i258583,1
i2586,16
i25860,27
i258600,17
i258603,1
i258614,1
i258616,2
i258619,1
i258623,3
i258626,5
i258629,2
i258631,6
i258637,5
i258638,2
i258640,3
i258674,17
i258679,3
i258683,8
i258684,3
i258685,2
i258689,1
i25869,8
i258696,20
i258699,5
i258705,3
i258709,1
i258711,1
i258713,4
i25872,15
i25873,1
i258757,2
i258762,2
i258764,1
i258766,4
i258769,3
i25877,22
i258773,1
i258797,4
i258801,4
i258805,2
i258809,5
i258811,1
i258828,3
i258834,1
i258840,2
i258843,4
i258850,1
i258855,9
i258857,4
i258862,3
i258865,1
i25887,8
i258871,6
i258873,3
i258876,2
i258882,1
i258886,1
i258897,1
i258903,4
i258908,1
i25892,2
i258924,8
i258940,2
i258942,2
i258949,1
i25895,10
i258957,2
i258961,3
i258964,8
i258966,1
i258984,2
i258985,6
i258987,3
i258993,7
i258996,1
i259000,5
i259002,1
i25902,37
i259023,4
i259026,7
i259031,4
i25904,3
i259040,1
i259044,3
i259056,4
i259059,19
i25906,1
i259063,1
i259067,1
i25908,5
i259084,3
i259094,4
i259095,2
i259099,10
i2591,5
i25910,33
i259100,11
i259103,1
i259105,1
i259107,2
i259109,1
i259110,1
i259115,19
i25912,17
i259121,6
i259126,3
i25913,46
i259135,9
i259150,11
i259153,3
i259157,2
i259160,4
i259166,2
i259168,1
i25917,7
i259175,1
i259182,3
i25920,25
i259207,4
i259210,2
i259234,8
i259235,3
i259239,5
i259241,9
i259246,1
i259249,5
i259252,1
i259255,1
i25926,4
i259270,1
i25929,26
i2593,59
i25930,8
i25931,37
i259314,5
i259315,4
i259317,19
i259319,2
i25932,36
i259322,2
i259335,2
i25934,41
i25935,30
i259358,8
i259363,1
i259364,2
i259366,6
i259377,8
i259383,2
i259390,4
i259393,3
i259396,2
i2594,72
i25940,26
i259403,6
i259407,1
i259429,6
i259433,1
i259445,1
i259446,12
i259447,2
i25945,3
i25946,64
i259479,2
i25948,6
i25950,16
i25951,36
i259510,1
i259521,3
i259546,3
i25955,45
i259551,3
i25957,5
i259576,3
i259579,4
i259585,4
i259606,6
i259614,20
i259665,1
i259666,5
i259669,2
i25967,7
i259680,5
i259681,2
i259687,1
i259739,1
i259746,7
i259759,2
i259762,11
i259772,3
i259786,2
i259796,2
i259798,4
i259800,3
i259802,6
i259809,3
i25981,17
i259810,10
i259813,1
i25982,3
i259820,4
i259822,1
i259823,4
i259827,2
i25983,8
i259831,2
i259832,12
i259833,4
i259835,17
i259836,10
i259837,1
i259847,10
i25985,42
i25986,20
i259876,10
i25988,38
i259905,3
i259907,2
i259908,6
i25991,43
i259914,1
i259915,8
i259916,1
i259918,3
i259922,3
i259923,3
i259928,9
i259929,3
i259930,10
i259948,2
i259950,1
i259951,4
i259952,4
i259954,2
i259955,3
i259957,2
i259963,4
i259973,8
i259982,1
i259994,1
i2600,19
i26000,20
i260001,2
i260004,1
i260006,1
i260014,1
i260020,4
i260025,2
i260030,1
i26004,15
i260040,7
i260049,3
i26005,27
i260056,15
i26006,39
i260061,6
i260064,21
i260074,8
i260099,5
i260100,5
i260107,1
i26011,16
i260121,6
i260122,2
i260127,1
i260134,2
i260135,11
i260138,1
i260139,4
i26014,26
i260143,1
i260153,7
i260158,2
i260159,6
i26016,1
i260161,1
i260166,2
i260169,4
i260173,6
i260176,1
i260181,11
i260188,1
i26019,9
i260192,2
i2602,9
i26020,1
i260201,3
i260214,3
i260225,1
i260228,1
i260234,2
i260235,2
i260242,1
i260244,1
i260257,1
i260264,5
i260268,3
i260275,4
i260282,1
i260284,1
i260285,3
i260296,9
i260298,18
i2603,51
i260302,4
i260304,3
i260307,8
i260315,3
i260319,2
i26032,14
i260320,6
i260328,2
i260333,2
i260364,3
i260367,3
i260374,3
i260398,10
i2604,23
i260400,1
i260417,1
i26042,25
i260427,2
i260430,3
i260431,2
i260433,4
i260437,1
i260440,3
i260441,1
i260446,1
i260447,1
i260461,9
i260465,10
i260472,2
i260476,1
i260478,11
i260479,23
i260481,5
i260482,9
i260483,13
i260485,4
i260486,1
i260487,9
i260490,5
i260493,18
i260495,3
i26051,12
i260511,12
i260512,17
i260514,1
i260526,16
i260533,12
i260535,6
i260538,1
i260540,4
i260545,2
i26055,7
i260554,11
i260562,3
i26057,46
i260574,6
i260576,1
i260586,2
i260591,1
i260597,1
i260610,10
i260617,7
i260624,6
i260638,4
i260641,19
i260646,1
i260660,4
i260661,6
i260662,4
i260663,2
i260665,1
i260667,5
i260669,6
i260670,5
i260683,1
i260684,2
i260687,3
i260693,4
i260694,1
i260698,3
i260699,12
i260702,2
i260706,1
i260711,6
i260713,1
i260721,11
i260723,6
i26074,5
i260743,2
i260751,4
i260752,1
i260753,4
i260755,2
i260768,2
i260770,1
i26078,54
i260791,3
i260798,5
i2608,42
i260803,5
i260805,3
i260830,7
i260843,4
i26085,17
i260851,1
i260853,1
i260862,2
i260869,2
i260876,2
i26089,4
i260893,1
i260895,2
i260912,5
i260916,3
i26092,79
i260920,8
i26093,33
i260937,1
i26094,24
i260940,5
i260943,4
i260946,1
i260954,5
i260957,4
i260958,1
i26097,41
i260977,2
i260983,3
i260990,15
i260994,3
i261002,1
i261005,2
i261011,4
i261023,3
i261028,21
i261034,1
i26104,39
i261047,1
i261050,1
i261054,3
i261066,2
i261068,5
i261076,2
i26108,6
i261080,3
i261085,1
i261089,4
i261098,1
i261101,1
i261102,2
i261103,1
i261112,1
i261146,6
i261161,6
i261162,1
i261167,4
i261168,2
i261171,2
i261180,2
i261183,3
i261187,1
i261193,3
i261194,1
i261195,2
i261212,1
i261214,9
i261219,3
i26123,19
i261238,11
i261249,1
i261260,1
i261263,1
i261274,13
i26128,11
i261286,1
i261287,1
i261290,1
i261291,2
i261294,2
i261300,1
i261315,1
i261320,3
i261327,1
i26133,14
i261339,15
i26135,16
i261352,3
i261356,17
i261357,2
i26136,43
i261363,2
i261364,3
i261366,1
i261375,1
i261377,1
i261386,5
i261390,5
i261391,6
i261398,1
i2614,52
i261404,5
i261405,2
i261406,1
i261409,7
i261410,8
i261417,1
i261419,1
i261422,6
i261427,4
i261439,1
i26144,90
i261450,1
i261452,1
i261455,3
i261459,5
i26146,10
i261462,2
i261466,1
i261468,4
i26147,19
i261470,2
i261480,11
i261496,3
i261499,6
i261502,1
i261509,3
i26151,8
i261514,1
i261522,8
i261523,2
i26153,13
i261530,3
i261533,1
i261534,1
i26154,5
i261540,3
i26155,26
i261553,4
i261557,6
i261565,4
i261575,1
i261578,1
i26158,3
i261580,3
i26159,4
i261591,2
i261597,2
i261599,3
i261605,4
i261610,2
i261619,9
i261620,6
i261621,5
i261632,1
i261634,9
i261635,2
i261642,4
i261648,10
i261652,6
i261653,4
i261655,1
i261656,1
i261661,1
i261671,5
i261676,10
i261684,4
i261694,15
i261697,8
i261698,3
i261706,10
i261714,37
i261733,1
i26174,23
i261740,2
i261750,5
i261752,3
i261758,1
i26176,89
i261772,4
i261786,1
i261794,2
i261797,1
i261802,4
i261808,2
i261816,10
i261821,11
i261834,6
i26184,4
i261845,1
i26185,1
i261851,2
i261852,6
i261857,1
i261869,7
i26187,41
i261870,1
i261874,1
i261875,2
i261878,4
i26188,21
i261884,1
i261888,1
i261893,1
i26190,6
i261901,2
i261904,1
i261908,2
i261912,1
i261914,3
i261947,2
i261951,1
i26196,3
i261968,2
i261970,9
i261974,5
i261991,7
i26202,17
i262022,1
i262029,1
i26203,4
i262034,3
i262037,4
i262040,10
i262041,7
i262042,6
i262044,12
i262047,1
i262052,1
i262058,3
i262059,3
i262062,2
i262063,4
i262065,1
i262067,2
i262069,2
i262073,1
i262079,3
i26210,33
i262121,2
i262129,1
i262135,1
i262137,6
i26214,2
i262150,4
i262152,10
i262153,1
i262154,1
i262158,1
i262164,3
i262167,1
i262175,1
i26218,98
i262180,2
i262192,11
i262199,10
i2622,13
i262203,8
i262206,2
i262214,3
i262215,1
i26222,1
i262220,1
i262239,11
i26224,21
i262242,2
i262252,2
i262274,2
i26228,82
i262281,2
i262282,1
i262285,1
i262288,2
i262290,4
i262292,3
i262293,3
i262295,16
i262296,1
i262300,2
i262311,5
i262325,2
i262330,2
i262332,3
i262335,8
i262345,1
i262347,9
i262350,2
i262370,14
i262377,2
i262379,5
i262380,5
i262387,12
i262390,4
i262392,3
i2624,57
i262401,2
i262417,15
i26242,8
i262424,3
i262426,8
i26243,9
i262435,2
i26244,15
i262449,1
i262452,3
i262456,13
i262462,11
i26247,63
i262470,5
i262472,2
i262482,2
i262484,6
i262485,6
i262493,1
i262497,4
i2625,2
i262514,12
i262518,1
i262522,3
i262523,15
i262527,4
i262533,1
i262547,13
i262549,1
i262551,1
i262554,4
i262557,6
i262559,2
i262561,3
i262567,8
i262568,1
i262573,2
i262574,4
i262575,5
i262577,11
i26258,5
i262584,1
i262588,24
i26259,22
i262599,3
i2626,2
i262608,1
i262612,2
i262617,16
i262624,2
i262627,3
i262643,1
i262646,4
i262647,14
i26265,2
i262657,11
i262660,7
i262662,1
i262676,2
i262677,2
i262683,1
i262686,6
i262692,1
i262707,3
i262708,1
i262714,2
i262720,1
i262724,2
i262733,5
i262745,6
i262762,2
i262763,10
i26277,25
i262775,1
i262777,7
i262779,7
i26279,64
i26280,18
i262807,2
i262808,2
i262817,1
i262819,5
i26282,16
i262822,1
i262824,1
i262826,2
i26283,28
i262832,4
i262834,2
i262839,1
i26284,48
i262855,2
i262857,6
i262861,4
i262864,1
i262868,12
i26287,38
i262873,2
i262875,2
i262883,11
i26289,22
i262895,1
i262896,2
i262898,2
i262899,2
i26290,9
i262901,4
i262905,1
i262906,3
i262922,1
i262925,1
i262926,3
i26293,16
i262933,4
i262937,1
i262944,12
i262947,1
i262968,3
i262969,6
i262971,2
i262978,1
i262996,4
i262997,6
i263004,2
i263005,2
i263007,1
i263008,4
i263015,2
i263017,3
i26302,20
i263031,1
i263032,1
i263034,2
i263036,2
i263044,2
i263045,2
i263048,1
i263053,1
i263055,1
i263058,1
i263062,11
i263071,6
i263080,3
i263086,3
i26309,18
i263090,2
i263095,2
i26310,5
i263108,2
i263113,5
i263118,1
i263123,1
i263133,2
i263136,1
i26314,58
i263165,2
i263167,2
i263168,2
i26318,37
i263197,6
i263200,7
i263201,3
i263203,3
i263209,1
i26321,65
i26322,9
i263220,1
i263226,1
i26323,19
i263230,6
i263239,6
i26324,28
i263243,1
i263245,1
i263249,1
i263253,2
i263258,7
i263273,7
i263274,7
i263281,6
i263282,9
i263292,6
i263298,5
i263299,3
i263308,4
i263309,1
i263313,2
i263321,1
i263326,7
i263328,13
i263329,2
i26333,41
i263330,2
i263331,2
i263333,4
i263341,8
i263344,1
i263352,2
i263355,10
i26336,34
i263385,9
i263394,3
i263418,1
i26342,3
i263427,1
i263431,7
i26344,1
i263441,8
i26345,59
i26346,2
i263462,3
i263464,2
i263465,1
i26347,15
i263470,10
i263471,2
i263472,11
i263473,1
i263475,2
i263476,2
i263479,9
i26349,38
i263490,3
i263505,1
i26351,5
i263523,2
i263530,2
i263531,9
i263536,1
i263541,12
i263543,4
i263545,1
i263547,7
i263548,11
i263551,10
i263553,1
i263556,3
i263557,7
i263559,4
i26356,1
i263567,3
i263578,1
i263581,8
i263596,6
i263598,6
i263599,4
i26361,15
i26362,8
i263621,1
i26363,19
i263634,2
i263637,2
i263641,6
i263644,1
i263648,1
i263658,4
i26366,37
i263667,2
i263678,2
i263679,7
i263680,5
i263683,2
i263684,4
i263685,2
i263686,13
i263690,5
i263698,5
i263699,7
i2637,53
i26370,2
i263702,5
i263709,7
i263716,1
i263722,9
i263725,5
i263730,11
i263736,1
i263738,3
i263739,4
i26374,9
i263748,6
i26375,3
i263765,1
i263770,3
i263775,15
i263778,6
i263781,5
i263783,3
i263790,3
i263792,3
i263796,7
i2638,55
i263800,7
i26381,7
i263811,5
i263819,6
i26382,24
i263824,1
i263825,2
i26386,48
i263861,2
i263867,1
i263871,2
i263873,1
i263875,9
i263888,6
i26390,8
i263901,2
i263905,1
i263906,3
i26393,36
i263934,4
i26394,38
i263957,1
i26396,7
i263973,1
i26398,5
i263983,2
i263993,1
i264004,1
i26401,2
i264013,2
i26402,40
i264035,2
i264036,27
i264037,5
i264041,4
i264042,2
i264043,1
i26405,7
i264051,1
i264055,3
i264056,3
i264063,6
i264064,16
i264069,2
i264078,1
i26408,2
i264080,9
i264085,5
i264090,3
i2641,2
i26410,7
i264100,2
i264105,3
i264120,1
i26413,5
i264130,1
i264132,1
i26414,38
i264146,1
i264147,2
i264150,7
i264154,5
i264156,1
i264160,9
i264163,1
i264164,1
i26417,11
i264171,4
i264175,4
i264178,1
i264180,3
i264187,1
i26419,67
i264193,9
i264196,3
i264198,3
i264203,4
i264204,1
i264206,1
i264210,4
i264219,7
i264224,1
i264233,3
i264245,5
i264248,8
i264251,1
i264252,2
i264255,1
i264256,1
i264257,3
i264262,4
i264265,2
i264266,2
i264268,3
i264282,14
i26429,32
i264292,1
i264293,4
i264296,3
i2643,84
i264328,4
i264331,8
i264332,1
i264334,10
i264336,2
i264346,1
i264347,2
i264348,11
i264351,4
i26437,6
i264375,1
i264386,1
i264398,1
i26442,3
i264429,1
i264431,4
i264433,3
i264443,3
i264448,1
i264477,8
i264484,2
i264486,1
i264489,7
i264499,3
i26450,1
i264537,1
i264542,13
i264549,3
i264557,18
i264574,1
i26458,14
i264581,6
i264586,1
i264587,3
i264593,1
i264594,6
i264595,1
i264596,2
i264604,4
i264613,6
i264617,5
i26462,5
i264622,1
i264636,1
i264646,20
i264649,7
i264653,2
i264655,1
i264656,3
i264657,1
i264663,2
i264671,1
i264677,6
i264685,2
i264686,1
i26469,50
i264690,4
i264691,6
i264695,5
i264697,4
i264700,4
i264707,4
i264709,2
i26473,30
i264738,4
i264744,2
i264745,7
i264748,9
i264759,1
i26476,18
i264761,1
i264763,2
i26477,3
i264771,10
i264793,5
i2648,41
i264802,2
i264806,1
i264815,1
i264823,1
i26484,29
i264841,1
i264849,9
i264868,1
i26488,11
i264884,6
i264891,4
i264903,5
i26491,34
i264912,9
i264917,8
i264921,1
i264923,11
i264936,1
i26494,22
i264942,5
i264946,1
i264950,1
i264951,2
i264962,14
i264963,9
i264964,6
i264969,8
i264970,2
i264971,1
i264976,2
i26498,4
i264980,3
i264987,5
i264991,2
i264994,2
i2650,6
i265010,7
i265014,5
i265020,1
i265022,5
i265026,5
i26503,1
i265030,4
i265036,2
i265037,1
i265040,4
i265044,4
i265045,19
i265046,1
i265047,6
i265049,4
i26505,30
i265050,7
i265056,9
i26506,3
i265066,4
i265073,2
i265079,2
i265084,1
i265090,3
i265093,4
i265094,6
i265098,1
i26510,1
i265103,1
i265109,5
i26511,90
i265115,1
i265120,2
i265129,1
i26513,11
i265137,1
i26514,2
i265140,4
i265141,2
i265142,2
i265148,2
i26516,30
i265162,3
i26517,106
i265171,3
i265172,1
i265175,8
i265180,2
i265182,2
i265185,4
i265186,4
i265188,1
i265192,1
i26520,5
i265206,3
i265211,3
i265212,3
i265213,2
i265220,1
i265222,1
i265225,16
i265226,3
i265228,23
i265232,2
i265233,2
i265238,1
i26524,4
i265240,3
i265242,16
i265243,13
i26526,4
i265262,11
i265267,2
i265268,2
i26527,4
i265274,9
i265276,2
i265279,3
i265289,13
i265292,10
i265296,1
i265304,1
i265305,1
i26531,5
i265311,4
i265313,4
i265318,2
i265320,1
i265321,5
i265326,4
i265366,6
i26537,74
i265382,9
i26539,2
i265391,12
i265392,7
i265402,6
i265418,9
i26543,30
i265432,4
i265438,2
i265445,1
i265453,3
i265467,2
i265485,2
i26549,2
i2655,51
i26550,11
i265503,4
i265512,1
i265538,2
i265548,1
i265561,19
i265565,10
i265568,2
i265573,3
i265582,22
i265583,8
i265584,3
i265585,5
i265594,13
i265614,2
i265619,2
i265626,12
i265634,5
i265640,3
i265653,6
i265655,8
i26566,4
i265667,3
i265668,2
i265672,1
i265676,18
i265678,5
i265684,4
i265686,6
i265687,25
i265688,1
i265690,9
i265692,2
i265697,3
i265719,4
i265721,2
i265725,3
i265732,5
i265751,7
i265754,2
i265758,5
i26577,21
i26580,47
i265803,4
i265807,2
i265815,2
i26582,10
i265820,5
i265832,1
i265836,1
i265857,4
i26586,7
i265862,4
i265878,1
i265888,2
i265893,1
i265894,1
i26590,7
i265901,3
i265902,1
i265907,15
i265915,3
i265924,4
i265938,2
i265950,13
i265954,2
i265957,1
i265961,11
i265966,2
i265968,1
i265974,4
i265976,1
i265978,3
i265980,2
i265982,1
i265983,1
i265987,2
i265991,5
i265997,5
i265998,1
i266,11
i266001,1
i26601,39
i266011,2
i266012,11
i266014,9
i266021,2
i266026,6
i266030,10
i266036,2
i266037,5
i266038,1
i266039,2
i266048,2
i266050,1
i266052,2
i266056,3
i26606,9
i266061,7
i266063,2
i266068,3
i266073,3
i266076,5
i26608,2
i266081,9
i266086,10
i266089,6
i26609,4
i26610,3
i266105,1
i266115,1
i266124,1
i266126,3
i266129,8
i266147,4
i266152,2
i266154,1
i266157,1
i266160,6
i26617,35
i266185,4
i26619,59
i266190,1
i266195,5
i266196,4
i266198,1
i2662,26
i266200,1
i266205,1
i266209,5
i266214,2
i26622,13
i266222,4
i266223,6
i266226,1
i266227,3
i266237,3
i266239,2
i266241,4
i266246,5
i266260,3
i266261,7
i26627,58
i266274,1
i266275,8
i26628,6
i266280,3
i266283,2
i266291,1
i266292,1
i266296,1
i266300,2
i26631,12
i266313,2
i266314,2
i266330,17
i266332,3
i266334,4
i266335,3
i266337,1
i266339,1
i26635,29
i26636,16
i266364,1
i266366,1
i266389,1
i26639,3
i266390,1
i266399,1
i266402,3
i266416,4
i266417,6
i266418,5
i266421,4
i266433,2
i266442,4
i266445,12
i266451,2
i266459,6
i266460,2
i266462,2
i266463,3
i266467,4
i266468,10
i266470,13
i266473,1
i266474,2
i26648,1
i266480,7
i266481,1
i266489,4
i266493,1
i26650,35
i266507,3
i266510,1
i266515,4
i266520,3
i26653,74
i266547,3
i266554,1
i266566,1
i266571,3
i266583,1
i266588,2
i26659,30
i266591,2
i266611,6
i266620,1
i266621,1
i26663,43
i266630,1
i266631,1
i266632,3
i266633,2
i26664,6
i266640,2
i266642,1
i266644,9
i266647,2
i266648,3
i266649,1
i26665,13
i266657,2
i266660,7
i266665,1
i266668,1
i26668,65
i266684,2
i266689,1
i266695,4
i266697,10
i2667,27
i266712,2
i266717,3
i26675,51
i266752,3
i266758,1
i26676,50
i266774,6
i266779,2
i266785,2
i266787,1
i266789,1
i266799,5
i266802,10
i266804,1
i26681,5
i266813,2
i266818,4
i266822,5
i266823,1
i26683,23
i266836,1
i266838,1
i266840,1
i266841,1
i266844,3
i266846,1
i266847,2
i266848,7
i266862,5
i266873,3
i266879,1
i266880,1
i266890,1
i2669,7
i266902,1
i266907,1
i266930,5
i266933,2
i266934,1
i266936,7
i266944,4
i266946,7
i266950,4
i266952,3
i266955,1
i26696,21
i266961,6
i266967,3
i266975,12
i26698,10
i266985,2
i26699,21
i266997,20
i266998,1
i267001,2
i267003,7
i267006,1
i267007,1
i267008,1
i267018,4
i26702,27
i267036,2
i267040,1
i267042,1
i267043,1
i267044,9
i267046,2
i26705,13
i26706,4
i267063,1
i267072,1
i267075,1
i267079,2
i26708,31
i267083,2
i267087,1
i267090,2
i267094,1
i267098,7
i267100,1
i267117,4
i267120,2
i267124,4
i267125,6
i267126,1
i267135,3
i267149,1
i267159,1
i267163,2
i267168,7
i267174,3
i26718,39
i267197,1
i2672,7
i26721,71
i26722,34
i26723,19
i267231,1
i267233,2
i267239,10
i26724,11
i267251,14
i267253,2
i267254,1
i267261,2
i267272,1
i267279,7
i26728,12
i267283,3
i267285,3
i267286,1
i267291,7
i2673,18
i26731,24
i26732,40
i267322,2
i267331,3
i267360,3
i267361,9
i267369,1
i267374,3
i267375,3
i26739,17
i267392,2
i267410,3
i267412,3
i267416,2
i26742,38
i267421,2
i267425,5
i267435,3
i267443,8
i26745,13
i267450,1
i267457,11
i267463,1
i267470,1
i267475,10
i267476,18
i267477,2
i267480,1
i267488,1
i26749,6
i267493,1
i26750,12
i267501,1
i267506,3
i267513,4
i267518,5
i267530,2
i267531,2
i26754,38
i267548,10
i267549,2
i26755,3
i267556,13
i267585,4
i267586,9
i267589,1
i26759,6
i2676,18
i267610,11
i26762,21
i267625,5
i267633,3
i267634,10
i267643,1
i267654,1
i267660,7
i267661,1
i267663,2
i26767,6
i267677,2
i267679,7
i267687,2
i267688,1
i267689,4
i267691,3
i2677,36
i26771,24
i267710,1
i267716,3
i267722,3
i267723,16
i267724,5
i267725,1
i267730,4
i267732,2
i267742,3
i267743,4
i267749,2
i267753,1
i26776,8
i267765,1
i26778,78
i26779,76
i267792,11
i267802,8
i267810,4
i267814,6
i267818,8
i267823,1
i267826,3
i267830,9
i267831,13
i267838,4
i267840,2
i267844,7
i267846,5
i267847,3
i267849,4
i267853,9
i267854,24
i26786,30
i267861,1
i267865,1
i267870,6
i267871,1
i267875,4
i267899,4
i2679,39
i26790,16
i267904,2
i267909,1
i267920,14
i267927,4
i267929,2
i267936,2
i267941,3
i267958,4
i267959,7
i267961,4
i267962,1
i267965,3
i267966,5
i267967,7
i267968,4
i267969,3
i26797,15
i267970,4
i267971,1
i267981,7
i267983,2
i267984,5
i267987,1
i267989,2
i267992,4
i267993,1
i267997,2
i268006,3
i26801,5
i268023,3
i268028,3
i268032,2
i268036,5
i268041,1
i268042,1
i268044,2
i268049,1
i268055,6
i268059,1
i268063,4
i268065,11
i268075,1
i26808,52
i268085,3
i26809,55
i268091,3
i2681,21
i268102,5
i268105,11
i268113,1
i268116,3
i268119,1
i268125,3
i268132,2
i268137,7
i268147,18
i268149,6
i268153,2
i268154,1
i268155,2
i268162,5
i268163,4
i26817,14
i268181,1
i268192,6
i268195,28
i268200,1
i268202,4
i268222,2
i268223,4
i268228,1
i268229,4
i268231,1
i268236,1
i26824,57
i268240,3
i268241,1
i268249,7
i268253,2
i268255,1
i268256,1
i268265,11
i268267,1
i268268,3
i268280,5
i26829,2
i268295,1
i268297,4
i268303,2
i268304,8
i268305,4
i26831,7
i268326,1
i268337,2
i268338,3
i268340,2
i268341,1
i268344,6
i26835,1
i26836,6
i26839,26
i268395,1
i26840,27
i268417,1
i268418,5
i268420,2
i268430,1
i268431,1
i268434,1
i268435,9
i268447,1
i268455,1
i268456,4
i268457,1
i268458,3
i268459,2
i26846,3
i268465,2
i268466,1
i268467,1
i268471,3
i268472,12
i268473,5
i268474,3
i268475,1
i268484,6
i268487,3
i268489,1
i268501,6
i268511,1
i268513,1
i268519,1
i26852,85
i268520,1
i268522,2
i268523,5
i268527,3
i268528,4
i268529,7
i26853,26
i268534,28
i268537,8
i268541,3
i268546,1
i268548,5
i268551,4
i268553,3
i268555,2
i268560,1
i268562,1
i268569,10
i268572,3
i268573,1
i268574,1
i268578,3
i268582,1
i268587,7
i268610,2
i268613,1
i268616,10
i26862,1
i268623,2
i268624,2
i268626,2
i268630,4
i268632,1
i268636,2
i268647,2
i268652,7
i268661,5
i268664,1
i268667,2
i26867,35
i268671,1
i268672,1
i268683,8
i268684,3
i268685,2
i268686,3
i26869,5
i268690,4
i268691,14
i2687,29
i268708,3
i26871,5
i268712,16
i268713,24
i268717,6
i268719,9
i268723,2
i268728,3
i268731,3
i268733,1
i268735,4
i268736,7
i268742,2
i268758,1
i268761,3
i268772,3
i268776,3
i268777,6
i268781,1
i268782,9
i268788,4
i268790,3
i268791,1
i268797,2
i268803,2
i268805,1
i268807,1
i26881,1
i268812,3
i268814,1
i268818,22
i26882,28
i268824,2
i268832,2
i268834,1
i268840,7
i268851,1
i268853,16
i268857,3
i26886,59
i268860,4
i268865,2
i268880,1
i268882,5
i268883,1
i268887,2
i268893,2
i268894,2
i268895,1
i2689,60
i268907,1
i268909,7
i268912,6
i268919,10
i26892,1
i268921,4
i268923,4
i268929,3
i26893,2
i268931,3
i268932,1
i268934,1
i268955,2
i268971,7
i268975,1
i268989,3
i268993,4
i2690,59
i269005,2
i269015,3
i269026,3
i26903,20
i269032,10
i26904,29
i269042,10
i269044,12
i26905,76
i269058,10
i269066,1
i269099,1
i26910,17
i269106,4
i26911,2
i269114,6
i269115,1
i26912,26
i269125,3
i26913,10
i269133,2
i269139,7
i26914,20
i269147,5
i26915,1
i269152,5
i269159,3
i269167,8
i269170,2
i269177,4
i269181,3
i269184,2
i269186,5
i269198,5
i269200,1
i269204,3
i269205,11
i269206,2
i269208,20
i26921,1
i269215,1
i269229,9
i26924,11
i269242,8
i269251,3
i269255,3
i269275,1
i26928,15
i269280,10
i26929,1
i269290,3
i2693,5
i269304,2
i269306,3
i269309,1
i269316,3
i269319,4
i269322,2
i269335,1
i26934,2
i269343,6
i269351,2
i269364,1
i269369,1
i26937,3
i269372,1
i269373,4
i269375,2
i269380,1
i269386,2
i269394,1
i2694,31
i26940,4
i269407,1
i269408,3
i26941,42
i269411,5
i269414,2
i269416,4
i269421,5
i269422,3
i269426,7
i269427,15
i269443,7
i269445,8
i269447,4
i26945,4
i269450,1
i269455,3
i269457,3
i26946,2
i269461,7
i269462,7
i269464,3
i269481,1
i2695,1
i269506,1
i269507,11
i269514,3
i26952,9
i269528,10
i269532,8
i269533,1
i269541,2
i269546,2
i269548,8
i269554,3
i269557,1
i269559,6
i26956,4
i269560,1
i269563,14
i269572,11
i26958,2
i269590,7
i269591,1
i2696,1
i26960,33
i269616,4
i269619,2
i26962,3
i269623,1
i26963,2
i269632,2
i269647,2
i269648,6
i269649,4
i26965,55
i269650,22
i269657,6
i269663,3
i269667,2
i269673,2
i269676,6
i269677,3
i269678,1
i269680,2
i269681,1
i269684,1
i269686,1
i269697,2
i26971,5
i269712,3
i269724,9
i269726,6
i269733,15
i269739,1
i269742,1
i269743,8
i269746,1
i26975,3
i269762,8
i269764,15
i269765,4
i269767,8
i269768,1
i26977,28
i269771,2
i269777,2
i269780,2
i269782,2
i269783,3
i269784,1
i269786,7
i26979,6
i269791,1
i269792,3
i26980,19
i269802,2
i269808,3
i26981,16
i269811,4
i269813,1
i269814,2
i269819,1
i269822,2
i269827,3
i269829,2
i269835,1
i269836,2
i269838,1
i269844,1
i269845,1
i269847,1
i269848,1
i269851,1
i269852,10
i269853,6
i269857,2
i269858,1
i26986,12
i269867,2
i26987,1
i269870,1
i269873,3
i269884,4
i26989,86
i269892,5
i269893,3
i269899,1
i2699,67
i269900,9
i269903,3
i269907,5
i269908,3
i269914,4
i269920,2
i269927,1
i26993,6
i269936,13
i269946,2
i269955,2
i269957,2
i269958,12
i269961,2
i269962,2
i269968,4
i269972,13
i269973,4
i269977,3
i269979,2
i26998,26
i269985,4
i269987,4
i269991,1
i269992,5
i2700,43
i270009,8
i270020,6
i270041,5
i270042,3
i270044,2
i27005,37
i270056,2
i270059,4
i270069,1
i270088,1
i27009,27
i270091,3
i270092,3
i27010,32
i270100,2
i270101,4
i270119,2
i270132,7
i270137,1
i270141,6
i270143,5
i270147,8
i270151,1
i270154,2
i27016,4
i270160,2
i27017,14
i270185,2
i27019,30
i270202,6
i270203,1
i270210,3
i270211,3
i270218,1
i27022,32
i270220,2
i270221,2
i270226,1
i270233,3
i270238,17
i270243,2
i27026,1
i270263,16
i270267,7
i270274,2
i270279,13
i27028,4
i270286,3
i270291,10
i270293,8
i270296,2
i27030,8
i270318,22
i270319,5
i270328,1
i270331,2
i270334,5
i270336,1
i270337,4
i27034,10
i270341,3
i270345,1
i270350,5
i270359,1
i27036,18
i270360,4
i270369,11
i270372,1
i270373,1
i270378,6
i27038,58
i270395,2
i270396,14
i270397,9
i270401,3
i270405,10
i270408,1
i270409,5
i27041,44
i270416,4
i270417,5
i270420,6
i270425,3
i270427,3
i270429,3
i270435,4
i270439,3
i27044,68
i270457,7
i27047,4
i270476,7
i270478,3
i270479,6
i270483,4
i27049,30
i270492,1
i270495,5
i270503,2
i270505,2
i270510,3
i270511,3
i270521,6
i270527,2
i27053,63
i270539,14
i27054,26
i27055,43
i270554,1
i270556,4
i270558,2
i27056,16
i270560,3
i270567,1
i270569,6
i270574,2
i270576,17
i270578,4
i27058,5
i270585,6
i270589,1
i27059,2
i270592,2
i270593,20
i270597,2
i270598,3
i270603,1
i270608,6
i27061,2
i270610,4
i27062,24
i270622,11
i270625,1
i270626,3
i270634,3
i270638,3
i270644,7
i270645,1
i270646,1
i270649,7
i270654,1
i270656,1
i270657,2
i270660,5
i270662,6
i270664,1
i270666,1
i270677,1
i270679,2
i270680,5
i270689,9
i270690,4
i270694,1
i270697,1
i270703,1
i270705,2
i270707,5
i270712,3
i270715,1
i270717,1
i27072,47
i270722,1
i27073,16
i270736,1
i270738,1
i270739,1
i27074,50
i270747,7
i270751,3
i270752,47
i270755,5
i27076,23
i270762,1
i270766,4
i270772,5
i270775,2
i270779,2
i270783,1
i270799,2
i2708,12
i270801,2
i270805,9
i270808,6
i27081,15
i270815,12
i27082,5
i270820,12
i270822,4
i270824,1
i27083,16
i270839,1
i27084,12
i270840,1
i270841,3
i270844,4
i270849,1
i270862,1
i270864,1
i270865,14
i270866,5
i27087,7
i270883,1
i270896,27
i270897,7
i270904,14
i270908,2
i270913,6
i270923,4
i270930,1
i270937,1
i27094,12
i27095,10
i270954,3
i270959,2
i270967,7
i270987,1
i270988,10
i270995,3
i271004,4
i271007,8
i271009,22
i27102,1
i271021,1
i271025,8
i271027,8
i271054,1
i271065,3
i271069,2
i271073,4
i271079,1
i271080,4
i271084,9
i27109,7
i27112,2
i27113,2
i271144,1
i271147,6
i27115,4
i271151,2
i271155,8
i271160,2
i271162,2
i271164,2
i271169,21
i271173,7
i271175,1
i271176,2
i271177,5
i271180,1
i271183,2
i271188,1
i271193,7
i271195,1
i27120,54
i271207,11
i271210,8
i271211,5
i271212,1
i271224,5
i271227,2
i27123,45
i271231,1
i271234,1
i271236,2
i271239,1
i271240,1
i271241,1
i271254,5
i271255,5
i271258,1
i271266,5
i271269,1
i271270,1
i271272,13
i271273,10
i27128,7
i271284,1
i271290,3
i2713,15
i27131,1
i271314,3
i271315,2
i271317,2
i27132,8
i271325,3
i271327,5
i271337,9
i271338,4
i271340,9
i271342,10
i271345,3
i271346,1
i271358,3
i271371,20
i271372,5
i271390,8
i271391,2
i271393,5
i271396,4
i27140,23
i271415,1
i271420,17
i271421,7
i271423,4
i271424,5
i271430,7
i271436,1
i271438,1
i271440,5
i271445,2
i271448,6
i27145,7
i271457,2
i27146,9
i271465,22
i271472,1
i271480,1
i271490,3
i271499,1
i271501,3
i271512,2
i271526,4
i271537,2
i271544,2
i271547,2
i271552,3
i271554,5
i271555,3
i271556,7
i271558,1
i27156,12
i271561,1
i271567,4
i27157,37
i271583,1
i271585,1
i271587,1
i271594,3
i271597,4
i271598,1
i271600,1
i271606,1
i271607,3
i271608,2
i27162,3
i271624,7
i271625,1
i271627,2
i27163,5
i271633,9
i271642,2
i27165,12
i271650,9
i271656,3
i271657,5
i27166,1
i271667,3
i271673,3
i271678,2
i271686,5
i271701,5
i271705,1
i271707,11
i271711,1
i271715,1
i271716,3
i271729,4
i271736,2
i27174,41
i271742,5
i27175,2
i271753,2
i271754,5
i271764,3
i271771,1
i271772,2
i271775,3
i271780,3
i271784,7
i271787,1
i271788,7
i271791,2
i271793,1
i271794,8
i271795,2
i27180,23
i271800,1
i271803,1
i271804,2
i271813,2
i271817,13
i271825,1
i271826,23
i271839,1
i271852,2
i271858,1
i27186,13
i271866,22
i271867,10
i271869,1
i271900,7
i271911,12
i271913,5
i271915,1
i271919,1
i271920,6
i271925,3
i27193,17
i271946,6
i271948,2
i27195,46
i271955,2
i271956,2
i27197,1
i27198,38
i27199,5
i272,26
i2720,3
i272002,1
i27201,51
i272012,2
i272037,1
i272042,1
i272044,2
i272045,4
i272049,2
i272056,2
i272057,1
i272058,14
i272063,3
i272066,8
i272083,2
i272094,2
i2721,6
i27210,15
i272102,3
i272103,1
i27211,18
i272113,3
i272115,9
i272120,8
i272124,1
i272125,1
i272163,1
i272170,3
i272171,6
i272187,3
i27219,6
i272190,12
i272195,1
i272205,8
i272208,7
i27221,33
i272233,4
i272235,2
i272237,7
i27224,31
i272245,4
i272246,2
i272252,1
i272253,2
i272255,3
i272257,2
i272268,3
i272269,2
i272279,1
i272288,13
i272289,5
i27229,11
i272294,17
i272295,6
i27230,12
i272300,3
i272316,7
i272319,2
i272322,3
i272330,3
i272332,12
i272333,23
i27235,34
i272350,4
i272354,1
i27238,41
i272381,3
i272383,1
i272393,13
i272394,2
i272397,7
i272398,1
i2724,8
i27240,6
i272403,1
i272412,1
i272417,5
i27242,39
i272420,1
i272422,1
i272447,2
i272450,1
i272452,1
i272459,2
i272468,4
i272470,4
i272471,9
i272480,1
i272485,4
i272486,3
i272487,1
i272489,1
i272496,5
i272498,1
i272499,2
i272504,5
i272505,2
i272507,2
i272511,3
i27253,46
i272531,2
i272532,4
i272533,2
i272535,3
i272537,7
i27254,22
i272548,1
i272554,4
i27256,4
i272580,1
i272586,1
i272594,1
i272595,2
i272605,3
i27261,21
i272617,29
i272620,11
i272630,2
i272634,1
i272635,7
i27264,5
i272648,2
i272650,4
i27266,55
i272669,4
i272674,1
i272680,1
i272683,1
i272684,7
i272689,2
i272703,1
i272715,4
i272717,3
i272719,5
i272722,1
i272724,1
i272729,5
i272730,1
i272733,10
i272736,6
i272737,2
i272743,1
i272745,4
i27275,6
i272759,1
i272762,1
i272764,2
i272766,9
i272771,1
i272772,2
i272777,2
i272779,4
i27278,25
i272780,1
i272788,2
i272792,3
i272793,16
i272794,2
i272795,4
i272796,2
i272799,1
i2728,27
i272802,1
i27281,7
i272812,1
i272817,3
i272819,10
i27282,2
i272820,4
i272823,7
i272825,4
i272826,6
i27283,26
i272834,3
i272835,1
i272838,9
i27284,72
i272840,5
i272843,2
i272848,5
i272857,1
i272875,2
i272883,3
i272889,2
i27290,1
i272900,1
i272905,5
i272909,1
i272913,7
i272917,1
i27292,8
i272925,2
i272939,6
i272940,5
i272953,1
i27296,42
i272965,5
i272969,3
i272974,5
i272982,1
i272983,5
i27299,3
i2730,4
i273010,6
i273042,4
i273056,3
i273061,8
i273064,6
i273072,4
i273074,2
i273075,17
i273078,11
i273079,3
i273084,1
i273094,5
i273095,1
i273096,5
i27312,11
i273135,2
i273138,5
i273142,3
i273148,1
i273151,5
i273152,11
i273160,9
i273163,3
i273166,21
i273174,3
i273176,1
i27318,2
i273191,1
i273195,2
i273198,1
i273209,2
i27321,78
i273210,10
i273211,21
i273216,1
i273225,1
i273228,1
i273229,3
i27323,2
i273236,1
i273238,2
i27324,16
i27325,5
i273250,1
i273255,3
i273259,7
i273263,12
i273269,10
i273275,2
i273280,3
i273283,1
i273287,1
i27329,20
i27330,31
i273307,5
i273313,2
i273315,16
i273324,3
i273326,1
i273327,1
i273328,2
i27333,1
i273332,1
i273335,4
i273338,1
i273341,2
i273344,10
i273345,2
i273346,1
i273354,5
i27336,29
i273360,9
i273377,9
i273379,1
i27338,24
i273389,1
i273391,1
i273394,4
i273397,9
i273405,1
i273406,3
i273408,9
i27341,36
i273410,5
i273413,3
i273414,8
i273419,13
i273421,1
i273425,4
i273428,11
i273430,4
i273442,2
i273446,6
i273454,2
i273458,3
i27347,6
i273471,1
i273482,5
i273485,8
i273488,2
i273495,1
i27350,38
i273506,3
i273508,16
i27351,47
i273519,1
i273521,5
i273528,8
i273533,1
i273534,5
i273542,1
i273543,2
i273545,3
i273547,2
i27355,38
i273555,31
i273559,2
i27356,62
i273570,12
i27358,12
i273583,2
i273584,1
i273594,5
i273607,3
i27361,122
i273611,1
i273618,2
i273619,1
i273620,6
i273623,1
i273624,3
i273629,3
i27363,7
i273631,5
i273641,2
i273643,24
i273646,1
i273649,2
i273651,1
i273668,1
i27367,40
i273671,2
i273672,1
i27368,2
i273687,3
i27369,1
i273693,6
i273698,6
i2737,5
i273708,2
i273709,2
i273710,1
i273712,7
i273716,3
i273718,1
i273728,2
i273730,1
i273735,14
i273748,13
i27376,38
i273769,11
i273773,1
i273775,1
i273778,1
i27378,29
i273781,7
i273791,1
i273795,1
i273798,2
i273799,1
i2738,25
i27380,12
i273806,12
i273812,2
i273816,2
i273819,9
i273823,10
i273825,24
i273837,6
i273839,6
i273841,6
i273848,2
i273849,3
i27385,14
i273858,2
i27387,25
i273877,5
i273896,1
i273898,7
i2739,35
i273902,2
i273909,30
i273915,1
i273921,1
i273922,2
i27393,3
i273931,5
i273932,1
i273955,3
i273967,1
i273971,3
i273975,2
i273983,4
i27399,1
i273991,1
i273992,2
i273993,1
i273998,6
i274000,27
i27402,78
i274033,1
i274041,1
i274045,2
i27405,10
i274051,13
i274052,5
i274058,2
i274068,1
i27407,59
i274072,2
i274076,1
i274089,4
i274090,9
i274096,3
i27410,55
i274100,6
i274140,4
i274141,4
i274150,6
i274156,4
i274159,1
i274164,4
i274174,3
i274175,1
i274178,3
i27418,31
i274180,2
i274182,6
i274185,3
i274187,3
i27420,11
i274219,1
i274227,1
i274231,2
i274237,4
i27424,8
i274264,1
i274268,1
i274271,2
i274278,9
i274283,4
i274284,6
i274293,8
i274298,3
i2743,1
i274304,2
i27431,1
i27432,7
i274325,1
i274331,5
i274337,3
i274339,6
i274341,2
i274348,5
i274363,5
i274364,1
i274368,3
i274369,2
i274371,5
i274381,4
i274386,6
i274395,5
i27441,5
i274415,5
i274416,1
i274420,2
i274422,2
i274424,7
i274426,2
i274433,4
i27444,2
i274445,3
i27445,6
i274451,1
i274454,1
i274457,3
i274459,4
i274463,2
i274468,1
i274471,6
i274474,3
i27448,2
i274483,1
i274489,1
i274490,4
i274493,3
i2745,2
i27450,23
i274501,3
i27452,1
i27454,30
i274549,2
i274556,7
i274557,2
i274588,7
i274599,5
i2746,31
i274606,5
i274623,7
i27463,33
i274639,1
i274642,10
i274648,2
i274652,1
i274655,2
i274677,3
i27468,8
i274682,4
i274700,1
i274702,6
i274703,9
i274708,26
i274714,1
i274719,3
i274721,1
i274727,3
i274734,2
i274735,7
i274736,3
i274740,4
i274745,3
i274758,7
i274759,3
i274765,2
i274768,4
i274774,7
i27478,39
i274780,7
i274781,1
i274791,3
i274801,1
i274802,5
i274803,1
i274804,4
i274809,3
i274821,5
i274828,1
i27483,29
i274830,1
i274832,4
i274833,1
i274838,2
i274839,2
i274843,3
i274850,5
i274858,1
i274860,5
i274861,5
i274865,1
i274869,1
i274874,1
i274882,6
i274885,28
i274886,3
i274887,13
i274888,4
i274902,3
i274907,6
i274909,1
i27491,46
i274913,2
i27495,28
i274965,1
i274966,2
i274970,4
i274990,5
i274998,1
i275001,3
i275009,1
i27501,24
i275016,4
i27502,18
i275023,1
i275028,2
i27503,18
i275059,6
i27506,1
i275067,16
i275079,7
i275089,12
i2751,4
i27510,2
i275101,2
i275104,1
i275106,1
i275110,2
i275113,13
i275122,15
i275134,3
i275148,1
i27515,19
i27518,3
i275204,2
i275213,5
i275214,2
i275217,6
i275219,2
i275225,1
i275226,1
i275233,1
i275244,1
i275247,2
i275248,12
i275257,6
i27526,6
i275263,1
i275268,3
i275272,9
i275274,2
i275277,1
i275283,1
i275284,1
i275285,5
i27529,6
i275296,4
i275305,2
i275306,2
i275308,3
i275312,1
i275314,1
i275319,1
i27533,25
i275330,5
i275336,2
i275337,3
i275339,1
i27534,1
i275346,2
i275349,14
i27535,12
i275352,4
i275360,4
i275369,1
i275372,4
i275376,1
i275378,6
i275383,5
i27539,26
i275419,1
i275423,4
i275424,6
i275432,2
i275457,1
i27546,13
i275479,12
i275480,2
i275493,2
i275494,6
i2755,3
i275501,1
i275502,7
i275505,4
i275512,10
i275513,3
i275514,1
i275523,9
i275526,4
i275527,4
i275529,4
i275532,4
i275535,1
i275537,3
i275539,6
i275540,2
i275543,5
i27555,32
i275550,1
i275551,3
i275553,4
i275561,3
i275564,3
i275566,4
i275571,1
i275573,6
i27559,30
i275593,1
i275595,7
i275598,1
i275599,3
i2756,110
i275600,1
i275601,2
i275603,1
i275608,1
i275612,1
i275613,4
i275615,4
i275617,6
i275622,1
i275624,2
i275625,3
i27563,7
i275633,1
i275638,1
i27564,15
i275669,3
i275672,8
i275674,4
i27568,19
i275684,7
i275686,3
i2757,10
i27570,2
i27571,1
i275722,4
i275729,7
i275738,7
i27574,8
i275742,2
i275744,3
i275751,2
i275770,3
i275772,20
i275773,5
i275775,1
i275783,2
i275785,1
i275787,14
i275789,6
i27579,68
i27580,4
i275802,8
i275803,1
i275819,2
i275822,2
i275823,10
i275824,9
i275830,5
i275831,1
i275837,1
i27585,1
i275857,16
i27586,59
i275876,10
i275880,8
i275888,1
i275889,15
i275899,1
i275901,23
i275903,6
i275908,1
i27591,35
i275915,6
i275916,7
i27592,33
i275927,2
i275930,2
i275936,3
i275946,2
i275953,1
i275954,10
i27596,2
i275967,6
i275976,1
i275978,3
i27598,3
i275988,8
i275999,2
i276004,6
i276006,8
i276007,2
i276012,5
i276014,4
i27602,5
i276023,1
i276026,12
i276044,2
i276053,2
i276056,29
i276059,7
i27606,4
i276064,5
i276076,5
i276079,2
i27608,27
i276110,2
i276133,2
i276143,7
i27615,50
i276158,31
i27616,1
i276171,8
i276174,2
i276180,1
i276187,2
i276188,1
i276198,8
i276204,2
i276213,2
i27622,2
i276232,1
i276243,1
i276256,4
i276259,2
i27626,8
i276266,1
i27627,5
i27629,4
i27630,7
i276312,4
i276316,2
i276319,7
i276321,1
i276328,2
i276357,1
i27636,6
i276362,1
i276363,2
i276364,1
i276366,1
i276369,7
i276370,1
i276374,5
i276375,5
i276376,12
i276377,5
i276379,2
i276381,2
i276382,3
i276392,15
i27640,1
i276406,5
i276423,8
i276429,1
i27643,32
i276437,13
i27644,6
i276440,1
i276444,1
i276449,4
i276462,7
i276464,5
i276468,7
i27647,56
i276474,11
i276483,5
i276488,3
i27649,24
i276492,1
i276493,1
i276494,1
i2765,87
i276514,1
i276523,1
i276526,14
i27654,14
i276541,1
i276545,14
i276547,2
i276548,1
i276549,3
i276552,8
i276556,2
i276563,5
i276564,5
i276568,36
i276571,2
i276572,9
i276582,10
i276588,8
i276589,11
i276594,2
i276601,4
i276604,1
i276607,3
i276608,9
i276617,5
i276624,2
i276626,4
i276628,1
i276629,4
i27663,95
i276634,1
i276636,7
i276638,5
i276657,3
i27667,29
i276673,1
i276680,10
i276681,4
i276682,2
i276683,4
i276685,1
i276686,7
i276687,1
i27669,1
i276697,2
i276699,18
i276720,1
i276722,9
i276724,1
i276726,1
i276731,2
i27675,65
i276757,2
i276758,2
i276766,5
i276768,1
i276769,3
i27677,53
i276770,1
i276771,1
i276776,2
i276782,8
i276786,8
i27679,25
i2768,6
i27680,4
i276801,3
i276807,2
i276808,3
i276810,2
i276812,1
i276815,2
i276816,7
i276818,8
i276830,1
i276837,1
i276839,1
i276841,5
i276842,7
i276851,2
i276857,4
i276859,2
i27687,15
i276873,6
i276877,18
i27688,101
i276883,11
i276885,18
i27689,23
i276891,1
i27692,23
i276925,3
i276933,4
i276940,1
i276944,2
i276946,8
i276984,2
i276990,2
i276995,5
i276999,2
i2770,14
i277014,12
i277033,3
i277036,5
i27704,1
i277042,7
i27705,30
i277051,3
i277056,4
i277060,3
i27707,70
i277070,4
i277078,2
i27709,20
i277096,2
i277099,2
i2771,31
i277103,2
i277106,3
i277127,3
i277138,10
i277143,3
i277158,2
i277160,9
i277161,6
i277162,1
i277163,1
i277168,4
i27717,23
i277174,2
i277176,3
i277183,1
i277192,4
i277193,3
i277196,2
i277197,4
i277199,4
i27720,7
i277216,4
i277219,2
i277232,4
i277234,5
i277237,3
i277240,2
i277243,3
i277260,1
i277267,1
i277268,2
i27727,1
i277272,5
i277277,4
i277280,1
i277282,7
i277295,1
i277298,6
i277299,1
i2773,4
i277300,3
i277301,5
i277308,4
i277313,5
i277314,3
i27732,7
i27733,10
i277332,2
i277359,7
i27736,20
i277361,9
i277363,9
i277365,1
i277366,4
i277367,1
i277369,1
i277372,2
i27738,32
i277380,1
i277383,2
i277385,2
i277392,10
i277399,1
i27740,70
i277400,1
i277403,3
i277407,7
i277412,3
i277418,1
i27742,4
i277435,6
i277446,7
i277448,2
i277449,3
i27746,17
i277466,8
i277478,17
i277490,9
i277523,2
i277529,2
i27753,20
i277530,3
i277531,1
i277532,1
i277534,4
i277536,1
i27754,2
i277546,13
i277548,7
i277553,4
i277557,1
i277558,5
i277560,5
i277564,3
i277565,3
i277568,4
i27757,7
i277570,4
i277571,1
i277579,1
i27758,1
i27760,47
i277607,1
i277615,3
i277626,1
i27763,18
i277639,15
i277640,3
i277642,4
i277645,2
i277646,2
i277647,1
i277648,1
i277662,2
i277663,4
i277668,3
i27767,54
i277676,2
i277679,8
i27768,56
i277682,1
i277685,2
i277686,1
i277689,8
i277690,1
i277698,7
i277700,1
i277702,3
i277712,3
i277716,1
i277720,2
i277723,3
i277729,1
i277746,1
i27775,4
i277751,1
i277755,1
i277762,1
i277769,5
i27777,8
i277772,8
i277773,2
i27778,4
i277788,1
i277790,13
i277793,5
i277796,6
i2778,81
i277804,2
i277808,2
i277814,2
i277815,1
i277818,1
i277820,4
i277827,1
i277830,5
i277841,3
i277845,3
i277847,1
i277848,8
i277854,7
i277857,17
i277858,1
i277864,9
i277876,1
i27788,20
i277884,2
i277887,8
i277889,19
i277896,13
i2779,13
i277907,9
i27791,22
i277910,2
i277916,4
i27792,6
i277925,2
i277928,2
i277937,4
i27794,42
i277941,1
i277958,1
i277960,2
i277963,5
i277964,2
i277967,16
i27797,52
i277976,4
i277981,24
i27799,40
i277998,2
i278,22
i2780,10
i278012,2
i278013,3
i278025,1
i278026,2
i278029,1
i278032,2
i278039,13
i278043,2
i278081,15
i27809,5
i278098,8
i2781,1
i278101,6
i27811,9
i278119,2
i278125,7
i278132,7
i278141,7
i278145,1
i278147,2
i27815,9
i278153,16
i278155,11
i278165,1
i27817,31
i278171,42
i278173,3
i278176,27
i278189,7
i27819,1
i278190,4
i2782,33
i278200,7
i27821,14
i278214,11
i278215,1
i27822,19
i278220,1
i278228,4
i278244,5
i278260,15
i278275,1
i278278,3
i278279,2
i278280,31
i278281,2
i278284,9
i278293,1
i278298,1
i27830,13
i278300,3
i278306,7
i278310,2
i278320,1
i278323,1
i278327,8
i278328,3
i278329,1
i27833,1
i278335,1
i278342,5
i278346,1
i278347,1
i278349,1
i27836,64
i278374,1
i27839,10
i278403,6
i278404,1
i278405,2
i278406,5
i278407,2
i278408,7
i278414,5
i27842,31
i278429,4
i278431,1
i278433,2
i278436,21
i278439,1
i278443,10
i27846,36
i278463,1
i278468,3
i278471,7
i278474,1
i278487,3
i278488,3
i27849,34
i27850,2
i278504,6
i278513,1
i278515,2
i278525,3
i278526,16
i278531,7
i278533,10
i278544,10
i278545,1
i278546,23
i278547,3
i27855,10
i278555,5
i278557,2
i27856,1
i278560,3
i27857,1
i278574,14
i278580,1
i278581,10
i278582,1
i278583,5
i278585,4
i278588,9
i27859,18
i278597,1
i2786,8
i27860,53
i278601,13
i278604,3
i278605,6
i278606,3
i27861,21
i278613,8
i278618,1
i278619,1
i27862,16
i278622,2
i278628,1
i278630,2
i278632,1
i278634,5
i278638,4
i278641,2
i278658,2
i278659,1
i27866,29
i278663,3
i278672,5
i278675,1
i278680,1
i27871,2
i278713,3
i278719,3
i278721,7
i278723,1
i278725,3
i278726,4
i278729,1
i27873,23
i278736,4
i278748,2
i27875,12
i278759,1
i278760,1
i278765,3
i278767,2
i27877,8
i278774,3
i278785,5
i278786,7
i278795,1
i278798,4
i278805,1
i278806,3
i278808,1
i27881,29
i278811,1
i278823,9
i278826,2
i278831,13
i278845,7
i278853,2
i278854,4
i278855,4
i278856,2
i278875,2
i278879,1
i278888,9
i27889,1
i278890,4
i278894,4
i278895,3
i278898,1
i278900,4
i278906,1
i278913,6
i27892,32
i278932,3
i278945,3
i278956,1
i278968,2
i278969,7
i278972,1
i278975,5
i278982,2
i278983,1
i278987,2
i278990,2
i278992,1
i279009,4
i279010,5
i279014,2
i279019,1
i279023,6
i279027,3
i279030,5
i279041,4
i279042,3
i279045,5
i279054,1
i279057,2
i279058,9
i279063,5
i27907,17
i27909,4
i279092,2
i279094,1
i27910,4
i279108,1
i27911,68
i279114,1
i279115,6
i279131,3
i27914,26
i279147,1
i27915,3
i279153,9
i279155,1
i279156,5
i279157,3
i279163,3
i27917,10
i279172,1
i279174,4
i279181,3
i279195,4
i279198,3
i279199,4
i279204,8
i279209,4
i27921,11
i279214,2
i279217,1
i279223,2
i27923,15
i279232,2
i279235,2
i279236,3
i279238,2
i279246,1
i27925,52
i279258,3
i279260,3
i279266,7
i27928,1
i279289,4
i27929,1
i279296,1
i279298,4
i279301,10
i279302,2
i279304,5
i279310,1
i279315,1
i279317,4
i279330,2
i279331,2
i279332,2
i279336,7
i27934,3
i279348,3
i279351,4
i279353,4
i279354,2
i279355,1
i27936,16
i279363,8
i279365,8
i279375,17
i279382,4
i279384,3
i279390,2
i279396,5
i2794,15
i27940,25
i279420,3
i27943,13
i279430,17
i279436,4
i279437,8
i279439,12
i279441,1
i279442,11
i279443,4
i279453,3
i279456,3
i279457,3
i27946,29
i27947,7
i279471,4
i279474,5
i279481,1
i279487,1
i279489,2
i27949,17
i279516,2
i279520,1
i27957,5
i279571,16
i279573,1
i279576,1
i279578,6
i279592,8
i279594,9
i279595,5
i279597,1
i279609,3
i279611,8
i279614,2
i27963,7
i279635,2
i279638,2
i279650,15
i279707,2
i279710,7
i27972,29
i279722,3
i279724,2
i27973,1
i279732,3
i279735,1
i279738,1
i279739,2
i279748,2
i279749,7
i279754,7
i279756,7
i279758,2
i27976,63
i279764,9
i279776,11
i279777,2
i27978,9
i279783,7
i279786,2
i279787,10
i279797,1
i279798,1
i27980,14
i279800,3
i279801,3
i279802,1
i279804,2
i279806,1
i279818,2
i279824,3
i279827,3
i279834,2
i279843,2
i279846,4
i279849,2
i279850,7
i279854,5
i279871,3
i279889,1
i27989,18
i279894,1
i279899,2
i279901,13
i279905,4
i279911,1
i279919,28
i279928,1
i27993,4
i279938,6
i279942,7
i279943,1
i279949,1
i279955,2
i279962,5
i279965,3
i279978,2
i279983,17
i27999,3
i28000,25
i280009,6
i28001,1
i280010,2
i280012,3
i280015,4
i280021,1
i280023,8
i280029,3
i28003,4
i280031,4
i280033,2
i280042,3
i280064,6
i280066,4
i280069,8
i28007,20
i280071,8
i280073,3
i280075,1
i280080,4
i280081,3
i280082,6
i280086,5
i280088,1
i280091,1
i280095,7
i280106,1
i280111,7
i280121,4
i280125,3
i280128,1
i28013,9
i280132,6
i28014,25
i280149,7
i280167,2
i280169,2
i280170,2
i280171,2
i280172,1
i280175,8
i280179,6
i280192,1
i280193,3
i280196,2
i2802,39
i28021,5
i280210,1
i280214,5
i280215,2
i28022,4
i280220,2
i280223,2
i28025,29
i280258,6
i280260,1
i280271,4
i280274,3
i280279,2
i280282,3
i280287,9
i280290,8
i280299,1
i280308,4
i280312,5
i280339,2
i28035,41
i280352,11
i280356,5
i280366,8
i280371,2
i280373,8
i280374,3
i280375,4
i280379,1
i28038,24
i280381,3
i280389,41
i280396,1
i28041,19
i280418,3
i280420,2
i280427,1
i280429,2
i280432,1
i280439,2
i28044,26
i280441,20
i280451,1
i280452,1
i280454,4
i280455,1
i28046,6
i280463,4
i280470,3
i280487,2
i280493,1
i280495,5
i280498,3
i280503,6
i280506,8
i28051,19
i280537,5
i28054,1
i280547,2
i280553,1
i280556,1
i280564,3
i280568,4
i28057,4
i280570,1
i280571,9
i280573,1
i280584,2
i280587,12
i28059,57
i280598,1
i2806,66
i280603,1
i280607,3
i28061,46
i280613,1
i280615,1
i280616,1
i280619,13
i280623,6
i280632,2
i280638,5
i280639,12
i280652,1
i280667,9
i28067,2
i280671,4
i280678,16
i280679,6
i28068,17
i280681,3
i280689,6
i280694,3
i280705,5
i280718,22
i28072,3
i28075,10
i280750,8
i280757,7
i28076,4
i280764,1
i280768,3
i280778,2
i28079,1
i280797,1
i280803,4
i280806,1
i280819,6
i280830,2
i280838,2
i280881,12
i280891,34
i280898,2
i280904,2
i280907,1
i280917,6
i28093,7
i28094,6
i280944,3
i280951,2
i280952,1
i28096,25
i280960,1
i280973,4
i280983,1
i280985,1
i280994,2
i28100,39
i281004,2
i281007,3
i281008,2
i281013,1
i28102,46
i281023,4
i281025,3
i281032,1
i281033,5
i281035,6
i28106,2
i281081,3
i281086,3
i281099,2
i2811,21
i281102,1
i281104,3
i281109,10
i281118,2
i28112,59
i281122,2
i281124,5
i281132,2
i28114,88
i281148,12
i281158,4
i281159,2
i281162,3
i281163,3
i281179,1
i28118,17
i281185,3
i281186,2
i281191,1
i281192,1
i281197,2
i281206,1
i281207,3
i281211,1
i281213,2
i28122,23
i281223,1
i28123,1
i281230,5
i281234,16
i281237,4
i28124,3
i281241,5
i281248,6
i281249,3
i281251,7
i281252,3
i281255,5
i281257,8
i281259,9
i28126,3
i281263,8
i281270,12
i281271,3
i281273,1
i281284,1
i281287,3
i28129,7
i281295,2
i281313,7
i281319,3
i281324,1
i281327,4
i281329,1
i281334,1
i281353,1
i281358,1
i281380,1
i281383,9
i281388,1
i281399,3
i2814,24
i281420,1
i28143,6
i281446,1
i28145,38
i28147,42
i281475,3
i281484,12
i281488,12
i28149,11
i281491,4
i28150,54
i281502,6
i281508,1
i281516,1
i281519,7
i281538,7
i281542,4
i281548,6
i281551,5
i281555,18
i281558,20
i281577,2
i28158,4
i281582,5
i281587,2
i281590,3
i281591,5
i281595,2
i281597,2
i281601,1
i281611,1
i281618,4
i281624,10
i281625,1
i281632,5
i281634,1
i281637,1
i281651,2
i281660,4
i281674,4
i281677,6
i281680,3
i281682,2
i281687,4
i281691,4
i281704,4
i28171,52
i281711,3
i281718,14
i28172,64
i281729,5
i281740,1
i281744,1
i28175,8
i281754,4
i281757,2
i281759,1
i281762,2
i281763,1
i281770,1
i281771,1
i281784,1
i2818,11
i281803,1
i281804,9
i281807,2
i281808,3
i281811,2
i281812,2
i281822,5
i28183,44
i281832,1
i281839,2
i281841,4
i281846,5
i281847,4
i281849,2
i281850,21
i281857,1
i281863,1
i281865,3
i281868,2
i281873,2
i281885,2
i281893,5
i2819,6
i28190,63
i281923,1
i281924,15
i281926,3
i281929,2
i281933,2
i281940,12
i281961,2
i281979,9
i28198,13
i281996,4
i282000,8
i282008,3
i28201,12
i282013,1
i282017,6
i282021,8
i282030,1
i282031,1
i282038,4
i282040,2
i282042,3
i282044,3
i282050,2
i282058,4
i282064,1
i282065,10
i282073,1
i282093,1
i282099,1
i28210,8
i282110,1
i282118,1
i282119,1
i28212,66
i282142,3
i28215,21
i282153,6
i282178,3
i282180,22
i282189,12
i282193,11
i282194,2
i28220,1
i282202,1
i282203,2
i282204,8
i282208,29
i282210,3
i282212,1
i282213,8
i282217,2
i28222,70
i282220,5
i282226,10
i282233,1
i28224,40
i282244,14
i282253,14
i282261,2
i282264,6
i282265,1
i282270,3
i282273,2
i282281,3
i282283,1
i282286,1
i2823,2
i282300,12
i282301,2
i282303,1
i282314,5
i282315,1
i282319,5
i28232,3
i282324,4
i282326,5
i282328,1
i28233,30
i282346,1
i282361,3
i282363,15
i282371,3
i282373,1
i282375,5
i282376,4
i282380,2
i282385,2
i282390,1
i282392,5
i2824,82
i28240,14
i282411,2
i282434,12
i282443,1
i282447,1
i282453,8
i282463,1
i28247,28
i282482,3
i282492,3
i282493,2
i282499,1
i282510,9
i282511,6
i28252,9
i282525,1
i28253,40
i282535,4
i28254,18
i282544,4
i282549,14
i28255,15
i282551,21
i282553,6
i282560,1
i282565,12
i282569,4
i282574,1
i28258,20
i282599,1
i2826,30
i28260,18
i282602,2
i282606,1
i282609,1
i282612,2
i282613,1
i282614,3
i282617,1
i282623,1
i282630,10
i282634,1
i282640,1
i282642,1
i282643,1
i282645,6
i282647,1
i282650,2
i282653,3
i282656,5
i282659,3
i282660,6
i282661,2
i282665,8
i282669,2
i28267,23
i282671,10
i282672,1
i282674,4
i282677,7
i282679,1
i282681,5
i282684,1
i282685,17
i282692,1
i282693,1
i282696,8
i282716,8
i282724,11
i282735,1
i282747,1
i282750,3
i282756,1
i282762,6
i282766,3
i282769,4
i28278,3
i282781,7
i282790,3
i282797,2
i282803,2
i28282,34
i282825,1
i282826,16
i28283,52
i282830,2
i282835,10
i282836,9
i28284,26
i282843,2
i282850,9
i282862,3
i282865,11
i282871,3
i282879,12
i28289,21
i28290,23
i282905,2
i282909,2
i28291,10
i282917,4
i282920,1
i282930,7
i282939,1
i28294,49
i282948,7
i282950,8
i282955,7
i282963,12
i282969,9
i282982,8
i283,1
i2830,7
i28301,29
i283012,1
i283021,3
i283024,1
i283028,3
i283034,1
i283035,2
i28304,13
i283041,1
i283045,5
i283046,12
i283047,1
i283049,1
i283062,9
i283068,1
i2831,20
i283103,23
i283108,2
i28312,6
i283128,1
i283132,2
i283137,4
i283140,1
i283150,2
i283170,2
i283175,1
i283184,10
i283189,2
i283203,5
i283212,1
i283220,8
i283226,3
i28323,10
i283234,6
i28324,56
i283253,3
i283256,1
i28326,8
i283262,5
i283272,2
i283286,3
i283297,1
i28330,22
i28331,1
i283311,3
i283317,1
i28332,32
i283320,2
i283326,2
i28333,1
i283331,1
i283336,1
i283337,1
i283339,2
i283369,6
i28338,33
i283390,10
i283391,22
i283425,12
i283426,3
i283430,3
i283448,2
i283450,1
i283471,3
i283477,6
i283482,4
i283492,1
i283495,3
i283510,2
i283516,3
i283517,3
i283518,10
i283522,2
i283523,1
i28353,83
i28354,23
i283543,3
i283547,1
i283551,2
i283553,1
i283556,4
i283565,3
i283567,9
i283569,3
i283572,3
i28358,24
i283594,3
i283598,3
i283599,4
i28361,7
i283613,14
i283618,3
i28362,8
i283623,6
i283626,2
i28363,46
i283630,7
i283643,2
i283644,2
i283645,1
i283646,2
i28365,3
i283663,2
i283668,2
i283670,6
i283704,4
i283733,1
i28374,92
i283755,6
i283768,1
i28377,63
i283775,5
i283777,10
i283778,1
i283792,3
i283797,3
i283807,1
i283810,11
i283819,1
i283822,1
i283825,2
i283839,22
i28384,2
i283845,4
i283857,9
i28386,39
i283864,2
i28387,71
i283873,1
i283880,5
i283886,2
i283891,7
i283894,8
i28390,13
i283905,5
i283907,2
i283909,3
i28391,63
i283910,6
i283915,3
i283920,1
i283935,6
i283936,2
i283948,1
i28395,57
i283955,7
i28396,1
i283963,7
i283970,2
i283971,1
i283974,2
i283977,4
i283980,1
i283981,1
i283982,5
i283993,2
i283997,11
i283999,7
i284002,1
i284022,2
i28403,32
i28404,1
i284045,5
i284057,3
i284079,24
i284081,10
i284084,6
i284085,6
i284089,6
i284097,1
i284105,3
i284134,7
i284136,16
i284142,2
i284144,4
i284147,2
i28415,48
i284159,7
i284166,13
i28417,1
i284185,7
i284189,1
i28419,16
i284190,1
i284199,1
i284200,4
i284203,4
i284209,5
i284211,13
i284212,9
i284217,8
i284225,5
i284227,2
i284232,2
i284239,1
i284244,5
i284246,1
i284247,3
i284254,5
i284258,4
i284259,5
i284262,1
i284264,1
i284289,2
i284290,1
i284295,4
i284299,1
i28430,7
i284312,3
i284318,5
i284322,3
i284328,2
i284334,1
i284337,2
i28434,17
i284346,14
i284348,5
i284353,1
i284363,1
i284364,1
i284366,6
i284375,3
i284382,4
i284390,1
i284396,1
i2844,4
i284400,1
i284405,3
i28442,73
i284421,6
i284422,13
i284425,4
i284433,2
i284438,1
i284439,1
i284448,5
i284460,9
i284464,1
i284465,1
i284467,3
i284470,1
i284471,10
i284473,4
i284475,8
i284477,1
i284485,2
i284487,2
i284489,1
i284491,3
i284495,2
i284496,1
i284497,3
i284503,6
i284512,3
i284514,11
i284516,1
i284518,1
i284522,1
i284523,1
i284527,1
i28453,63
i284532,2
i28454,19
i284563,1
i284567,4
i28457,7
i284579,5
i28458,22
i284586,2
i284587,2
i284589,1
i284590,1
i284593,1
i2846,84
i284601,1
i284605,4
i284606,1
i28461,2
i284629,6
i28463,23
i284630,2
i284638,1
i284647,2
i284649,1
i28465,13
i284655,3
i284659,1
i28466,36
i284665,8
i28467,3
i284671,15
i284675,7
i284687,14
i284695,2
i284696,5
i2847,1
i28470,52
i284706,6
i284716,4
i28472,3
i284725,3
i284726,6
i284730,1
i284739,1
i28475,38
i284763,3
i284764,5
i284767,6
i284768,7
i284769,1
i284772,1
i28478,11
i284781,2
i284785,4
i284787,2
i284790,2
i284797,4
i28480,106
i284813,2
i284817,5
i284822,14
i284827,2
i28485,1
i284856,2
i284880,13
i284883,4
i284885,3
i284900,2
i284905,5
i284906,5
i284908,16
i284914,1
i284941,3
i284949,1
i28495,97
i284953,2
i284956,2
i284964,2
i28497,3
i285003,1
i285007,5
i28501,11
i28502,10
i285022,1
i285029,1
i28503,14
i285038,1
i285041,9
i285044,4
i285048,10
i285052,2
i285055,3
i285057,9
i285058,1
i285059,5
i285065,5
i28507,4
i285070,12
i285082,2
i285083,3
i285085,10
i285095,3
i285100,2
i285115,1
i285121,7
i285130,2
i285137,3
i285138,4
i28514,14
i285149,2
i285150,5
i285154,1
i285158,3
i285163,4
i285165,2
i28519,46
i285204,5
i285206,5
i285217,14
i28522,10
i285228,4
i285242,1
i285262,6
i285263,1
i285264,9
i285270,11
i285289,3
i285291,5
i285299,2
i285316,4
i28532,40
i28534,69
i285342,1
i285345,1
i285351,3
i285361,4
i285364,4
i285366,1
i285369,3
i285370,10
i285371,1
i285373,1
i285374,2
i285382,1
i285386,11
i28539,3
i285399,1
i2854,47
i285400,4
i285409,1
i285417,1
i28542,11
i285421,1
i285446,1
i28545,16
i285452,4
i285455,3
i285478,5
i285487,10
i285498,1
i28550,27
i285502,5
i285503,2
i285504,1
i285509,9
i28553,93
i28554,1
i285553,3
i285555,3
i28556,2
i285562,13
i285565,1
i285566,1
i28557,50
i285574,3
i285587,4
i285589,18
i28559,42
i285591,7
i285593,7
i285594,7
i2856,39
i28560,39
i285600,2
i285605,12
i285609,7
i285619,18
i285622,9
i285649,8
i285658,2
i285659,27
i285665,13
i285667,1
i285675,8
i285677,2
i285685,1
i285691,3
i285692,2
i285699,3
i285700,3
i285709,4
i285710,1
i285713,4
i285719,1
i285722,1
i285728,7
i28574,26
i285758,12
i285763,5
i285778,3
i285792,3
i285800,22
i285816,5
i285822,3
i285826,2
i285827,1
i285859,2
i285865,3
i285867,3
i285885,11
i285886,7
i285887,19
i285889,9
i28589,28
i285891,3
i285900,3
i285905,11
i285914,4
i285920,2
i285923,1
i285929,2
i285934,1
i285939,1
i285942,4
i285943,4
i285944,5
i285946,1
i285947,1
i285950,2
i285953,5
i285956,3
i285967,3
i285972,7
i285975,11
i285992,1
i285993,8
i285996,1
i285999,3
i28600,2
i286003,3
i286009,6
i286010,1
i286019,1
i28602,3
i286021,6
i286022,5
i286033,7
i286034,2
i286040,3
i286042,6
i28605,49
i286057,9
i286061,1
i286067,2
i286070,1
i28608,8
i286081,1
i286082,2
i286083,2
i286090,2
i286092,3
i286097,2
i28610,7
i286104,1
i286107,2
i286108,1
i28611,2
i286112,1
i286113,9
i286116,8
i28612,1
i286120,3
i286130,22
i286134,3
i286141,7
i286146,6
i286152,1
i286153,3
i286156,2
i286157,8
i28616,1
i286161,2
i28617,5
i286170,1
i286174,5
i286175,6
i286179,7
i28618,6
i286181,13
i286186,5
i286188,12
i28619,37
i286196,5
i286201,2
i286204,4
i286209,3
i286213,10
i286217,6
i286223,4
i28623,34
i286236,3
i286238,1
i28624,13
i286249,6
i286250,16
i286261,3
i286266,1
i28627,55
i286275,1
i286279,1
i286286,1
i286292,2
i286297,1
i2863,48
i286306,2
i286309,10
i286310,6
i286325,9
i28634,5
i286350,32
i286364,4
i286372,1
i286377,1
i28638,15
i286386,1
i286401,1
i286406,3
i286407,4
i28641,2
i286417,23
i28642,18
i28643,38
i286435,1
i286437,2
i286438,5
i286448,1
i286449,1
i28646,74
i286461,11
i28649,53
i286490,9
i286493,2
i286495,6
i286496,1
i286497,11
i286501,4
i28653,79
i286537,3
i286538,6
i28656,34
i286570,5
i286577,1
i286579,3
i286581,5
i286600,4
i286638,3
i286639,13
i28664,14
i286641,5
i286648,12
i286652,1
i286656,4
i286658,1
i28666,1
i286660,5
i28667,4
i286673,6
i286684,2
i286697,4
i286709,1
i286720,1
i286724,9
i286733,10
i286735,3
i28674,2
i286750,8
i286757,3
i286758,2
i286761,3
i286762,3
i28677,8
i28678,6
i286787,7
i28679,8
i2868,13
i28680,8
i286800,1
i28681,6
i286810,1
i286813,3
i286819,4
i286824,1
i286831,5
i28684,49
i286850,8
i286865,6
i286870,1
i286875,4
i286884,10
i286889,3
i286896,2
i286897,2
i286914,4
i286922,10
i286938,2
i286945,1
i28695,24
i286951,2
i286956,1
i286962,4
i28698,3
i28699,3
i286997,9
i287000,2
i287004,3
i287005,8
i287009,14
i28701,26
i287014,3
i287023,2
i287024,6
i287026,5
i28703,1
i287035,3
i287053,3
i287056,8
i287057,8
i287064,4
i287065,5
i287073,1
i28708,25
i28709,11
i287090,14
i287091,1
i287101,1
i287102,3
i287103,8
i287105,3
i287110,2
i287125,7
i287139,8
i287145,8
i287152,4
i287153,3
i287154,2
i287155,2
i287157,11
i287159,1
i287162,2
i287166,2
i28717,26
i287172,2
i287173,2
i287175,2
i287177,8
i287181,1
i287182,22
i287189,14
i287198,4
i287204,2
i287207,2
i287209,3
i287212,1
i287214,3
i287215,1
i287216,2
i287217,1
i287219,1
i28722,23
i287221,17
i287223,1
i287227,17
i287228,1
i287236,7
i287237,3
i287238,1
i287241,1
i287244,2
i287246,3
i28725,5
i287250,10
i287259,2
i287267,1
i287269,1
i287270,2
i287275,6
i287282,1
i287286,1
i287290,2
i287296,1
i287297,1
i287310,11
i287316,14
i28732,10
i287320,9
i287327,9
i287333,4
i287337,6
i287339,12
i287343,5
i28735,17
i287350,4
i287379,1
i287381,2
i28739,18
i287390,2
i287394,11
i287406,1
i287409,3
i287414,3
i28742,56
i287430,2
i287434,3
i287441,1
i287458,3
i287467,3
i287470,2
i287475,1
i287476,1
i287482,1
i287483,2
i287486,3
i287487,12
i287489,2
i287497,8
i287498,11
i287501,1
i287502,2
i287504,8
i287507,2
i287508,9
i287514,1
i287515,1
i287516,7
i287520,7
i287523,6
i287527,9
i287529,2
i28753,1
i287536,1
i287538,9
i28754,1
i287549,7
i287550,3
i287559,6
i287563,1
i28757,20
i287577,4
i287578,3
i28758,3
i287580,6
i287583,3
i287587,2
i287588,4
i287592,10
i287595,35
i287597,2
i287598,1
i287599,14
i287604,6
i287608,1
i287610,6
i287611,5
i287612,5
i287613,10
i287616,12
i287619,5
i28762,18
i287620,21
i287621,1
i287623,13
i287624,1
i287627,1
i287629,10
i287638,4
i287642,5
i287643,4
i287649,8
i287657,16
i287658,3
i287659,3
i287660,1
i287662,7
i287663,11
i287664,4
i287666,3
i287667,1
i287668,1
i287670,3
i287671,3
i287672,1
i287673,4
i287678,9
i287679,3
i28768,3
i287688,1
i287689,2
i28769,58
i287690,4
i28770,8
i287709,1
i287721,3
i287724,3
i287726,1
i287727,6
i287732,2
i287734,2
i287735,1
i287755,18
i287759,3
i287766,1
i287774,2
i287776,5
i287785,3
i287789,1
i287794,7
i287796,6
i2878,5
i287803,25
i28781,38
i287819,1
i287823,2
i287829,7
i287834,5
i287837,5
i287838,1
i28784,25
i287840,3
i287843,3
i287849,4
i28785,3
i287850,2
i287853,1
i287868,4
i28787,58
i287871,2
i287874,1
i287879,1
i28788,1
i287885,1
i287891,6
i287896,8
i287900,6
i287907,5
i287909,7
i28791,25
i287911,13
i287920,1
i287922,1
i287923,1
i287926,5
i28793,5
i287930,1
i287936,4
i28796,1
i287962,10
i28799,109
i287999,1
i288000,11
i288001,12
i288009,4
i288014,2
i28802,43
i288026,7
i288027,2
i288029,4
i288033,5
i288039,2
i288040,2
i28806,50
i288065,8
i288078,1
i288080,1
i2881,9
i28810,6
i288113,2
i288117,2
i288119,2
i288123,5
i288126,1
i288130,1
i288132,4
i288140,2
i288143,1
i288162,4
i288163,1
i288175,7
i288191,4
i288196,7
i288203,1
i288210,1
i288215,2
i288218,1
i288221,5
i288224,2
i288237,18
i288239,1
i288241,2
i288249,3
i28825,26
i288256,1
i288262,4
i288263,6
i288264,1
i288269,3
i288274,9
i288277,2
i288278,1
i288294,2
i28830,22
i288305,2
i28831,15
i288328,2
i288329,3
i28833,1
i28834,2
i288354,3
i288358,8
i288365,1
i288369,3
i288371,4
i288381,1
i288395,20
i288397,1
i288398,3
i2884,1
i28840,1
i288400,5
i288401,1
i288402,1
i288403,2
i288405,1
i288407,2
i288408,4
i288413,5
i288414,2
i288416,2
i288417,8
i288419,2
i288423,3
i288434,1
i288438,3
i288445,1
i288446,4
i28845,6
i288465,3
i288476,2
i288486,2
i288487,1
i288488,1
i288490,1
i288491,2
i288494,6
i288497,1
i2885,19
i28850,23
i288500,1
i288505,11
i288506,1
i288507,2
i288508,5
i288509,3
i288512,1
i288518,2
i28852,26
i288520,3
i288527,1
i288529,1
i28854,36
i288545,1
i288548,3
i28855,4
i288550,3
i288553,2
i288557,3
i288561,2
i28857,2
i288580,1
i288583,1
i288591,1
i288593,1
i28860,3
i288604,25
i288608,3
i288609,4
i288611,5
i288613,5
i288616,2
i288630,3
i288632,1
i288633,2
i288641,7
i288642,1
i288653,1
i288671,5
i288675,2
i288677,3
i288680,1
i288683,3
i288688,4
i288690,7
i288692,6
i288696,7
i288701,2
i288708,4
i28871,34
i288724,8
i288730,1
i288734,1
i28874,3
i288740,2
i288742,6
i288745,15
i288749,4
i288763,2
i288774,2
i288778,2
i28878,12
i288781,1
i288785,1
i288788,2
i288797,4
i28880,4
i288801,5
i288802,2
i288803,12
i288805,16
i288806,1
i288808,1
i288810,5
i288811,1
i288812,1
i288813,1
i288814,1
i288816,3
i28882,24
i288822,8
i288825,6
i288831,6
i288839,6
i288845,2
i288846,5
i288851,3
i28886,41
i288879,3
i288884,10
i288890,1
i288910,3
i288915,1
i288919,3
i288920,2
i288921,4
i288922,1
i288924,1
i288930,3
i288932,5
i288934,2
i288935,2
i288940,1
i288947,1
i288949,2
i288951,8
i288968,3
i288983,2
i288994,3
i288995,1
i289003,9
i289007,1
i289009,3
i289018,9
i289019,4
i289023,1
i289024,1
i28903,5
i289036,2
i289045,2
i289046,4
i289048,1
i28905,13
i289060,9
i28907,3
i289070,1
i289072,1
i289083,8
i289085,5
i28909,24
i289094,6
i2891,2
i289106,6
i289110,3
i289139,3
i289144,12
i289148,7
i289156,12
i289158,22
i289165,1
i289166,2
i289184,1
i289187,13
i289188,9
i289195,2
i289214,3
i289216,3
i289219,7
i28922,50
i289223,2
i289228,2
i289229,1
i289234,1
i289239,2
i289240,5
i289243,14
i28925,6
i289250,1
i289254,5
i289258,3
i289267,3
i289269,1
i289287,1
i289291,3
i289294,6
i289295,6
i289299,4
i28930,7
i289313,3
i289319,4
i289325,2
i289329,3
i28933,14
i289337,7
i289339,1
i28935,2
i289350,11
i289357,7
i289362,2
i289363,5
i289367,3
i289372,1
i289377,3
i289387,1
i289399,8
i2894,34
i289400,1
i289413,3
i289414,6
i289416,1
i289417,2
i289418,1
i289438,5
i289459,6
i289474,3
i289476,3
i289481,3
i289488,7
i289492,2
i289498,6
i289501,1
i289506,1
i289507,3
i289509,7
i289512,2
i289517,4
i289520,34
i289521,5
i28953,4
i289539,7
i289541,4
i289545,3
i289552,10
i289563,6
i289565,1
i289567,5
i28958,35
i289581,19
i289594,10
i289597,1
i289606,8
i289610,1
i289614,5
i28962,67
i289631,8
i289634,9
i289640,2
i289648,2
i289656,2
i28966,17
i289664,7
i289665,22
i28968,9
i289684,4
i289695,4
i289697,2
i289701,4
i289703,7
i289713,1
i28972,15
i289723,3
i289725,1
i289743,2
i289744,4
i289747,9
i289749,1
i289755,2
i289764,2
i289767,9
i289768,7
i28979,2
i2898,63
i289800,2
i289807,4
i289809,4
i28981,5
i289813,1
i289814,3
i289821,2
i289829,2
i28983,4
i289834,1
i289837,1
i289846,1
i289847,1
i289848,1
i289857,9
i289865,3
i289877,1
i289884,3
i289895,2
i289896,3
i289899,13
i2899,56
i28990,8
i289902,1
i289912,6
i289913,5
i289939,3
i289940,1
i289943,11
i289947,1
i289950,7
i289952,1
i289959,2
i289966,2
i289972,1
i289979,1
i289981,2
i289983,1
i289997,1
i290,32
i29000,5
i290011,3
i290015,1
i290017,1
i29002,28
i290020,5
i290024,3
i290033,17
i290034,2
i29004,33
i290042,9
i290043,4
i290044,3
i29005,48
i290051,3
i290055,1
i29006,63
i290063,4
i290069,2
i29007,1
i290079,6
i290083,3
i290089,1
i29009,21
i290090,1
i290094,11
i29010,2
i290109,2
i29011,16
i290116,3
i290118,3
i290121,3
i290124,1
i29013,10
i290141,6
i290142,9
i290148,6
i290149,6
i290154,8
i290158,2
i29016,17
i290162,3
i290172,2
i290173,4
i290179,1
i290181,7
i290184,3
i290191,1
i29020,14
i290213,2
i290217,4
i290223,3
i290240,1
i290246,6
i29026,57
i290266,3
i290267,7
i29027,72
i290270,7
i290282,4
i29029,22
i290294,6
i290297,5
i2903,4
i29030,3
i290308,1
i29031,40
i290315,2
i290321,1
i29033,26
i290342,1
i290359,2
i29036,1
i29037,16
i290377,6
i29038,12
i290380,6
i290383,1
i290385,3
i290386,1
i290389,4
i290396,3
i290407,4
i290416,38
i290417,3
i290422,1
i290431,1
i290448,2
i290458,1
i29046,6
i290465,4
i290468,1
i290472,5
i290473,1
i290474,2
i290476,1
i290478,5
i290479,1
i290482,5
i29049,46
i290492,5
i290494,1
i290496,2
i290498,3
i290501,1
i290507,15
i290513,4
i290516,3
i290518,1
i290520,8
i290530,6
i290539,1
i290545,3
i290556,1
i290564,4
i29057,1
i29058,20
i290588,1
i290593,7
i29060,90
i290600,3
i290601,3
i290603,3
i290609,3
i290614,3
i290615,3
i290617,5
i290618,1
i29062,2
i290621,1
i290623,1
i290626,4
i290627,4
i290630,1
i290634,1
i290635,1
i290638,5
i29065,2
i290650,10
i290655,6
i290658,1
i290673,2
i290677,1
i290679,2
i290688,8
i290689,2
i290692,1
i290701,11
i290709,3
i290713,5
i290715,1
i290718,1
i290720,1
i290737,6
i290738,3
i290741,1
i290743,1
i290752,3
i290763,5
i290765,2
i29077,16
i290772,3
i290774,8
i290779,1
i290782,2
i290792,1
i290798,2
i290799,7
i2908,1
i290802,3
i29081,3
i290811,6
i290812,1
i290816,1
i29082,1
i290832,2
i290837,1
i290839,9
i290841,4
i290843,2
i290845,5
i290852,3
i290858,2
i29086,2
i290865,1
i29087,23
i290871,3
i290875,7
i29089,10
i290890,1
i290891,1
i290892,9
i290898,1
i290899,1
i29090,16
i290901,4
i290905,3
i290909,1
i290917,3
i290919,4
i290922,1
i290927,5
i290929,3
i290931,1
i290933,5
i29094,27
i290940,1
i290942,1
i290944,3
i290958,1
i290969,4
i290978,11
i29098,6
i290981,6
i290982,2
i290987,2
i290993,2
i291003,6
i291005,1
i291006,6
i291016,5
i291018,1
i291035,1
i291054,5
i291060,7
i291061,8
i291071,3
i291075,4
i291082,2
i291085,3
i291087,13
i291090,4
i291092,9
i291094,2
i29110,45
i291104,4
i291105,1
i29111,2
i291122,1
i291124,2
i29113,71
i291132,2
i291135,32
i291137,1
i291140,4
i291142,1
i291148,3
i29115,4
i291156,2
i291162,1
i291166,8
i291169,1
i291170,8
i291171,1
i291177,1
i291180,2
i291184,6
i291188,5
i291207,3
i291208,1
i291211,2
i291216,1
i291218,2
i291219,6
i291222,4
i29123,5
i291234,12
i291255,1
i29126,2
i291278,3
i29128,4
i291280,3
i291281,1
i291284,1
i29129,34
i291294,1
i291297,3
i291299,1
i291309,1
i29131,12
i291316,1
i291317,3
i291324,14
i291328,3
i291338,10
i291347,8
i291352,3
i291357,2
i29136,39
i29137,9
i291376,3
i29138,16
i291382,2
i291385,1
i291389,2
i29140,15
i291409,5
i29141,44
i291410,2
i291414,3
i291417,4
i291419,3
i291435,2
i291443,9
i291448,1
i291452,7
i291454,1
i29146,1
i291466,3
i291467,1
i291468,2
i291476,1
i291484,2
i291495,5
i291499,1
i29150,15
i291502,2
i291513,1
i291522,4
i291524,3
i291533,7
i291535,8
i291536,3
i291538,1
i291543,1
i291545,15
i291546,7
i291548,4
i291550,3
i291559,2
i29156,2
i291563,8
i291565,3
i291567,2
i29157,35
i29158,33
i291581,1
i291585,1
i291589,1
i2916,34
i29160,37
i291605,1
i291607,6
i291608,9
i29161,1
i291610,1
i291613,16
i291614,2
i291615,2
i291617,1
i29162,4
i291633,2
i291634,6
i29166,30
i291665,19
i291666,1
i291668,8
i291669,1
i29168,52
i291682,19
i29170,1
i291707,2
i291708,3
i291709,2
i29171,103
i291725,7
i291728,1
i291734,14
i291742,2
i291757,1
i291760,1
i291763,2
i29177,1
i291776,6
i291782,2
i291789,2
i2918,30
i291803,9
i291806,13
i291819,1
i291823,2
i291825,3
i291833,2
i29185,3
i291856,1
i291858,1
i29186,42
i291866,3
i291867,5
i291869,2
i291873,18
i291876,1
i291878,3
i29188,7
i291890,2
i291899,4
i2919,2
i29190,8
i291913,7
i291921,1
i291923,2
i291924,3
i291926,2
i29193,27
i291932,1
i291934,3
i291938,4
i29194,18
i291945,4
i291947,2
i291951,4
i291959,1
i291963,23
i291967,5
i29197,12
i291976,1
i291978,3
i291987,6
i291989,1
i29199,55
i291990,2
i291995,10
i292001,25
i292004,3
i292008,10
i29203,3
i292035,3
i292038,2
i292040,9
i292068,2
i292069,4
i292074,2
i292084,4
i292091,6
i292093,31
i29210,37
i292104,1
i292108,3
i292119,2
i292121,5
i29213,4
i292131,13
i292137,1
i29215,69
i292157,1
i29217,1
i292173,4
i29218,27
i292194,2
i292197,2
i2922,27
i292200,7
i292205,2
i292211,4
i29222,6
i292222,7
i292223,4
i292228,1
i292231,4
i292236,8
i292238,1
i29224,7
i292241,2
i292243,2
i292263,2
i292269,3
i292270,1
i292273,2
i292284,3
i29229,41
i292294,8
i292298,2
i292300,1
i292309,3
i292314,1
i292315,3
i292319,1
i29232,14
i292322,1
i292325,4
i292328,2
i292329,3
i29234,8
i292355,3
i292356,1
i292359,5
i29237,67
i292373,1
i292378,4
i29238,1
i292384,1
i292388,1
i292389,1
i292391,5
i2924,35
i292407,4
i292409,2
i292413,3
i29242,38
i292427,1
i292431,1
i292432,1
i292450,5
i292451,2
i292455,7
i292460,2
i292463,1
i292479,3
i292480,5
i292481,1
i292482,1
i292485,1
i292493,5
i292495,4
i292499,2
i292501,4
i292524,1
i292525,5
i292531,1
i292544,1
i292557,5
i29256,2
i292561,4
i292572,2
i292573,2
i292587,1
i29259,31
i292594,1
i292600,6
i292603,5
i292615,2
i29262,64
i292621,2
i292629,1
i29263,13
i292637,3
i292639,6
i292640,9
i292648,2
i292657,5
i292660,6
i292664,3
i292665,1
i292667,6
i29267,26
i292670,6
i292679,1
i292682,4
i29269,14
i29270,7
i292713,1
i292728,1
i29273,59
i292730,2
i292742,1
i292746,1
i292747,5
i292773,2
i292774,7
i292777,3
i292783,1
i29279,33
i292792,1
i2928,90
i29280,47
i292804,2
i292807,5
i292810,2
i292833,10
i292841,1
i292851,4
i292854,1
i292857,1
i292859,3
i29286,18
i29287,5
i292897,2
i2929,11
i292901,5
i292904,7
i292910,1
i292920,2
i292924,3
i292930,1
i292931,3
i292932,1
i292939,3
i292941,5
i292945,27
i292946,4
i29296,25
i292962,3
i292963,6
i292966,2
i292981,1
i292983,3
i292993,1
i292995,2
i293001,6
i293012,7
i293013,3
i29302,74
i293021,6
i293022,1
i293030,3
i293033,2
i293036,4
i293041,2
i293044,1
i293049,9
i29307,24
i293076,2
i293083,2
i29309,1
i2931,5
i293102,5
i293104,2
i293105,4
i293116,6
i293119,8
i29312,13
i293128,2
i293141,5
i293144,1
i293152,6
i293156,7
i293158,2
i293165,1
i293166,2
i293167,2
i293174,3
i293176,8
i293177,2
i293179,4
i293183,1
i293185,2
i293186,8
i293190,1
i293192,1
i293196,5
i293197,10
i29320,46
i293202,1
i293203,4
i293214,1
i293219,1
i293229,3
i293230,9
i29324,36
i293246,1
i293247,8
i293253,1
i293256,10
i29326,9
i293260,4
i293265,16
i29327,2
i293274,3
i293278,5
i29328,21
i293281,3
i293288,3
i293292,3
i293294,4
i293296,3
i29331,12
i293319,4
i29332,26
i293325,2
i293326,2
i293329,2
i29333,1
i293330,1
i293342,14
i293343,2
i29335,16
i293350,2
i293353,1
i293360,5
i293362,4
i293365,2
i293366,2
i293368,4
i293369,10
i293370,2
i293372,1
i293373,4
i293382,3
i293386,1
i293391,1
i293396,2
i2934,4
i293402,1
i293404,9
i293407,2
i293411,6
i293418,8
i293423,5
i293432,1
i293433,1
i293434,4
i293439,2
i293447,6
i293448,8
i293456,2
i293459,16
i293460,1
i293463,4
i293471,8
i293472,4
i293479,1
i293481,3
i293483,4
i293488,1
i293489,10
i293491,12
i293494,9
i29350,26
i293501,1
i29351,42
i293511,4
i293515,4
i293518,4
i293519,2
i293521,6
i293526,11
i293530,2
i293532,1
i293542,2
i293548,1
i293555,1
i293566,1
i293572,1
i293577,6
i293591,8
i293595,4
i293596,1
i293597,2
i293616,9
i293620,2
i293631,2
i293636,1
i29364,4
i29365,8
i293658,4
i293659,1
i293661,12
i29367,1
i293671,2
i293674,2
i293676,3
i293685,2
i293686,9
i293687,5
i293695,3
i293696,1
i29370,7
i293702,5
i29371,5
i29372,17
i293722,1
i293723,2
i293724,3
i29373,3
i293731,9
i293732,1
i293735,1
i293742,7
i293746,8
i293749,1
i293750,10
i293760,9
i293761,19
i293771,15
i293772,9
i293776,3
i293779,4
i293789,6
i29379,13
i293799,3
i293803,1
i293809,7
i293811,7
i293818,3
i29382,54
i293821,3
i293824,3
i293826,12
i293830,3
i293833,1
i293856,3
i293861,11
i293864,2
i293866,1
i29387,5
i293870,1
i293872,17
i293875,1
i293877,41
i293887,1
i29389,14
i293891,2
i293893,2
i293894,22
i293897,1
i293903,3
i293904,2
i293914,8
i293937,6
i293939,3
i29394,26
i293940,5
i293945,6
i29395,15
i293955,16
i29397,23
i293970,2
i29398,26
i293983,2
i293987,4
i293988,6
i29399,28
i293991,1
i293996,1
i293998,4
i294,49
i2940,32
i294000,2
i294001,2
i294003,1
i294004,1
i29401,11
i294010,5
i294019,5
i294020,5
i294025,4
i294028,2
i294029,4
i29403,5
i29404,11
i294046,2
i294047,1
i29406,44
i294060,1
i294061,6
i294062,2
i294064,6
i294080,10
i294089,2
i294091,5
i294093,3
i294097,1
i2941,5
i29410,15
i294100,1
i294104,4
i294108,1
i294112,1
i294119,14
i294122,1
i294124,2
i294125,2
i294129,1
i29413,1
i294130,1
i294141,1
i294142,2
i294147,3
i294150,3
i294156,9
i29416,2
i294164,2
i294167,2
i29417,15
i294171,4
i29418,13
i294189,1
i294206,3
i294207,4
i294219,4
i29422,12
i294222,4
i294225,1
i294230,5
i294233,4
i294234,4
i294240,17
i294251,3
i294263,7
i294265,1
i294266,1
i294268,1
i294272,11
i294274,1
i294291,2
i294293,6
i294295,3
i294297,11
i294322,8
i294325,5
i294329,4
i294331,4
i294338,3
i294339,9
i29436,34
i294363,6
i29437,17
i294375,3
i294376,6
i294382,4
i294383,2
i294384,3
i294387,17
i29439,9
i294407,7
i29441,83
i294411,26
i294423,3
i294426,7
i29443,25
i294431,5
i294445,4
i294446,3
i294451,19
i294457,1
i294458,8
i29446,32
i294460,7
i294489,2
i294491,5
i29450,55
i294506,7
i294508,5
i294515,19
i294522,6
i294529,2
i294536,2
i294557,6
i29456,1
i294567,1
i294580,4
i294590,2
i294591,3
i294592,8
i294604,2
i294607,5
i294609,1
i294610,5
i294611,1
i294616,3
i29462,22
i29463,8
i294630,13
i294637,1
i294647,4
i294649,1
i29465,8
i294657,1
i294659,6
i29466,5
i294663,5
i294664,6
i294673,4
i294675,2
i294677,1
i294678,2
i294679,2
i29468,5
i294690,1
i294691,6
i29470,59
i294705,1
i294706,9
i294711,1
i294719,2
i294721,1
i294729,3
i294736,5
i294739,5
i294745,1
i294752,3
i29476,13
i294762,3
i294774,7
i294787,5
i294789,1
i294790,9
i294793,1
i294797,2
i2948,53
i294800,3
i294801,1
i294803,7
i294806,1
i294808,5
i294821,9
i29483,10
i294834,2
i294840,8
i294842,3
i294849,1
i294859,2
i294861,1
i294863,1
i29488,3
i294885,1
i294888,7
i294889,2
i294891,9
i294893,7
i294902,8
i294906,4
i294909,9
i29492,25
i29493,28
i294938,3
i294944,4
i294947,2
i294949,2
i29495,21
i294951,1
i29497,11
i294983,2
i294989,7
i29499,6
i295004,4
i295014,3
i29502,2
i29503,13
i295038,2
i29504,19
i295046,5
i295048,5
i295055,5
i295056,1
i295093,5
i295103,11
i295105,12
i295109,11
i29512,1
i295135,3
i295153,8
i295154,1
i295159,1
i29516,88
i295161,1
i295165,2
i29517,31
i295183,1
i295196,6
i2952,4
i295200,1
i29522,12
i295221,3
i29523,5
i295231,2
i295236,4
i295253,3
i295256,2
i295261,5
i295262,5
i295269,3
i295270,2
i295276,1
i295277,3
i295279,6
i29528,21
i295284,3
i295287,9
i29529,26
i295295,2
i295305,9
i295306,4
i295307,3
i295309,3
i29531,57
i295311,6
i295321,2
i295342,1
i295348,3
i29535,4
i295357,1
i295358,7
i295362,1
i295363,3
i295365,2
i295367,1
i295370,1
i29538,29
i295390,2
i2954,19
i295400,2
i295405,1
i295406,5
i295412,7
i295428,3
i295430,2
i295447,3
i295458,4
i295463,1
i295480,2
i295483,3
i29549,8
i295495,3
i2955,15
i29551,90
i295517,3
i295529,1
i295532,2
i29554,3
i295557,2
i295564,16
i295566,2
i295570,2
i295575,1
i295578,5
i295579,3
i295604,11
i295611,1
i295612,1
i295626,1
i295637,1
i295643,6
i295644,4
i295647,1
i295657,7
i295659,5
i29567,4
i295670,1
i295676,4
i29568,41
i295689,1
i295693,3
i295698,3
i29570,7
i295701,7
i295703,1
i295707,1
i295711,2
i295714,6
i295715,10
i29572,10
i29574,28
i295762,12
i295768,13
i29577,5
i295778,7
i29578,12
i295790,2
i295795,2
i295798,1
i295799,3
i2958,60
i295804,5
i295808,1
i295809,7
i295810,2
i295813,18
i295816,5
i29582,6
i29583,54
i295838,1
i295840,1
i295849,1
i295852,1
i295853,2
i295854,2
i295855,1
i295858,3
i295861,2
i295862,2
i295867,1
i295868,19
i29587,4
i295889,1
i295898,16
i2959,75
i295905,14
i295906,9
i295909,13
i295910,9
i295923,1
i29593,1
i295933,2
i295936,8
i295937,4
i295939,1
i29594,28
i295941,14
i295951,1
i295957,2
i295965,7
i295966,3
i295968,2
i295971,1
i295972,1
i295974,10
i295977,2
i295978,2
i29599,3
i295990,4
i2960,30
i29600,68
i296007,5
i296008,2
i296014,41
i296025,1
i296030,4
i296038,1
i296039,1
i296043,3
i296048,5
i296049,3
i29605,38
i296050,1
i296059,8
i29606,6
i296062,2
i296063,2
i296066,2
i296069,3
i296071,4
i296074,2
i296078,4
i296082,2
i296083,3
i296088,6
i296089,7
i296094,5
i296095,2
i296096,3
i29610,47
i296104,10
i296105,1
i296106,3
i296110,2
i296112,1
i29612,51
i296127,4
i296128,3
i296129,18
i296137,1
i296139,1
i296140,1
i296141,15
i296162,31
i296168,6
i296189,1
i296195,2
i2962,52
i296202,3
i29621,50
i296214,1
i296217,2
i296218,4
i296227,6
i296233,14
i29624,80
i296260,8
i296265,4
i29627,36
i296278,2
i2963,1
i29630,34
i296305,15
i296310,11
i296319,1
i296323,1
i296324,1
i296327,1
i296328,3
i296330,4
i296332,10
i296334,1
i296344,1
i296345,3
i296352,1
i296357,6
i29636,39
i296360,6
i296363,4
i296366,3
i296382,5
i296384,6
i296389,6
i296396,2
i29640,9
i296408,1
i296409,1
i296418,4
i29642,2
i29643,1
i296438,2
i296442,6
i296451,4
i296454,3
i296472,2
i29649,14
i296493,1
i296501,26
i296502,3
i296520,10
i296523,7
i296528,7
i296532,10
i296554,7
i29657,67
i296578,1
i296581,1
i29659,11
i296593,2
i296598,7
i2966,47
i29660,39
i296603,1
i296608,5
i296612,1
i296617,5
i296619,8
i29662,15
i296622,2
i296625,1
i29663,68
i296635,9
i296636,9
i29664,63
i296645,3
i29665,21
i296663,5
i296674,7
i29668,1
i296686,3
i296699,2
i296703,1
i296705,2
i29672,20
i296725,2
i296729,1
i29673,5
i296731,1
i296740,3
i296741,2
i296745,1
i296746,3
i29675,27
i296756,1
i29676,18
i296765,5
i296770,2
i296777,1
i296779,3
i296789,13
i296793,4
i296794,3
i296812,5
i296815,8
i296820,5
i29683,55
i296835,1
i296849,4
i29685,25
i296862,2
i296866,5
i296882,5
i296895,15
i296909,1
i296920,9
i296923,2
i296924,11
i296947,3
i296950,18
i29696,21
i296964,3
i296975,1
i29698,6
i296983,1
i296999,4
i297015,2
i297016,9
i297018,2
i297019,1
i297020,1
i297026,7
i297028,7
i297034,3
i297036,2
i297037,2
i297039,8
i297040,16
i297046,6
i297050,3
i297060,1
i297069,3
i297093,2
i297105,3
i297120,20
i297124,5
i297128,5
i297135,13
i297137,11
i297138,1
i29714,17
i297142,10
i297143,1
i297146,5
i297149,5
i297155,3
i297164,6
i297166,2
i297170,1
i297176,5
i297177,2
i297178,3
i29719,35
i297191,3
i297195,1
i297196,1
i297197,2
i29720,16
i297211,15
i297213,4
i29722,2
i297223,2
i297224,1
i297225,6
i297229,4
i297231,5
i29724,1
i297245,1
i297257,1
i297270,2
i297271,1
i297286,3
i2973,5
i29731,16
i297310,6
i29732,24
i297322,1
i297343,7
i297344,1
i297348,5
i297362,6
i297364,1
i297375,2
i297378,1
i297380,3
i297383,1
i297404,3
i297411,3
i297413,1
i297425,9
i29743,38
i297446,1
i297461,1
i297482,1
i297483,7
i29749,4
i297493,2
i297506,2
i297517,11
i297525,1
i297526,1
i297531,3
i297537,13
i297549,5
i297554,2
i297567,6
i29758,10
i297592,1
i297596,1
i29760,19
i297619,1
i297629,22
i297632,22
i29764,2
i297661,5
i297663,5
i297664,1
i29767,60
i297675,1
i29768,83
i297687,9
i29769,5
i2977,41
i297710,1
i297713,2
i297717,1
i297720,5
i297721,1
i297723,8
i297724,5
i297730,3
i297731,5
i297732,11
i297733,1
i297741,2
i297751,10
i297763,6
i297769,3
i297775,4
i297777,1
i297779,1
i297785,4
i297787,10
i29779,52
i29780,10
i297803,2
i297805,5
i297807,5
i297810,9
i297813,5
i297822,2
i297826,10
i297828,1
i297830,5
i297831,4
i29784,20
i297845,9
i297847,1
i297850,1
i297856,3
i297864,1
i297871,11
i297874,2
i297877,3
i297878,1
i297882,3
i297885,6
i297888,3
i297895,6
i297918,5
i29792,22
i297925,3
i297926,1
i297927,5
i297932,3
i297935,3
i297937,1
i297951,1
i297963,1
i297974,6
i297980,1
i297982,4
i297987,8
i297989,7
i297997,2
i297998,2
i298,33
i29800,7
i298000,6
i298022,1
i298030,4
i29804,15
i29805,2
i298055,6
i298057,9
i298058,1
i298062,1
i298069,1
i298071,2
i298074,1
i29808,52
i298087,1
i29809,4
i298090,13
i298094,5
i298096,2
i298102,1
i298104,2
i298109,4
i298115,1
i298124,4
i298126,3
i298130,3
i298134,1
i298135,2
i298137,7
i298138,1
i29814,23
i298144,1
i298147,3
i298149,1
i298154,4
i298159,1
i29816,26
i29818,35
i298182,1
i298197,5
i298208,1
i298210,2
i298213,1
i298218,5
i298221,5
i298228,3
i29823,31
i298231,1
i298234,6
i298243,4
i298255,5
i298265,6
i298266,1
i29827,3
i298271,4
i298272,8
i298274,2
i298282,4
i298284,3
i29829,59
i298293,2
i298299,2
i298301,10
i298306,19
i298318,6
i29832,2
i298321,1
i298333,4
i29834,20
i298349,5
i298352,1
i298360,7
i298363,5
i29837,40
i298379,1
i2984,5
i298400,3
i298402,4
i298408,1
i29841,5
i298412,9
i298425,4
i298429,2
i29843,34
i298436,1
i298438,12
i298451,3
i298458,1
i29847,8
i298473,1
i298475,8
i298476,1
i298479,5
i298482,3
i298489,4
i29849,12
i298490,4
i298491,1
i298493,2
i298497,3
i298503,3
i298504,1
i298505,1
i298509,6
i29853,30
i298531,1
i298536,3
i298548,1
i298551,6
i29857,12
i298570,2
i298571,3
i298572,30
i298579,1
i298591,3
i29861,3
i298613,1
i298614,2
i29862,2
i298637,4
i298640,1
i298643,5
i29865,22
i298659,1
i29866,3
i298671,14
i29868,9
i298681,42
i29869,16
i2987,24
i29870,17
i298702,2
i298703,3
i298706,1
i29871,99
i298724,27
i29873,15
i298744,7
i298745,2
i298749,2
i298752,9
i298772,1
i298775,1
i298780,7
i298784,3
i298790,3
i298792,2
i298794,4
i298801,1
i298805,3
i298807,9
i298813,1
i298816,1
i298817,1
i298818,2
i298837,10
i29885,77
i29888,38
i298880,2
i298883,1
i298888,4
i29889,11
i298893,2
i298894,1
i298895,1
i298897,1
i29890,18
i298903,1
i298910,4
i298911,3
i298925,1
i298928,2
i298929,3
i298934,8
i298936,3
i298948,2
i298956,4
i298959,3
i298964,1
i298968,2
i29897,19
i298973,1
i298976,11
i298979,2
i298983,3
i298991,3
i298996,1
i298998,1
i298999,1
i299,10
i299004,3
i299005,1
i299006,1
i29901,17
i299011,2
i299013,3
i299016,1
i299018,8
i29902,4
i299022,5
i299034,2
i29904,7
i299042,8
i299051,3
i299065,3
i299067,17
i299070,1
i299072,1
i299077,1
i299081,4
i299083,2
i299084,2
i299086,1
i299088,3
i299090,2
i2991,45
i299124,1
i29914,89
i299141,6
i299142,17
i29915,15
i299155,13
i299156,2
i299158,17
i299163,9
i299165,8
i299173,3
i299184,1
i299189,1
i299194,1
i299195,1
i299196,1
i299197,1
i299200,1
i299202,8
i299206,1
i299209,1
i299210,4
i299211,1
i299215,8
i299223,3
i299225,1
i299227,1
i299229,2
i299230,1
i299231,1
i299237,2
i299242,5
i299244,6
i299245,14
i29925,12
i299254,4
i299257,8
i299259,1
i299261,1
i299266,6
i299276,19
i299277,20
i299282,4
i299284,2
i299289,3
i299290,3
i299300,11
i299302,9
i299306,7
i299310,5
i299315,3
i299317,2
i29933,7
i299335,6
i299338,1
i299342,2
i299343,7
i299348,3
i299353,2
i299357,1
i299358,4
i299366,3
i29937,24
i299378,16
i299382,1
i299383,3
i29939,54
i299390,1
i29941,27
i299414,2
i299418,21
i29942,13
i299432,3
i29944,2
i299444,2
i299445,4
i29945,1
i299454,8
i299455,10
i299465,1
i299467,5
i29947,32
i299471,9
i299482,7
i29949,25
i299490,1
i299491,3
i299493,1
i29950,30
i299501,3
i299507,8
i29951,8
i299518,2
i29952,17
i299522,1
i299525,9
i299527,14
i299529,5
i29953,4
i299531,2
i299547,1
i299549,2
i299550,9
i299551,2
i299552,2
i299565,2
i299573,6
i29958,9
i299588,3
i299592,5
i299595,2
i299600,5
i299605,1
i299608,3
i29961,2
i299612,3
i299613,1
i299614,5
i299620,15
i299621,8
i299626,7
i299627,10
i299630,14
i299634,11
i299644,4
i299658,7
i299659,5
i29966,1
i299667,2
i299668,3
i299671,2
i299673,1
i29968,10
i29969,46
i299691,3
i299692,1
i299695,10
i2997,28
i299720,1
i299721,6
i299722,1
i299723,6
i299737,1
i299738,5
i299742,48
i299751,1
i299769,1
i299770,4
i299773,3
i29978,5
i299782,1
i299786,2
i299787,3
i29979,15
i299796,4
i29980,2
i299802,1
i299806,5
i299813,7
i299816,1
i299818,3
i299819,12
i299820,1
i299821,1
i299827,2
i299830,1
i299839,2
i299840,6
i299841,4
i299845,6
i299847,7
i299854,4
i299860,5
i299861,3
i299868,4
i299869,1
i299870,19
i299872,5
i299874,13
i299885,2
i29989,24
i299890,8
i299895,3
i299898,3
i299903,1
i299904,1
i299908,1
i29991,20
i299922,15
i299939,3
i299941,2
i299942,8
i299948,5
i299949,3
i299950,1
i299954,4
i299959,19
i29996,6
i299971,7
i299974,1
i299975,2
i299977,2
i29998,28
i299983,3
i299984,14
i299988,1
i299989,2
i299991,2
i299992,3
i299994,6
i299998,1
i299999,1
i3,14
i3000,83
i30000,3
i300005,2
i30001,6
i300010,7
i300012,8
i300018,9
i300019,1
i300020,4
i300022,6
i300023,4
i300025,1
i30003,32
i300030,5
i300033,2
i300036,1
i300039,8
i300043,6
i300050,10
i30007,21
i30009,4
i300090,3
i300091,1
i300104,3
i300113,1
i300131,4
i300133,12
i300135,1
i300139,2
i300141,7
i300142,7
i30016,5
i300160,1
i300168,1
i300169,2
i300193,2
i300209,1
i300225,14
i300226,1
i300230,1
i300242,5
i300247,1
i300252,4
i300256,1
i30028,2
i300285,2
i300287,2
i300292,2
i300294,3
i300309,1
i300316,10
i30032,7
i300328,6
i300330,8
i300335,2
i30034,7
i300341,4
i30035,6
i300361,1
i300362,1
i300364,17
i30037,29
i300378,11
i30038,18
i300382,1
i300388,3
i300391,2
i300394,7
i3004,22
i30040,7
i300403,1
i300406,12
i300418,7
i30042,2
i300429,1
i300435,1
i300437,2
i300441,1
i300442,1
i300452,2
i300455,1
i300456,1
i300462,2
i300468,2
i300469,2
i300484,3
i300490,7
i30050,13
i300503,1
i300511,1
i300512,8
i300515,1
i300517,1
i30052,35
i300526,4
i300531,1
i300545,1
i300556,1
i300562,15
i300569,9
i300576,9
i30058,7
i300586,5
i300591,10
i300592,4
i300602,2
i300614,1
i300617,1
i30063,22
i300637,1
i300643,3
i300644,7
i300646,1
i300650,3
i300656,6
i30066,63
i30068,19
i300686,5
i300687,2
i300696,2
i30070,18
i300709,1
i300715,1
i30072,4
i300740,2
i30075,22
i30076,26
i30077,2
i300772,7
i300782,3
i300783,1
i300784,2
i30079,90
i3008,30
i300802,3
i30081,34
i300813,15
i300819,1
i300832,2
i300844,3
i30085,1
i300855,2
i300875,7
i300877,2
i300884,6
i300899,4
i300903,4
i300910,3
i300912,24
i300929,1
i300936,5
i300942,4
i300943,5
i300945,1
i300956,5
i30096,4
i300965,1
i300977,12
i30098,19
i300988,1
i30099,4
i300996,4
i3010,58
i301008,6
i301009,1
i30101,10
i301010,2
i301017,4
i30102,1
i30103,1
i301039,2
i301041,1
i301042,2
i301044,2
i301046,1
i301065,2
i301073,5
i301075,12
i301083,6
i301091,4
i301103,17
i301108,2
i301115,10
i30112,32
i301133,3
i301134,11
i301138,11
i301139,1
i301150,14
i301154,2
i301172,1
i301186,4
i301189,5
i301190,1
i301192,19
i301196,2
i301199,2
i301201,10
i301205,2
i301206,1
i301207,5
i301213,1
i301217,5
i301221,3
i301222,5
i301225,5
i301228,2
i301232,1
i30125,11
i301253,2
i301256,5
i301268,5
i301293,2
i301308,7
i301309,1
i301317,5
i301323,1
i301325,2
i30133,10
i301330,1
i301334,2
i301349,5
i301367,1
i301371,3
i30139,58
i301398,4
i3014,4
i301418,1
i301424,2
i30143,33
i301433,6
i301439,8
i301445,4
i301449,4
i30145,34
i301460,1
i301470,1
i301471,4
i301473,10
i301475,2
i30148,1
i301480,2
i301486,1
i3015,5
i301500,1
i301504,9
i301506,9
i30154,5
i301545,3
i301558,1
i301578,5
i30158,12
i301580,2
i301581,4
i301593,1
i301597,1
i301609,2
i301611,1
i301614,1
i301627,2
i301630,6
i301631,2
i301635,1
i301637,1
i301639,4
i301645,2
i301665,2
i301673,1
i301675,2
i301679,1
i30168,50
i301681,2
i301682,2
i301683,1
i301686,2
i30169,25
i301705,3
i30171,43
i301724,2
i301726,3
i301727,2
i301729,1
i301736,11
i301739,3
i301742,7
i301747,14
i301750,3
i301751,2
i30177,23
i301787,1
i301789,3
i30180,2
i301806,2
i30181,11
i301815,3
i301826,14
i301831,1
i301833,2
i301844,1
i301848,1
i301850,3
i301851,4
i301856,3
i301861,1
i301872,1
i301875,1
i301882,8
i301885,14
i30189,57
i301901,1
i301903,3
i30191,17
i301919,6
i30193,4
i301930,1
i301931,1
i301932,11
i301934,1
i301939,1
i30194,10
i301965,3
i30197,21
i301977,1
i301987,1
i301999,9
i302,16
i3020,20
i30200,23
i302001,1
i302006,1
i302012,2
i302013,1
i302016,4
i302017,2
i302022,1
i302024,1
i302025,1
i302028,19
i302042,16
i302053,4
i302055,12
i302057,1
i302063,7
i302068,5
i30207,68
i302071,1
i302076,14
i302079,1
i30208,18
i302082,5
i302087,12
i302088,1
i302089,1
i302094,3
i302095,1
i302098,18
i302114,10
i302119,11
i302123,17
i30213,22
i302147,9
i302149,4
i302151,4
i302157,5
i302163,13
i302166,4
i302169,3
i302170,2
i302172,2
i302173,4
i30218,3
i302199,1
i302220,6
i302238,1
i302242,1
i302245,1
i302246,5
i302247,5
i302249,4
i30225,3
i302252,1
i302258,5
i302260,3
i302267,2
i30227,4
i302274,1
i30228,35
i302280,2
i30229,17
i3023,4
i302302,6
i302303,3
i302304,5
i302308,1
i302311,7
i302327,4
i302330,1
i30234,21
i302353,1
i302356,4
i302365,3
i302370,2
i302375,3
i302377,2
i302379,4
i30238,7
i302387,2
i30239,70
i302402,35
i302404,12
i302408,1
i302410,2
i302411,5
i302414,4
i30242,11
i302420,1
i302428,9
i302431,3
i302441,6
i302442,3
i302444,4
i30245,15
i302451,3
i302455,1
i302459,1
i30246,1
i302466,4
i302468,5
i30247,12
i302470,1
i302471,1
i30248,4
i302486,5
i302489,1
i30249,28
i302490,1
i302491,17
i302496,2
i302503,3
i302516,2
i302522,6
i302523,1
i30254,17
i302550,2
i302554,9
i302563,4
i302565,2
i302569,10
i302574,3
i302575,12
i302577,6
i302578,1
i302589,4
i30259,66
i302590,2
i302591,6
i3026,36
i302612,1
i302617,7
i30262,40
i302621,4
i302623,7
i302624,5
i302627,2
i302628,8
i30263,78
i302630,18
i302633,10
i302635,5
i302637,3
i302639,2
i30264,1
i302640,2
i302646,34
i302647,4
i302651,1
i302656,5
i302657,3
i302658,1
i30266,28
i302662,3
i30267,3
i302686,2
i302687,7
i302696,3
i30270,50
i302700,2
i302703,2
i302706,2
i302708,3
i30272,8
i302723,1
i302725,2
i302728,1
i302730,2
i302735,2
i30275,18
i302759,2
i302772,10
i302773,13
i302781,3
i302788,1
i302800,11
i30281,14
i302810,4
i302812,5
i302818,2
i30282,20
i302821,3
i302831,3
i302835,1
i302845,1
i302850,1
i302866,5
i30287,64
i302872,3
i302885,3
i302910,3
i302915,3
i302916,4
i302917,3
i302918,1
i302920,10
i302921,5
i302922,7
i302924,1
i302929,1
i302931,3
i302932,1
i302935,3
i302936,4
i302939,6
i30294,1
i302944,2
i302945,2
i30295,12
i302958,1
i302960,3
i302961,1
i302964,6
i302967,2
i302969,1
i302975,11
i302976,2
i302977,4
i302978,2
i302981,2
i302982,2
i302988,2
i302989,2
i303000,1
i30301,80
i303013,4
i303017,10
i303018,6
i303020,3
i303023,4
i303029,2
i303031,6
i303034,2
i303036,7
i303043,1
i303045,5
i30305,21
i303050,4
i303051,2
i30306,3
i30307,26
i303077,5
i303079,6
i303080,24
i303082,1
i303086,9
i303090,4
i303103,7
i303104,1
i303106,2
i303109,11
i303111,7
i303115,2
i303117,2
i30312,7
i303123,21
i303136,24
i30314,12
i303140,3
i303142,5
i303143,3
i303149,2
i303154,2
i303157,6
i303158,7
i30316,11
i303172,3
i303174,4
i303176,4
i303178,5
i303181,4
i303195,2
i3032,1
i303210,1
i303211,3
i303217,11
i303220,3
i303222,3
i303225,2
i303230,4
i303234,7
i30324,48
i303240,2
i30325,3
i30330,32
i303324,4
i303331,8
i303333,8
i303338,4
i303340,6
i303348,3
i303354,2
i303360,1
i303361,1
i303368,2
i30337,21
i303374,11
i303389,6
i30339,45
i303393,8
i303402,1
i303406,5
i303408,1
i30342,67
i303438,1
i303444,15
i303451,2
i303453,6
i303454,8
i303459,1
i303465,1
i30347,18
i303488,1
i303504,2
i303505,9
i303506,5
i303508,8
i303509,6
i303513,5
i303517,2
i303518,2
i303521,1
i303523,7
i303526,7
i303535,1
i303540,10
i303543,2
i303553,1
i303560,1
i303565,19
i303566,2
i303568,1
i303573,9
i303574,10
i303576,4
i303577,1
i303579,4
i303580,2
i303581,1
i303583,1
i303589,1
i303605,1
i303606,2
i303607,1
i303611,7
i303627,2
i303629,1
i303636,3
i303645,2
i303654,1
i303659,6
i30366,8
i303677,8
i303680,1
i303683,5
i303687,10
i303700,7
i303702,2
i303705,4
i303707,3
i303712,3
i303720,5
i303721,3
i303724,3
i303728,5
i303730,1
i303733,4
i303744,1
i303746,11
i303751,1
i303752,7
i303754,3
i303755,1
i30376,72
i303763,1
i303767,1
i303770,2
i303771,1
i303788,5
i303792,2
i303795,1
i303797,8
i303806,1
i303808,1
i30381,30
i303826,1
i303829,2
i30383,3
i303836,3
i303837,2
i303839,2
i303842,4
i303844,3
i303847,9
i303849,4
i30385,28
i303853,2
i303856,1
i303860,1
i30387,2
i303871,1
i303873,2
i303884,1
i303897,2
i303899,4
i3039,4
i303903,4
i303914,1
i303915,2
i303918,18
i303920,2
i303922,2
i30393,61
i303932,6
i303939,1
i30394,30
i30395,35
i30396,24
i30397,9
i303971,1
i303974,5
i303976,2
i303979,6
i30398,8
i303981,1
i303982,2
i303983,4
i303984,4
i30401,1
i304018,1
i304023,3
i30403,2
i30404,27
i304044,16
i304046,1
i304059,1
i304074,1
i304098,1
i304107,10
i30415,46
i304151,1
i304152,3
i304160,5
i304167,2
i304177,10
i304186,6
i304198,1
i3042,32
i30420,4
i304200,10
i304203,2
i304204,2
i304205,1
i304207,6
i304208,3
i304210,2
i304213,3
i304214,3
i304217,3
i304218,8
i304224,1
i30423,8
i304231,3
i304233,7
i304237,2
i304252,4
i30426,1
i304265,1
i304274,12
i304276,1
i3043,7
i30430,2
i304301,4
i304305,2
i304307,5
i30431,1
i304341,4
i304347,1
i30435,12
i304351,3
i304355,4
i304357,1
i30436,16
i304360,4
i304369,1
i304384,2
i304388,2
i30439,29
i304397,3
i304401,1
i304416,6
i304421,7
i304425,1
i304427,2
i304430,3
i304431,2
i304435,4
i304451,8
i304454,1
i304455,4
i30446,28
i304485,1
i304487,1
i30449,5
i304513,21
i304517,3
i304518,7
i30452,3
i304525,2
i304530,7
i304531,3
i30454,4
i304540,1
i304546,7
i304548,1
i304549,2
i304550,4
i304562,11
i304566,5
i304572,5
i304573,1
i304578,2
i304582,2
i304591,2
i304596,3
i304597,1
i304611,1
i304615,1
i304616,4
i30463,5
i30464,3
i304642,5
i304645,6
i30465,29
i304657,6
i30466,70
i304664,1
i304669,3
i30467,4
i304670,6
i304686,2
i304693,10
i3047,10
i30470,3
i304702,15
i304723,8
i30473,4
i30474,5
i304746,7
i30475,7
i304752,2
i30476,13
i304760,3
i30477,5
i304772,2
i304777,1
i304783,2
i304785,2
i304790,2
i304791,4
i3048,5
i304800,7
i304805,1
i304812,4
i30482,2
i304829,7
i304831,1
i304837,20
i304838,1
i304841,18
i304842,6
i304850,3
i304851,4
i304872,3
i304874,9
i304875,1
i304889,1
i304894,14
i3049,50
i304900,2
i304909,3
i304914,7
i304918,5
i30492,24
i304922,1
i304924,7
i30493,1
i304931,3
i304942,1
i304947,1
i304955,1
i30496,11
i304960,10
i304963,4
i304967,2
i304982,1
i304995,3
i304997,3
i305004,3
i305017,2
i305030,3
i305031,4
i305032,13
i305035,6
i30504,10
i305040,2
i305047,2
i305049,2
i30508,7
i305082,6
i305096,3
i305097,1
i305107,1
i305109,2
i305112,1
i305122,6
i305125,12
i305132,1
i305134,2
i305139,5
i305145,4
i305151,11
i305161,5
i305163,4
i305165,1
i305166,1
i305173,3
i30519,4
i305191,4
i305194,2
i305196,4
i305198,3
i305206,7
i305214,5
i305217,1
i305224,1
i30523,3
i305231,14
i305236,2
i305246,3
i305249,5
i30525,10
i305257,7
i30526,21
i305260,1
i305261,2
i305262,1
i305263,1
i305272,1
i305278,3
i30528,1
i305281,2
i305285,10
i305286,2
i305287,11
i30529,19
i305296,2
i305308,1
i305315,1
i305319,5
i305320,5
i305329,10
i30534,16
i305355,4
i305367,4
i305371,5
i305372,11
i305374,1
i305378,1
i305381,4
i30539,6
i305391,4
i3054,23
i30540,4
i305406,7
i305414,1
i30542,29
i305423,1
i305429,1
i305430,2
i305431,1
i305440,3
i305459,1
i30547,2
i305471,1
i305475,2
i305478,1
i305479,3
i305481,3
i305487,2
i3055,4
i30550,17
i305504,1
i30551,58
i30552,39
i305525,4
i30553,4
i305531,3
i305535,2
i305546,1
i305550,2
i305558,4
i30557,20
i305583,7
i305594,11
i305602,1
i30561,15
i305615,3
i305619,18
i305624,1
i305625,3
i305627,1
i305629,1
i305631,8
i305632,6
i30564,17
i305655,6
i305658,4
i305663,9
i305669,1
i30567,46
i305672,6
i305673,6
i305677,9
i305684,7
i305686,1
i305688,3
i305695,3
i305704,1
i305706,5
i305708,1
i30571,7
i30572,39
i305720,2
i305723,2
i305746,7
i305748,12
i305758,9
i30576,1
i305765,5
i305769,2
i305771,1
i305772,2
i305774,1
i305775,5
i30578,1
i305784,1
i305786,5
i305790,1
i305793,8
i305795,2
i30580,2
i305801,3
i305802,3
i30581,64
i305813,3
i305818,6
i305821,1
i305828,3
i305831,1
i305835,1
i305836,1
i305842,2
i305844,9
i305848,2
i305850,1
i305855,4
i305857,5
i305859,1
i305860,1
i305861,2
i305866,14
i305868,9
i305870,1
i305871,9
i305873,2
i305879,8
i305883,3
i30589,1
i305891,5
i305894,3
i3059,35
i305902,13
i305917,6
i305926,2
i305932,9
i305941,1
i305962,1
i305965,1
i305968,1
i305970,15
i305977,1
i305983,8
i305995,2
i306024,1
i306035,1
i306039,1
i30605,36
i306050,1
i306059,1
i30606,3
i30609,7
i306108,1
i306117,1
i30612,3
i306155,8
i306164,17
i306175,1
i306176,11
i306178,2
i306200,6
i306203,9
i306205,5
i306248,5
i306254,1
i306255,1
i306260,2
i306269,4
i306270,19
i306276,7
i306277,1
i306280,15
i306281,1
i30629,2
i306298,1
i3063,7
i306303,6
i30631,22
i306318,11
i306319,4
i306321,2
i306322,10
i306323,2
i30633,1
i30634,30
i306346,10
i306350,10
i306357,2
i306366,6
i306367,1
i306369,2
i306372,3
i306378,4
i30638,13
i30639,4
i306394,2
i30640,17
i30641,5
i306415,10
i30642,3
i306422,6
i306429,15
i30643,70
i30644,23
i306440,3
i306458,7
i306466,2
i306477,2
i306488,1
i30649,40
i306492,8
i306497,11
i306503,3
i30651,77
i306519,4
i30652,6
i306523,1
i306525,1
i306527,3
i306531,2
i306541,2
i30656,22
i30658,19
i306587,7
i306589,1
i306599,3
i306603,1
i306610,2
i306613,2
i306617,12
i306620,4
i306622,21
i306624,2
i306640,9
i306647,3
i30665,20
i306661,8
i30667,29
i306673,5
i306676,6
i306680,2
i306685,1
i30669,45
i306701,7
i30672,4
i306724,3
i306727,1
i306729,4
i306734,1
i306738,2
i306756,2
i306757,4
i306768,4
i306772,3
i306793,6
i306798,7
i30680,11
i306800,2
i306803,3
i306808,2
i306821,2
i30683,24
i306844,3
i306851,3
i306852,1
i30686,81
i306865,1
i30687,5
i306887,2
i306904,2
i30692,26
i306923,1
i30693,30
i306932,1
i306933,2
i306934,1
i30695,31
i306956,27
i30699,28
i306995,6
i307002,12
i307003,4
i307016,1
i307045,1
i307046,2
i30705,64
i307054,8
i307090,7
i3071,28
i307106,3
i307122,3
i30713,3
i307131,3
i307154,2
i307158,2
i307168,2
i307170,1
i307188,5
i307197,10
i3072,26
i30720,3
i307216,1
i307217,2
i30722,28
i307221,4
i307224,5
i307225,4
i307232,5
i307243,1
i307245,8
i307249,7
i30725,26
i30726,3
i307267,2
i307271,14
i307277,8
i307278,1
i307279,1
i30728,26
i307281,5
i30730,14
i307300,10
i307301,5
i307302,3
i307303,3
i307305,10
i307309,4
i307310,1
i307314,9
i307332,1
i307347,3
i30736,20
i307360,2
i307370,15
i307375,1
i307389,1
i307391,4
i307399,2
i307400,8
i307404,1
i307420,1
i307450,4
i307454,4
i307474,1
i307476,3
i307479,2
i30748,1
i307484,2
i3075,30
i307511,1
i307514,1
i30752,6
i307530,2
i30754,31
i307546,20
i307554,19
i30756,21
i307567,1
i307568,1
i30757,35
i307583,5
i307593,2
i30760,6
i307604,6
i307605,4
i307606,1
i307609,2
i307611,1
i30763,6
i307652,6
i307654,9
i307658,5
i307663,16
i307681,2
i307701,3
i307708,3
i30771,4
i307715,2
i307736,3
i30774,15
i307755,2
i307756,5
i307762,3
i30777,18
i307772,2
i307785,4
i307788,2
i307792,1
i307796,2
i307797,1
i3078,27
i307802,2
i307806,3
i307809,2
i307814,2
i307816,1
i307819,2
i307821,7
i307837,2
i307852,2
i307856,1
i307858,5
i30787,20
i307871,1
i307873,3
i307875,9
i307881,1
i307886,4
i307887,2
i307888,1
i307889,4
i30789,28
i307896,1
i307898,2
i3079,10
i30790,1
i307902,4
i307915,3
i307918,7
i307919,6
i30792,4
i307931,3
i307937,2
i30794,4
i307940,3
i307943,12
i307952,2
i307957,27
i307965,1
i307966,2
i30797,19
i307981,24
i307982,4
i307989,5
i30799,8
i307996,1
i307999,1
i308,9
i3080,20
i308010,2
i308014,6
i308016,1
i308028,3
i30803,8
i308034,4
i308036,4
i308042,2
i308050,1
i308051,2
i308068,14
i308070,3
i308073,2
i308075,3
i308076,3
i308080,4
i308087,2
i30809,3
i30810,7
i308128,2
i30813,32
i308133,2
i308137,1
i308143,2
i308152,4
i308163,7
i30817,49
i308171,2
i308175,8
i308182,4
i308185,6
i308186,14
i308198,1
i30820,1
i308203,3
i308206,2
i308209,1
i308211,5
i308223,1
i308224,3
i308226,5
i308231,2
i308233,6
i308241,6
i308243,2
i308253,1
i308254,14
i308255,10
i308263,2
i30828,30
i308281,3
i308283,4
i30830,1
i308306,8
i308307,1
i30833,17
i308351,1
i308358,13
i308366,1
i308376,2
i308381,1
i308386,1
i308390,1
i308395,9
i308399,5
i308403,1
i30843,28
i308430,1
i308449,1
i308452,4
i308468,1
i308490,1
i308500,1
i308502,5
i308506,4
i308512,9
i308514,2
i308516,1
i308517,5
i30853,1
i308535,9
i308537,16
i30854,10
i308540,1
i308542,5
i308543,1
i308551,12
i308552,8
i308555,2
i308559,6
i308560,2
i308567,1
i308571,2
i308576,5
i308579,1
i308590,1
i308602,24
i308604,3
i308609,1
i308616,4
i308618,3
i308619,1
i308631,9
i308633,4
i308639,3
i308640,6
i308642,2
i308655,6
i308659,1
i30868,44
i308680,1
i308688,2
i30869,18
i308690,1
i308707,4
i30871,6
i308711,1
i308713,3
i308718,9
i30873,5
i308747,5
i308775,1
i308782,5
i308797,6
i308800,8
i308803,6
i30881,24
i308816,3
i308821,1
i308828,1
i308837,1
i30884,1
i308845,5
i308849,1
i308855,1
i308858,2
i308868,1
i308880,1
i30889,28
i30890,5
i308900,1
i308905,1
i308909,14
i308918,1
i308921,1
i308926,4
i308940,2
i308942,9
i30896,3
i308983,5
i308996,4
i308999,5
i309005,4
i309011,1
i309016,11
i30902,4
i30903,22
i309050,19
i3091,19
i30910,2
i309100,1
i309105,12
i30912,20
i309149,8
i30916,2
i309160,1
i309166,1
i30917,26
i309171,19
i309172,5
i309176,2
i309177,3
i309185,2
i3092,4
i30920,1
i309204,2
i309206,4
i309211,1
i309220,2
i309221,2
i309222,1
i309224,22
i309226,1
i309242,1
i309244,10
i309245,9
i309246,8
i30925,3
i309251,2
i309258,5
i309263,1
i309274,12
i309276,3
i309279,10
i309292,5
i30930,1
i309303,1
i309310,1
i309313,6
i309316,3
i309321,1
i309323,1
i30935,6
i309372,2
i309384,1
i309390,15
i309394,4
i309407,1
i30942,1
i309428,2
i30943,3
i309437,5
i309440,1
i309443,1
i30945,11
i309451,4
i309453,2
i309466,7
i30947,4
i309476,1
i309480,6
i309491,2
i309495,2
i309496,6
i309497,1
i3095,4
i309512,6
i309516,4
i309517,4
i309528,4
i309540,3
i309541,3
i309542,1
i309556,1
i309561,1
i309569,2
i309575,6
i30958,3
i309588,6
i309592,2
i309596,1
i309601,2
i309603,5
i309625,1
i309629,5
i309634,2
i309645,3
i309647,8
i309650,9
i309651,3
i309665,4
i309669,5
i309671,18
i309687,3
i30969,47
i309693,8
i309701,5
i309708,3
i30971,31
i309710,2
i309715,4
i309727,2
i309737,6
i309742,3
i309747,2
i309757,1
i30976,2
i309760,2
i309769,12
i30977,16
i309773,1
i309780,9
i309797,6
i309798,4
i309801,3
i309803,1
i309807,1
i309814,7
i30985,2
i309855,6
i30986,29
i309872,2
i309898,10
i30990,36
i309905,15
i309907,5
i309909,2
i30991,20
i309911,1
i309914,1
i309927,5
i309928,9
i309929,5
i309933,2
i309938,1
i309941,1
i309942,1
i309945,4
i309947,1
i309948,2
i309954,4
i30996,28
i309977,3
i309988,1
i309999,11
i31000,83
i310013,3
i310019,1
i31003,8
i310030,8
i310041,11
i310048,1
i310059,1
i310065,3
i310066,8
i310067,2
i310079,5
i310090,2
i310093,6
i310098,1
i310099,3
i310102,6
i31012,16
i310129,15
i310134,3
i31014,11
i310144,1
i310148,1
i31015,11
i310161,17
i31017,2
i310170,14
i310179,3
i310180,2
i3102,26
i310202,3
i310204,4
i310205,4
i310213,1
i310215,2
i310222,16
i310223,5
i310232,1
i310233,2
i310236,1
i310238,2
i310239,4
i310243,11
i31025,42
i310250,1
i310251,5
i310254,2
i310256,3
i31026,21
i310262,3
i310274,2
i310282,1
i31029,41
i310298,1
i310299,4
i310301,6
i310303,1
i31031,102
i310322,1
i310324,7
i310325,1
i310337,10
i31034,27
i310342,2
i31035,55
i310350,16
i310358,16
i31036,5
i310363,2
i310366,1
i310367,6
i310369,1
i310384,6
i310385,1
i310389,3
i310393,3
i310397,2
i310403,1
i310405,3
i310412,6
i31042,4
i310432,2
i310434,4
i31044,12
i310444,1
i310449,1
i31045,11
i31046,66
i310470,1
i31048,45
i310500,9
i310502,4
i310508,4
i310515,7
i31052,18
i310523,1
i310528,2
i310534,15
i310535,10
i310539,3
i310546,5
i310555,4
i310563,10
i310566,33
i31057,1
i310575,3
i31058,3
i310584,11
i310594,4
i3106,3
i31060,62
i310600,1
i31061,43
i310616,7
i31063,15
i310649,2
i310655,2
i310659,3
i31066,2
i310662,1
i310664,1
i310670,2
i310671,1
i310676,17
i310686,6
i310689,1
i3107,15
i310710,3
i310712,1
i310713,1
i310716,25
i31072,52
i310724,4
i310727,4
i31073,26
i31074,11
i310743,3
i310744,1
i310757,5
i310758,1
i31076,15
i310768,3
i31077,6
i31078,6
i310782,1
i310788,18
i310794,8
i310795,3
i31080,13
i310809,8
i310810,23
i310814,3
i310817,2
i310821,3
i310826,2
i310827,8
i310832,1
i310833,20
i310839,17
i310842,10
i310844,20
i310859,1
i310868,5
i31089,57
i310891,4
i310892,1
i310893,3
i310894,1
i310900,5
i310909,1
i310910,2
i310911,2
i310915,3
i310923,1
i310926,2
i31093,9
i310932,1
i310941,1
i310943,4
i310944,3
i310948,2
i31097,6
i310977,16
i310981,9
i310984,10
i310987,3
i310990,5
i3110,26
i311004,1
i311005,1
i311009,2
i311017,3
i311019,2
i311020,1
i311026,3
i311028,1
i311040,9
i311041,27
i311042,5
i31105,12
i311053,1
i311054,4
i31107,25
i31108,2
i311090,2
i311099,4
i31111,26
i311111,1
i311113,1
i31113,31
i311134,11
i311137,12
i31114,8
i311140,8
i311156,1
i31118,3
i311182,22
i3112,50
i31120,8
i31122,86
i311221,1
i311223,2
i311228,2
i311238,3
i311243,1
i311245,2
i311248,8
i311263,5
i311275,9
i311289,2
i311296,2
i31131,48
i311315,1
i311321,9
i311323,2
i311325,2
i311331,9
i311332,3
i311335,3
i311336,3
i311338,1
i31134,53
i311344,10
i311350,2
i311369,1
i311371,2
i311377,2
i311379,1
i31138,11
i311381,4
i311382,3
i311386,4
i311392,1
i311404,18
i311410,2
i311413,1
i31143,17
i311431,10
i311440,8
i311447,2
i311450,4
i311456,5
i311462,2
i311468,3
i311469,4
i311474,1
i311492,8
i311496,12
i311499,2
i311500,1
i311501,10
i311505,1
i311508,3
i311525,1
i311529,10
i311534,18
i311535,10
i311543,8
i311555,2
i311558,1
i311564,2
i31157,33
i311578,2
i31158,12
i311580,4
i31159,4
i311607,2
i311625,2
i311627,1
i311636,1
i311638,2
i311639,2
i311645,4
i31165,40
i311656,4
i31167,10
i311673,2
i311680,3
i311699,8
i31171,71
i31173,4
i311736,2
i311758,6
i311776,3
i311779,3
i311789,1
i31179,7
i311799,2
i3118,20
i311802,1
i311808,4
i311837,1
i311850,1
i311888,3
i31189,17
i31190,34
i311901,9
i311909,1
i311917,1
i311932,2
i311936,3
i311937,2
i311938,1
i31194,26
i311942,31
i311952,2
i311963,1
i311977,3
i311978,7
i311979,2
i311980,9
i311981,5
i311982,1
i311987,3
i311997,13
i312006,4
i312016,4
i312022,4
i312028,1
i312039,2
i31204,8
i31205,8
i312059,1
i31206,97
i31207,34
i312085,1
i312089,4
i31209,4
i312097,1
i312103,3
i312117,12
i312129,11
i312139,9
i312144,3
i312145,1
i312163,2
i312196,6
i312199,3
i31220,30
i312200,9
i312207,15
i31221,5
i312210,1
i312225,1
i31224,6
i312242,2
i312246,11
i31225,3
i312255,1
i31226,7
i312261,4
i312267,5
i31228,1
i312280,2
i312285,2
i312288,1
i31229,38
i312299,2
i312308,1
i312315,3
i312317,6
i312321,1
i312323,1
i312328,3
i31233,22
i312333,1
i312347,1
i312348,3
i312352,2
i312378,1
i31238,7
i31239,5
i3124,14
i31243,10
i312434,1
i31244,30
i31245,1
i312455,1
i312456,1
i312459,2
i31246,12
i312491,4
i312496,3
i312505,4
i312515,1
i312516,3
i312529,1
i312536,4
i31254,4
i31255,7
i312555,1
i312556,1
i312562,2
i312571,4
i312575,4
i31258,36
i31261,1
i312619,2
i312623,17
i312628,1
i312633,1
i31264,12
i312640,2
i312660,3
i312664,1
i31267,11
i312672,1
i31269,13
i312691,8
i312706,1
i312707,1
i31271,36
i312711,1
i312728,2
i312733,1
i31276,7
i312766,4
i312783,2
i312787,4
i312788,1
i31279,29
i3128,27
i312800,2
i312808,2
i312818,1
i312822,2
i312828,5
i312830,7
i312852,1
i312859,4
i312870,2
i31288,77
i312882,13
i31289,50
i312898,3
i3129,1
i312908,1
i31291,1
i312915,2
i312922,1
i31293,40
i312944,4
i312946,4
i31295,15
i312957,12
i312986,3
i3130,8
i313007,1
i31302,16
i313022,6
i313028,12
i313029,1
i31304,7
i31305,3
i313051,3
i313054,1
i313058,3
i313104,3
i313113,1
i313137,2
i313141,1
i313143,2
i313152,3
i313156,2
i313157,1
i313171,6
i313177,1
i313178,1
i313179,4
i313185,2
i313186,6
i313189,2
i313199,16
i313200,15
i313205,4
i313231,1
i313244,3
i313251,1
i313257,8
i313258,5
i31326,11
i313263,5
i313268,3
i31327,4
i31328,42
i313287,1
i313302,1
i31332,13
i313333,6
i313336,5
i313339,6
i313352,10
i313354,28
i31336,32
i31337,51
i313373,8
i313380,3
i313382,6
i313393,6
i31340,5
i313401,9
i313406,3
i31341,4
i31343,2
i313431,5
i313438,3
i313450,4
i313467,3
i31347,17
i31348,30
i313486,7
i31350,29
i313527,6
i313528,1
i313532,1
i313533,2
i313556,7
i313559,5
i313560,2
i31358,3
i313583,1
i313585,2
i313616,1
i313627,6
i313641,2
i313657,10
i313659,4
i31366,5
i313666,3
i313674,1
i313675,3
i313684,1
i3137,29
i313719,2
i313725,13
i313729,12
i313746,5
i31375,1
i313752,2
i31376,1
i313760,5
i313763,1
i313770,8
i313776,3
i313780,1
i313781,6
i313782,1
i313788,1
i313802,4
i313812,4
i313817,3
i31382,58
i31383,11
i313832,1
i313843,3
i313852,3
i31386,7
i313877,1
i313879,1
i313899,1
i313905,1
i313912,1
i313923,1
i313928,2
i31393,1
i313933,1
i31394,9
i31396,15
i313971,2
i313974,1
i313975,1
i313978,4
i313982,2
i313988,4
i313989,2
i31401,5
i31403,49
i314045,1
i314057,1
i31406,11
i314063,3
i314064,2
i31407,29
i314070,3
i314080,1
i3141,1
i31410,30
i314105,4
i31411,30
i31412,26
i31413,18
i31417,3
i314173,12
i314176,2
i314179,4
i314191,3
i314196,2
i314207,1
i31421,3
i314210,3
i314215,12
i31422,79
i314227,8
i314267,2
i31427,62
i314270,5
i314272,5
i314279,6
i31428,3
i314286,2
i314288,2
i31429,6
i314291,2
i314292,2
i314298,5
i3143,77
i314310,2
i314312,15
i314315,2
i314320,1
i314328,3
i314337,2
i31434,14
i314348,4
i314356,1
i314362,3
i314363,1
i314365,1
i31438,34
i314391,2
i314416,10
i314429,1
i314432,3
i314434,1
i314443,3
i314445,1
i31445,22
i314458,5
i31447,21
i314474,1
i314478,2
i314484,12
i31451,4
i314514,3
i314517,1
i314518,2
i31452,18
i314521,1
i314539,3
i31455,6
i314561,3
i314568,6
i31458,9
i314583,5
i314594,4
i314595,2
i31460,13
i314605,8
i314612,1
i314627,1
i314632,1
i314634,1
i314638,3
i31465,31
i314650,7
i314651,1
i314655,1
i314657,2
i314658,4
i314659,1
i314665,6
i31467,1
i31469,11
i314692,3
i314701,1
i314714,1
i31472,44
i314724,3
i314744,3
i314751,1
i314754,2
i31476,32
i314764,3
i31477,14
i314770,1
i314775,1
i31478,1
i314783,1
i314799,2
i314800,3
i314804,1
i314814,6
i314826,5
i314833,2
i31484,51
i314845,2
i314846,3
i314847,2
i31485,11
i314878,1
i314892,20
i314896,2
i314898,5
i31490,21
i314903,2
i314908,2
i31491,4
i314911,2
i314916,6
i314918,7
i314919,4
i314936,2
i314937,1
i314942,5
i314946,6
i31495,3
i314958,6
i314959,6
i31496,1
i314961,1
i314974,13
i314982,1
i314990,2
i314996,3
i315001,2
i315006,2
i315014,1
i315017,3
i315023,1
i315026,1
i315027,5
i31503,75
i315038,2
i315040,2
i315043,10
i315047,3
i31505,10
i315051,1
i315061,1
i315064,1
i315065,4
i31507,11
i315074,2
i315082,1
i315085,1
i31509,22
i3151,32
i315101,2
i315108,4
i315119,4
i31512,27
i315130,3
i315131,4
i315133,3
i315134,2
i315138,1
i315140,4
i315158,2
i315173,6
i315180,3
i315183,15
i315188,2
i315195,17
i315203,2
i315204,1
i315213,3
i315216,11
i315218,11
i315226,7
i315241,1
i315242,2
i31526,18
i315284,7
i315285,3
i31529,22
i315299,7
i315300,3
i315303,3
i315308,7
i315310,9
i315313,1
i315318,4
i31534,8
i315340,3
i315341,23
i31535,39
i315352,2
i31536,54
i315363,13
i31537,18
i315370,2
i315371,1
i315372,1
i315377,1
i31539,22
i315393,3
i3154,9
i315400,5
i315423,5
i315424,4
i315425,8
i315429,7
i315434,2
i315435,1
i315439,1
i315446,3
i315447,2
i315451,2
i315457,2
i315460,6
i315490,1
i315498,4
i315514,2
i31553,51
i315530,13
i315531,1
i315536,2
i315538,1
i31554,8
i315545,3
i315548,2
i31556,34
i315564,1
i315571,5
i315573,3
i315576,2
i315580,4
i315586,1
i3156,8
i31560,27
i31561,6
i315620,9
i315627,11
i315633,1
i315638,3
i315644,2
i31565,34
i315658,5
i315670,8
i315685,1
i31569,4
i315691,1
i315696,2
i315710,3
i315711,1
i31572,24
i315721,6
i315726,2
i315733,2
i315761,1
i315762,1
i31577,3
i315770,5
i315781,17
i315785,4
i315786,1
i315805,6
i315808,4
i315811,3
i315812,1
i315814,4
i315817,1
i31582,3
i315834,1
i315836,2
i315840,2
i315871,10
i315872,1
i315875,1
i315885,2
i31589,26
i315893,1
i315899,6
i315901,2
i315904,3
i315907,5
i315914,1
i315927,1
i31593,5
i315938,3
i315942,1
i315957,1
i315959,2
i315960,1
i31597,4
i315973,8
i315977,2
i31598,59
i315999,9
i3160,67
i31601,36
i316015,8
i316016,5
i31603,10
i316037,1
i31604,5
i316043,2
i316054,1
i31610,24
i316110,1
i316111,1
i316114,2
i31612,11
i316128,4
i31613,4
i316140,1
i31616,26
i316170,2
i316208,1
i316230,20
i316237,1
i31624,36
i31625,13
i316256,6
i316268,2
i316269,4
i31629,8
i3163,8
i316313,13
i31635,5
i316356,5
i31636,5
i31637,2
i316385,3
i31639,2
i316391,11
i3164,3
i316408,7
i316430,9
i31645,1
i316456,3
i316457,5
i31646,10
i316473,2
i316481,7
i31649,38
i316490,1
i3165,9
i31650,62
i316510,5
i316514,1
i316516,2
i316517,4
i316524,1
i316526,1
i316537,1
i316539,5
i316543,1
i316553,5
i316567,2
i31657,4
i316572,2
i316575,1
i316577,5
i316579,1
i316582,1
i316587,1
i316588,4
i316589,1
i316601,2
i316608,4
i316609,3
i316611,1
i316615,11
i316623,5
i316628,1
i316637,4
i316639,7
i316643,1
i316652,8
i316654,1
i316665,1
i31667,10
i316675,4
i316687,1
i316700,3
i316712,3
i316723,11
i316724,14
i316744,1
i316751,2
i31676,2
i31677,2
i316770,3
i31678,28
i316784,3
i316788,4
i316794,8
i316796,9
i316798,4
i316809,5
i316810,2
i316811,3
i316812,1
i316815,2
i316821,1
i316831,1
i316835,1
i316837,7
i316842,7
i31685,2
i316854,1
i316863,1
i316873,1
i316875,4
i316876,5
i31688,2
i316882,4
i3169,26
i316903,1
i316915,2
i316916,3
i316918,1
i31692,21
i31693,36
i316931,1
i316935,3
i316937,1
i31694,2
i316940,7
i316943,2
i316946,4
i316947,1
i316949,4
i316953,2
i316959,7
i31696,14
i316962,4
i316969,4
i316970,8
i31700,72
i31702,38
i317026,3
i317033,1
i31705,15
i317053,3
i317070,2
i317078,3
i31708,29
i317107,1
i317119,6
i31712,34
i317127,8
i317132,29
i31715,5
i317161,1
i317163,1
i31717,3
i317174,2
i317177,2
i317182,3
i31719,8
i317191,3
i317210,1
i317214,3
i317218,2
i31722,27
i317220,3
i317222,2
i317223,5
i31724,56
i317240,2
i317268,9
i317278,1
i317284,1
i317286,3
i317292,1
i317296,2
i317299,9
i31730,5
i317303,2
i317305,3
i317324,2
i317325,1
i31734,3
i317355,6
i317364,1
i317372,2
i317374,4
i317383,1
i317388,1
i317389,1
i31739,9
i317390,5
i317391,1
i317396,2
i317397,3
i317405,14
i317429,13
i317432,5
i317434,2
i317435,6
i317441,1
i317445,15
i317448,1
i317454,5
i317456,1
i317457,1
i31747,14
i317477,5
i31748,2
i317483,5
i317484,14
i317490,7
i317497,6
i317533,5
i317538,4
i317546,11
i317554,25
i317563,1
i317568,2
i317571,6
i317576,2
i31759,18
i317593,4
i317614,3
i317625,13
i317626,2
i317638,4
i317643,16
i317646,5
i31766,38
i317665,1
i31767,11
i317672,5
i317673,3
i317681,6
i317685,3
i317695,4
i317698,1
i31770,12
i317701,8
i31772,2
i317740,6
i317741,4
i317743,3
i317746,6
i317752,14
i317755,12
i317761,1
i317763,1
i317769,2
i31777,9
i317770,9
i317774,1
i317784,14
i317786,9
i317789,1
i31779,2
i317791,1
i3178,42
i317805,1
i31782,27
i317828,1
i317839,2
i31784,4
i317840,3
i317843,6
i317844,4
i317847,4
i317852,2
i31786,3
i317863,12
i317867,2
i317882,2
i317886,6
i317888,2
i317893,3
i31790,19
i317911,1
i317914,2
i317922,3
i317932,1
i317934,3
i317975,5
i317979,4
i317986,1
i318006,2
i318009,3
i31801,63
i318015,7
i318026,5
i318033,10
i318045,6
i31805,24
i318050,7
i318051,1
i31806,27
i31807,109
i318078,13
i31808,45
i318088,2
i31810,61
i318105,1
i31812,21
i318120,4
i318153,3
i318155,1
i31816,55
i318168,4
i31817,1
i318170,1
i318171,2
i318176,3
i318187,2
i318193,10
i318195,1
i318198,3
i318209,1
i318216,2
i318219,1
i318261,1
i318263,2
i31827,62
i318273,1
i318284,3
i318285,1
i318294,2
i31831,10
i318311,1
i318319,1
i318321,6
i318358,2
i318359,4
i318392,4
i318418,8
i318420,3
i318421,3
i318422,1
i318430,1
i318438,4
i318446,3
i31845,7
i31846,32
i318463,3
i318464,1
i318469,1
i31847,19
i318471,17
i318495,5
i318497,1
i318499,1
i3185,38
i318511,13
i31852,3
i318528,2
i318530,1
i31854,7
i318541,2
i31855,2
i318556,3
i318559,4
i31856,26
i318561,3
i318563,2
i318564,2
i318569,8
i31858,6
i318582,6
i318586,3
i31859,37
i318609,1
i318612,4
i31862,26
i318625,8
i318634,5
i318649,4
i318654,8
i318665,8
i318675,6
i318685,6
i318686,2
i31870,52
i318705,2
i318707,6
i318708,3
i318712,3
i318719,2
i318720,3
i318724,1
i31873,1
i318734,6
i318741,3
i318751,17
i318760,2
i318764,3
i31880,2
i318801,1
i318809,4
i318815,4
i318818,2
i318825,8
i31883,30
i31884,24
i31885,17
i318858,1
i318863,7
i318864,6
i318866,1
i318869,2
i31887,40
i318871,1
i318873,1
i318874,1
i31888,51
i318881,9
i318882,4
i318888,7
i3189,60
i318901,1
i318905,3
i318915,16
i318919,5
i318921,1
i318924,4
i318928,3
i318936,4
i318948,2
i31895,3
i318953,5
i31896,16
i318960,1
i318963,4
i318977,2
i318980,4
i318989,3
i318995,2
i319,3
i319002,4
i319007,7
i319009,8
i319012,2
i319051,2
i319055,5
i319062,1
i31907,16
i319082,5
i319084,8
i319085,3
i319090,2
i319103,1
i319112,1
i319126,4
i319133,1
i319141,16
i31915,2
i319176,1
i319181,1
i319212,1
i319213,1
i319220,2
i319223,2
i319225,1
i319227,2
i31924,85
i319242,8
i319247,5
i319255,5
i319268,1
i319275,2
i319277,1
i319278,11
i319284,1
i319286,2
i319288,1
i319301,9
i319304,2
i319310,7
i319311,1
i319340,2
i319348,2
i319369,11
i31939,30
i319394,6
i319398,3
i319400,2
i319402,2
i319406,5
i319409,2
i319418,15
i319436,1
i31945,43
i319452,1
i31946,5
i319486,2
i319496,3
i31951,9
i319519,2
i319527,8
i319546,1
i319550,8
i319553,1
i319566,1
i319572,1
i319580,6
i319612,13
i319613,4
i319615,3
i319616,13
i319626,1
i319629,1
i31964,54
i319644,18
i319648,2
i31965,44
i319651,1
i31966,15
i319671,12
i31968,6
i319721,19
i319736,1
i31976,49
i31977,2
i319776,5
i319779,10
i319784,8
i31979,11
i319795,2
i319809,1
i31981,4
i319826,1
i319827,2
i319832,1
i319836,3
i319841,1
i319847,13
i31986,8
i319860,2
i319866,1
i319884,1
i319886,1
i319887,1
i319899,2
i3199,15
i31990,23
i319902,9
i319922,2
i31993,15
i31994,22
i319943,1
i31995,22
i319966,5
i31999,12
i32000,21
i320015,11
i320019,8
i320024,1
i320075,2
i320087,1
i320112,3
i320115,1
i320124,4
i320127,1
i320136,13
i32014,57
i320147,2
i32016,15
i320178,6
i320190,4
i3202,74
i32021,4
i320210,12
i320215,2
i320227,1
i320257,13
i320259,3
i320264,1
i320271,4
i320273,8
i320277,3
i320284,1
i32030,1
i320303,2
i320304,2
i320308,2
i320312,11
i320313,5
i320328,17
i320329,1
i320335,1
i320341,3
i320350,14
i320358,1
i320359,1
i320362,3
i320376,6
i320379,3
i32038,1
i320380,1
i320383,3
i32039,24
i320398,5
i320409,3
i320412,1
i320427,11
i32043,2
i320432,6
i320451,1
i320460,13
i320461,5
i320496,8
i320509,4
i320511,3
i320517,7
i320526,2
i320538,1
i320554,1
i320559,11
i320562,26
i320569,2
i320577,1
i320586,3
i320598,2
i320601,4
i32061,1
i320614,7
i320620,2
i320632,1
i320634,3
i32064,14
i320649,2
i320655,1
i320656,2
i320657,1
i320659,1
i32066,18
i320660,2
i320668,6
i32067,2
i320672,2
i320681,3
i320684,1
i320688,5
i320692,1
i320695,27
i320699,3
i32070,5
i320700,4
i320701,1
i32071,16
i320719,3
i32072,1
i320724,1
i320736,6
i320741,7
i320742,2
i320745,5
i320746,1
i32075,8
i320755,2
i320758,1
i32076,2
i320760,1
i320763,2
i320771,1
i320773,7
i320774,4
i320776,1
i320782,2
i320785,1
i320787,10
i320788,6
i32080,9
i320810,2
i320824,1
i32083,52
i320832,1
i320835,1
i320836,2
i320846,5
i320850,2
i320859,8
i320860,10
i320864,10
i32088,43
i320884,2
i320886,3
i32090,5
i320902,9
i320905,5
i32093,6
i320936,10
i320941,4
i32096,17
i320961,4
i320979,13
i320980,4
i320998,2
i32101,25
i321013,3
i321014,2
i321023,15
i321024,4
i321027,1
i321033,3
i32104,22
i321054,1
i32106,18
i321060,1
i321069,13
i321077,3
i321079,1
i32108,2
i321083,1
i321105,2
i321116,1
i321123,3
i321124,6
i321125,1
i321126,2
i321128,1
i321130,1
i321135,5
i321137,6
i321142,7
i321146,2
i32115,88
i321161,11
i321163,10
i32117,59
i321177,4
i321186,7
i321197,2
i321200,1
i321209,4
i321212,1
i321216,1
i321217,1
i321220,4
i321223,6
i321230,5
i321234,1
i321235,1
i321244,4
i321248,1
i32127,11
i321271,10
i321279,14
i321288,1
i321290,3
i32130,1
i321306,1
i321307,1
i321325,4
i321360,1
i321362,9
i32137,6
i321371,4
i32139,52
i321390,6
i32140,69
i321404,1
i321410,1
i321416,7
i321421,2
i32144,35
i321445,15
i321447,6
i321450,2
i321460,3
i321472,17
i321473,1
i321475,6
i321480,2
i321492,1
i321506,8
i321510,4
i321516,3
i321523,1
i321526,2
i32153,2
i321532,7
i321534,2
i321535,6
i321547,1
i32155,3
i321550,5
i321551,8
i32157,2
i321575,4
i32158,7
i321581,1
i321583,2
i321601,1
i321617,8
i32162,2
i321630,5
i321633,2
i321634,4
i321635,2
i321648,4
i321654,2
i32166,48
i321677,2
i32168,33
i321690,4
i321700,1
i321704,5
i321714,4
i32172,31
i321725,7
i32173,2
i321732,3
i321734,3
i321737,21
i321744,1
i321745,1
i321749,3
i32175,4
i321764,2
i321771,1
i321773,3
i321780,12
i32179,8
i321798,2
i321807,2
i32181,1
i321810,8
i321811,5
i321815,4
i321825,1
i321830,2
i321831,3
i321833,6
i321836,3
i321849,3
i321876,2
i321881,1
i321885,1
i321886,2
i321888,10
i321889,2
i321902,2
i321912,1
i321921,11
i321932,4
i321935,2
i32194,14
i321943,1
i321945,1
i321956,2
i321961,5
i321969,5
i321979,6
i321984,34
i321988,1
i321996,1
i322020,3
i322023,1
i32204,3
i322041,2
i322044,1
i322052,2
i322068,8
i322075,1
i322080,1
i322083,1
i322084,1
i322085,1
i322087,19
i322105,4
i322110,1
i322111,4
i322119,1
i322123,1
i322131,2
i322136,2
i322137,12
i322144,3
i322150,3
i322159,3
i32219,27
i3222,2
i32221,60
i322217,2
i32222,65
i322236,3
i322248,10
i322250,1
i322252,3
i322253,3
i322254,1
i32226,68
i322261,3
i3223,7
i322306,2
i322310,4
i322322,1
i322338,4
i32234,25
i322357,2
i322368,1
i322378,5
i322386,8
i322387,1
i322390,1
i3224,3
i322400,1
i322425,2
i322439,3
i322441,1
i322449,1
i32245,76
i32246,53
i322465,7
i322487,3
i3225,49
i32250,26
i322501,7
i322502,16
i322503,3
i322504,3
i32251,1
i322525,18
i32253,2
i322534,8
i322537,1
i32254,1
i322543,6
i322558,9
i322561,4
i322565,5
i322571,2
i322578,2
i32258,85
i32259,18
i322591,2
i322599,8
i32261,6
i322619,2
i322620,1
i322626,1
i322635,2
i32266,25
i322664,1
i322670,1
i322672,1
i322673,1
i322689,8
i32270,18
i322701,2
i322709,1
i322710,7
i322713,5
i322723,1
i32273,36
i322732,3
i322734,12
i322743,1
i322746,4
i322757,31
i322771,8
i322779,1
i32278,48
i322786,1
i32279,12
i322805,4
i32281,5
i32282,37
i322822,2
i322823,2
i32283,3
i322831,1
i322834,2
i322841,3
i322868,3
i32287,63
i322872,4
i322874,2
i322883,13
i322886,1
i322888,2
i32290,5
i322940,2
i322944,5
i322950,2
i322961,13
i322990,1
i323004,3
i323005,4
i323006,1
i323007,3
i323008,2
i323009,1
i323015,3
i323016,1
i323027,1
i32305,3
i323050,1
i323061,17
i323069,2
i323078,3
i323085,6
i323089,2
i32309,32
i323100,2
i323107,5
i323130,1
i323167,1
i32317,2
i323173,1
i323179,13
i323181,2
i32319,2
i323197,1
i323208,2
i32321,3
i323213,3
i323215,1
i323219,1
i32322,13
i323222,1
i323224,1
i323238,5
i323243,2
i323246,3
i32326,6
i32327,24
i323275,8
i323285,1
i323300,1
i323301,8
i323303,2
i323308,3
i32332,11
i323332,24
i323333,8
i323335,8
i323346,3
i323358,1
i32336,32
i323363,3
i323369,2
i323379,3
i323396,13
i323397,2
i3234,78
i323404,6
i323409,2
i323410,3
i323412,2
i323418,3
i323422,2
i323423,1
i323427,2
i32343,19
i323434,1
i323439,1
i323440,6
i323445,4
i323448,2
i323451,2
i323458,2
i323459,1
i323463,2
i323464,2
i32347,5
i323470,1
i323488,12
i32349,77
i323495,1
i3235,2
i323509,2
i323518,2
i32353,31
i323530,6
i323531,7
i323535,6
i323538,7
i323544,1
i323552,1
i323556,3
i323562,4
i323567,2
i323577,1
i323584,4
i323587,4
i323596,2
i323606,1
i323612,5
i323615,2
i323620,1
i323627,2
i323637,1
i323647,2
i323651,1
i323655,3
i323673,2
i32369,34
i323695,5
i323709,14
i32372,3
i323736,6
i323737,21
i323740,10
i323747,1
i323751,5
i323756,5
i323758,7
i32376,4
i323764,1
i323767,2
i323768,2
i323771,4
i323781,3
i323786,1
i323789,4
i323803,1
i323811,1
i32383,37
i323833,4
i323838,4
i32385,14
i323853,1
i323856,14
i323858,3
i323860,1
i323876,16
i323879,2
i32388,16
i323881,5
i323892,4
i32390,6
i323903,4
i32391,4
i323916,2
i32392,2
i323939,3
i323954,3
i323961,1
i323962,5
i324013,1
i324014,2
i324015,11
i324019,5
i324023,1
i324037,1
i324043,4
i324075,7
i324078,8
i324079,6
i32408,12
i324085,8
i324092,1
i324096,2
i32410,60
i324110,2
i324117,6
i32412,27
i324122,3
i324124,5
i324126,9
i324135,6
i324136,2
i32414,11
i324143,1
i324146,1
i324148,4
i324155,5
i324156,2
i324188,5
i3242,68
i324203,5
i324204,2
i324226,2
i324227,3
i324231,2
i324239,1
i324250,1
i324253,1
i324257,4
i324258,4
i324262,1
i324271,2
i324296,1
i324297,3
i3243,32
i324300,2
i324307,1
i324311,11
i324312,2
i324318,7
i324324,1
i324336,1
i324343,3
i324349,9
i324351,11
i324353,7
i324366,6
i324369,9
i324370,2
i324376,2
i324378,17
i324380,8
i324395,9
i324398,1
i324411,2
i324414,1
i324416,2
i324417,3
i324423,3
i324425,2
i324432,2
i32444,15
i324441,12
i32445,46
i324450,8
i324475,4
i32448,64
i32449,25
i324491,2
i32451,5
i324517,26
i324529,2
i324536,3
i32454,5
i324543,2
i324558,1
i324564,3
i324575,21
i324576,1
i324579,1
i324580,6
i324582,8
i324583,3
i324588,5
i324590,8
i324592,3
i324597,2
i324612,17
i324616,2
i324626,1
i324652,4
i324653,6
i324657,1
i32466,24
i324664,1
i324670,1
i324677,3
i324678,1
i32468,2
i324697,5
i324699,1
i32470,1
i324704,1
i32471,5
i324722,1
i324728,6
i324739,2
i32474,18
i324745,1
i324760,10
i324767,1
i324768,1
i324772,1
i32478,6
i324781,1
i324784,8
i324792,5
i324802,24
i324803,3
i324814,2
i32483,5
i324831,2
i324832,12
i324833,3
i324834,4
i324835,2
i324841,7
i324844,1
i324845,1
i32485,2
i324851,3
i324853,1
i324860,8
i324869,12
i324872,10
i324880,29
i324916,12
i324919,2
i32492,10
i324920,1
i324922,2
i324924,5
i324928,5
i32493,21
i32494,1
i324950,1
i324968,1
i324979,1
i324982,1
i324984,4
i324989,1
i324997,6
i3250,3
i325006,3
i325022,1
i325024,8
i325025,5
i325031,9
i325037,6
i325038,1
i32504,6
i325040,3
i325045,2
i32505,3
i325051,8
i325057,6
i325060,2
i325061,1
i325062,7
i325070,2
i325071,8
i32508,96
i325080,5
i325086,6
i325091,1
i325093,3
i325094,2
i325100,2
i325102,13
i325106,2
i325115,4
i325118,3
i325120,2
i325125,1
i325137,7
i325142,7
i325147,5
i325149,2
i325178,1
i325181,3
i325184,3
i325203,2
i325227,2
i32523,4
i325234,9
i325235,5
i325236,3
i325239,8
i325241,4
i325243,2
i325244,4
i325247,3
i325249,7
i325253,2
i325255,9
i325266,6
i325269,1
i325273,3
i325274,3
i325278,2
i32528,11
i325280,1
i325301,4
i32531,12
i325324,1
i325335,1
i325340,1
i325343,1
i325350,7
i325355,1
i325359,2
i325369,2
i325370,3
i325371,4
i325374,14
i3254,5
i32540,10
i325411,2
i325417,3
i325426,2
i325427,4
i325432,1
i325433,2
i325437,2
i325438,1
i325443,2
i32545,20
i325455,2
i325469,6
i325475,6
i325494,6
i32551,37
i325518,2
i325519,8
i325530,5
i325535,27
i325536,22
i32554,7
i325540,2
i32556,36
i325565,2
i32557,37
i325572,17
i325581,5
i325584,2
i32559,7
i325601,1
i325604,8
i325615,2
i32562,7
i325621,8
i325622,1
i325623,5
i325631,2
i325636,6
i32564,9
i325640,14
i325644,2
i325646,8
i325648,3
i32565,8
i325656,1
i325657,6
i325664,2
i325667,10
i325671,1
i325672,1
i325676,1
i325679,2
i325690,1
i325697,8
i325699,2
i32570,36
i325701,1
i325707,2
i325708,2
i325709,2
i325710,6
i325719,10
i325721,3
i32575,71
i325788,5
i325798,3
i325804,3
i325805,5
i325807,28
i325813,4
i325828,2
i32583,35
i325835,4
i32584,13
i325843,15
i325845,1
i32586,63
i325863,5
i325869,5
i325877,6
i32588,33
i325884,4
i325885,9
i32589,35
i325892,1
i325893,2
i3259,28
i32590,4
i32592,13
i325925,1
i325931,3
i325935,17
i32594,8
i325941,3
i325942,7
i325944,1
i325958,1
i325959,1
i32596,3
i325961,2
i325962,2
i325968,3
i325978,1
i325980,2
i325987,3
i325989,1
i325993,6
i32600,5
i326004,3
i32601,1
i326011,4
i326023,2
i326037,32
i32604,41
i326040,1
i32605,2
i326055,7
i326058,8
i32607,29
i32608,59
i326088,3
i326089,4
i32609,42
i326090,3
i326093,6
i326095,3
i326117,6
i326118,1
i32612,50
i326120,1
i326124,5
i326125,2
i32614,6
i326151,1
i326153,2
i326157,3
i326160,2
i326163,1
i326168,1
i32617,16
i326171,1
i32618,46
i326181,4
i326188,2
i326214,5
i326229,7
i326238,6
i326266,1
i32629,42
i3263,3
i326307,6
i32632,24
i326325,5
i326331,1
i32634,70
i326343,2
i326348,1
i32635,22
i326353,1
i326355,1
i326359,1
i326360,5
i32637,73
i32638,5
i326389,1
i32639,2
i326397,1
i32641,27
i326410,3
i326418,7
i326427,2
i326434,1
i326458,5
i326461,1
i326498,1
i32651,26
i326548,9
i326567,1
i326577,1
i326580,2
i326582,4
i32659,20
i32660,77
i32662,88
i326623,6
i326638,1
i32665,3
i32666,2
i32667,17
i326670,3
i326680,1
i326685,1
i32669,32
i326693,8
i326703,2
i326706,3
i326707,1
i32671,6
i326718,15
i326721,3
i326730,1
i326731,1
i326732,1
i326758,3
i32676,15
i326760,1
i326772,3
i326774,3
i326786,1
i326821,4
i326830,1
i326831,1
i326866,5
i326870,6
i326883,4
i326891,6
i3269,2
i326916,1
i326918,1
i326919,1
i32693,26
i32694,10
i326956,4
i326964,4
i326980,3
i326981,2
i326983,7
i32699,1
i326991,1
i326992,1
i326994,9
i32700,18
i327002,4
i327009,2
i32701,6
i32702,4
i327028,2
i32705,17
i327060,6
i327065,1
i327066,1
i327072,3
i327073,1
i327081,3
i327090,1
i327092,5
i327095,5
i327112,1
i327130,2
i327132,9
i327134,1
i327167,2
i327177,3
i327188,2
i32719,35
i3272,81
i327207,3
i32722,58
i327238,1
i327244,1
i32725,46
i32726,60
i327260,1
i327276,2
i327279,6
i32728,1
i327285,1
i327301,6
i327308,3
i327309,7
i327316,2
i327332,5
i327346,1
i327356,19
i32736,6
i327363,1
i327365,4
i327374,8
i327386,5
i327390,5
i327397,2
i327398,1
i327412,2
i327416,3
i32742,81
i327425,1
i327427,2
i327439,3
i327441,4
i327442,6
i327455,5
i327459,2
i32746,23
i327465,1
i327467,2
i327469,3
i327471,5
i327477,13
i327498,3
i327504,2
i327514,6
i327518,10
i32752,12
i327521,3
i327526,3
i327529,3
i327531,3
i32754,4
i327546,2
i327551,2
i327553,4
i327567,2
i327569,2
i32757,113
i327574,5
i327578,6
i32758,56
i327589,4
i32762,13
i327631,14
i327638,2
i327640,4
i327651,3
i327652,1
i327661,5
i32767,30
i327674,1
i32769,20
i327696,13
i32770,14
i327705,8
i327710,7
i327712,3
i327721,1
i327723,4
i327756,1
i327759,2
i327771,1
i327777,3
i327778,1
i32778,4
i327782,3
i32779,9
i327791,3
i327793,2
i327796,6
i327799,2
i327803,1
i327807,2
i327818,1
i32782,43
i327824,4
i327825,2
i327838,1
i327842,2
i327849,4
i327852,6
i327859,1
i327865,2
i327870,1
i327873,2
i327900,2
i327903,6
i327904,2
i327905,3
i327908,1
i32792,45
i327923,1
i327924,1
i327935,9
i327957,1
i327965,2
i32797,34
i32799,1
i327991,2
i327999,5
i328002,1
i328004,2
i328007,3
i32801,2
i328013,2
i328014,5
i328016,1
i328018,1
i328025,6
i328027,8
i32803,33
i328032,4
i328035,1
i328040,1
i328042,1
i328046,1
i32805,3
i328056,1
i328077,1
i328081,8
i3281,47
i328104,3
i328121,3
i328131,1
i328136,1
i328138,1
i328141,12
i328142,2
i328143,2
i328149,4
i328150,1
i328151,3
i328164,1
i328176,8
i328177,26
i328178,6
i328183,6
i328184,1
i328188,1
i32819,12
i328204,1
i328213,2
i328224,3
i328232,1
i328233,1
i328243,7
i328257,3
i32826,18
i328261,2
i328262,4
i328269,9
i328273,1
i328282,1
i3283,1
i328307,2
i328308,1
i328313,3
i328315,3
i32832,1
i328322,1
i328335,3
i32834,41
i328342,6
i328351,1
i328357,1
i328358,2
i328361,9
i328366,1
i328371,7
i328379,2
i32838,25
i328384,6
i328396,4
i3284,25
i328405,2
i328407,2
i32841,1
i328419,3
i328423,3
i328426,5
i328434,1
i328437,1
i328443,2
i328444,1
i328446,1
i328449,3
i32845,8
i328457,1
i328461,1
i328463,1
i328471,7
i328472,1
i328475,1
i328478,10
i32848,27
i328480,8
i32849,16
i328492,1
i328493,3
i32850,7
i328508,1
i32851,4
i328516,1
i328521,5
i328531,1
i328535,4
i328549,2
i328550,2
i328555,2
i328560,4
i328562,17
i328564,8
i328582,2
i328591,2
i32860,49
i328603,3
i328604,4
i328607,2
i328623,1
i328631,9
i328634,1
i328640,2
i328641,1
i328643,4
i328646,6
i328654,4
i328659,2
i328669,2
i328672,2
i328677,1
i32869,6
i328715,1
i328736,4
i328746,2
i328749,6
i32875,14
i328769,2
i328773,1
i328774,5
i328778,1
i328789,7
i328792,2
i328795,5
i328801,11
i32881,36
i32884,9
i328848,2
i328856,1
i32886,39
i328863,6
i328864,3
i328868,4
i328871,3
i328883,11
i328886,4
i328894,1
i328905,1
i328906,1
i328932,1
i328937,3
i328939,9
i32895,2
i328953,8
i328960,1
i328966,1
i328967,1
i328978,4
i328980,3
i329,37
i329007,2
i329008,7
i329009,5
i32901,34
i329012,2
i329023,2
i32903,4
i329030,4
i329031,2
i329039,1
i32904,2
i329042,1
i329047,1
i329053,1
i329055,3
i329064,1
i329069,3
i32907,29
i329076,4
i329078,1
i32908,43
i329080,4
i329081,10
i329087,3
i329090,11
i329092,1
i3291,17
i32910,2
i329108,1
i32911,7
i329121,10
i329122,2
i329124,2
i329127,16
i32913,48
i329146,1
i329150,13
i329161,8
i329165,3
i329166,1
i32919,34
i32920,26
i329228,6
i329238,4
i329254,6
i329259,2
i32926,24
i329263,3
i329269,1
i329274,1
i329275,3
i329284,14
i32929,77
i329293,1
i329296,5
i329303,6
i329313,1
i329319,18
i329325,4
i32933,74
i32934,2
i329344,3
i329346,10
i329348,3
i329349,2
i32935,63
i329353,1
i329357,9
i32936,2
i32937,53
i32938,9
i329383,9
i329385,1
i329396,2
i329405,1
i329416,1
i329427,2
i329429,8
i32943,53
i329430,7
i329432,9
i329450,1
i329451,2
i329452,4
i329455,6
i329458,2
i329460,3
i329462,1
i329474,3
i329478,1
i329485,1
i329490,8
i329493,2
i329498,1
i329511,1
i329531,8
i329543,6
i329555,9
i32956,2
i329560,2
i329564,5
i329569,2
i329570,2
i329575,3
i329579,2
i329583,1
i329599,3
i329603,9
i329619,1
i32962,6
i329623,4
i32963,8
i329638,2
i329639,1
i329641,1
i329642,1
i329649,7
i329652,3
i329654,8
i329657,1
i32966,16
i329667,8
i329674,2
i329675,1
i329677,1
i329679,7
i32968,12
i32970,4
i329725,4
i329739,1
i329749,9
i329752,1
i329762,3
i329768,2
i32977,2
i329770,1
i32978,11
i329786,3
i32979,4
i329790,1
i329791,4
i329792,3
i329793,2
i32980,17
i329801,4
i329803,1
i329807,20
i329815,2
i329816,2
i329821,1
i329822,1
i32983,9
i329834,1
i329857,2
i329866,4
i32987,4
i329870,1
i329881,11
i329883,23
i329886,7
i329897,2
i329899,1
i329908,9
i329910,1
i329913,5
i329915,1
i329917,5
i329933,1
i329934,3
i329938,2
i329940,1
i329941,1
i329944,1
i329953,1
i329954,2
i329955,5
i329957,2
i329997,7
i33000,2
i330002,3
i330010,5
i330012,3
i330021,3
i330031,2
i33004,39
i330041,1
i330054,2
i33006,4
i330061,2
i330062,3
i33007,11
i33009,2
i330101,3
i330104,5
i330115,4
i330143,2
i330151,1
i330154,4
i33016,1
i330167,1
i330181,1
i330207,2
i33021,1
i330218,3
i330231,6
i330238,1
i330252,2
i33026,1
i330267,8
i330274,4
i330292,5
i330317,1
i33032,2
i330323,2
i330344,1
i330359,1
i33036,8
i330367,10
i330377,1
i330381,2
i330413,4
i33042,3
i330422,1
i330433,2
i33044,14
i33045,2
i330454,1
i33047,56
i330474,5
i330492,8
i330506,2
i330509,3
i33051,2
i33052,3
i330529,1
i33054,38
i330551,1
i330558,5
i33056,2
i330561,1
i33057,28
i330584,3
i330589,2
i33059,51
i330591,10
i3306,35
i330601,4
i330604,21
i330607,1
i330619,4
i33063,10
i330635,1
i330642,5
i330648,13
i33065,1
i330650,1
i330657,7
i33066,5
i330677,2
i330695,5
i3307,28
i330726,1
i330749,1
i33075,19
i330765,1
i330774,3
i330776,1
i330782,10
i330796,1
i3308,39
i33081,12
i330821,1
i330839,1
i33084,1
i330841,5
i33085,30
i330851,5
i330853,8
i330854,1
i33086,19
i330863,5
i330867,1
i33087,23
i330876,2
i330882,1
i33091,2
i330918,5
i330919,1
i330925,6
i330944,36
i33095,18
i330955,2
i330963,2
i330964,1
i33097,11
i330970,4
i330971,4
i33098,65
i330985,5
i330986,2
i331,12
i331005,2
i331014,2
i331022,5
i331034,8
i331037,1
i331041,4
i331050,1
i331053,4
i33107,22
i33108,6
i331089,1
i331095,4
i33110,30
i331100,7
i331109,7
i331116,3
i33112,2
i331128,3
i331131,1
i331132,1
i331133,2
i331134,8
i331138,3
i331140,2
i331149,8
i331160,1
i331163,1
i331164,2
i33118,25
i331182,2
i331209,1
i33125,13
i331252,2
i331260,11
i331261,2
i331272,13
i331274,3
i331278,1
i331285,1
i331286,1
i331288,3
i3313,3
i33135,33
i331350,3
i331363,4
i331366,1
i331376,2
i331377,1
i331379,2
i331387,1
i3314,2
i331408,2
i331424,2
i331433,2
i33145,25
i331462,1
i331464,2
i331478,2
i331502,2
i331503,2
i331508,2
i331513,3
i331519,1
i331521,14
i33154,2
i331550,6
i33157,22
i331578,2
i331580,1
i331583,4
i331585,6
i331595,10
i331600,1
i331606,6
i331615,9
i331619,5
i331623,1
i331627,4
i331638,2
i33167,18
i331688,4
i331691,3
i331695,3
i33170,61
i331709,7
i33171,29
i331712,18
i33172,12
i331728,2
i33173,23
i331730,2
i331740,1
i33175,64
i331756,2
i331764,1
i331765,6
i331768,2
i33177,21
i331774,2
i33178,23
i331781,1
i33181,7
i331814,3
i331819,2
i331828,8
i331830,9
i331834,6
i33185,21
i33187,27
i33191,1
i331927,5
i33193,5
i331931,2
i331952,4
i331956,3
i331966,1
i331968,5
i331978,3
i33198,6
i331986,3
i331996,2
i331997,11
i33201,4
i332012,1
i332013,1
i332019,12
i332021,4
i332027,3
i332028,2
i332037,2
i332048,1
i332057,5
i332059,6
i332069,5
i33207,11
i332089,2
i332090,3
i332095,3
i332100,2
i332101,2
i332108,5
i33211,23
i332112,2
i332125,4
i332126,2
i33213,10
i332136,6
i332141,2
i332143,5
i332144,1
i332151,3
i332158,2
i33216,24
i332160,2
i332169,2
i33217,12
i332182,1
i332193,4
i332232,9
i332242,5
i332246,6
i332247,4
i332248,1
i332249,16
i33225,19
i332273,8
i332278,11
i33228,22
i332286,9
i332287,1
i332289,1
i332297,8
i33230,1
i332302,5
i332304,8
i332307,4
i332311,4
i332322,3
i33233,7
i332330,2
i332333,1
i332337,24
i332341,15
i332344,3
i332355,3
i33236,4
i332360,2
i332390,28
i332394,3
i3324,74
i332409,3
i332410,8
i332415,6
i332416,1
i332418,22
i332421,3
i332434,1
i33244,43
i332440,6
i332443,1
i332448,2
i33245,7
i33246,20
i332473,8
i33249,56
i332494,2
i332498,2
i3325,13
i332504,1
i332518,1
i33252,40
i332532,12
i332537,1
i332538,1
i33254,10
i332542,3
i332543,1
i332544,9
i332547,1
i332549,2
i332550,1
i332555,1
i332556,1
i332565,3
i332573,5
i332578,2
i332580,1
i332584,2
i332586,1
i332595,3
i332596,4
i332598,8
i332605,8
i332606,3
i332608,1
i332613,1
i332619,3
i332621,1
i332624,9
i332626,3
i332629,5
i33263,1
i332645,5
i332648,16
i33266,46
i332669,1
i332670,1
i332673,3
i332682,2
i332692,9
i332693,6
i332699,1
i332705,6
i332707,1
i332712,4
i332717,7
i332742,2
i332748,14
i332749,2
i332754,8
i33276,1
i332771,2
i332776,3
i332778,1
i332780,16
i332781,1
i332783,4
i332788,2
i33280,12
i332811,14
i332813,6
i332817,1
i332826,1
i332836,1
i332837,1
i332842,1
i332847,3
i332861,15
i332882,1
i332893,3
i332902,2
i332930,8
i332935,2
i332936,1
i332952,6
i332974,2
i33298,19
i33299,3
i333,23
i3330,6
i333016,12
i333020,1
i333021,1
i333032,1
i333046,3
i33306,16
i333062,4
i33307,2
i333076,4
i333080,1
i333083,1
i33309,1
i333099,2
i3331,37
i333102,1
i33311,41
i333122,2
i333128,3
i33313,4
i333132,4
i333135,2
i333137,15
i333140,3
i333145,3
i333153,4
i333164,3
i33317,17
i333174,6
i333184,3
i333193,8
i333196,1
i333207,1
i33321,21
i333247,22
i33325,22
i333252,1
i333254,1
i333272,2
i333303,3
i333304,9
i333316,4
i333317,4
i333322,1
i33333,65
i333337,2
i333347,8
i333349,2
i333353,1
i333367,5
i33338,49
i333382,1
i33339,3
i333398,1
i333418,1
i33342,1
i333421,1
i333424,6
i333426,3
i33343,7
i333441,3
i333451,7
i333469,2
i333476,6
i333496,6
i333509,3
i333513,3
i333517,1
i333519,1
i333527,2
i333529,7
i333537,1
i333539,6
i33354,3
i333546,2
i333547,1
i333553,1
i333560,2
i333574,1
i33358,72
i33360,5
i333606,1
i33361,14
i333610,1
i333618,1
i33362,2
i33363,9
i333630,2
i333638,5
i333640,2
i333641,2
i333642,1
i333648,9
i333654,7
i333655,4
i333659,3
i333660,2
i333668,3
i33368,1
i333683,1
i333688,4
i333689,1
i333697,2
i3337,10
i33370,51
i333701,4
i333705,5
i333723,1
i333727,2
i333728,2
i333734,1
i33374,34
i333757,2
i33376,9
i333761,2
i333773,1
i333803,3
i33382,43
i33383,12
i33384,3
i333846,2
i33385,9
i33387,2
i333876,1
i333880,6
i333915,4
i333917,1
i333922,7
i333924,1
i333935,23
i33394,25
i333941,1
i333942,3
i333943,1
i333972,4
i333974,5
i333977,1
i333999,4
i33400,1
i334005,5
i334012,3
i334013,3
i334018,1
i334021,21
i33403,25
i334047,2
i334058,1
i33406,2
i334062,1
i334064,4
i334082,1
i33409,17
i334090,11
i334098,1
i334101,2
i33411,2
i33413,4
i334144,2
i334145,1
i334147,1
i33415,66
i33416,6
i334168,1
i33417,4
i334170,8
i334172,5
i334175,2
i334189,1
i334195,7
i334198,2
i334199,4
i334200,3
i334201,20
i334202,16
i334204,1
i334206,10
i33421,4
i334210,6
i334212,9
i334213,1
i334214,4
i334216,11
i334218,13
i334219,2
i33422,61
i334224,5
i334226,5
i334227,4
i334232,2
i334235,3
i334241,3
i334243,1
i33425,26
i334251,7
i334253,42
i334254,13
i334257,1
i334263,13
i334267,1
i334268,29
i334275,3
i334277,13
i334287,3
i334290,1
i334294,10
i334296,3
i3343,11
i334306,8
i334309,2
i334312,2
i334319,33
i334323,1
i334328,8
i334330,7
i334333,3
i33434,9
i334346,1
i334352,1
i334359,2
i33436,5
i334364,1
i334365,3
i334366,2
i33437,32
i334370,5
i334372,1
i334386,19
i334387,3
i334389,5
i334394,3
i33441,18
i334425,1
i334428,3
i334430,3
i334435,18
i334436,8
i334439,2
i334448,8
i33445,98
i334451,5
i334452,3
i334454,2
i334455,10
i334458,14
i33446,6
i334469,7
i334470,6
i334471,1
i334472,2
i334473,12
i334476,2
i334478,1
i334479,16
i334482,16
i334483,1
i334484,6
i334485,4
i334486,5
i334487,2
i334488,1
i334489,2
i33449,21
i334491,1
i334492,16
i334495,2
i3345,8
i33450,2
i334501,1
i334502,14
i334504,3
i334509,10
i334511,1
i334514,2
i334519,4
i334520,5
i334522,1
i334525,3
i334527,3
i334528,6
i334533,5
i334534,2
i334536,10
i334540,2
i334542,7
i334544,27
i334547,6
i334549,3
i334550,2
i334551,2
i334553,2
i334555,1
i334559,6
i334567,1
i334568,1
i33457,11
i334576,1
i334577,3
i334583,24
i334584,5
i33459,13
i334591,5
i334595,5
i334596,6
i3346,10
i33460,25
i334600,2
i334605,7
i334606,8
i334616,3
i334625,2
i334630,2
i334633,14
i334635,5
i334637,1
i334639,3
i334647,2
i334650,1
i334654,4
i334666,2
i334671,1
i334676,1
i334677,2
i33468,14
i334680,8
i334681,9
i334686,2
i334687,4
i334689,9
i334690,3
i334693,1
i334695,1
i334722,7
i334727,7
i33474,43
i334740,18
i334743,7
i334748,7
i334754,1
i33476,6
i334760,2
i334769,10
i334772,1
i334773,1
i334777,5
i334780,3
i334781,2
i334797,1
i334800,9
i334803,2
i334809,7
i334812,4
i334818,1
i33482,10
i334829,3
i33485,4
i334850,3
i334871,1
i334873,1
i334875,1
i334878,2
i334891,1
i334894,4
i334896,1
i33491,16
i334915,2
i334916,6
i334924,1
i334928,5
i334940,1
i334944,12
i33495,20
i334964,13
i334976,5
i334977,2
i334997,2
i335,2
i335000,15
i335004,12
i335021,3
i335034,2
i33504,5
i33505,3
i335052,1
i335055,2
i335056,1
i335059,1
i33506,16
i335062,7
i335065,8
i335068,3
i335070,1
i335072,3
i335075,6
i335080,16
i335081,1
i33510,71
i335111,3
i335112,3
i335122,2
i335128,1
i335129,15
i335130,5
i335131,2
i335136,6
i335142,7
i33515,31
i335151,1
i335154,2
i335159,7
i33516,26
i335162,9
i335168,1
i335170,1
i335173,1
i335183,15
i335186,3
i335189,1
i335191,6
i335192,4
i335201,1
i335202,2
i335203,2
i33521,9
i335216,1
i33522,2
i33523,5
i335233,3
i335243,15
i335249,2
i335252,8
i335257,1
i335258,2
i33526,40
i335262,2
i335273,2
i335279,3
i33528,81
i335285,3
i335291,4
i335295,6
i335298,1
i335302,2
i335303,1
i335306,4
i335307,3
i335326,9
i335328,7
i335333,2
i33534,27
i335340,2
i335347,6
i33535,17
i335353,1
i335354,16
i33537,3
i335370,3
i335379,3
i335380,1
i33539,1
i335395,25
i335402,5
i335405,2
i335408,2
i335418,2
i335427,2
i335430,4
i335434,11
i335444,1
i33545,5
i335459,3
i33546,29
i335462,2
i335467,3
i33547,5
i33549,3
i335494,1
i335497,4
i3355,26
i335504,7
i335510,8
i335519,1
i33552,13
i335520,1
i335524,2
i335527,7
i335545,4
i335548,1
i335551,3
i335553,4
i335559,5
i335573,1
i335574,1
i335586,9
i33559,10
i33560,6
i33561,3
i335624,12
i335652,2
i335655,8
i335656,8
i335664,3
i335678,2
i335679,1
i335681,3
i335683,27
i335688,1
i33569,35
i335694,24
i335697,19
i3357,7
i33570,1
i335707,5
i335713,2
i335725,10
i335727,4
i335730,6
i335731,11
i335736,24
i335741,5
i335742,4
i335743,6
i335752,10
i335757,1
i335758,8
i335770,1
i335773,4
i335777,6
i33578,49
i33579,37
i33580,1
i335823,2
i335829,1
i33583,41
i335844,3
i335847,3
i335848,7
i33585,36
i335855,1
i335869,6
i335872,4
i335890,4
i335897,1
i335899,7
i335902,1
i335909,19
i33591,21
i335916,10
i335921,1
i335930,2
i335932,3
i335937,2
i335938,4
i335941,2
i335944,14
i335952,1
i335961,3
i335962,5
i335968,1
i335970,11
i335975,2
i335977,1
i335979,2
i335987,1
i335995,3
i335998,1
i335999,2
i336,22
i336003,1
i336010,2
i336014,19
i336016,1
i336019,5
i336023,3
i336034,2
i336039,9
i336046,1
i33605,2
i336050,1
i336054,2
i336056,6
i336059,2
i33606,13
i336063,13
i336067,2
i336068,5
i336073,12
i336075,1
i336085,2
i336086,3
i336100,3
i336108,2
i336116,1
i336117,5
i336122,6
i336135,1
i336137,3
i33614,28
i336140,1
i336141,1
i336145,1
i336151,1
i33616,4
i33618,10
i336181,7
i336190,1
i3362,81
i336215,1
i336222,1
i33624,32
i336241,1
i336244,2
i336251,4
i336253,3
i336255,2
i336294,3
i336298,4
i3363,37
i336311,2
i336348,2
i33636,24
i336360,2
i336361,11
i33638,1
i33639,18
i336405,2
i336407,3
i33641,7
i33643,4
i33644,29
i336441,10
i336447,3
i336475,5
i336476,2
i336477,1
i336486,1
i336488,1
i336489,3
i33649,19
i336490,12
i336492,3
i336494,1
i336498,18
i3365,1
i33650,1
i336502,2
i336504,2
i336507,4
i336516,2
i33652,25
i336540,5
i336543,1
i336544,5
i336549,3
i33655,19
i336554,1
i336555,7
i336570,5
i336572,2
i336575,3
i336577,1
i336583,1
i336589,6
i336598,4
i3366,1
i336600,2
i336614,12
i336621,4
i336625,1
i336644,5
i336651,1
i336661,2
i336671,12
i336699,1
i3367,28
i33670,5
i336710,1
i336712,1
i336716,3
i336733,3
i336736,2
i336747,1
i336749,1
i336751,2
i33676,3
i336763,6
i33677,25
i336796,2
i33680,11
i336812,23
i336817,1
i336829,6
i336836,2
i336849,4
i336853,51
i336868,1
i336875,2
i336880,5
i336895,1
i336901,6
i336907,3
i336955,1
i336962,3
i33697,25
i336971,2
i33699,3
i336994,9
i336997,2
i3370,1
i337016,1
i337019,9
i337020,2
i337029,2
i33703,2
i337031,2
i337036,2
i337048,1
i337051,17
i337053,1
i337059,1
i33706,3
i337063,9
i337075,1
i33708,27
i337085,1
i33710,34
i337100,1
i337110,4
i337120,15
i337134,2
i337141,4
i337146,4
i337147,8
i33715,45
i337154,2
i337158,3
i33716,19
i33717,6
i33718,10
i33719,26
i3372,7
i337209,5
i337259,3
i33726,8
i337263,3
i337264,2
i337269,1
i337287,1
i33731,12
i337315,4
i337323,2
i337343,5
i337344,21
i337352,11
i337354,10
i337364,13
i33737,8
i337371,2
i337375,1
i337377,1
i33738,6
i337387,11
i337394,4
i33740,33
i337407,1
i337421,1
i337423,1
i337431,2
i337447,1
i33745,27
i337453,1
i337467,2
i33747,6
i337471,1
i3375,72
i337502,2
i33751,47
i33753,23
i337546,2
i337549,1
i337553,1
i337564,1
i337569,1
i337570,5
i337582,3
i337593,3
i337595,3
i33760,4
i337600,1
i337609,1
i337621,10
i33763,33
i337646,3
i337655,1
i337656,7
i337658,4
i337671,2
i337682,1
i337683,6
i337693,12
i3377,6
i33770,8
i33771,15
i33772,2
i337724,5
i33774,1
i337749,3
i337756,1
i337761,1
i337764,2
i337766,3
i337771,1
i337780,2
i33780,46
i337815,2
i337819,2
i337822,1
i337825,3
i337827,4
i33783,14
i337832,2
i337846,2
i337878,10
i337881,3
i337882,1
i337883,4
i337893,1
i337903,1
i337908,6
i337913,1
i33792,10
i337921,1
i337946,2
i33795,34
i337954,9
i337970,2
i337971,1
i337976,2
i33798,20
i337980,2
i33799,4
i338000,16
i338011,13
i338018,5
i33802,12
i338048,1
i33805,18
i338050,1
i338054,3
i338059,1
i338060,2
i338062,6
i338067,9
i338088,15
i338090,5
i338094,1
i338095,4
i33810,46
i338100,1
i338104,4
i338120,6
i338125,4
i338129,10
i338131,1
i338144,1
i33815,24
i338165,1
i33818,66
i338182,2
i338183,3
i33819,1
i338197,2
i3382,5
i338200,4
i338204,1
i338207,1
i338214,2
i338221,1
i338238,1
i338241,2
i338258,3
i338274,1
i338284,1
i338297,2
i338325,1
i338329,2
i33833,2
i33835,19
i338357,15
i338364,1
i338367,1
i33837,19
i338380,1
i338382,4
i338383,2
i338397,6
i338398,9
i338402,12
i338403,1
i338405,1
i338413,1
i338420,1
i33843,9
i338430,1
i338441,1
i338450,2
i338457,2
i338458,4
i338459,12
i338461,1
i338462,2
i338464,2
i338467,1
i338470,2
i338475,2
i338478,2
i338480,1
i338485,2
i338496,1
i3385,39
i338509,1
i33851,4
i338543,3
i33856,12
i338564,1
i338570,1
i338572,8
i338585,6
i338596,1
i338601,6
i338622,1
i338632,8
i338636,9
i338639,7
i33864,13
i338657,5
i338659,3
i338664,1
i338666,1
i33868,85
i33869,10
i338698,8
i338701,1
i338708,2
i33872,10
i338725,2
i338728,1
i338729,9
i33873,5
i338731,2
i338732,2
i338734,1
i338744,9
i338745,9
i33875,20
i338751,2
i338755,1
i33876,2
i338762,4
i338765,5
i33877,5
i338773,1
i338778,1
i338780,1
i338797,7
i338815,3
i338817,1
i338828,2
i338839,4
i338845,6
i338847,9
i338852,3
i338870,1
i33888,19
i338882,1
i338885,1
i33889,15
i3389,4
i33890,3
i338911,1
i338913,15
i33892,2
i338924,6
i338946,9
i338948,20
i338961,4
i338966,2
i338978,11
i338981,1
i338984,4
i3390,9
i339001,2
i339009,7
i33901,16
i339019,1
i339027,1
i33903,5
i339030,1
i339037,4
i339051,10
i339057,1
i33906,20
i339065,1
i339066,1
i339086,4
i3391,2
i339101,22
i339114,8
i33912,3
i339125,2
i33916,12
i339160,1
i339168,5
i339169,9
i339185,2
i339186,3
i33919,47
i339194,8
i339196,2
i339198,1
i339208,6
i33921,2
i339211,2
i339213,4
i33922,16
i339221,2
i33924,33
i339243,3
i339245,7
i339246,1
i339248,12
i339249,4
i339259,2
i33927,25
i33928,9
i339315,1
i339324,1
i33933,3
i33934,6
i339341,4
i339360,1
i339361,1
i339366,7
i339370,11
i339394,1
i339396,5
i339399,2
i3394,42
i339401,1
i339402,3
i339404,4
i339408,3
i339410,1
i339424,2
i33944,15
i339446,3
i339451,11
i339462,2
i339464,16
i339475,1
i33948,4
i339484,2
i339485,1
i339488,3
i3395,10
i339503,2
i339529,1
i339535,1
i339544,2
i339548,1
i339552,8
i339559,6
i33957,7
i339571,6
i339576,6
i33958,5
i339581,3
i339588,1
i339610,3
i339611,1
i339614,2
i33962,21
i33963,38
i339641,3
i339647,2
i339652,2
i33966,6
i339688,1
i339689,1
i33969,8
i339692,2
i339704,1
i339708,3
i33971,29
i339711,2
i339719,20
i339732,3
i339746,2
i33976,3
i339763,1
i339767,1
i33977,10
i339773,1
i339786,6
i3398,18
i339811,12
i339818,7
i339819,1
i33985,4
i339860,1
i339871,2
i339876,6
i339879,4
i339884,2
i339929,7
i339932,4
i339937,2
i339938,6
i339939,2
i33994,3
i339944,1
i33995,10
i339958,2
i33996,88
i33999,57
i34000,8
i34001,2
i34002,18
i340024,3
i340036,1
i340046,2
i340049,2
i340052,5
i340054,2
i340059,3
i34006,2
i340060,2
i340061,22
i340064,5
i340079,2
i340084,6
i340088,3
i340090,2
i3401,45
i340104,1
i34011,9
i340129,1
i340134,4
i340142,3
i340149,2
i340151,2
i340155,9
i340159,2
i340162,2
i340171,1
i340174,1
i340176,14
i340177,1
i340178,3
i340179,1
i340180,1
i340187,4
i3402,36
i34020,14
i340217,2
i340229,1
i340238,10
i340257,1
i340262,7
i34027,14
i34029,2
i3403,1
i34030,37
i340307,3
i34031,23
i340315,4
i340316,11
i340323,7
i340325,6
i340327,2
i340337,7
i34034,36
i340343,9
i340353,5
i340355,9
i340360,3
i340362,3
i340367,2
i340383,5
i340394,3
i340395,1
i3404,37
i340449,1
i340457,2
i340458,2
i34046,22
i340473,6
i340480,2
i340487,18
i340491,6
i340498,1
i340500,5
i340503,3
i340507,2
i340513,10
i340524,2
i340530,2
i340535,12
i340537,2
i340551,1
i340552,6
i340553,4
i340557,9
i340558,1
i34056,27
i340568,3
i340570,5
i340571,3
i340572,1
i340579,2
i340596,1
i3406,1
i34060,4
i340604,3
i340606,6
i340608,4
i34061,23
i340613,5
i340619,1
i34062,19
i34064,13
i34066,16
i340662,2
i340663,3
i340665,9
i340675,4
i34068,79
i340686,16
i340692,4
i3407,100
i340703,7
i340716,7
i34072,14
i340721,2
i340729,12
i34073,22
i340731,2
i340737,1
i340738,3
i34074,4
i340744,5
i340757,1
i340759,4
i34076,59
i340763,1
i340767,1
i340769,1
i34077,28
i340778,3
i340783,24
i340787,4
i340798,1
i34080,10
i340803,4
i340808,1
i340809,5
i340811,2
i34085,66
i340852,1
i3409,15
i34090,23
i340904,1
i340917,4
i34092,5
i34093,55
i340948,4
i34095,16
i340951,5
i340952,1
i340954,4
i34097,33
i34098,18
i340987,1
i34099,23
i340996,1
i340999,2
i34100,29
i341001,6
i341003,3
i341004,1
i341007,3
i341017,3
i341028,3
i341029,1
i341035,3
i341039,4
i34104,24
i341041,1
i341049,9
i34105,84
i341056,8
i341059,2
i341061,2
i341086,4
i34109,1
i341091,2
i341096,3
i341106,5
i341107,1
i341113,2
i341117,6
i341128,5
i341129,2
i341130,7
i341132,1
i341141,1
i341144,1
i341150,1
i341154,3
i341155,2
i341161,2
i341168,1
i341170,1
i341174,3
i34118,1
i34120,22
i341205,4
i341210,2
i341215,3
i341225,1
i341249,3
i341251,1
i341267,1
i341271,1
i341275,1
i341280,2
i34129,26
i3413,62
i341301,10
i341304,3
i341305,8
i34131,16
i341316,1
i341321,1
i341323,9
i341330,1
i341334,4
i34134,69
i341345,2
i341347,4
i341349,7
i341351,3
i341353,1
i341357,1
i34136,2
i341365,1
i341369,5
i341371,6
i341374,2
i341380,1
i341385,1
i341388,3
i341389,2
i341391,47
i341400,11
i341404,4
i34141,1
i341413,2
i34142,37
i341426,4
i34143,12
i341430,2
i34144,63
i341445,10
i341447,1
i341448,1
i341450,3
i341454,10
i341455,4
i341459,2
i341468,2
i341470,11
i341475,2
i341503,3
i341526,2
i341531,1
i341539,10
i34154,113
i34156,19
i34157,32
i341580,7
i341582,4
i341590,2
i341599,1
i341625,2
i341631,5
i341635,3
i341636,1
i341642,1
i341648,10
i34165,6
i341651,1
i341660,6
i341668,5
i341674,1
i34168,16
i341692,7
i341697,3
i341702,1
i341711,9
i341716,4
i341746,2
i34175,21
i341750,1
i341753,3
i341755,2
i341759,2
i341760,1
i341765,12
i341783,6
i34179,32
i341794,2
i34180,2
i341801,3
i341807,1
i34181,23
i341829,1
i34183,4
i34184,28
i341843,1
i341851,1
i34186,3
i341867,3
i341868,6
i341869,2
i34187,3
i341877,2
i34188,11
i341880,1
i341881,2
i341896,2
i34190,45
i341904,3
i341908,3
i341909,2
i341920,2
i34193,1
i341938,9
i341947,4
i341951,4
i341960,4
i341966,1
i341970,2
i341979,3
i342,7
i342011,2
i342014,2
i342019,1
i342020,1
i342026,2
i34203,20
i342048,2
i342052,8
i34207,19
i342070,6
i342071,3
i34208,2
i342084,1
i342096,11
i342104,2
i342107,1
i342108,2
i342109,7
i342116,2
i342118,5
i342124,1
i342135,2
i34214,4
i342141,1
i34215,1
i34216,89
i342161,7
i342162,1
i34217,9
i342172,4
i342175,5
i342181,9
i342189,8
i34219,34
i342197,10
i342198,2
i3422,1
i342200,8
i342201,6
i342207,9
i34221,70
i342219,4
i34222,5
i34223,8
i342233,2
i342239,3
i34224,10
i342240,12
i342246,2
i342260,1
i342268,1
i342269,1
i342270,19
i342272,10
i342274,3
i342276,2
i342282,2
i342296,4
i34230,7
i342303,1
i342307,7
i342312,14
i342317,1
i342318,1
i342319,4
i342320,3
i342325,5
i34233,18
i342338,9
i342342,7
i342344,1
i342357,4
i342369,13
i342371,1
i342376,1
i342381,4
i342387,4
i34240,1
i342400,3
i342405,7
i342412,5
i342422,7
i342425,2
i342430,1
i342437,3
i34245,53
i342465,1
i342470,1
i342476,16
i342485,4
i34249,50
i342493,1
i342494,3
i342515,4
i342516,2
i342524,1
i342540,5
i34255,4
i342572,5
i342573,4
i342575,1
i342584,6
i34261,34
i34264,58
i342640,1
i342650,1
i342651,4
i342653,2
i34266,6
i34267,13
i342674,1
i34268,34
i3427,4
i342708,2
i342732,14
i342740,5
i34275,9
i342751,1
i342757,11
i34276,2
i342761,2
i342763,1
i342765,2
i342769,1
i342772,5
i342778,1
i34279,13
i342793,3
i342794,1
i342804,1
i342809,8
i342810,6
i342817,3
i342828,3
i342833,2
i342843,2
i342849,7
i342853,2
i342855,1
i342860,2
i342862,6
i342864,1
i342871,1
i342886,1
i342895,1
i3429,31
i342905,1
i342912,2
i342916,1
i34292,15
i342927,3
i342939,3
i34294,4
i342943,2
i342956,6
i342957,1
i342969,1
i34297,29
i342976,2
i342990,1
i342994,1
i342995,3
i342996,1
i342999,1
i343000,3
i343012,1
i343013,2
i343023,1
i343025,7
i343042,1
i343045,1
i343053,2
i343055,1
i343059,4
i34306,4
i343060,1
i343064,4
i343066,1
i343072,5
i343075,12
i343079,1
i343083,2
i343087,7
i3431,17
i34310,18
i343104,1
i343111,2
i343121,4
i343123,3
i343128,1
i343131,4
i343135,2
i343136,2
i343138,1
i343147,16
i343148,4
i343151,9
i343169,2
i34317,12
i343171,2
i343173,7
i343179,1
i343180,3
i34319,19
i343196,2
i343197,3
i343199,1
i343205,7
i343214,1
i343216,3
i343226,1
i343234,4
i343237,5
i34326,6
i343266,6
i343267,2
i343275,2
i343289,2
i3433,2
i34330,52
i34331,20
i343315,4
i34332,8
i343329,2
i343330,3
i343335,7
i343337,11
i343341,1
i343351,3
i343353,1
i343364,1
i34338,28
i34339,10
i343398,1
i34340,53
i343401,7
i34341,43
i343427,4
i343432,1
i343445,2
i34345,6
i343454,1
i343467,2
i343468,1
i343471,1
i343482,4
i343483,4
i343499,6
i34351,21
i343524,1
i343526,4
i343528,6
i343538,2
i343546,5
i34355,2
i343559,6
i343562,3
i343598,1
i34361,19
i343611,17
i343619,6
i343622,1
i343626,1
i343634,1
i343636,3
i34364,83
i343644,2
i343646,2
i34365,43
i343650,2
i343651,3
i34366,25
i343662,4
i343663,1
i343670,5
i343679,1
i34368,49
i343687,7
i34369,1
i343697,1
i343698,3
i343700,1
i343705,5
i343728,6
i343742,3
i343743,1
i343744,3
i34375,54
i343758,1
i34376,1
i34378,2
i343785,4
i343807,1
i343813,3
i34382,2
i343825,4
i34384,15
i34388,6
i343886,1
i343888,8
i343891,3
i343898,1
i343899,11
i34390,18
i343901,1
i343902,1
i34391,2
i343921,2
i343923,5
i34393,15
i343981,1
i343988,3
i343993,5
i344001,4
i344002,8
i344004,1
i344008,5
i34401,52
i34402,43
i344026,5
i344030,1
i34406,7
i34408,6
i344090,1
i344093,7
i344097,6
i3441,7
i344107,7
i34412,37
i344131,3
i344138,2
i34414,10
i344143,4
i344150,2
i344151,3
i344155,2
i34416,1
i344167,2
i344175,5
i34418,17
i344189,2
i344203,19
i344204,1
i34421,1
i344217,4
i344224,2
i344231,1
i344234,1
i344243,1
i344246,1
i34425,16
i344258,4
i344261,3
i344271,3
i344283,1
i344285,1
i344286,7
i34429,2
i344291,4
i344293,2
i344294,1
i34432,2
i344321,1
i344325,2
i34433,7
i344337,1
i344338,1
i344339,2
i344340,3
i344343,1
i344344,3
i344360,1
i344364,3
i344367,14
i344368,2
i34438,19
i344385,1
i34439,18
i344391,2
i344392,7
i344405,4
i34441,45
i344429,1
i344457,2
i344461,1
i344463,2
i344469,3
i34447,5
i344472,1
i344475,2
i344479,6
i344480,6
i344481,10
i344487,2
i344500,2
i344508,4
i34451,22
i344519,5
i34452,10
i344522,2
i344532,6
i344536,2
i344538,6
i34454,5
i344543,1
i344552,3
i344558,1
i344559,3
i344564,1
i344567,10
i34457,103
i344573,3
i34459,8
i344590,10
i344593,3
i344595,12
i344597,2
i344601,3
i344602,7
i344603,7
i344608,4
i344612,2
i34462,21
i34463,4
i34464,43
i344675,4
i34468,14
i344682,2
i344687,9
i344704,8
i344715,4
i344729,1
i344732,15
i344742,2
i344747,2
i34475,8
i34476,2
i344765,3
i34477,94
i344775,4
i344790,2
i344791,3
i344800,3
i344820,5
i344832,2
i344848,2
i344864,3
i344870,1
i344871,23
i344873,5
i344881,4
i3449,22
i34490,61
i344915,1
i344916,1
i34492,22
i344921,2
i344922,5
i34495,17
i344954,4
i344958,2
i344968,1
i34497,12
i344976,16
i34498,30
i345006,2
i345015,3
i345021,1
i345022,2
i345025,2
i345032,2
i345036,1
i345042,8
i345050,1
i345052,3
i345055,2
i34506,31
i345060,4
i345076,10
i345088,5
i345097,7
i34510,7
i345101,16
i345108,7
i345112,2
i345129,4
i345134,2
i34514,50
i345142,1
i345171,1
i345177,6
i34518,13
i345191,3
i345196,1
i345197,3
i345202,4
i345218,13
i345231,5
i345232,1
i345236,3
i345247,1
i345252,15
i345255,1
i345256,1
i34528,43
i345296,5
i345297,18
i3453,16
i34530,21
i345303,2
i345305,1
i34531,9
i34533,1
i345335,1
i34534,49
i345354,1
i34536,3
i345371,18
i345372,5
i345395,1
i345402,3
i345405,15
i34542,9
i345438,2
i34544,8
i345455,5
i345462,4
i345470,2
i34548,42
i345481,1
i345489,21
i345501,1
i345513,4
i34552,25
i34553,16
i345534,8
i34554,31
i345546,1
i34555,6
i345554,1
i34556,4
i345590,4
i345596,2
i345599,2
i3456,4
i34560,64
i345600,2
i345607,1
i345609,3
i345616,2
i345643,1
i34565,18
i345654,1
i345658,1
i345659,4
i345660,1
i345665,2
i345679,1
i345682,4
i345691,5
i345693,3
i34570,3
i345704,1
i345711,3
i345718,12
i345737,6
i345739,2
i345747,3
i345754,4
i345756,2
i345757,1
i345762,1
i34577,15
i345777,11
i345778,2
i345781,1
i345782,5
i345786,1
i345789,9
i345797,1
i345798,1
i345799,1
i3458,5
i345801,3
i345807,5
i345812,3
i345833,1
i345848,1
i34585,20
i345854,1
i345857,1
i345859,1
i34586,9
i345868,7
i34587,47
i345871,2
i345875,11
i345894,1
i345904,4
i345906,1
i345910,5
i345914,21
i345926,11
i345933,5
i345938,7
i345945,2
i345955,1
i345957,3
i345964,1
i345969,1
i345986,11
i345987,2
i34599,4
i345996,2
i3460,21
i34600,60
i346007,8
i346015,6
i346023,25
i346036,3
i346054,1
i346067,5
i346068,2
i346069,1
i346080,3
i346088,3
i346092,3
i346093,8
i34610,7
i346100,3
i346102,1
i346105,1
i34613,54
i346144,1
i346151,5
i346161,6
i346162,2
i346169,6
i346170,5
i346178,3
i34618,4
i346181,10
i346185,3
i346186,2
i346189,3
i34620,6
i346200,3
i346202,2
i34621,24
i346212,1
i346216,2
i346217,2
i346218,11
i346224,6
i346229,4
i346240,13
i346243,7
i34625,24
i346261,4
i346274,1
i346282,2
i346314,6
i346315,1
i346319,1
i346321,5
i346333,1
i346336,2
i346340,1
i346343,11
i346344,3
i346345,3
i34635,27
i346358,1
i34642,2
i346439,16
i346440,5
i346448,1
i346451,1
i346454,1
i346457,2
i346462,3
i346468,1
i34648,2
i346481,1
i346492,14
i346499,1
i346506,1
i34651,39
i34653,3
i346532,3
i346533,5
i346539,2
i346544,4
i34655,2
i346561,1
i346565,3
i346566,2
i346595,4
i346604,7
i34662,6
i346620,1
i34663,48
i346637,3
i346639,7
i346656,10
i346657,1
i346658,2
i346659,15
i34666,5
i34667,9
i346678,6
i346682,5
i346684,2
i34669,4
i346692,3
i346693,16
i346694,15
i346698,1
i34670,31
i346702,5
i346710,12
i346711,1
i346712,3
i346737,9
i346740,2
i346747,5
i346751,1
i346755,3
i346756,4
i346760,4
i346761,2
i346770,3
i346781,2
i346785,1
i34679,1
i346794,1
i346798,2
i34680,2
i34682,3
i346838,17
i346857,3
i346866,2
i346879,5
i34688,57
i346883,1
i346888,12
i34689,10
i3469,16
i346918,1
i346922,1
i34693,43
i346934,1
i34695,7
i346950,3
i346958,6
i346963,3
i346964,1
i346965,2
i34697,14
i346974,7
i346982,9
i346983,2
i346984,1
i34700,23
i347004,10
i347007,2
i347024,2
i347027,1
i347031,7
i347035,1
i34704,34
i347056,1
i347066,2
i34707,57
i34709,5
i347094,4
i347095,1
i3471,25
i34710,2
i347103,3
i347111,3
i347130,4
i347135,9
i34714,38
i347147,1
i34717,20
i347181,2
i347190,4
i34720,33
i347200,7
i347204,1
i34721,19
i347216,5
i347219,1
i34722,11
i347226,13
i34723,31
i347230,2
i347238,3
i347239,2
i347242,3
i347254,5
i347258,4
i347261,9
i347263,2
i347265,3
i34727,51
i347291,5
i347292,12
i347296,9
i347297,1
i34730,12
i347302,1
i347306,12
i34731,3
i347311,2
i347317,2
i347321,2
i34733,20
i347334,1
i347336,7
i347340,15
i34735,74
i347350,1
i347351,3
i347352,1
i347354,1
i347355,1
i347356,6
i347361,2
i347367,2
i347371,2
i347381,6
i347389,4
i347390,5
i347394,16
i34740,60
i34741,7
i347416,4
i34742,39
i347425,3
i347433,3
i347440,2
i347445,2
i347446,2
i347451,2
i347457,2
i347460,2
i347479,4
i347487,2
i34749,57
i347492,5
i347497,8
i347499,3
i347504,1
i347509,1
i34751,17
i347520,3
i347523,10
i347524,1
i347527,1
i347541,1
i347546,2
i347548,6
i34756,6
i347566,2
i347569,4
i34757,36
i347571,2
i347575,3
i347577,1
i347578,7
i347579,4
i347580,1
i347585,2
i347619,2
i347637,13
i347647,2
i34765,2
i347654,3
i347661,1
i347670,1
i347676,2
i347681,1
i347692,4
i347701,6
i34771,27
i347725,6
i347736,5
i347775,1
i347776,16
i347778,2
i347780,2
i347797,1
i347799,2
i34781,4
i347812,4
i347816,6
i347818,4
i347828,1
i347836,14
i347837,15
i347839,4
i347857,3
i347859,1
i347860,1
i347861,7
i347862,1
i347868,1
i347877,2
i347879,8
i34788,41
i347883,3
i347888,15
i347902,4
i347906,1
i347907,2
i347909,3
i347916,5
i347917,5
i347927,6
i347945,3
i347947,5
i347950,2
i347964,1
i347968,5
i347972,17
i347982,2
i347983,9
i347987,9
i347993,4
i348007,3
i34801,2
i348011,3
i348017,1
i348029,6
i34803,14
i348037,5
i348052,2
i348058,5
i348060,1
i348061,3
i348067,18
i348069,1
i34807,2
i348070,2
i348072,2
i34808,14
i348084,1
i348085,3
i348087,2
i34809,9
i34811,5
i34812,18
i348123,3
i348124,1
i348129,1
i348133,2
i348146,3
i348170,5
i348171,9
i348173,1
i348178,13
i348180,2
i348193,7
i348202,3
i34821,1
i348211,3
i348213,3
i348215,1
i348216,1
i348217,5
i348218,2
i348222,1
i348224,2
i348235,7
i34824,24
i348240,14
i348243,1
i348244,2
i34825,43
i348262,1
i348270,1
i348274,5
i348276,7
i348278,2
i348291,1
i3483,28
i348315,2
i348316,1
i34832,30
i348325,3
i348329,11
i34833,16
i348332,1
i348337,1
i348338,1
i348344,1
i348345,1
i348349,8
i348355,1
i348359,2
i34836,80
i348367,19
i34837,30
i348388,7
i348392,1
i348401,8
i348405,2
i348406,2
i34841,91
i348422,1
i348426,2
i348444,3
i348448,7
i348454,10
i348456,2
i348482,1
i348487,6
i34849,2
i348492,9
i348495,4
i348503,2
i348504,1
i348508,1
i348511,19
i348513,3
i348515,7
i348522,3
i348526,3
i34854,2
i348541,16
i348545,1
i34855,11
i348550,1
i348555,1
i348571,11
i348577,1
i348581,1
i348585,1
i348597,3
i34860,4
i348605,3
i348608,4
i348613,12
i348622,3
i348630,6
i348651,1
i34866,2
i348660,1
i348667,5
i34867,16
i348675,3
i348683,5
i348694,4
i348702,5
i348707,13
i348709,31
i348713,4
i348714,3
i348722,5
i34876,13
i34877,26
i348776,3
i34878,3
i348799,1
i3488,22
i34880,4
i348801,2
i348821,11
i348829,5
i34883,35
i348830,1
i34885,27
i348855,6
i348861,2
i348870,5
i348883,1
i348886,5
i34889,17
i348906,2
i348908,1
i348919,2
i34892,5
i348921,2
i348922,1
i348939,1
i348944,1
i348948,1
i348961,2
i348969,8
i34897,46
i348975,1
i348979,1
i348984,3
i348997,11
i34900,24
i349009,2
i34901,46
i349010,2
i349012,9
i349013,2
i349019,3
i349020,14
i349022,7
i349024,1
i349029,2
i34903,76
i349033,1
i349044,12
i349052,3
i349070,1
i349080,2
i349083,4
i349096,2
i34910,17
i349124,27
i349130,7
i349132,2
i349133,1
i349137,1
i349138,4
i349139,1
i349147,1
i349149,2
i349156,2
i349158,6
i349159,1
i349165,1
i349169,1
i349171,3
i349173,2
i349175,9
i349185,2
i349193,3
i349213,1
i349214,1
i349216,1
i34922,29
i349224,1
i349228,9
i349236,1
i349238,2
i349244,1
i349248,2
i349258,2
i34926,97
i349272,2
i349273,1
i349276,1
i34929,34
i349290,4
i3493,3
i349305,5
i349310,1
i349311,1
i349317,6
i34933,4
i349333,2
i349336,3
i34935,30
i349351,4
i349366,5
i349380,7
i349386,4
i349390,1
i349392,3
i349416,7
i34942,19
i34943,3
i349431,1
i349433,5
i349441,2
i349448,2
i349461,7
i349464,2
i349466,1
i349468,2
i349477,3
i349485,4
i34949,69
i349492,7
i3495,55
i34950,56
i34951,3
i34952,21
i349525,1
i349527,2
i349538,1
i349539,14
i349547,5
i349552,2
i349559,4
i349561,2
i349573,1
i349576,1
i349579,1
i349581,1
i349582,1
i349583,6
i349587,11
i349594,4
i34960,2
i349609,1
i349613,1
i349617,1
i34962,46
i349624,26
i349630,4
i349631,4
i349633,13
i349642,2
i349649,1
i349658,3
i349660,2
i349671,1
i349680,2
i349681,5
i349690,3
i349693,1
i3497,24
i349704,3
i349706,3
i34971,44
i349715,4
i349723,16
i349726,4
i349737,3
i34975,2
i349754,2
i349759,4
i34976,7
i349765,1
i349767,8
i349778,1
i349787,3
i349788,3
i349789,6
i349792,1
i349796,4
i349803,3
i34981,3
i349811,4
i349825,5
i349834,1
i349847,5
i34985,17
i349850,7
i349851,12
i349860,4
i349861,6
i349864,5
i349867,1
i349870,1
i349876,5
i349883,5
i34989,3
i349893,6
i349896,3
i3499,12
i349901,1
i349904,1
i34991,1
i349916,3
i349924,11
i349933,5
i349952,17
i349953,8
i349967,6
i349991,1
i349993,3
i349996,13
i349998,1
i35,37
i3500,51
i350001,4
i350011,2
i350015,2
i350016,1
i350033,7
i350035,9
i350037,3
i350058,2
i350071,1
i350093,2
i350114,2
i350117,5
i350133,7
i350145,1
i350149,21
i35015,28
i350151,2
i350153,1
i350154,6
i350157,8
i350160,23
i35018,14
i350187,2
i350203,4
i350216,4
i35022,37
i350225,2
i350227,2
i350232,2
i350249,2
i35025,41
i350265,6
i350266,5
i350271,11
i350273,10
i350276,1
i350280,6
i350284,10
i35029,5
i350305,13
i350306,2
i350320,5
i350323,1
i350337,1
i35034,57
i350346,4
i350354,8
i350364,2
i350387,1
i350389,3
i35039,38
i350411,2
i350416,5
i350418,1
i35042,54
i350420,1
i35044,18
i350451,3
i350454,1
i35046,84
i350468,4
i35050,41
i350514,1
i350524,2
i35054,21
i350540,1
i350541,5
i350556,8
i350562,20
i350582,2
i350587,10
i350595,1
i3506,52
i35060,23
i350602,3
i350603,2
i35061,7
i350636,1
i350641,1
i350654,3
i350655,1
i350659,7
i350669,3
i35067,14
i350672,11
i350674,19
i350680,4
i350683,3
i350690,1
i350695,3
i350698,1
i350702,2
i350705,6
i350708,1
i350714,2
i35072,66
i350720,2
i350727,6
i350742,4
i350750,11
i350762,1
i350774,10
i350779,18
i35078,40
i350787,1
i350799,1
i350810,1
i350813,2
i350818,3
i35082,1
i350844,3
i35085,50
i350853,3
i350856,3
i350858,17
i350860,3
i350869,10
i35087,25
i350870,1
i350874,4
i35088,1
i350883,1
i350884,3
i35089,14
i350903,2
i350904,2
i350928,9
i350929,4
i35093,38
i350938,3
i350944,2
i350945,8
i350947,1
i35095,8
i350950,2
i350954,5
i350964,11
i350967,2
i350972,8
i350980,6
i350988,4
i35099,5
i351,39
i351001,6
i351005,2
i351010,1
i351015,2
i351016,5
i35103,36
i351039,1
i351047,7
i351053,6
i351063,1
i351071,1
i351075,4
i351077,4
i351078,3
i351080,6
i351081,1
i35109,10
i351093,1
i3511,81
i35111,52
i35112,2
i35113,36
i351130,2
i351139,4
i35114,1
i351145,2
i351150,2
i35117,25
i351173,7
i351179,2
i35118,40
i35119,25
i3512,23
i351210,1
i351218,1
i351219,2
i351228,2
i351250,1
i351252,3
i351258,6
i351259,5
i351282,1
i351283,1
i351288,3
i351289,3
i3513,2
i35131,17
i351325,2
i351327,3
i35133,4
i351331,5
i351345,8
i351364,6
i351374,1
i351378,3
i35139,30
i351396,5
i3514,37
i35140,5
i351403,6
i351408,3
i351416,4
i35142,19
i351424,1
i351429,1
i351432,2
i351435,1
i35144,24
i351440,3
i351450,7
i351471,7
i351480,1
i351486,3
i351494,1
i351496,3
i351499,8
i351502,2
i351509,9
i351510,2
i351516,1
i351517,5
i351529,2
i351537,2
i35154,24
i351549,1
i351562,21
i351568,4
i351584,1
i351593,1
i351596,1
i351598,1
i3516,4
i35160,1
i351600,3
i351602,2
i35161,90
i351613,2
i351618,3
i351619,4
i351621,2
i351624,2
i351629,1
i351632,1
i351641,5
i351651,2
i351656,1
i35166,20
i351669,8
i35167,17
i351687,6
i351706,2
i351718,12
i35172,59
i351724,5
i351727,1
i351728,5
i351730,3
i351741,2
i351743,2
i351747,1
i351754,3
i351762,1
i351764,1
i351769,3
i351773,1
i351778,1
i35179,11
i351791,2
i351795,1
i35180,20
i351802,1
i351804,1
i351810,7
i351826,2
i35183,111
i351833,1
i351834,3
i351838,3
i35184,39
i351844,3
i351846,3
i351849,2
i351851,2
i351852,12
i351853,3
i351868,1
i35187,3
i351870,5
i351877,4
i351891,1
i351898,8
i351902,1
i351903,2
i351904,9
i35191,17
i351910,4
i351914,1
i351917,1
i35192,18
i351931,1
i351936,3
i351938,1
i351939,1
i351942,2
i351944,1
i351949,1
i35195,49
i351950,3
i351952,2
i351957,2
i351964,2
i351969,1
i35197,11
i351970,3
i351979,2
i351986,1
i35199,18
i351996,8
i351997,23
i35200,38
i352002,2
i352004,9
i352008,1
i352010,1
i352013,1
i352016,16
i352017,2
i352022,1
i352023,1
i352025,1
i352027,3
i352039,1
i352040,1
i352043,12
i352044,6
i352046,4
i352047,2
i352050,3
i352055,4
i352056,1
i352057,5
i352071,22
i352074,3
i352075,1
i352076,4
i352077,2
i352082,1
i352094,5
i352095,2
i352097,3
i352100,3
i352102,1
i352105,4
i352107,1
i352110,2
i352116,5
i352118,1
i352119,1
i352121,2
i352122,2
i352127,5
i352131,4
i352133,2
i352134,2
i352135,1
i352147,6
i352149,1
i35216,1
i352161,12
i352166,1
i35217,27
i352172,1
i352176,6
i352180,1
i352188,10
i352189,16
i35219,31
i352190,3
i352191,17
i35220,20
i352206,5
i35221,28
i352212,4
i352214,1
i352218,1
i352219,1
i35222,6
i352220,1
i352221,1
i352226,1
i352227,1
i352245,3
i352248,1
i35225,6
i352251,3
i352260,4
i35227,10
i352271,6
i35228,10
i352285,1
i352299,8
i352300,2
i352304,3
i352305,2
i352308,10
i352311,1
i35232,1
i352335,2
i352348,1
i352363,36
i352378,1
i352383,4
i352388,1
i352393,6
i352399,4
i35240,59
i352400,1
i352404,1
i35241,55
i352416,2
i352419,3
i352421,9
i352423,1
i352426,1
i352429,7
i352430,4
i352431,4
i352445,3
i352446,1
i352457,3
i352459,3
i352460,4
i352467,16
i352470,6
i352474,2
i352476,1
i35248,15
i35250,3
i352502,1
i352511,1
i352512,3
i35252,36
i352527,4
i352534,3
i352546,2
i352556,1
i352558,3
i352559,1
i352561,2
i352566,4
i352567,1
i352576,12
i352583,11
i35259,25
i35260,3
i352602,1
i352609,2
i352610,2
i352612,3
i352619,3
i352624,1
i352626,2
i352629,1
i35263,1
i352639,5
i352643,3
i352650,1
i352651,5
i352652,2
i352654,5
i352659,3
i352671,3
i352694,5
i35270,3
i352706,2
i352709,6
i35271,133
i352733,3
i352734,1
i352741,5
i352742,1
i35275,4
i352755,1
i352757,4
i352769,1
i352770,5
i352772,1
i352778,3
i35278,19
i352785,1
i352789,2
i352790,1
i352793,1
i3528,9
i352800,6
i35281,23
i352816,9
i352824,1
i35283,24
i352842,1
i352849,2
i352853,4
i352855,5
i352859,1
i352863,1
i352868,1
i352872,1
i352875,2
i352877,11
i352882,1
i352884,4
i352885,2
i352890,4
i352894,1
i352908,7
i35291,23
i35292,43
i352925,3
i352929,3
i352936,1
i352937,2
i352940,34
i352944,8
i352953,2
i352956,4
i352957,2
i352972,7
i353,5
i353008,11
i353011,1
i353016,8
i35302,3
i353033,2
i353035,1
i353037,2
i353039,5
i353043,2
i35305,21
i353055,4
i353057,16
i353058,8
i35306,14
i353068,4
i353075,5
i353076,2
i353079,3
i353081,3
i353083,2
i353087,2
i353091,2
i353094,2
i353102,1
i353105,3
i353121,2
i353122,2
i353126,9
i353129,5
i353131,1
i35314,33
i353142,5
i353160,4
i353161,3
i353166,7
i353168,1
i353169,5
i353176,5
i353185,1
i353188,1
i353189,4
i353191,2
i353203,2
i353211,6
i353213,1
i353221,2
i353224,3
i35323,6
i353249,1
i353256,3
i353272,1
i353273,5
i353280,2
i353287,2
i35329,6
i353295,2
i3533,39
i35330,2
i353303,4
i353305,4
i353315,1
i353316,8
i353317,1
i353318,1
i353323,2
i353324,3
i353328,3
i353334,2
i353335,7
i353351,1
i353354,9
i353373,6
i353384,1
i353387,1
i35339,65
i353392,4
i353398,1
i353399,2
i3534,5
i353407,1
i353419,9
i353420,8
i353423,9
i353433,6
i353448,1
i353457,2
i35346,55
i353461,7
i35351,1
i353533,1
i35355,7
i353551,5
i353566,2
i353569,8
i353571,1
i35358,19
i353583,1
i353589,1
i35359,2
i353590,2
i35360,15
i353619,3
i353624,7
i35363,11
i353633,3
i353634,6
i353635,8
i353636,1
i35364,21
i353642,12
i353644,1
i353646,3
i35365,3
i353650,14
i353654,2
i353657,3
i353659,10
i353661,1
i353664,6
i35368,34
i353683,1
i35369,1
i353692,2
i353698,1
i353707,1
i353708,3
i353733,4
i353735,1
i35374,58
i353740,3
i353744,2
i35376,18
i353765,1
i353767,3
i35377,5
i353776,1
i353792,1
i353795,1
i3538,13
i35381,11
i353810,9
i353812,2
i353813,2
i353817,3
i353821,1
i35383,1
i353830,4
i35384,52
i353840,2
i353842,3
i35385,2
i353854,10
i353858,2
i353863,9
i353867,2
i35387,19
i353874,1
i353932,1
i353939,1
i35394,10
i353940,3
i353955,2
i353957,2
i353966,9
i353971,22
i353998,1
i354013,1
i354017,6
i354052,2
i354058,1
i354062,4
i35408,32
i354081,3
i35409,6
i354096,4
i354097,3
i354104,5
i354105,12
i354109,1
i354114,5
i354119,1
i354142,1
i354143,9
i354145,5
i354148,6
i354149,1
i354150,1
i354151,2
i354153,1
i354156,2
i354168,5
i35417,46
i354191,24
i3542,31
i354208,2
i35422,30
i354225,3
i354228,5
i354234,1
i354235,1
i354239,6
i354243,2
i354247,1
i354252,2
i354259,5
i35427,9
i354277,15
i354284,5
i354285,2
i35429,3
i354300,2
i354303,3
i354306,9
i354311,1
i354316,6
i354334,3
i354339,1
i35434,74
i354362,1
i354364,41
i354365,1
i354366,2
i354376,2
i354378,1
i354391,3
i3544,40
i354412,2
i354413,8
i35442,17
i354423,1
i354435,4
i354438,1
i354447,1
i354459,4
i35446,2
i354461,1
i354462,1
i354471,2
i35448,32
i354483,4
i354484,2
i354485,1
i354490,2
i354497,13
i354515,1
i35452,6
i35453,23
i354536,9
i354575,3
i354576,2
i35459,56
i354597,1
i354606,1
i354623,3
i354625,5
i354633,18
i354634,11
i354639,1
i354645,4
i35466,5
i354676,1
i354681,1
i354686,1
i354687,1
i35469,34
i354692,3
i354700,2
i354716,8
i35472,1
i354725,3
i354734,1
i354746,4
i35475,33
i354750,15
i35477,4
i354787,3
i354794,1
i35480,6
i354801,5
i354804,5
i354814,1
i354827,2
i354831,1
i354833,3
i354838,1
i35484,24
i354841,8
i354843,4
i354845,1
i354846,1
i354847,2
i35485,4
i354852,16
i354859,3
i354861,1
i354866,1
i354870,7
i354878,1
i354889,1
i354892,4
i354897,1
i35490,82
i354917,23
i354918,9
i35492,15
i354929,4
i354931,9
i354953,1
i354955,7
i354963,2
i354967,11
i354968,5
i354971,1
i354974,3
i35498,16
i354982,2
i354987,7
i354991,2
i354994,3
i354995,1
i354996,2
i354999,2
i3550,33
i355003,2
i355004,1
i355007,4
i355027,1
i355030,1
i355038,4
i35504,13
i355043,14
i355049,2
i355050,1
i355057,1
i355061,1
i355068,2
i355069,5
i35507,54
i355072,15
i355074,2
i355075,11
i355076,1
i355087,1
i355091,4
i355095,2
i3551,18
i355109,8
i355112,3
i355128,6
i355136,2
i355137,9
i355157,1
i35518,37
i35520,2
i355210,1
i35522,53
i355234,3
i355239,3
i35524,11
i355248,3
i35525,29
i355252,1
i35526,5
i355262,1
i355265,1
i355280,3
i355286,9
i355289,14
i355296,5
i355316,2
i355327,1
i355342,2
i355348,3
i35535,6
i355352,1
i355355,2
i355364,1
i355382,3
i355388,2
i355396,2
i3554,2
i355403,1
i35541,39
i355410,5
i355418,7
i35542,8
i355422,1
i355426,5
i355431,9
i355445,1
i35546,29
i355468,2
i35548,18
i355495,5
i355500,20
i355501,7
i355502,5
i35553,32
i355533,14
i355540,5
i355541,3
i355546,4
i355547,13
i355550,3
i355561,3
i355563,3
i355572,2
i355581,6
i355587,8
i355589,20
i355595,2
i355602,1
i355603,2
i355605,2
i35562,2
i355632,3
i355637,3
i355643,1
i355649,1
i35565,120
i355659,23
i355661,3
i355663,1
i355664,2
i355668,5
i355677,3
i355678,1
i35568,3
i355685,4
i355691,2
i355693,12
i355703,1
i355727,5
i355736,4
i35574,28
i355744,7
i355762,1
i355766,2
i355767,4
i355787,5
i355810,6
i355811,1
i355825,12
i355831,16
i355847,1
i355851,2
i355875,5
i355893,1
i355898,13
i3559,58
i35590,1
i355913,5
i355920,1
i35593,3
i355931,11
i355935,1
i35594,16
i355940,14
i355959,1
i35597,11
i35598,90
i355980,4
i355990,5
i35601,13
i356019,10
i35602,9
i35603,5
i356030,2
i356031,3
i356033,5
i356034,9
i356035,1
i356037,2
i35604,4
i356041,2
i356047,2
i356051,4
i356059,3
i35606,22
i356061,9
i356063,2
i356080,5
i356088,8
i35609,1
i35610,86
i356109,1
i356110,2
i356114,3
i356116,9
i356132,1
i356137,2
i35614,2
i356142,1
i35615,19
i356160,1
i356169,2
i35618,7
i35619,63
i356193,3
i356200,8
i356202,12
i356211,4
i356224,1
i356229,2
i356238,6
i356243,1
i356248,1
i35625,46
i356258,1
i356272,2
i35629,3
i356298,1
i356301,17
i356308,1
i356315,1
i356316,3
i356317,16
i356318,1
i35632,3
i356324,17
i35633,76
i356338,15
i356339,2
i35634,2
i356344,7
i35635,29
i356354,3
i356358,5
i356366,1
i35637,24
i356386,7
i356391,3
i356393,4
i356399,2
i35640,17
i356400,3
i356406,1
i356407,2
i356415,1
i356419,3
i35642,13
i356427,1
i356441,2
i356445,6
i356447,2
i356451,3
i356460,5
i356464,3
i356469,3
i356470,4
i356477,5
i356478,17
i356492,1
i356498,4
i356510,1
i356513,3
i356516,2
i356522,6
i356546,14
i356550,1
i356555,2
i35657,1
i356575,4
i35658,11
i356586,1
i356591,2
i356602,1
i356616,2
i35662,41
i356621,5
i356624,2
i356626,1
i35663,9
i356631,2
i356638,1
i35664,8
i356644,2
i356650,17
i356656,1
i356664,7
i356670,11
i35668,32
i356681,1
i356693,3
i356695,1
i356697,5
i3567,3
i356729,29
i356739,1
i35674,1
i356740,3
i356747,1
i356751,2
i356754,3
i356775,2
i356777,2
i356778,5
i35678,44
i356785,1
i356789,5
i356790,4
i356793,2
i356794,2
i356797,1
i356800,4
i356806,16
i356809,2
i356811,3
i356816,2
i356822,2
i356824,3
i356834,1
i356840,4
i356845,4
i35685,14
i356851,7
i356871,2
i356874,10
i356886,4
i356909,4
i356924,1
i356928,1
i35693,1
i356934,2
i356935,2
i356948,6
i356950,6
i356955,15
i356957,1
i356958,1
i356959,1
i356963,7
i356984,2
i356993,1
i357004,16
i357006,5
i35701,77
i357011,2
i357012,4
i357013,3
i357027,18
i35703,4
i357033,12
i357039,1
i357047,11
i357049,7
i35705,14
i357053,29
i357055,2
i357058,1
i357066,3
i357074,9
i357076,1
i35708,72
i357081,2
i357084,1
i3571,7
i357103,1
i35711,34
i357114,3
i357126,2
i357135,2
i357136,2
i35714,7
i357141,1
i357143,6
i357146,1
i357165,10
i357169,7
i357170,4
i357171,14
i357187,1
i357197,3
i357198,5
i3572,6
i357201,3
i357204,2
i357209,2
i35721,7
i357212,5
i357213,5
i357221,1
i357227,2
i357229,5
i357231,11
i357233,4
i357236,2
i357239,3
i357245,5
i357246,2
i357250,3
i357251,4
i357252,3
i357257,2
i35726,1
i357262,1
i357263,2
i357278,1
i357280,10
i357282,3
i35729,41
i357291,1
i357294,4
i357297,5
i357299,2
i357318,1
i357322,3
i357323,1
i35733,1
i357331,1
i357332,3
i357334,1
i357345,2
i35735,4
i357350,4
i357353,6
i357357,1
i357360,1
i357376,3
i357377,18
i35738,4
i357387,1
i357388,2
i3574,1
i35740,46
i357401,5
i357416,3
i357418,2
i357437,6
i357440,1
i357445,2
i357446,2
i357448,1
i357451,1
i357452,5
i357461,1
i357462,2
i357467,2
i357474,1
i357483,4
i357485,1
i357487,7
i357489,8
i35749,14
i357501,7
i357508,8
i35751,1
i357525,2
i357528,1
i357534,1
i357536,1
i357537,5
i357540,1
i357553,6
i357554,3
i35756,4
i357561,5
i357562,1
i357568,1
i357580,1
i357582,2
i357585,2
i35759,11
i357590,2
i357594,5
i357597,4
i357601,1
i357613,5
i357616,3
i357624,16
i357627,1
i357631,4
i35764,8
i357647,6
i357656,1
i357663,1
i357673,1
i35768,4
i357682,1
i35770,39
i357726,2
i35773,49
i35774,2
i357744,2
i357754,2
i357756,1
i357769,1
i35777,89
i357776,10
i35778,38
i357781,10
i357786,5
i357787,2
i357789,4
i357797,4
i357801,3
i357803,3
i357805,1
i357806,1
i357809,9
i35781,11
i357811,1
i357813,1
i357818,1
i35782,15
i357820,5
i357831,12
i357840,3
i357842,1
i357847,1
i357850,3
i357851,8
i357857,1
i35786,4
i357860,1
i357867,1
i357872,1
i357874,7
i357881,3
i357888,12
i357906,1
i357911,3
i357913,2
i357914,1
i357917,3
i357921,3
i357927,4
i357932,2
i357943,2
i357949,7
i357965,3
i357966,7
i357970,2
i357972,2
i357976,2
i357980,1
i35799,2
i357995,1
i3580,39
i358007,3
i35801,4
i358016,2
i358032,7
i358049,2
i35805,6
i358061,1
i358064,4
i358074,6
i358078,17
i358079,4
i35809,21
i358092,4
i358094,3
i358097,1
i358100,2
i358107,1
i358109,15
i358113,3
i358124,3
i358125,9
i358127,9
i358130,1
i358134,4
i358135,1
i358136,7
i35814,25
i358153,4
i358157,4
i358166,3
i358168,1
i358188,2
i358195,1
i358197,2
i358199,2
i3582,34
i35820,50
i358200,7
i358206,1
i358210,2
i358223,8
i358225,5
i358226,1
i358231,4
i358233,2
i358238,2
i358246,1
i358255,12
i358258,1
i358273,5
i358276,3
i358278,8
i358296,3
i358297,11
i358302,1
i358316,1
i358325,5
i358327,5
i35833,1
i358331,1
i358334,1
i358336,1
i358337,1
i358338,2
i358340,2
i358342,2
i358345,10
i358346,17
i358349,10
i358352,14
i358353,2
i358355,2
i358357,10
i35836,1
i358364,3
i358367,4
i358368,5
i358371,2
i35838,5
i358382,1
i358383,3
i358390,1
i358392,1
i358394,1
i358395,3
i358406,5
i358408,2
i35841,10
i358412,2
i358414,1
i358416,1
i358431,3
i358435,1
i35844,22
i358446,1
i35846,29
i358460,1
i358472,1
i358481,3
i358491,5
i358493,1
i358495,1
i3585,4
i35850,36
i358504,7
i35851,21
i35852,9
i358523,1
i358529,3
i358542,2
i358547,6
i358548,2
i358549,6
i35855,1
i358551,2
i358553,1
i358556,5
i358557,1
i358558,5
i358566,22
i358567,3
i358570,1
i358571,8
i358573,10
i358584,3
i358586,5
i358591,5
i358592,2
i35860,56
i358602,3
i358603,1
i358604,1
i358608,1
i358609,1
i358634,1
i358636,8
i358640,3
i358646,9
i358648,2
i358650,2
i358652,1
i358656,6
i358658,2
i358667,2
i358671,2
i358683,3
i358690,6
i358695,1
i3587,19
i358700,1
i358702,17
i358716,2
i358720,7
i358721,7
i358722,1
i35873,37
i358734,4
i358738,18
i358744,2
i358747,3
i35876,28
i358770,2
i358774,1
i358783,1
i358790,1
i358795,7
i358796,1
i358814,14
i358816,13
i358817,2
i358823,1
i358832,2
i358836,5
i358838,5
i358839,1
i358840,7
i358841,9
i358849,6
i358852,16
i358857,1
i358860,2
i358861,3
i358867,3
i358869,1
i35887,5
i358876,3
i358877,13
i35888,69
i358881,2
i358882,5
i358883,7
i358886,2
i358891,1
i358893,4
i35890,1
i358900,6
i358908,3
i358911,2
i358918,10
i35892,1
i358926,1
i358940,2
i358943,1
i358946,1
i35895,15
i358950,2
i358952,3
i358955,3
i358963,3
i358964,1
i358968,4
i358970,2
i358971,25
i358972,7
i358973,6
i358978,2
i358979,2
i358980,7
i358985,1
i358990,1
i358995,5
i35900,4
i359033,2
i359039,11
i35904,28
i359041,6
i359042,4
i359051,3
i359053,5
i359056,2
i359058,16
i359066,1
i359067,2
i359075,5
i359081,7
i359084,3
i359085,11
i359090,2
i359093,1
i359104,7
i359107,1
i359117,2
i359122,27
i359125,1
i359131,6
i359137,1
i359150,5
i359167,2
i35918,6
i359188,7
i359192,2
i3592,15
i359201,8
i359212,1
i359217,1
i359218,3
i359223,1
i359226,2
i359230,3
i359234,9
i359236,3
i35924,1
i359240,1
i359245,3
i359257,25
i359260,12
i359264,3
i359283,5
i359285,1
i359286,2
i359295,3
i359296,1
i35930,34
i359306,5
i35931,4
i359310,5
i359314,3
i359321,8
i359324,5
i359326,9
i359331,8
i359336,1
i359344,2
i359347,2
i359350,3
i359351,1
i35936,24
i359362,3
i359363,1
i359365,3
i359366,3
i359369,10
i359371,6
i359376,2
i359377,2
i35938,14
i359390,1
i359393,5
i359394,6
i359398,1
i359399,1
i35940,3
i359401,5
i359407,10
i359413,6
i359418,1
i359422,9
i35943,8
i359437,1
i35945,1
i359450,4
i359455,2
i359463,3
i359478,3
i35948,1
i359485,5
i359486,5
i359489,8
i359493,5
i3595,36
i35950,11
i359506,15
i359507,1
i359508,1
i359518,19
i359519,5
i35952,6
i359521,2
i359526,4
i359542,1
i359548,2
i35955,1
i359565,35
i359566,1
i359568,3
i359578,8
i359580,5
i359581,8
i359582,5
i35959,42
i359602,1
i359604,1
i359612,8
i359614,1
i359616,3
i359618,4
i359621,4
i359622,1
i359623,2
i359625,2
i35963,2
i359630,2
i359634,3
i359636,1
i359641,3
i35965,15
i359651,1
i359653,1
i359654,1
i359659,1
i359660,2
i359663,1
i359666,10
i359676,1
i359682,1
i35969,8
i359691,1
i359697,5
i3597,1
i359701,3
i359702,1
i359708,2
i359711,1
i359721,6
i359722,11
i359725,1
i359728,3
i359729,5
i359736,8
i35974,51
i359749,2
i359753,10
i359754,35
i359756,1
i359757,5
i359758,8
i35976,3
i359765,1
i359773,26
i359774,6
i359780,1
i359783,1
i35979,1
i359790,7
i359791,1
i359801,14
i359808,2
i359820,5
i359827,2
i35984,71
i359843,3
i359848,1
i359850,1
i359851,1
i359856,4
i35986,8
i359865,16
i359867,3
i35987,101
i359875,1
i359879,1
i35988,1
i359882,1
i359885,3
i359888,8
i359891,10
i359892,12
i359897,1
i3599,1
i35990,2
i359903,2
i359908,2
i359909,3
i359914,4
i359916,2
i359919,1
i359923,1
i359925,5
i359935,7
i359937,1
i359945,1
i359946,3
i359948,2
i35995,10
i359952,4
i359954,1
i359961,1
i359973,11
i359978,4
i35998,34
i359991,1
i359992,1
i360,14
i3600,78
i36001,5
i360031,4
i360046,2
i360047,3
i360049,1
i36005,3
i360052,5
i360068,10
i360073,1
i360083,4
i360088,3
i360094,1
i360097,20
i360105,9
i360116,4
i36012,61
i360141,15
i360146,1
i36015,33
i360155,2
i360156,1
i360161,14
i360167,2
i360172,1
i360182,4
i360188,2
i360192,5
i360194,1
i360198,9
i360199,5
i360230,1
i360231,8
i360232,2
i360233,1
i36024,1
i360244,4
i360252,1
i360256,2
i360257,1
i360288,3
i360290,1
i360292,9
i360295,3
i360296,1
i360298,16
i360304,2
i360305,1
i360308,12
i360316,3
i360321,1
i360322,1
i360358,4
i360364,2
i36038,5
i360390,2
i360400,2
i360411,6
i360414,1
i360417,4
i360420,4
i360423,6
i360426,5
i360439,6
i360447,2
i36045,32
i360461,2
i360468,1
i360473,1
i360479,3
i360486,3
i360488,1
i36050,7
i360503,4
i360508,8
i360514,1
i360523,3
i360529,1
i360537,5
i360562,9
i360566,11
i360572,11
i360575,1
i360576,1
i36058,38
i360582,1
i36059,2
i360604,1
i36061,28
i360612,4
i360620,5
i360624,6
i360629,1
i36063,4
i360630,1
i36064,58
i36065,8
i360650,3
i360663,7
i36067,28
i360696,7
i360698,2
i3607,15
i360706,1
i360708,9
i360709,2
i360711,2
i360713,3
i360715,4
i360717,2
i360718,1
i360719,1
i360722,6
i360725,1
i360728,1
i360729,6
i360742,5
i360744,3
i360754,2
i360755,4
i360758,1
i360759,19
i360770,5
i360778,1
i36078,21
i360791,5
i360796,4
i360824,1
i360828,3
i360830,1
i360831,3
i360836,6
i36084,13
i360850,5
i360855,5
i36086,1
i360862,3
i360883,1
i360886,4
i360887,1
i360889,1
i360906,2
i360909,5
i360929,4
i360930,2
i360932,1
i360933,3
i360935,1
i36094,11
i360943,1
i36095,34
i360958,1
i360959,6
i360962,8
i360965,1
i360967,3
i36097,75
i360970,9
i360978,15
i360979,21
i36098,32
i360992,1
i360994,3
i360996,4
i361003,6
i361004,6
i361010,2
i361015,3
i361022,11
i361023,13
i361028,4
i36103,3
i361033,13
i361034,2
i361043,5
i361067,1
i361070,2
i361071,1
i361078,1
i36109,11
i361092,2
i361095,1
i361097,7
i36110,83
i361100,2
i361101,3
i361105,6
i361108,3
i361110,1
i361112,18
i361120,2
i361121,7
i361122,1
i361123,2
i361129,1
i36113,16
i361130,2
i361141,3
i361144,14
i361145,3
i361146,3
i361149,1
i361156,1
i361161,2
i361167,2
i361174,10
i361176,1
i361177,2
i361178,6
i361184,1
i361188,6
i361195,1
i361198,3
i361202,2
i361204,1
i361206,3
i361208,3
i361209,15
i36121,14
i361210,4
i361212,8
i361214,4
i361215,2
i361217,2
i361218,3
i361219,2
i36123,3
i361232,9
i361235,1
i361237,2
i361238,1
i36124,5
i361266,4
i361270,6
i361295,1
i361316,4
i361320,4
i361324,1
i361325,4
i361335,2
i361337,4
i361340,1
i361346,1
i361351,1
i361357,4
i361360,4
i361366,6
i361369,5
i36137,16
i361372,5
i361379,4
i361386,13
i361387,4
i361388,3
i361390,4
i361391,1
i3614,10
i361413,3
i361414,1
i361421,2
i361423,1
i361429,5
i36143,20
i361431,2
i361433,1
i361436,4
i361437,4
i361443,3
i361451,1
i361452,1
i361453,1
i361465,4
i361467,4
i361492,1
i361494,10
i361500,2
i361501,10
i361506,5
i361507,7
i36151,80
i361515,2
i361517,7
i361521,2
i361526,5
i361529,6
i361535,1
i36154,47
i361553,1
i361554,9
i361558,1
i361561,1
i361568,6
i361580,3
i361581,4
i361585,2
i361587,6
i361590,8
i361594,2
i361600,1
i361601,2
i36161,13
i361610,3
i361617,8
i361619,2
i361620,10
i361624,3
i361626,9
i361627,12
i361629,3
i361631,3
i361633,1
i361638,4
i361639,2
i361646,1
i361648,1
i361649,5
i361652,4
i361656,3
i361674,3
i361680,2
i361682,3
i361686,33
i361687,2
i361688,4
i361705,1
i361706,1
i361709,4
i361728,3
i361731,2
i361738,7
i361742,2
i361743,2
i361747,6
i361750,1
i361754,4
i361760,8
i361764,4
i361770,1
i361775,5
i36178,9
i361794,9
i3618,19
i36181,5
i361810,4
i361811,3
i361821,2
i361822,1
i361829,2
i361843,1
i361844,3
i361848,1
i361858,1
i361864,4
i361867,3
i361871,3
i361873,2
i361876,7
i361889,1
i36189,3
i361890,3
i361897,10
i3619,17
i36190,62
i361901,2
i36191,38
i361911,3
i361924,1
i361927,1
i36193,8
i361932,4
i361935,3
i361943,4
i361958,1
i361963,3
i361965,3
i36197,62
i361972,4
i36198,12
i361983,5
i361989,6
i36199,26
i361999,1
i36200,2
i362010,8
i362011,7
i362015,1
i362022,3
i362027,5
i362036,1
i362037,2
i36206,16
i362065,1
i362076,3
i362080,3
i362094,1
i362095,15
i3621,9
i362110,8
i36212,1
i362132,5
i362141,3
i362145,2
i362146,3
i36215,4
i362151,8
i362152,9
i362158,1
i362159,6
i362169,2
i36217,12
i362170,2
i362177,1
i362178,8
i36218,1
i362180,3
i362190,2
i362194,2
i362200,9
i362204,7
i362208,2
i362229,4
i362230,1
i362255,1
i362257,2
i362270,1
i362278,4
i362282,1
i362286,1
i36229,9
i362298,5
i362301,5
i36231,6
i362314,5
i362319,3
i36232,54
i362331,1
i362338,10
i362343,5
i362345,6
i362355,3
i362370,10
i362374,1
i362378,2
i36238,14
i362381,2
i362385,2
i36239,78
i362390,1
i362391,12
i362407,4
i362415,11
i362424,1
i362436,12
i36245,3
i362450,1
i362455,1
i362459,10
i362460,1
i362464,1
i36249,14
i362491,2
i362495,2
i362498,3
i362500,1
i362503,1
i362509,1
i362512,2
i362517,8
i362527,5
i362530,1
i362532,2
i362544,1
i362553,2
i36256,4
i362561,2
i362563,14
i362566,1
i36257,5
i362576,4
i362577,5
i36258,1
i36259,29
i362591,1
i362592,10
i362598,1
i36260,22
i362602,3
i362605,6
i362607,3
i362610,5
i362611,1
i362613,3
i362618,1
i362619,4
i36262,1
i362621,2
i362632,4
i362635,2
i362640,3
i362644,1
i36265,33
i362650,2
i362654,7
i362657,6
i362664,5
i362677,3
i362678,3
i362680,5
i362684,6
i362686,2
i362687,11
i362697,3
i36270,7
i362701,4
i362704,1
i362708,1
i362709,2
i36271,108
i362714,2
i362716,5
i36272,29
i362731,1
i36274,2
i362746,2
i362765,1
i36278,3
i362785,1
i36279,20
i362792,4
i3628,7
i36280,10
i362801,2
i362804,1
i362805,1
i362810,3
i362817,42
i362830,8
i362835,3
i362843,6
i362845,6
i362865,4
i362867,10
i362878,2
i36288,6
i362880,3
i362892,1
i3629,23
i362909,1
i362910,1
i362911,7
i362916,2
i362918,2
i36292,32
i362922,5
i362929,1
i36293,1
i362930,6
i362933,5
i362941,5
i362947,1
i362962,5
i362969,1
i362977,6
i362989,4
i36299,35
i362997,2
i36300,1
i363005,15
i363012,4
i36302,4
i363020,5
i363021,7
i363027,5
i363037,4
i363038,1
i363041,6
i363045,2
i363047,1
i363048,5
i36305,31
i363053,2
i363054,2
i363058,9
i363059,3
i363060,9
i36307,68
i36308,23
i363091,3
i363092,14
i363104,5
i363116,1
i36313,4
i363130,2
i363132,1
i363135,2
i363137,4
i363138,1
i363145,2
i363149,3
i363150,1
i363151,1
i363154,3
i363155,3
i363156,2
i363159,3
i363160,2
i363161,10
i363167,1
i36317,10
i363171,1
i363173,1
i363176,1
i36318,9
i363180,5
i363183,5
i363187,1
i363188,1
i36320,2
i363201,1
i363204,13
i363208,3
i363209,1
i363214,1
i363216,9
i363217,3
i363223,2
i363226,1
i363229,14
i363233,19
i363234,2
i363235,1
i363236,2
i363242,5
i363244,5
i363249,2
i363251,1
i363252,4
i36326,1
i363264,5
i363276,4
i363278,1
i36328,8
i363281,4
i363285,2
i363286,2
i363288,6
i363292,3
i363306,1
i363312,1
i363315,2
i363318,1
i363326,5
i363334,2
i363336,1
i363339,2
i36334,6
i363344,3
i363350,4
i363356,2
i363364,3
i36337,1
i363375,1
i363389,1
i363390,1
i363397,1
i363407,1
i36342,34
i363427,5
i363434,2
i36345,16
i363461,26
i363462,9
i363467,8
i363468,3
i36347,15
i363477,1
i363488,2
i363496,2
i363497,1
i363499,2
i3635,10
i363506,1
i363508,2
i363519,4
i363521,3
i363524,6
i363533,8
i363534,4
i363536,5
i363538,6
i363540,1
i363546,1
i363553,3
i363554,8
i363555,3
i363557,4
i363558,5
i363560,1
i363562,2
i363563,1
i363564,4
i363576,2
i36358,16
i363590,6
i363591,5
i363592,5
i36361,9
i363619,4
i36362,47
i363621,2
i363629,1
i363633,9
i363647,2
i36365,31
i363672,2
i363701,2
i363702,2
i363703,2
i363710,2
i363712,1
i363713,3
i363715,3
i363728,1
i363730,1
i363732,10
i363734,2
i363736,3
i363737,1
i36374,38
i363751,2
i363755,2
i363764,9
i363771,17
i363787,1
i36380,97
i363816,1
i363819,1
i363821,6
i363823,2
i363826,2
i36385,24
i363850,9
i363852,6
i363870,1
i363882,2
i363902,2
i363907,2
i363909,1
i363913,1
i36392,35
i363921,5
i363926,3
i36393,33
i363934,6
i363937,2
i36394,5
i363941,4
i363942,3
i363946,1
i363949,3
i36395,9
i363960,1
i363965,2
i363966,3
i363967,2
i363968,5
i36397,24
i363973,2
i363984,1
i363989,1
i363994,2
i3640,16
i364000,4
i364016,2
i36402,23
i364020,6
i364028,7
i364029,17
i36403,2
i364031,1
i364037,3
i364041,11
i364042,1
i364047,5
i364057,6
i36406,8
i364060,1
i364062,1
i364064,1
i364066,3
i36407,16
i364074,1
i364078,1
i36408,5
i364091,6
i364093,4
i364099,34
i364102,1
i364105,2
i364106,10
i364108,14
i364116,9
i364126,3
i364128,19
i364131,17
i36414,57
i364144,3
i36415,79
i364150,2
i364154,1
i364161,2
i364162,4
i364163,6
i364165,5
i364168,9
i364173,2
i364175,3
i364176,2
i36418,10
i364182,12
i364183,2
i364189,1
i36419,6
i364190,2
i364192,1
i364197,2
i364198,1
i364199,1
i364200,3
i364206,2
i36421,51
i364212,2
i364221,2
i364226,1
i364228,1
i36423,1
i364235,11
i364241,1
i364242,6
i364244,4
i36425,36
i364250,2
i364251,3
i364253,19
i364255,8
i364258,3
i364261,8
i364272,7
i36428,43
i364281,6
i364282,2
i364289,1
i36429,42
i364292,1
i364294,11
i364296,10
i3643,20
i364303,1
i364305,2
i364307,1
i364314,4
i364319,1
i36432,6
i364320,2
i364321,4
i364331,2
i364351,1
i364355,1
i364358,2
i364359,6
i364363,2
i364365,3
i364366,1
i364367,5
i364374,6
i364375,1
i364376,10
i364387,4
i36439,33
i364396,3
i364398,3
i364399,3
i36440,19
i364401,3
i364402,11
i364406,3
i364408,4
i364410,1
i364412,4
i364414,2
i364416,6
i364425,1
i364426,1
i364432,2
i364437,3
i364438,12
i36444,1
i364447,1
i364452,3
i364454,1
i364458,5
i364459,1
i36446,56
i364466,1
i364468,11
i364469,7
i364475,2
i3645,56
i364504,4
i364506,23
i364507,7
i364509,2
i364521,1
i364522,3
i364531,2
i364536,1
i36454,33
i364541,1
i364545,13
i364547,5
i364548,1
i364550,5
i364551,7
i364553,3
i364559,2
i364561,3
i364563,20
i364595,1
i3646,6
i364601,1
i364602,24
i364616,1
i364620,1
i364627,1
i364629,4
i364639,9
i36464,7
i364640,3
i364642,2
i364645,6
i364647,1
i364657,3
i364664,2
i364668,6
i36467,41
i364671,1
i364674,6
i36468,91
i364686,1
i36469,21
i3647,4
i36470,1
i364717,11
i364720,16
i364723,1
i364725,3
i364728,6
i36473,63
i364735,4
i364743,25
i364744,4
i364747,13
i364753,12
i364757,1
i364759,3
i364760,1
i364765,4
i364769,1
i364776,4
i364779,1
i364780,1
i364783,3
i364788,1
i364793,7
i364811,1
i36482,21
i364826,2
i364827,1
i364834,1
i364837,2
i364838,2
i364851,1
i36486,61
i364873,12
i364876,1
i364884,1
i364890,1
i364891,1
i364893,1
i364894,1
i364895,6
i364899,1
i364903,6
i364905,7
i364909,3
i364910,4
i364913,6
i364914,8
i364925,1
i364927,1
i36493,30
i364937,1
i364946,6
i364948,6
i36495,29
i364955,10
i364959,2
i364960,2
i364966,6
i364972,5
i364979,2
i364982,2
i364986,1
i364990,1
i365,103
i36500,44
i365016,9
i36502,12
i365024,1
i365026,3
i36503,15
i365030,2
i365034,2
i365035,1
i365042,17
i365046,3
i36505,20
i365053,6
i365055,1
i365064,5
i365066,4
i365068,2
i365075,1
i365079,8
i365080,2
i365085,4
i365091,1
i365122,4
i365133,2
i365134,2
i36514,11
i365147,1
i365159,4
i36516,16
i365162,7
i365164,2
i36517,2
i365177,11
i36518,81
i365186,7
i365197,2
i365210,4
i365228,1
i365230,3
i365234,4
i365236,2
i36524,12
i365246,1
i365247,3
i36525,84
i365253,2
i365264,2
i3653,9
i36531,11
i36532,31
i365339,1
i365350,8
i365352,3
i365358,2
i365364,3
i36538,26
i365382,3
i365386,1
i36539,9
i365391,1
i365394,7
i365398,3
i3654,13
i365401,10
i365403,1
i365406,1
i365407,1
i365412,1
i365415,1
i365417,2
i365419,8
i365422,10
i365430,2
i365439,5
i365443,3
i365444,4
i365449,1
i365450,8
i365452,3
i36546,4
i365485,4
i365487,6
i36549,17
i365490,6
i365497,1
i365499,4
i365500,1
i365526,5
i36553,2
i365534,13
i365536,11
i36554,50
i365568,1
i365574,1
i365580,1
i36559,73
i365590,13
i365594,13
i365599,4
i365604,4
i365607,1
i365610,2
i365615,1
i365625,1
i365629,1
i36563,16
i365635,1
i365645,1
i36565,2
i365653,1
i365659,1
i365665,19
i36567,69
i365673,1
i365676,1
i365678,1
i365683,1
i365687,1
i36569,2
i365701,1
i365702,1
i365715,3
i365722,4
i365729,3
i365734,10
i365741,13
i365742,1
i365747,7
i365758,5
i365773,1
i36578,13
i365781,3
i365788,9
i36579,18
i365813,9
i365818,2
i36582,3
i365827,1
i365834,4
i365836,1
i365837,1
i365851,2
i365852,4
i365853,1
i365858,1
i365861,3
i365862,3
i36587,8
i365876,7
i36589,19
i365894,2
i365896,1
i365897,6
i365899,2
i365909,1
i365929,9
i36594,1
i365940,6
i365948,2
i365952,2
i36596,48
i365960,8
i365966,3
i36597,57
i365970,2
i365971,5
i365972,16
i36598,1
i365981,9
i365988,5
i36599,51
i365998,2
i3660,35
i366003,10
i366004,1
i36601,34
i366019,15
i36603,41
i366055,2
i366057,1
i366071,4
i366080,1
i366083,1
i36609,3
i366096,11
i366107,2
i366113,1
i366131,2
i366132,10
i36614,59
i36615,15
i36616,22
i366175,7
i36618,16
i366183,1
i366200,5
i366202,1
i366231,2
i366249,15
i36625,6
i366250,12
i366264,1
i36627,9
i366275,1
i366281,3
i36629,25
i366293,16
i366298,7
i366302,1
i366306,3
i366310,2
i366314,1
i366315,1
i366317,5
i36632,38
i366326,1
i36633,70
i366335,1
i366345,8
i366347,1
i366356,1
i366361,2
i366362,10
i366367,2
i366376,2
i366377,8
i366391,3
i366393,1
i366395,4
i366399,3
i36640,4
i366402,2
i366403,2
i366404,3
i366411,2
i366421,3
i366448,1
i366453,1
i366465,2
i366474,1
i366477,1
i366486,1
i36649,4
i366490,1
i366495,3
i366496,7
i366505,3
i366509,2
i366512,1
i366517,1
i366529,2
i366536,5
i366541,7
i366547,9
i366548,4
i366552,10
i366560,2
i366562,1
i366566,1
i366569,3
i36657,28
i366571,1
i366573,2
i366579,1
i36658,32
i366581,3
i36659,1
i366593,8
i366594,11
i366595,1
i366597,15
i3666,3
i366603,14
i366613,6
i36662,1
i366620,5
i366625,2
i366626,2
i366631,5
i366632,1
i366633,2
i366640,2
i366664,1
i366668,2
i366672,4
i36669,1
i36670,15
i36671,12
i366713,2
i366738,4
i36674,1
i366751,1
i366753,2
i366756,1
i366761,1
i366764,1
i36677,13
i366774,9
i366783,2
i366786,6
i366788,1
i36679,66
i366792,2
i366809,1
i36681,82
i366816,6
i36682,6
i366828,1
i366829,5
i36683,23
i366830,1
i366833,11
i366834,1
i36684,35
i366844,6
i366846,2
i366858,5
i366864,3
i366877,4
i366883,4
i366888,3
i36689,2
i366894,2
i36690,4
i366906,4
i36691,23
i36692,35
i366920,17
i366927,4
i366943,2
i366945,6
i366949,1
i366952,1
i366956,7
i366965,2
i366968,2
i36697,23
i366979,3
i366984,1
i366986,3
i36700,47
i367005,3
i367014,1
i367020,1
i36703,45
i367033,2
i367042,4
i367047,3
i367053,1
i367056,2
i367057,2
i367063,8
i367068,4
i36707,40
i367076,12
i3671,26
i36710,3
i36711,49
i367113,1
i367115,5
i367116,5
i367129,1
i367130,5
i367134,4
i367137,1
i367139,11
i36714,30
i367140,1
i367142,2
i367147,8
i367163,1
i367170,1
i367171,2
i367173,10
i36718,46
i367188,3
i367191,1
i367196,10
i367198,1
i367199,6
i3672,13
i367200,2
i367201,3
i367207,3
i367218,6
i367220,1
i367233,1
i367234,1
i367248,7
i36725,75
i367270,1
i367274,3
i36728,12
i367288,4
i367289,1
i367295,1
i367307,1
i367308,2
i36731,27
i367312,8
i367313,1
i367324,4
i367328,8
i36733,50
i367342,3
i367343,4
i367355,8
i36736,8
i367367,1
i36737,5
i367373,9
i367384,2
i36739,28
i367400,2
i367407,4
i367418,4
i367419,9
i367420,1
i367425,3
i367426,2
i367430,2
i367434,2
i367439,1
i36746,13
i367464,3
i367469,5
i367476,12
i367480,8
i367481,28
i367484,5
i367489,7
i367493,2
i367498,3
i367499,1
i3675,3
i367504,3
i367506,8
i36752,85
i367526,1
i36753,10
i367533,2
i367534,11
i367544,6
i367546,2
i367548,16
i367556,1
i36756,15
i367560,4
i367563,1
i367567,1
i367579,1
i36758,44
i367585,1
i367595,2
i367598,2
i367609,1
i367630,2
i367636,3
i367644,5
i367650,1
i367664,1
i367666,5
i367676,1
i367678,5
i36768,4
i367680,5
i367693,8
i367697,1
i367711,5
i367715,1
i367732,1
i367736,4
i36774,26
i367743,6
i367749,1
i367759,18
i36776,5
i367764,2
i367775,2
i367780,16
i36780,38
i367812,17
i367813,11
i367823,1
i367834,5
i367835,1
i367842,1
i367844,3
i367854,1
i367866,1
i367867,1
i367875,14
i36789,6
i367896,5
i367908,4
i367909,2
i36791,60
i367917,4
i367919,3
i367923,3
i367927,24
i367928,4
i367931,8
i367936,6
i367947,1
i36795,8
i367958,5
i367966,4
i367971,4
i367973,1
i367975,14
i367982,14
i367987,9
i36799,34
i368,1
i36801,7
i368046,2
i368056,1
i368061,1
i368063,11
i36807,1
i368074,10
i368078,1
i368084,4
i368095,4
i368101,2
i368126,8
i368127,3
i368131,7
i368132,1
i368133,4
i36815,28
i368156,1
i368159,2
i368160,4
i368168,25
i36817,2
i368171,6
i368177,4
i368180,3
i368182,5
i368184,1
i368193,2
i368214,11
i36823,36
i368240,1
i368241,2
i368248,1
i368249,1
i368254,5
i368256,19
i368261,4
i368271,3
i36828,41
i368285,1
i368311,1
i368315,5
i368330,1
i368347,6
i368351,3
i368358,1
i368360,11
i368379,3
i368380,4
i368381,1
i368388,2
i36839,23
i368395,2
i368398,3
i368399,3
i3684,1
i368400,15
i36841,26
i36842,8
i36843,29
i368432,2
i368433,5
i368454,1
i36846,3
i368468,2
i36848,30
i368488,1
i368498,1
i3685,16
i368501,1
i368504,5
i368510,12
i368512,2
i368515,3
i368517,1
i368526,14
i368535,2
i368548,1
i36855,30
i368567,2
i368595,10
i368597,1
i368599,1
i3686,5
i368608,1
i36862,17
i368623,7
i368624,2
i36863,6
i368639,4
i368640,5
i368655,1
i368656,7
i368659,2
i36866,11
i368679,2
i368681,9
i368684,1
i368690,4
i368692,2
i368693,6
i368698,4
i3687,7
i368708,6
i368710,2
i368711,7
i36872,2
i368739,12
i368746,1
i368748,1
i368750,1
i368756,8
i368767,12
i368768,6
i368771,5
i368773,3
i368777,6
i36878,2
i368782,1
i368784,7
i368787,5
i368789,2
i368790,3
i368798,4
i36880,20
i36882,30
i368826,7
i368829,1
i368832,3
i36886,30
i368865,7
i368868,7
i368876,20
i368889,1
i368894,5
i368897,2
i368902,1
i368903,4
i36891,18
i368916,5
i368918,5
i368921,1
i368926,2
i368928,1
i368930,1
i368931,4
i368935,1
i368938,1
i368942,3
i368945,2
i368949,4
i36895,6
i368953,2
i368954,3
i368958,2
i368959,1
i368963,10
i368966,1
i368968,1
i368971,3
i368999,2
i369,1
i3690,43
i369003,13
i369011,6
i369016,1
i36903,4
i369033,1
i36904,3
i369041,10
i369046,1
i369053,4
i36906,1
i369061,2
i369071,6
i369078,2
i369079,5
i369098,4
i369099,2
i369103,1
i369104,3
i369106,6
i369108,6
i369115,2
i369116,13
i369117,8
i369121,1
i369122,5
i36913,35
i369132,2
i369150,2
i369156,1
i369163,6
i369183,4
i36921,15
i369210,1
i369213,1
i369217,3
i36922,2
i36924,42
i369241,3
i369249,2
i369274,1
i369279,11
i369301,2
i369311,1
i369316,1
i369329,7
i369342,11
i369343,2
i369345,8
i36935,3
i369354,1
i369358,2
i369359,2
i36936,44
i369363,1
i369368,10
i369369,20
i36937,20
i369373,4
i369374,2
i369375,6
i36939,11
i369394,1
i3694,3
i369412,1
i369413,4
i369421,2
i369426,1
i369427,3
i369430,3
i369432,1
i369438,1
i36944,45
i369444,1
i369446,2
i36946,19
i369467,2
i369474,3
i369479,1
i369486,2
i369499,5
i36950,24
i369509,2
i369528,1
i369532,2
i369538,1
i369548,5
i369558,1
i369575,5
i369581,4
i369582,1
i369608,14
i369610,1
i369617,3
i369633,2
i369637,2
i36964,16
i369645,4
i369646,2
i36965,6
i369653,1
i369659,1
i369664,2
i36967,5
i369675,7
i369678,5
i36968,9
i369685,3
i369688,1
i36969,57
i3697,11
i36971,26
i369710,3
i369716,5
i369746,2
i36976,4
i369788,3
i369789,8
i369790,5
i369794,1
i369795,9
i369802,2
i369809,15
i36982,12
i369823,30
i369837,1
i36984,36
i369846,6
i36985,6
i369854,3
i369860,2
i369871,1
i369878,1
i36988,54
i36990,47
i369905,7
i369907,3
i369912,2
i369915,2
i369925,1
i369926,2
i36993,21
i369939,5
i36994,46
i369940,6
i369942,1
i369948,4
i369955,4
i369956,11
i369965,4
i369967,7
i369985,4
i369986,2
i369988,1
i36999,1
i369994,4
i37000,76
i370007,2
i370010,1
i370011,4
i370023,2
i370027,2
i370032,7
i370035,1
i370038,2
i370042,6
i370048,1
i37006,30
i3701,53
i37010,7
i370106,2
i370107,4
i370119,1
i370120,2
i370122,2
i370124,3
i370125,2
i37013,15
i370133,1
i370142,4
i37015,7
i370169,3
i37017,4
i370170,1
i370172,1
i370174,2
i370180,1
i370189,5
i3702,12
i370200,2
i370204,1
i37021,3
i370217,1
i370238,1
i370243,1
i37025,5
i370254,14
i370256,13
i370267,10
i370271,5
i370275,3
i370277,1
i37028,1
i370283,6
i370296,8
i370297,1
i370304,1
i370309,3
i37031,22
i370324,1
i37033,3
i370337,6
i37034,1
i370359,2
i370361,1
i370371,11
i370377,6
i370384,7
i37039,11
i370403,1
i370404,26
i370408,4
i370413,1
i370414,2
i370416,2
i370418,1
i37043,25
i370448,1
i370454,1
i370455,1
i370456,2
i370463,1
i370467,3
i370470,5
i370476,6
i370481,2
i370482,12
i370487,3
i37049,19
i3705,9
i37050,59
i370503,6
i370525,2
i370534,4
i370548,1
i370561,2
i370563,1
i37057,4
i370570,2
i370571,5
i370572,3
i370574,4
i370576,1
i370581,2
i370589,3
i370602,2
i370603,3
i370607,3
i37061,14
i370613,4
i37062,25
i370634,1
i370635,1
i370638,2
i37064,33
i370651,1
i370657,2
i370664,2
i370668,7
i37067,10
i370673,2
i370686,2
i370688,1
i37069,17
i370695,2
i370696,4
i370698,1
i370708,6
i37071,37
i370710,2
i370712,1
i370713,2
i37072,6
i370721,3
i370723,5
i370724,19
i370729,9
i37073,61
i370730,9
i370734,5
i370737,2
i37074,20
i370748,1
i37075,82
i370756,2
i370761,6
i370770,3
i370772,3
i370779,7
i37078,64
i370783,2
i370784,14
i370785,4
i370789,1
i370808,1
i370811,3
i370812,2
i370818,1
i370822,5
i370828,4
i370829,10
i370838,1
i370839,1
i37085,18
i370867,5
i370873,2
i370878,2
i370883,1
i370884,4
i370897,1
i3709,1
i370929,4
i370948,2
i370955,5
i370960,3
i370962,2
i370982,4
i370983,18
i37099,14
i37100,44
i371006,10
i371009,3
i371013,6
i371018,2
i371022,2
i371027,6
i371034,1
i37105,18
i371058,4
i371059,2
i371065,6
i371071,1
i371078,16
i37108,10
i371081,4
i371087,2
i37109,73
i371106,9
i37111,9
i371114,4
i371115,2
i371116,1
i371117,1
i371118,2
i371119,3
i37112,26
i371123,1
i371126,2
i371135,7
i371139,7
i371140,3
i371141,4
i371143,4
i371144,2
i371145,6
i371149,7
i37115,5
i371150,2
i371151,1
i371158,6
i37116,55
i371162,2
i371163,2
i37117,24
i371177,2
i371178,6
i371184,2
i371187,1
i37119,15
i371195,16
i371197,1
i37120,16
i37121,1
i371215,4
i371216,27
i371218,5
i37122,84
i371227,3
i371236,1
i371239,3
i371241,1
i371242,1
i371253,19
i371257,4
i37126,61
i37127,9
i371272,1
i37129,14
i371290,1
i371291,1
i371294,2
i371295,3
i3713,8
i371305,4
i37131,59
i37132,3
i371329,1
i371346,2
i371347,1
i37135,27
i371363,3
i371367,6
i371372,2
i371383,1
i371398,1
i37140,2
i371401,4
i371402,2
i371408,2
i37141,2
i371410,13
i371414,6
i371420,1
i371422,3
i371424,1
i371437,3
i371439,9
i37144,56
i371449,4
i371451,1
i371455,9
i371458,1
i371472,8
i37148,5
i371482,4
i37149,90
i371503,1
i37152,1
i371521,2
i371531,1
i37155,34
i371552,5
i371556,1
i371563,3
i371569,3
i371579,1
i37158,62
i37160,1
i371608,7
i371609,1
i371611,1
i371616,2
i371629,11
i371639,4
i371659,1
i37167,6
i371695,7
i371697,3
i37170,1
i371703,1
i371704,3
i371708,5
i371711,3
i371714,1
i371732,2
i371734,1
i371737,2
i371747,7
i37177,14
i371771,4
i37178,13
i371788,11
i37180,2
i371805,18
i371812,2
i371813,6
i371814,9
i371815,1
i371836,2
i371837,4
i371842,6
i371847,3
i371848,7
i37185,47
i371856,1
i371860,1
i371861,1
i371867,2
i371869,8
i371870,27
i371877,3
i37188,25
i3719,75
i371902,3
i371907,3
i371925,1
i371927,1
i371938,12
i371939,3
i37194,71
i371954,1
i37196,2
i371965,3
i371968,3
i371969,3
i371977,1
i371980,5
i371994,3
i371999,4
i372,29
i3720,9
i372002,7
i372010,3
i372021,2
i372031,3
i372037,2
i372039,2
i372042,1
i37205,6
i372056,2
i372058,1
i372077,5
i372078,8
i37208,4
i37209,8
i372091,13
i372095,1
i372096,7
i372100,3
i372107,11
i372121,1
i372124,2
i372131,1
i37214,75
i372149,1
i372155,1
i372165,6
i372177,2
i372178,2
i37219,14
i372193,2
i37220,64
i372200,4
i372203,3
i372205,1
i37221,3
i372212,5
i372216,2
i37222,28
i372231,3
i372233,7
i372234,3
i372235,1
i372238,1
i372240,2
i372243,2
i372245,5
i37225,36
i372250,2
i372259,1
i372268,5
i372270,3
i372273,1
i372278,10
i372280,18
i372290,3
i372293,1
i372294,5
i372300,6
i372301,3
i372302,1
i372304,5
i372349,33
i372351,5
i372376,3
i3724,15
i372434,1
i372437,2
i372450,15
i37246,9
i372475,8
i37248,2
i372488,4
i37249,12
i37250,42
i37251,41
i372513,6
i37252,10
i37253,1
i372533,1
i372541,11
i372565,4
i372571,1
i372581,4
i372598,1
i3726,50
i372610,4
i372611,1
i37262,4
i37263,21
i372640,3
i372646,2
i372654,8
i37267,1
i37268,4
i372689,2
i372690,23
i372698,2
i372699,6
i372707,1
i372713,1
i372721,2
i372733,2
i372738,1
i372742,1
i372747,2
i372749,10
i372752,4
i372762,2
i372770,1
i372781,3
i372787,1
i372790,1
i372800,2
i372818,2
i372854,2
i372855,17
i37286,10
i372862,3
i37287,9
i37288,5
i372881,3
i372889,1
i37289,53
i372893,3
i372907,2
i372909,1
i372913,3
i372922,2
i372931,3
i372932,3
i372933,3
i372934,5
i372936,1
i372938,8
i37294,10
i372941,4
i372951,2
i372952,1
i372956,3
i372966,1
i372973,12
i37298,28
i372983,1
i372986,5
i372988,2
i37299,13
i372996,1
i373,33
i3730,4
i373002,1
i373006,3
i373007,8
i373013,1
i373019,2
i373028,2
i37303,27
i373038,9
i373051,4
i373052,6
i373055,1
i373091,3
i3731,53
i373104,7
i373111,3
i373120,4
i373131,5
i373132,3
i373137,2
i373138,2
i373141,7
i373157,1
i37318,2
i373180,1
i37319,3
i373215,1
i37322,20
i373224,2
i373227,24
i37323,28
i37325,23
i373253,2
i373269,4
i373273,3
i373291,5
i373292,3
i373311,2
i373328,12
i373362,9
i373367,2
i373368,2
i373373,3
i37339,25
i37340,4
i373404,6
i373409,2
i373414,6
i373417,1
i373419,2
i373421,1
i373422,3
i373428,2
i37343,70
i373434,5
i373436,4
i373441,1
i373456,2
i373463,1
i373467,8
i373468,2
i373470,1
i373477,1
i37349,3
i37350,21
i373501,3
i373518,3
i373532,1
i373534,1
i373535,13
i373538,1
i37354,45
i373554,1
i37356,13
i373568,2
i373569,2
i373571,7
i37358,3
i373580,2
i373584,4
i373586,3
i373592,3
i373595,1
i37360,13
i373604,3
i373610,17
i373611,2
i373615,2
i373617,1
i373627,10
i373638,2
i37364,9
i37368,39
i373688,1
i373699,1
i3737,11
i373700,1
i373703,2
i37371,2
i373712,1
i373713,6
i37372,18
i373722,6
i373724,2
i37373,4
i373731,3
i373736,7
i373755,1
i373768,1
i37377,1
i3738,16
i373807,9
i373813,5
i373818,8
i373824,1
i373830,2
i373841,2
i373843,1
i373844,5
i373855,1
i373857,12
i373861,4
i373868,4
i373870,3
i373873,3
i373880,5
i373886,7
i373892,4
i373907,1
i373908,3
i37391,1
i373925,10
i373926,1
i373933,4
i37394,25
i37395,53
i373955,1
i373957,2
i373966,2
i373969,1
i373972,6
i373994,1
i374012,7
i374016,5
i374026,1
i374027,7
i374029,5
i374043,2
i374044,2
i37405,34
i374055,1
i374059,6
i374065,5
i374078,6
i374081,6
i374083,6
i374084,11
i374085,4
i374089,2
i374097,2
i374108,1
i37412,2
i374127,1
i37416,4
i374161,2
i374163,4
i374165,2
i37417,66
i374176,5
i37418,12
i374183,4
i374189,3
i374191,1
i374195,2
i374196,5
i374200,2
i374205,6
i374211,4
i37422,32
i374237,1
i374238,2
i37425,80
i374253,3
i374254,1
i374276,1
i374287,2
i3743,12
i374306,14
i374310,3
i374312,3
i374318,1
i374331,9
i374332,3
i374336,7
i374339,1
i37434,2
i374341,3
i374347,4
i374349,3
i374350,1
i374353,2
i374358,1
i374363,2
i37438,1
i374389,2
i374395,6
i374397,7
i374399,1
i374408,2
i374431,1
i374438,1
i37444,51
i374443,5
i374446,4
i374462,2
i374465,2
i374466,1
i37447,43
i374480,1
i374481,2
i374488,5
i374494,1
i374499,1
i3745,35
i374502,3
i374505,2
i374511,2
i374517,1
i374521,4
i374530,1
i374531,13
i374535,4
i374537,2
i374543,3
i37455,7
i374554,1
i374556,1
i374577,5
i374583,10
i374586,7
i374592,7
i374593,3
i374598,1
i3746,2
i37460,4
i374606,6
i374620,3
i374622,10
i374625,1
i374629,6
i374632,4
i37465,20
i374653,6
i374660,8
i374661,1
i374674,7
i374679,1
i374682,2
i374688,1
i374694,1
i374696,6
i374697,2
i374699,1
i3747,40
i37470,4
i374705,2
i374708,3
i37471,25
i374712,2
i374719,3
i374723,3
i374728,4
i37473,5
i374731,6
i374745,1
i374748,4
i37475,1
i374754,2
i37476,13
i374763,8
i374764,1
i374777,3
i374778,2
i374787,2
i374800,6
i374818,3
i37482,29
i374823,1
i374832,2
i374875,1
i374877,7
i374879,8
i374881,1
i374884,12
i374891,7
i37491,40
i374918,1
i374933,3
i37494,112
i374953,1
i37497,43
i374971,8
i374982,8
i374983,11
i37499,4
i374994,6
i374995,3
i374996,8
i374997,1
i375000,3
i375001,10
i375002,7
i375009,1
i37501,13
i375065,2
i375068,2
i375072,4
i375079,3
i375082,10
i375087,4
i375088,2
i375093,6
i375097,1
i37510,15
i375103,5
i375105,3
i375114,1
i375122,1
i375123,2
i375126,3
i375129,5
i375138,7
i375140,4
i375146,1
i375159,5
i37516,19
i375163,1
i375173,4
i375179,2
i375183,3
i375185,2
i375192,1
i375202,3
i375216,9
i375225,1
i375228,1
i37523,3
i37524,25
i375242,2
i375247,1
i37525,19
i375253,2
i375256,4
i375282,2
i375303,5
i375308,12
i375309,1
i375314,3
i375319,6
i375328,2
i375336,2
i375341,5
i375342,15
i375355,6
i375378,3
i37538,15
i375385,9
i375387,3
i375388,5
i375389,2
i375390,8
i375401,1
i375403,3
i375405,1
i375406,3
i375409,1
i37541,43
i375417,8
i375421,4
i375426,17
i37543,42
i375435,1
i375440,1
i375441,7
i375447,3
i37545,10
i375451,2
i375452,8
i375453,9
i375464,1
i375466,2
i37547,4
i375472,1
i375473,2
i375480,4
i375483,1
i375485,14
i375494,1
i375496,1
i375499,8
i37550,4
i375500,1
i375502,4
i375509,1
i375511,4
i375513,2
i375520,3
i375522,3
i375524,1
i375526,3
i375527,10
i375528,1
i375533,7
i375534,3
i375535,8
i375537,2
i37554,31
i375546,1
i375551,7
i375555,1
i37556,5
i375563,6
i375565,3
i37557,15
i375573,1
i375584,5
i375586,3
i37559,10
i375592,2
i375597,1
i375603,2
i375604,2
i375626,4
i375630,5
i375637,2
i375639,2
i37564,4
i375656,4
i375661,2
i375662,5
i375665,2
i375674,1
i375676,1
i375688,1
i375693,2
i37570,6
i375706,7
i375713,1
i375716,25
i375718,4
i375725,3
i37573,7
i375741,4
i375750,10
i375751,2
i375752,14
i375754,2
i375771,2
i375775,1
i375778,12
i375780,1
i375789,1
i375805,1
i375807,3
i375812,1
i375818,1
i375829,6
i375839,1
i375842,4
i375846,2
i375851,2
i375858,5
i37586,4
i375879,2
i375913,3
i375918,1
i375936,15
i375937,1
i375942,1
i375945,3
i375956,1
i37596,2
i375968,4
i37597,10
i376,11
i376001,1
i376016,1
i37602,42
i37603,14
i37604,6
i376042,1
i37606,2
i376086,4
i376089,1
i376107,7
i376111,1
i376125,4
i376126,11
i376128,6
i376132,2
i376133,10
i376135,1
i376145,1
i376151,2
i376153,9
i376160,2
i376168,8
i37618,12
i376180,9
i376191,18
i376194,1
i376195,10
i376199,2
i37620,25
i376204,1
i376207,4
i376231,4
i37625,56
i376253,1
i37627,14
i376271,8
i37629,15
i37630,43
i376341,1
i37637,52
i376387,13
i376393,4
i3764,6
i376400,9
i376403,6
i376408,9
i376416,12
i376435,3
i37644,7
i376442,1
i376450,1
i376458,2
i376460,1
i376470,1
i376471,1
i37648,14
i376483,5
i376489,1
i37649,85
i3765,16
i376520,1
i376525,6
i37653,4
i376532,1
i376535,6
i376544,5
i376547,2
i37655,4
i376561,5
i37657,30
i37658,2
i376585,2
i376589,2
i376594,1
i376606,2
i376607,2
i376626,5
i37663,7
i376630,5
i376638,41
i376642,2
i37665,16
i376650,2
i376657,10
i37666,1
i376663,2
i376675,4
i37669,54
i376693,5
i376706,1
i376714,5
i376719,5
i376725,4
i376732,3
i37678,13
i376788,1
i37679,28
i376792,5
i376824,7
i376831,1
i376846,2
i376853,2
i376854,1
i37686,7
i376860,4
i376863,4
i376871,7
i376874,11
i376886,5
i37689,5
i376896,3
i3769,88
i376917,1
i376939,2
i37694,1
i376942,2
i376943,3
i376947,1
i37696,21
i376967,2
i37697,2
i376985,11
i37699,22
i376990,3
i3770,23
i37700,4
i377001,7
i377010,1
i377024,3
i377029,1
i37703,23
i377033,2
i377037,2
i377041,7
i377045,3
i377046,3
i377053,4
i377061,1
i377062,1
i377073,13
i37708,5
i377081,5
i377082,3
i377086,3
i377087,4
i377096,1
i37710,32
i377107,7
i377112,1
i377115,2
i377122,2
i377128,1
i37714,65
i377141,6
i377144,3
i377147,2
i377149,16
i377154,1
i37718,12
i377187,6
i377189,1
i37719,1
i377192,4
i377195,1
i3772,8
i377200,9
i377201,2
i377208,2
i37721,10
i377210,9
i377215,2
i377216,1
i377223,1
i377226,1
i37723,13
i377234,3
i377239,7
i377243,3
i377244,2
i377246,2
i37726,21
i377261,2
i377262,1
i377264,8
i377271,5
i377272,5
i377274,1
i377276,2
i377280,4
i377281,3
i377283,1
i377288,1
i377293,1
i377298,7
i377299,6
i3773,4
i377305,6
i377309,9
i37731,12
i377316,4
i377318,1
i377322,3
i377331,11
i377332,1
i377336,9
i377339,7
i377342,3
i377347,1
i37736,35
i377367,6
i377371,1
i37738,7
i377385,6
i37739,101
i377394,4
i3774,4
i377404,1
i377407,9
i377409,5
i37741,24
i377413,1
i377429,7
i377449,1
i37745,36
i377457,1
i37746,27
i377467,2
i37747,25
i377476,1
i377479,1
i377486,4
i37749,2
i377507,3
i377509,6
i37751,37
i377514,11
i377517,6
i377520,7
i377522,2
i377528,1
i377533,1
i377535,2
i377536,4
i377538,2
i37754,23
i377542,2
i37755,25
i377556,1
i377558,1
i37756,21
i377562,10
i377565,4
i37758,9
i377583,7
i377599,3
i37760,27
i377608,6
i377611,2
i377613,1
i377623,1
i377624,2
i377625,12
i377626,2
i377628,2
i377629,7
i377637,2
i37764,15
i377640,4
i37765,12
i377659,4
i377678,1
i377681,1
i377691,3
i377692,1
i37771,15
i377726,2
i377736,6
i377741,1
i377744,3
i377751,6
i377752,21
i377759,5
i37776,45
i377775,10
i37779,105
i377800,3
i37781,20
i37782,1
i37783,11
i377842,7
i377860,1
i37787,14
i377870,1
i377874,7
i377878,1
i377885,3
i377894,1
i37790,5
i377928,3
i377932,1
i377935,3
i377936,2
i377939,1
i377941,2
i377954,1
i377958,2
i377969,3
i37799,5
i377992,1
i378,86
i378002,1
i378008,18
i37801,4
i378011,1
i37802,22
i37805,1
i378056,19
i378059,5
i37806,28
i378066,5
i378068,8
i378069,1
i378072,2
i378073,1
i378077,1
i378092,3
i378101,4
i378102,1
i378103,4
i37812,92
i378120,2
i378126,6
i378127,2
i378128,1
i378134,2
i37814,12
i378144,2
i378148,30
i378150,1
i378151,6
i378156,2
i378165,3
i378166,1
i37817,4
i378173,5
i37819,1
i378198,2
i378206,7
i378212,12
i378217,3
i378228,6
i378234,2
i378240,5
i378243,2
i378247,5
i37825,2
i378251,2
i378259,3
i37827,29
i378282,1
i378284,3
i378286,5
i378291,2
i378292,7
i378298,9
i378303,9
i378306,6
i37831,1
i378324,1
i37833,61
i378331,2
i378334,7
i378352,9
i378354,7
i37836,1
i378375,2
i378378,3
i378379,5
i378385,1
i378387,1
i378404,5
i378406,1
i37841,12
i378426,3
i378434,1
i37844,32
i37845,30
i37847,47
i378471,1
i37849,1
i378501,1
i378508,7
i378514,3
i378521,2
i378530,1
i378532,13
i378540,6
i378546,1
i378548,5
i378558,2
i378559,1
i378564,2
i378569,5
i378570,1
i378572,1
i378581,10
i378583,2
i378585,1
i37859,1
i3786,30
i378606,1
i378610,5
i378616,3
i378621,2
i378638,3
i378644,1
i378664,1
i37867,44
i378672,2
i378677,2
i378681,2
i378682,5
i378689,1
i378690,30
i378691,1
i378692,8
i378695,14
i378711,1
i378712,2
i378715,5
i378717,2
i378720,2
i378724,6
i37873,2
i378730,1
i378732,1
i378733,6
i378749,4
i378755,12
i378760,3
i37877,2
i378771,1
i378778,2
i37878,32
i378782,8
i378783,5
i378790,5
i378796,4
i3788,8
i37881,22
i378828,1
i37883,10
i378835,3
i378838,8
i378841,3
i378846,6
i378848,4
i37885,43
i378859,10
i378861,5
i378872,2
i378880,4
i378881,4
i378885,1
i37889,16
i378892,3
i378917,2
i378918,2
i378922,2
i378929,1
i378937,3
i378940,3
i378957,2
i378964,1
i378968,1
i378970,5
i378979,3
i378984,8
i37899,2
i3790,13
i379002,1
i379003,6
i379019,1
i37902,56
i379024,2
i379026,1
i379029,2
i379032,3
i379034,3
i379044,2
i379045,1
i379051,1
i379053,5
i379061,2
i379067,1
i379076,1
i379081,4
i379083,2
i379088,1
i379092,2
i379095,1
i379096,3
i3791,55
i379103,1
i37911,35
i379117,1
i379150,2
i379157,2
i37918,1
i379180,1
i379188,4
i379193,10
i379195,1
i379196,6
i37920,67
i379201,4
i379203,8
i379206,2
i379208,15
i37921,5
i379217,1
i37922,1
i379232,1
i379234,2
i379236,4
i379238,5
i379257,10
i37926,4
i379261,15
i379262,3
i379267,8
i37927,11
i379271,3
i379274,4
i379277,6
i379280,2
i379297,3
i37930,14
i379304,4
i379314,2
i379317,2
i379320,2
i379330,1
i379343,1
i379347,1
i379353,2
i379354,2
i379356,1
i379357,5
i37936,5
i379362,2
i379366,1
i379367,1
i379369,9
i379371,3
i379377,3
i379378,1
i379384,1
i37939,37
i379390,1
i37941,29
i379410,1
i379414,1
i379425,1
i379434,4
i37945,2
i37948,36
i37952,21
i37955,3
i37956,5
i37957,13
i37958,46
i3796,15
i37960,32
i37970,3
i37974,8
i37975,12
i37982,3
i37986,29
i37987,18
i37993,39
i38007,53
i38009,82
i38010,22
i38011,15
i38015,1
i38023,25
i38025,6
i38030,21
i38033,1
i38036,4
i3804,17
i38043,11
i38054,83
i38057,6
i38061,2
i38065,3
i38066,3
i38067,25
i38071,2
i3808,13
i38089,37
i3809,50
i38092,41
i38093,4
i38095,19
i38104,14
i38107,19
i38115,72
i38116,64
i38125,2
i38127,20
i38128,6
i38129,6
i38132,5
i38140,23
i38148,22
i38149,47
i38151,11
i38152,10
i38154,7
i38155,14
i3816,1
i38165,5
i38169,15
i38184,1
i38186,8
i3819,16
i38192,4
i38193,37
i38198,17
i38202,5
i38203,14
i38205,2
i38207,27
i38213,1
i38218,46
i38225,28
i38227,5
i38229,7
i38231,12
i38234,3
i38236,9
i38243,4
i38244,14
i38245,1
i38246,60
i38248,3
i38249,21
i3825,4
i38250,4
i38251,52
i38257,46
i38258,12
i3826,45
i38270,3
i38271,7
i38272,2
i38273,2
i38279,61
i38283,28
i38294,31
i38297,10
i38302,3
i38304,30
i38305,6
i38309,5
i38316,19
i38326,6
i38329,35
i38331,5
i38335,26
i38341,27
i38342,45
i38346,2
i3835,35
i38352,4
i38354,8
i3836,13
i38361,4
i38365,17
i38367,5
i3837,25
i38373,20
i38375,9
i38377,34
i38379,2
i3838,41
i38394,6
i38398,5
i38402,23
i38404,5
i3841,3
i384107,2
i38411,1
i38415,82
i38416,26
i3842,2
i38425,4
i38427,1
i38432,4
i38437,1
i38438,4
i38439,7
i38440,48
i38444,39
i38445,38
i38449,32
i38452,43
i38454,13
i38456,7
i38460,10
i38462,46
i38463,2
i38468,8
i3847,5
i38470,27
i38476,11
i38479,4
i3850,2
i38502,6
i38508,17
i38509,6
i3851,3
i38510,9
i38517,49
i38519,17
i3852,19
i38523,4
i38525,7
i38527,13
i38529,1
i38532,35
i38533,18
i38536,38
i38539,1
i38547,12
i38548,23
i3855,51
i38550,12
i38557,29
i38558,3
i38560,30
i38568,11
i38569,15
i38570,22
i38572,15
i3858,30
i38582,7
i38583,19
i38586,1
i38587,2
i38589,4
i3859,9
i38590,38
i38597,32
i38608,15
i38609,1
i38610,6
i38611,19
i38618,79
i38623,9
i38631,101
i38638,15
i38642,12
i38647,45
i38652,3
i38654,3
i38656,33
i3866,4
i38660,40
i38667,17
i38669,4
i3869,27
i38690,1
i38693,6
i38695,2
i38697,1
i38703,1
i38704,5
i38705,61
i38714,17
i38733,1
i38737,51
i38739,69
i38746,110
i38748,6
i38753,2
i38756,35
i38763,1
i38767,51
i38775,4
i38776,27
i3878,38
i38780,6
i38787,11
i38791,2
i38792,2
i38796,2
i38806,50
i38818,29
i38819,14
i38824,35
i38826,13
i38830,9
i38833,85
i38834,47
i38839,9
i3884,15
i38841,38
i38844,29
i38846,19
i38850,1
i38852,3
i38855,22
i38857,40
i38858,23
i38867,14
i38871,79
i38878,20
i38881,46
i38888,19
i38889,38
i38892,24
i38897,2
i389,13
i38901,11
i38904,19
i38908,26
i3891,9
i38919,31
i38921,48
i389268,1
i389269,2
i389272,1
i389273,4
i389276,2
i389279,1
i38928,1
i389281,2
i389283,1
i389285,2
i389288,1
i389293,1
i389294,1
i38930,21
i38932,1
i38937,34
i38938,6
i3894,3
i38940,37
i38944,23
i38954,15
i38956,43
i38959,12
i3896,3
i38960,38
i38963,9
i38964,1
i38966,6
i38968,4
i38970,36
i38976,49
i3898,5
i38989,4
i38990,21
i38991,1
i38992,25
i38994,27
i38996,6
i38997,51
i38998,3
i39000,6
i39005,2
i39007,26
i39009,21
i39017,62
i39021,14
i39028,10
i39030,24
i39032,17
i39036,2
i3904,34
i39040,52
i39045,3
i39046,35
i39049,3
i3905,26
i39050,3
i39051,4
i39053,3
i39055,5
i39060,6
i39062,40
i39070,11
i39074,68
i39075,14
i39082,30
i39083,22
i39090,2
i39091,1
i39092,35
i39103,64
i39106,11
i39108,47
i39110,43
i39111,7
i39112,57
i39113,76
i39114,26
i39115,2
i39116,71
i3912,62
i39120,13
i39122,25
i39123,13
i39125,19
i39126,6
i39131,2
i39134,1
i39137,27
i39138,12
i39139,16
i39145,24
i39146,34
i39151,49
i39152,5
i39156,4
i39163,10
i39182,41
i39183,31
i39184,6
i39187,22
i39188,4
i39194,88
i39197,26
i39198,1
i392,23
i3920,18
i39204,2
i39207,74
i39210,34
i39216,23
i39221,39
i39222,1
i39228,33
i3923,15
i39234,4
i39235,46
i39236,6
i39245,4
i39248,21
i39249,1
i3925,5
i39250,15
i39254,50
i39255,18
i3926,2
i39264,5
i39269,2
i3927,3
i39272,38
i39273,5
i39276,7
i39278,4
i39281,58
i39284,16
i39287,4
i3929,4
i39291,3
i39296,7
i39299,18
i39300,27
i39309,44
i39311,81
i39312,1
i39313,16
i39317,15
i39321,45
i39322,82
i39323,14
i39325,9
i39329,73
i39332,26
i39333,6
i39335,44
i39337,21
i39339,19
i39343,4
i39346,44
i39354,10
i39356,6
i39357,54
i39363,6
i39366,4
i39367,24
i39368,25
i3937,1
i39373,53
i39378,10
i39385,23
i39393,3
i39399,25
i3940,5
i39403,81
i39407,14
i39408,28
i3941,1
i39410,4
i39412,15
i39414,15
i39420,9
i39427,15
i39430,1
i39439,27
i39441,12
i39442,89
i39443,62
i39446,9
i39451,13
i39454,26
i39455,29
i39458,8
i39459,53
i3946,49
i39461,15
i39465,9
i39466,22
i39473,3
i39475,86
i39478,2
i39479,5
i3948,3
i39481,45
i39487,11
i39489,17
i39490,3
i39493,12
i39496,20
i39497,1
i39498,4
i39499,56
i3950,18
i39504,22
i39509,9
i39510,3
i39516,11
i39518,7
i39519,12
i39524,2
i39528,12
i39529,17
i39537,17
i39539,21
i39545,45
i39549,3
i3955,29
i39550,21
i39557,22
i39559,19
i3958,1
i39582,5
i39584,7
i39585,34
i3959,9
i39591,19
i39594,17
i39597,20
i39602,2
i39604,26
i39606,2
i39607,20
i39610,84
i39615,25
i39619,15
i39620,4
i39626,5
i39627,2
i39629,11
i3963,2
i39632,7
i39636,17
i39641,44
i39644,24
i39645,22
i39647,9
i39653,12
i39657,82
i39658,16
i39660,12
i39663,42
i39669,37
i39670,18
i39671,5
i39677,16
i3968,3
i39681,7
i39682,34
i39685,2
i396910,1
i396917,3
i396919,1
i396926,1
i396927,1
i396937,1
i396938,1
i39694,1
i396952,1
i396965,2
i396966,1
i396976,1
i39698,14
i396989,1
i39699,36
i397010,1
i397011,1
i397015,1
i397030,1
i397037,1
i397040,1
i39705,8
i397055,1
i39706,2
i397064,1
i39707,17
i397078,1
i397081,3
i397094,2
i397096,1
i39710,8
i397100,3
i397107,4
i397108,1
i39711,24
i397113,1
i397120,1
i39713,4
i39714,26
i397165,1
i397169,2
i397178,1
i39718,12
i397182,2
i397185,1
i39719,74
i397193,1
i397195,1
i397198,1
i397205,2
i397214,1
i39722,39
i397222,1
i39723,6
i397236,1
i39725,9
i397250,2
i397282,1
i397297,2
i3973,12
i397303,1
i397307,1
i397310,2
i397313,1
i397317,1
i397326,1
i397331,1
i397336,1
i39734,20
i397342,3
i397344,2
i397345,1
i39735,11
i397352,1
i397358,1
i397360,1
i397370,1
i397372,2
i397377,1
i397383,1
i397386,1
i397389,3
i39739,2
i397395,1
i397397,1
i39740,38
i397404,1
i397405,3
i397406,1
i397432,1
i397437,1
i397438,1
i397446,1
i397453,3
i397454,1
i397458,2
i397468,1
i397469,1
i397474,1
i39749,12
i397490,1
i397500,1
i397504,1
i397507,1
i397508,1
i39752,2
i397522,3
i397524,1
i397532,2
i397548,3
i397549,1
i397551,1
i397559,1
i39756,29
i397563,1
i39757,15
i397574,1
i397582,1
i397584,2
i397586,2
i397589,1
i397596,2
i3976,39
i39760,1
i397604,1
i397606,3
i397612,1
i397616,1
i397621,1
i397641,1
i397646,1
i39765,14
i39766,1
i39767,27
i397672,5
i397673,1
i397677,1
i397692,1
i397701,1
i39771,41
i397710,1
i397711,1
i397712,2
i397713,1
i397724,1
i397727,4
i397731,1
i397732,1
i397734,2
i397735,1
i397739,1
i39775,7
i397751,1
i397752,1
i397760,1
i397769,1
i397770,1
i397776,2
i397782,1
i397794,1
i397802,1
i397804,1
i397805,1
i397820,1
i397823,1
i397843,1
i397853,1
i397859,1
i39786,4
i39787,1
i39788,24
i397880,1
i397884,1
i397892,2
i397893,1
i397897,3
i397903,4
i397904,2
i397905,1
i397917,1
i397924,1
i39794,6
i397958,1
i397960,1
i397964,1
i397965,1
i397969,2
i397971,1
i397980,1
i397982,1
i397995,1
i397999,1
i3980,5
i398003,2
i398015,1
i39802,3
i398026,1
i398039,1
i398042,1
i39805,88
i398062,1
i398068,1
i398073,1
i398077,1
i39808,31
i398098,1
i398110,3
i398116,1
i398121,1
i398123,1
i398127,2
i398128,2
i398129,1
i39813,5
i398145,2
i398154,1
i398155,1
i398157,1
i398158,1
i398160,1
i398168,1
i398174,1
i398176,1
i39819,9
i398190,1
i398191,3
i398196,1
i398197,1
i398203,1
i398216,1
i398224,1
i398228,1
i39823,34
i398230,2
i398235,1
i398236,1
i398237,2
i39824,7
i398240,1
i39825,4
i398254,1
i398258,1
i398261,1
i39827,61
i398270,1
i398273,1
i398276,1
i39828,17
i398280,1
i398282,1
i398290,2
i398298,1
i398302,1
i39831,3
i398313,2
i398314,1
i398318,2
i398321,3
i398332,2
i398333,1
i398338,1
i398342,1
i39835,8
i398356,1
i398359,1
i398360,1
i398364,1
i398372,1
i398375,1
i398376,2
i398389,1
i398390,1
i398392,2
i398395,1
i398398,1
i398401,1
i398403,1
i398406,1
i39841,4
i398417,1
i398421,1
i398427,1
i398437,1
i39844,2
i398456,3
i398463,1
i39847,7
i398476,1
i39848,6
i398484,2
i398486,1
i39849,43
i398491,1
i398494,1
i398496,1
i3985,39
i398510,2
i398517,3
i39854,22
i398540,1
i39855,1
i398551,1
i398553,1
i39856,8
i398564,2
i39858,13
i3986,10
i398604,2
i39861,4
i398613,1
i39862,5
i398624,2
i398629,1
i398634,1
i398641,1
i398644,1
i398648,1
i39865,29
i398663,1
i398669,1
i398671,2
i398680,1
i398684,2
i3987,10
i398703,1
i398704,3
i398705,1
i398713,1
i398717,1
i398718,1
i398722,1
i398723,1
i398735,2
i398737,3
i39874,9
i398743,4
i398750,1
i398754,1
i398757,2
i398758,2
i398766,1
i398768,1
i398774,2
i398781,3
i398792,2
i398794,1
i398799,1
i398808,1
i398813,1
i398818,1
i398821,2
i398826,1
i39884,27
i39885,10
i398854,1
i398859,1
i39886,17
i398860,1
i398862,3
i398864,1
i398865,1
i398871,1
i39888,12
i398882,1
i39889,2
i398896,1
i398908,1
i39891,37
i398910,1
i39892,7
i398922,1
i398927,3
i39894,11
i398944,3
i39895,5
i398958,2
i39896,15
i398962,2
i39897,2
i398981,1
i398984,1
i398989,1
i398993,1
i398998,1
i399000,2
i399007,1
i399020,1
i399029,1
i399033,1
i39904,34
i399051,1
i399055,1
i39906,1
i399064,1
i399081,1
i399089,1
i399093,1
i399095,1
i399102,1
i399105,1
i399123,2
i39913,4
i399140,1
i399146,2
i399161,2
i399162,2
i399165,1
i399166,1
i39917,12
i399170,1
i399172,1
i39920,38
i399200,1
i399203,2
i399228,1
i399229,2
i399230,1
i399231,1
i399234,1
i399236,1
i399258,1
i399265,1
i399274,1
i399278,1
i399281,1
i399294,1
i3993,8
i39930,3
i399304,1
i399306,1
i399307,1
i399308,1
i39931,2
i399311,1
i399312,1
i399316,1
i399318,3
i399321,2
i399332,1
i399335,1
i39934,3
i399342,2
i399343,3
i399346,1
i399350,1
i399351,1
i39936,46
i399362,2
i399363,4
i399367,1
i399375,1
i399390,1
i399392,1
i39940,6
i399404,1
i399420,1
i399423,1
i399427,2
i39944,1
i399447,1
i399464,2
i39947,2
i399470,1
i399482,2
i399488,1
i399491,2
i399493,1
i399496,2
i399499,1
i399504,1
i399505,2
i399513,2
i399515,1
i399517,1
i399519,1
i39952,34
i399521,1
i399522,1
i399526,1
i399539,1
i39954,11
i399556,3
i399560,1
i399562,2
i399570,1
i399575,1
i399578,2
i3996,11
i39960,4
i39963,5
i39964,48
i39970,3
i39972,7
i39974,58
i39979,47
i39985,57
i39987,10
i39988,7
i39991,1
i39993,2
i39996,14
i39997,1
i40003,3
i40005,38
i40010,19
i40014,26
i40018,14
i40022,2
i40027,5
i40037,57
i40038,3
i40039,2
i40040,1
i40045,5
i40046,28
i40049,18
i40050,37
i40055,71
i40057,28
i40058,5
i4006,5
i40060,5
i40065,21
i40066,3
i40068,42
i40072,9
i40073,1
i40074,16
i40076,8
i40081,26
i40082,9
i40084,2
i40088,24
i40092,62
i40099,33
i40103,26
i40104,1
i40105,34
i40106,2
i40107,13
i4011,2
i40117,4
i40118,13
i40119,1
i40120,34
i40131,74
i40132,15
i40137,4
i4014,13
i40140,40
i40141,31
i40146,2
i40147,20
i401598,1
i40160,21
i401621,2
i401628,2
i40164,6
i40167,27
i40175,4
i40180,72
i40182,18
i40193,32
i401964,1
i401974,1
i401976,3
i40198,11
i401984,3
i401986,1
i40202,10
i40203,7
i40205,3
i40207,5
i40209,14
i4021,2
i40211,6
i40215,7
i40216,44
i40223,3
i40226,30
i40230,57
i40240,4
i40241,1
i40245,14
i40257,50
i40259,114
i40262,6
i40266,1
i40276,22
i40278,2
i40286,20
i40289,10
i40290,3
i40291,87
i40299,1
i4030,5
i40300,18
i40302,1
i40303,1
i403041,1
i403049,1
i40305,1
i403054,2
i403056,1
i403063,1
i40307,2
i403070,1
i403089,1
i4031,1
i40311,5
i403116,1
i40312,36
i403132,1
i403143,1
i403149,1
i403159,1
i403164,1
i40317,1
i403191,1
i403194,1
i403197,1
i403212,2
i403213,2
i403215,1
i40322,37
i403224,1
i403225,2
i40323,19
i403239,1
i40324,29
i403242,1
i403247,2
i40326,20
i403268,1
i403272,1
i403273,1
i403274,1
i403283,2
i40329,58
i403295,1
i403309,1
i403318,1
i40333,23
i403331,1
i403332,1
i40334,3
i403360,1
i403363,1
i403392,5
i403397,1
i403403,1
i403407,1
i403440,1
i40345,17
i40346,18
i403475,1
i40348,24
i403484,2
i403486,1
i403490,1
i403497,2
i40351,16
i403510,1
i40352,37
i403520,1
i403521,1
i403528,1
i403533,2
i403543,1
i403545,3
i403546,1
i403558,3
i403568,1
i403598,2
i403605,1
i403612,1
i403615,1
i403645,1
i403650,1
i403666,2
i40367,4
i403672,1
i40368,57
i403688,1
i403690,1
i403692,1
i403704,4
i40371,43
i403713,1
i403739,1
i40374,19
i403747,1
i403749,1
i403761,1
i403767,2
i40377,7
i40378,6
i403786,1
i40379,6
i403800,1
i403806,1
i403807,1
i403809,3
i403811,1
i403813,3
i403820,1
i40384,18
i403843,1
i403846,1
i403847,1
i403866,1
i40388,4
i403895,1
i4039,23
i403901,1
i403904,1
i403910,1
i40392,43
i403921,1
i403923,3
i40396,12
i40399,7
i4040,10
i40402,5
i40403,5
i40409,3
i40411,25
i40414,16
i4042,18
i40428,2
i40429,32
i40430,37
i40447,48
i40450,9
i40452,10
i40453,8
i40455,35
i40457,6
i40458,3
i40459,25
i4046,5
i40463,35
i40466,27
i40467,2
i40468,10
i40474,42
i40476,38
i40479,36
i40481,4
i40483,52
i40497,25
i40501,62
i40505,8
i40509,3
i4051,25
i40522,8
i40524,42
i40527,5
i4053,83
i40532,2
i40534,2
i405344,1
i40538,21
i40541,23
i40543,3
i405481,1
i40555,25
i40560,36
i40562,3
i40564,21
i40566,22
i40568,2
i40572,13
i40573,29
i40575,12
i40579,16
i4058,10
i40588,8
i40589,1
i40591,57
i40592,3
i40596,15
i4060,30
i40601,3
i40609,3
i40610,25
i40613,3
i40614,8
i40616,27
i406211,1
i406214,1
i406217,1
i406221,1
i406229,1
i40624,2
i406243,2
i406246,3
i406248,2
i406251,1
i406257,1
i40626,34
i406268,1
i406269,1
i406270,1
i406282,1
i406286,1
i406290,1
i4063,3
i406315,1
i406317,1
i406327,1
i406331,1
i406332,1
i406339,1
i406340,1
i406343,1
i406346,1
i406347,3
i40635,1
i406365,1
i406378,1
i40638,6
i406393,1
i406398,1
i406402,2
i406406,2
i40641,60
i406412,3
i406414,1
i406415,1
i406431,1
i406433,1
i406445,1
i406446,1
i40646,36
i406461,1
i406474,1
i406487,1
i40649,54
i40650,12
i406503,1
i406507,1
i40651,73
i406510,1
i406512,1
i406514,1
i406542,2
i40655,40
i406550,2
i406555,1
i406560,1
i406564,1
i406567,3
i406571,2
i40658,4
i406584,1
i406585,1
i406586,1
i406590,1
i406601,1
i406609,1
i406610,1
i406611,1
i406617,1
i40663,1
i406635,2
i406636,1
i406639,2
i406641,1
i406643,1
i406665,1
i406668,1
i406686,1
i406708,1
i406709,1
i406714,1
i406715,1
i40673,2
i406734,1
i40674,24
i406740,1
i406742,1
i406744,2
i406751,1
i406754,1
i406760,2
i406761,1
i406766,1
i40677,67
i406776,1
i406779,1
i40678,60
i406796,1
i40681,50
i406815,2
i406829,1
i40684,30
i406848,1
i40685,11
i406850,1
i406852,1
i406853,1
i406859,2
i406860,2
i406872,1
i406877,1
i406888,1
i40689,25
i4069,9
i406903,2
i406916,2
i40692,13
i406920,1
i406921,1
i406927,2
i406964,2
i406975,2
i406976,1
i40698,6
i406983,1
i406984,1
i406990,1
i406992,1
i406998,3
i407,63
i4070,49
i407009,2
i40702,16
i407022,1
i407031,2
i407033,1
i407041,1
i407046,1
i407056,1
i407057,1
i407058,2
i407060,3
i407062,1
i407063,1
i407068,1
i407070,1
i407075,1
i407076,2
i407085,1
i4071,1
i40710,12
i407100,3
i40711,16
i407121,1
i407131,1
i407144,1
i407150,1
i407156,1
i40716,6
i407160,1
i407165,1
i407167,1
i407170,2
i407178,3
i407180,4
i407188,1
i407200,2
i40721,5
i40723,7
i407239,1
i407243,1
i407249,1
i407253,1
i407258,1
i40726,6
i407261,1
i407271,1
i407288,2
i40729,17
i407292,2
i407304,2
i407306,1
i40731,1
i407310,1
i40732,30
i407322,2
i407325,1
i40733,54
i407336,1
i407337,1
i407341,2
i407345,1
i407346,1
i407375,1
i407377,1
i40738,4
i407381,1
i407389,1
i407393,1
i40740,52
i407403,1
i407419,2
i407428,1
i407433,2
i407441,1
i407444,1
i407446,1
i407449,1
i407456,1
i407478,1
i407498,1
i40750,27
i407506,1
i407508,2
i40752,12
i407520,2
i407522,1
i407529,2
i407533,1
i407539,1
i40755,7
i407553,1
i407554,1
i407558,1
i407568,2
i407569,1
i40759,3
i40769,77
i407705,1
i407706,1
i407708,1
i407711,1
i40772,6
i407726,1
i407729,1
i407747,3
i40776,29
i40778,47
i4078,3
i40780,23
i407803,3
i407810,1
i407828,1
i40784,21
i407842,1
i407864,1
i407867,1
i40787,41
i407877,2
i407883,1
i407891,1
i407900,1
i407908,1
i407909,1
i407915,2
i407917,1
i407918,1
i407924,1
i407926,1
i40793,10
i407931,1
i407941,1
i407952,1
i40797,66
i407972,1
i407977,1
i407979,1
i40798,9
i407982,2
i40799,24
i407992,1
i407993,1
i407995,1
i407999,2
i40801,7
i408017,1
i408022,1
i408026,1
i40803,7
i408035,1
i408039,1
i408044,1
i408046,1
i408068,1
i40807,3
i408082,1
i408085,2
i408089,1
i408092,1
i408097,1
i40811,42
i408112,1
i408118,1
i408120,1
i408137,1
i408138,1
i408142,1
i408146,1
i40817,5
i408184,1
i408192,1
i408193,1
i408218,1
i40822,1
i408222,1
i40823,23
i40824,41
i408250,1
i408252,1
i408253,1
i408254,1
i408291,1
i408293,3
i408294,1
i408296,1
i408297,1
i4083,6
i408306,1
i408310,5
i408319,1
i408327,2
i408331,1
i408334,1
i408345,1
i408357,1
i408360,1
i408364,1
i408365,1
i408373,1
i40845,6
i40850,20
i40851,3
i40855,77
i40868,2
i40869,9
i4087,8
i40877,35
i40878,15
i40880,31
i40884,2
i40885,19
i40887,2
i40888,82
i40889,10
i40891,23
i40899,9
i4090,13
i40902,3
i40916,2
i40918,4
i4092,10
i40920,15
i40921,23
i40932,10
i40934,3
i40938,4
i4094,1
i40941,38
i40945,1
i40953,21
i40954,5
i40955,21
i40956,1
i40958,14
i40964,76
i40970,6
i40973,42
i40974,40
i4098,8
i40983,89
i40985,28
i40994,49
i40997,18
i40998,28
i4100,9
i41008,5
i41016,29
i41018,20
i41027,43
i41029,6
i4103,21
i41036,13
i41038,4
i41041,11
i41045,2
i41048,4
i41049,9
i41066,1
i41077,1
i41086,5
i4109,6
i41092,1
i41094,1
i41097,8
i41098,25
i4110,38
i41100,1
i41112,3
i4112,4
i41121,1
i41125,20
i41129,13
i41131,14
i41136,1
i41139,4
i41145,5
i41147,30
i41148,54
i41154,70
i41155,8
i41157,3
i41168,3
i41169,8
i4117,5
i41172,15
i4118,25
i41180,7
i41183,8
i41184,1
i41188,5
i4119,55
i41190,3
i41191,3
i41192,1
i41199,41
i412,27
i41200,16
i41203,3
i41210,1
i41213,2
i41216,18
i4122,1
i41221,6
i41227,1
i4123,71
i41231,12
i4124,81
i41242,3
i41244,2
i41256,22
i41257,73
i41259,27
i4126,2
i41261,57
i41262,1
i41265,11
i41269,56
i41279,44
i41281,11
i41283,25
i41285,7
i4129,15
i41290,11
i413,37
i4130,2
i41302,1
i41303,16
i41304,6
i41307,6
i41313,3
i41314,33
i41320,1
i41322,30
i41325,1
i41327,39
i41333,1
i41336,2
i41339,2
i41341,5
i41342,12
i41343,12
i41345,9
i41346,34
i41347,3
i41348,15
i4135,69
i41356,3
i41357,46
i41358,27
i4136,41
i41361,35
i41370,31
i41381,31
i41384,12
i4139,4
i41391,8
i41392,2
i41395,25
i4140,6
i41401,1
i41405,63
i4141,10
i41415,18
i41416,8
i41419,5
i4142,17
i41421,20
i41428,37
i41431,33
i41434,7
i41438,9
i41439,1
i4144,11
i41446,2
i41447,35
i41449,4
i41450,3
i41452,15
i41453,68
i41457,33
i41459,8
i41462,24
i41468,1
i41471,1
i4148,7
i41481,2
i41491,6
i41495,9
i41498,2
i41500,3
i41502,21
i41506,24
i41508,17
i41511,1
i41520,59
i41523,27
i41529,9
i4153,25
i41536,27
i4154,49
i41540,2
i41542,12
i41546,1
i41555,15
i4156,1
i41560,30
i41566,4
i41568,20
i41572,1
i41573,20
i41574,5
i41576,12
i4158,6
i41581,80
i41583,25
i41585,10
i41590,2
i41594,9
i41598,23
i416,31
i41601,3
i41605,20
i4161,6
i41610,1
i41611,8
i41614,15
i41615,1
i41616,5
i41618,13
i41619,11
i4162,2
i4163,17
i41644,16
i41645,5
i41649,3
i41650,4
i41652,24
i41653,1
i41656,5
i4166,57
i4167,3
i41674,35
i41675,34
i41676,20
i41677,24
i4168,6
i41680,1
i41681,27
i41682,9
i4169,69
i41690,3
i41693,9
i41694,4
i41696,2
i41697,14
i41703,3
i41715,35
i41717,4
i41718,1
i41724,18
i41726,31
i41728,9
i41730,6
i41732,2
i41735,1
i41736,21
i41738,4
i41739,4
i4174,1
i41743,11
i41744,1
i41750,3
i41754,7
i41757,48
i41763,3
i41765,3
i41786,4
i41789,1
i4179,71
i41791,15
i41794,21
i41796,1
i41797,19
i41800,13
i41802,5
i4181,1
i41811,16
i41815,29
i41816,23
i41821,6
i41831,16
i41832,2
i41833,28
i41836,3
i41838,9
i41845,5
i41853,26
i41857,15
i41864,74
i41865,2
i41869,2
i41872,22
i4189,9
i41897,37
i419,8
i4190,30
i41900,7
i41907,37
i41913,20
i41923,15
i41926,24
i41928,40
i41930,2
i41931,1
i41932,8
i41933,30
i41936,3
i4194,10
i41942,23
i41943,1
i41946,9
i41950,49
i4196,11
i41966,25
i41968,1
i41972,1
i41977,5
i41979,82
i41980,7
i41983,42
i41989,12
i4199,8
i41999,8
i420,34
i42003,9
i42006,28
i42007,5
i42008,1
i42011,15
i42013,1
i42014,29
i42017,2
i42019,26
i42020,8
i42021,10
i42026,1
i42028,6
i4203,1
i4204,59
i42042,2
i42053,3
i42055,12
i42059,16
i42065,26
i42069,1
i42075,2
i42082,2
i42084,4
i42085,1
i4209,1
i42090,4
i42098,1
i42102,15
i42103,7
i42108,3
i42109,3
i42118,3
i4212,7
i42123,12
i42126,2
i42128,1
i4213,11
i42132,13
i42136,7
i42138,15
i4215,86
i42151,4
i42155,18
i42157,1
i42160,1
i42163,2
i42165,18
i42166,9
i42173,6
i42179,16
i42182,4
i42183,6
i42184,24
i4219,3
i42192,2
i42195,20
i42197,7
i42198,2
i422,4
i4220,48
i42205,1
i42207,16
i42210,8
i42212,11
i42221,7
i42223,5
i42225,10
i42227,13
i42228,27
i42229,5
i42235,18
i42238,19
i4224,7
i42240,9
i42250,6
i42251,7
i42252,9
i42255,5
i42257,1
i42258,3
i4227,1
i42270,2
i42271,2
i42278,2
i42280,1
i42282,1
i42284,10
i42285,2
i4229,31
i42295,9
i42297,4
i42298,2
i42300,1
i42304,3
i42306,6
i42307,1
i42309,1
i4231,29
i42310,5
i42315,21
i42321,2
i42332,6
i42337,2
i4234,2
i42341,39
i42349,26
i42350,15
i42362,11
i42364,6
i42369,1
i4237,24
i42373,3
i42382,7
i42386,1
i4239,14
i42392,5
i42394,40
i42396,31
i42397,15
i42398,11
i42402,41
i42403,3
i42404,9
i4241,28
i42410,3
i42414,7
i42415,5
i4242,8
i42422,18
i42423,3
i42427,21
i42435,6
i42448,3
i42451,1
i42453,1
i42459,5
i42462,1
i42463,5
i42468,15
i4247,56
i42479,20
i4248,6
i42486,13
i42487,9
i42489,1
i42490,1
i42491,10
i42494,3
i42495,23
i42499,2
i42502,4
i42503,11
i42506,1
i42509,2
i42517,2
i42521,3
i42527,1
i42531,1
i42533,2
i42535,4
i42541,18
i42544,4
i42547,1
i42548,2
i4255,6
i42554,19
i42559,3
i4256,38
i42561,1
i42564,2
i4257,1
i42585,6
i42586,1
i42589,24
i42590,19
i42593,1
i42598,4
i4260,11
i42603,1
i42607,2
i42610,1
i42611,2
i42617,1
i4262,1
i42620,2
i42639,1
i42649,15
i4265,2
i42651,1
i42657,5
i42659,5
i4266,24
i42660,15
i42663,3
i42665,29
i4267,40
i42670,8
i42674,6
i42676,1
i42679,9
i4268,12
i42684,1
i42688,17
i42691,7
i42692,17
i42693,11
i42698,62
i427,42
i42700,40
i42701,3
i42702,7
i42703,9
i42709,8
i42712,7
i4272,3
i42720,24
i42721,3
i42725,63
i42727,30
i42728,88
i4273,32
i42730,10
i42731,8
i42733,1
i42734,6
i42736,25
i42741,3
i42743,18
i42748,9
i42751,6
i42757,7
i42758,2
i4276,11
i42770,26
i42771,15
i42782,12
i42783,5
i42788,5
i42792,36
i42794,14
i42798,1
i4280,35
i42800,85
i42805,15
i42808,15
i42811,4
i42813,4
i42818,1
i4282,15
i42820,8
i42828,2
i42836,63
i42839,71
i42840,12
i42842,3
i42844,15
i42856,12
i42862,17
i42863,34
i42866,24
i4287,7
i42872,5
i42873,40
i42875,22
i42876,1
i42887,56
i42888,12
i42889,2
i4289,4
i42893,32
i42896,23
i42898,22
i42902,15
i42903,6
i42906,15
i42908,10
i42914,3
i42916,2
i42927,12
i4293,15
i42932,11
i42936,49
i42941,5
i42945,14
i42947,1
i4295,5
i42950,5
i42954,7
i42963,6
i42971,13
i42976,1
i42980,36
i42984,15
i42989,2
i42990,1
i42995,8
i42999,3
i43005,19
i43006,3
i43011,4
i43012,8
i43013,32
i43016,1
i43021,13
i43024,5
i43025,42
i43029,5
i4303,1
i43038,2
i43045,12
i43047,48
i43050,66
i43053,18
i43059,2
i43060,9
i43065,1
i43066,13
i43070,2
i43071,19
i43078,10
i43083,2
i43086,7
i43089,25
i4309,1
i43095,2
i43097,1
i4310,35
i43100,11
i43105,11
i43109,1
i43110,31
i43111,4
i43116,30
i43118,2
i43120,1
i43121,8
i43136,10
i43137,3
i4314,46
i43142,14
i43144,55
i43146,14
i43149,3
i43151,12
i43154,8
i43158,14
i43163,38
i43168,9
i43182,2
i43188,22
i43189,17
i4319,2
i43190,57
i43194,39
i43197,17
i43199,19
i43200,8
i43202,7
i43209,5
i43217,15
i43219,5
i4322,2
i43220,10
i43223,4
i43227,29
i43230,26
i43235,18
i43239,24
i43241,13
i43246,19
i43249,42
i43250,38
i43252,4
i43253,15
i43254,16
i43257,3
i43260,4
i43261,3
i43270,39
i4328,17
i43284,7
i43287,3
i43290,2
i43294,6
i43295,36
i43296,67
i43298,12
i43299,3
i43308,6
i43310,88
i43312,3
i43313,1
i43317,6
i43318,28
i43319,1
i4332,7
i43327,3
i43335,27
i43337,6
i43339,4
i43343,39
i43345,27
i43349,25
i4335,4
i43358,5
i4336,28
i43361,2
i43364,1
i43367,6
i43371,66
i43379,7
i43381,27
i43385,12
i43387,6
i43388,4
i4339,1
i43391,1
i43394,18
i4340,49
i43400,3
i43405,16
i43406,16
i43407,1
i43408,18
i4341,1
i43410,2
i43415,13
i4342,45
i43421,20
i43422,51
i43430,12
i43432,88
i43433,1
i43434,14
i43440,20
i43441,7
i43442,14
i43449,5
i43453,30
i43456,8
i43457,5
i43459,17
i43462,8
i43465,4
i43467,1
i43469,13
i43473,1
i43474,4
i43480,2
i43482,1
i43484,3
i43488,27
i43490,23
i43493,2
i43498,6
i43499,16
i43503,8
i43511,56
i43513,2
i43515,10
i43520,4
i43522,13
i43529,35
i43532,13
i43534,5
i43536,15
i43537,51
i43543,10
i43544,1
i4355,2
i43555,2
i43558,22
i43571,1
i43573,3
i43576,1
i43579,1
i43587,3
i43588,4
i43591,7
i43592,6
i43598,4
i4361,22
i43612,22
i43613,5
i43614,22
i43615,7
i43616,1
i43619,4
i4362,10
i43623,8
i43625,13
i43629,1
i43634,13
i43636,51
i43643,1
i43648,7
i4365,61
i43651,13
i43656,6
i43661,13
i43662,4
i43666,82
i43669,26
i4367,10
i43673,11
i43677,3
i43678,5
i43685,10
i43688,3
i4369,8
i43696,11
i43699,6
i437,1
i43700,33
i43702,7
i43704,2
i43706,7
i43709,12
i43716,2
i43718,2
i43731,3
i43739,4
i43742,10
i43744,15
i4375,23
i43752,11
i43756,18
i43759,8
i4376,6
i43763,2
i43764,30
i43766,11
i43767,29
i43769,2
i43771,25
i43775,9
i43776,1
i4379,17
i43792,8
i43799,5
i4380,3
i43800,6
i43803,6
i43805,3
i43807,1
i4381,3
i43817,1
i43821,5
i43824,3
i43828,4
i43831,2
i43833,26
i43836,6
i43844,3
i43855,8
i43857,30
i4386,27
i43860,11
i43861,3
i43862,2
i43864,19
i43867,29
i43868,21
i43869,20
i43875,70
i43879,8
i43880,1
i43884,9
i43887,28
i43889,9
i43895,12
i43897,26
i43903,13
i43907,85
i43912,21
i43919,3
i43920,1
i43922,1
i43923,1
i43924,24
i43931,3
i43934,10
i43935,2
i43937,3
i43938,35
i43940,14
i43944,49
i43946,1
i43956,11
i43962,29
i43963,1
i43967,46
i43969,21
i43972,7
i43973,6
i43974,4
i43975,13
i43979,1
i43981,14
i43985,20
i43988,17
i43991,27
i43992,21
i43994,1
i44,23
i44001,9
i44002,8
i44005,11
i44006,1
i44009,25
i44010,4
i44012,14
i44013,3
i44016,11
i44018,7
i44022,11
i44023,6
i44027,8
i44030,24
i44033,6
i44045,31
i44048,25
i4405,9
i44052,9
i44055,42
i44056,20
i44060,1
i44062,23
i4407,20
i44071,26
i44075,1
i44077,36
i44079,2
i4408,19
i44087,14
i44089,7
i44091,38
i441,4
i44100,11
i44102,2
i44106,4
i44109,38
i44110,6
i44113,2
i44116,40
i44117,21
i44121,8
i44123,3
i44127,1
i44129,11
i4413,21
i44132,1
i44139,1
i44144,3
i4415,39
i44155,14
i44162,6
i44165,2
i44168,2
i44169,5
i44172,13
i44174,16
i44179,1
i44184,38
i44186,25
i44187,22
i44189,13
i4419,17
i44190,6
i44191,54
i44198,4
i44200,8
i44201,8
i44208,4
i44212,85
i44213,22
i44214,15
i44222,1
i44223,7
i44224,38
i44227,40
i44235,2
i44236,2
i44243,3
i44249,1
i44251,5
i44258,4
i44261,5
i44264,25
i44265,3
i44267,12
i44271,10
i44273,27
i44275,2
i44277,10
i44279,36
i44284,7
i44285,7
i44287,9
i44288,27
i44293,4
i44295,3
i44300,1
i44306,3
i44311,57
i44314,64
i44316,2
i44317,1
i44318,4
i44323,6
i44326,6
i44328,3
i44329,1
i44330,10
i44333,14
i44335,5
i44337,5
i44338,16
i44344,22
i44354,5
i44355,9
i44359,8
i44361,4
i44379,3
i44380,1
i44389,11
i4439,1
i44394,4
i44396,16
i4440,13
i44401,11
i44403,27
i44405,21
i44406,3
i44413,2
i44415,17
i44426,4
i44429,10
i4443,24
i44430,24
i44435,8
i44438,21
i4444,9
i44441,12
i44442,4
i44443,17
i44448,19
i44450,17
i44452,1
i44453,6
i44454,1
i44456,3
i44457,4
i44464,16
i44465,11
i44468,6
i44472,7
i44477,6
i4448,30
i44483,3
i4449,50
i44490,14
i44496,6
i4450,23
i44501,4
i44514,25
i44518,4
i44525,2
i44529,8
i44532,3
i44533,3
i44534,1
i44536,14
i44541,8
i44542,19
i44549,5
i44558,20
i4456,5
i44560,2
i44568,18
i44573,33
i44574,10
i44578,16
i44581,2
i44582,1
i44589,2
i44591,1
i44598,8
i44599,1
i44603,2
i44605,2
i4461,57
i44615,3
i44622,15
i44623,1
i44628,10
i44636,9
i44637,3
i44640,1
i44641,10
i44647,11
i44648,2
i44649,4
i4465,26
i44650,3
i44652,15
i44658,5
i44659,9
i44667,7
i4467,9
i44677,84
i4468,2
i44682,10
i44686,28
i4469,12
i44692,1
i44693,4
i44699,15
i44700,8
i44705,19
i44708,16
i44713,8
i44714,20
i44715,18
i44717,9
i44719,1
i4472,45
i44724,1
i44725,31
i44727,2
i44729,17
i44730,9
i44732,100
i44736,48
i44744,1
i44747,3
i4475,25
i44751,1
i44752,36
i44757,3
i4476,3
i44761,35
i44764,2
i44766,16
i44776,7
i44780,36
i44781,2
i44788,34
i4479,26
i44790,9
i44792,61
i44793,4
i44797,39
i4480,13
i44801,3
i44804,17
i44805,18
i4481,6
i44811,2
i44815,13
i4482,102
i44821,8
i44826,21
i44830,55
i44841,10
i44852,2
i44861,43
i44862,1
i44868,11
i44869,55
i4487,33
i44872,2
i44875,49
i4488,9
i44886,1
i44890,2
i44893,1
i44900,13
i44902,4
i44911,4
i44912,3
i44915,23
i44916,15
i44918,1
i44920,14
i44922,18
i44930,17
i44932,18
i44936,26
i44939,10
i4494,2
i4495,3
i4496,6
i44969,24
i44975,13
i44976,13
i44978,1
i44980,10
i44982,2
i44986,1
i44992,10
i44993,23
i44995,11
i44997,23
i44998,10
i45,4
i450,36
i45000,12
i45005,1
i45007,7
i45008,2
i45010,1
i45011,5
i45014,16
i45017,12
i4502,2
i45020,26
i45029,49
i45030,15
i45032,24
i45033,31
i45038,1
i45039,84
i4504,65
i45044,2
i45056,1
i45058,3
i45061,11
i45065,10
i45067,10
i45071,12
i45072,1
i45074,14
i45077,7
i45080,23
i45088,51
i45092,6
i45098,3
i451,34
i4510,43
i45103,9
i45105,1
i45106,2
i45108,21
i45113,20
i45116,8
i45122,1
i45124,1
i45126,3
i45130,3
i45131,1
i45134,3
i45139,9
i4514,53
i45143,1
i45148,1
i45149,10
i45155,14
i45164,4
i4517,5
i45170,18
i45171,24
i45195,2
i452,1
i45201,37
i45202,1
i45203,27
i45206,18
i4521,6
i45214,1
i45223,11
i45227,24
i45233,2
i45235,33
i45239,3
i45240,3
i45247,8
i45259,21
i4526,4
i45262,20
i45263,4
i45268,9
i45269,30
i45271,3
i45280,5
i45285,14
i45290,19
i45299,26
i45303,2
i45305,18
i45308,13
i45310,5
i45311,1
i4532,11
i45335,12
i45339,68
i45340,2
i45348,6
i45359,18
i45362,6
i45363,3
i45365,1
i45367,13
i45369,2
i4537,12
i45375,2
i45378,2
i45382,4
i45388,2
i45397,15
i45398,1
i45399,7
i4540,36
i45401,12
i4541,87
i45413,5
i45415,26
i45416,19
i45419,8
i45420,12
i4543,6
i45439,42
i45440,12
i45441,5
i45446,21
i45449,1
i45453,1
i45456,2
i45457,1
i45459,2
i4546,73
i45460,1
i45464,1
i45469,3
i45476,8
i45478,6
i45485,6
i45490,1
i45491,1
i45494,31
i45498,1
i45499,3
i4550,1
i45501,48
i45504,17
i45505,18
i45506,23
i45508,1
i45509,3
i45511,9
i45513,14
i45514,36
i45516,6
i45517,75
i45519,14
i4552,13
i45524,10
i45526,6
i4553,24
i45531,9
i45532,23
i45535,3
i45539,2
i45540,3
i45548,9
i45549,3
i4555,13
i45550,2
i45553,5
i45555,5
i45560,62
i45563,2
i45566,15
i4557,4
i45572,38
i45579,4
i45585,13
i45586,52
i45592,20
i45594,23
i456,2
i45600,2
i4561,27
i45611,4
i45615,76
i45619,2
i45620,44
i45637,5
i45638,4
i45639,3
i45643,24
i45645,27
i45648,34
i45652,2
i45653,23
i45655,4
i45659,6
i45661,3
i45663,16
i45667,7
i45671,18
i45674,3
i45679,21
i45682,25
i45686,11
i45688,15
i45689,1
i45690,16
i45693,6
i457,89
i4570,13
i45705,4
i45707,9
i4571,53
i45711,10
i45714,3
i45717,4
i45720,19
i45733,7
i45734,14
i45735,4
i45736,20
i45738,6
i45747,42
i45752,33
i45763,13
i45772,9
i45775,4
i45777,40
i4579,21
i45792,2
i45794,12
i45797,10
i45799,7
i458,1
i4581,2
i45811,13
i45813,8
i45816,5
i4582,4
i45821,5
i45828,16
i4583,4
i45838,2
i45843,15
i45844,4
i45846,5
i45858,2
i45859,4
i4586,3
i45865,1
i45868,8
i45870,1
i45871,12
i45872,5
i45881,1
i45882,13
i45885,1
i45886,4
i45887,2
i45890,5
i45895,30
i45898,7
i45904,35
i45905,67
i45907,31
i4591,21
i45916,2
i45919,5
i45928,4
i4593,1
i45931,8
i45932,6
i45933,7
i45937,19
i45942,21
i45943,12
i45953,1
i45959,4
i45966,9
i45982,1
i45983,11
i45991,25
i46005,4
i46007,2
i46012,4
i46016,3
i46027,5
i46028,13
i46029,26
i4603,13
i46035,6
i46043,4
i46044,3
i46050,5
i46053,2
i4606,29
i46064,19
i46069,39
i46071,1
i46074,9
i46077,9
i4608,17
i46080,8
i46084,11
i46085,2
i46088,10
i4609,1
i46102,11
i46105,1
i46108,10
i46110,1
i46112,3
i46124,11
i46126,1
i46128,1
i46129,1
i46130,8
i46132,3
i4614,58
i46143,1
i46146,2
i46151,10
i46153,2
i46155,7
i46159,10
i4616,54
i46161,16
i46169,8
i4618,16
i4620,4
i46211,16
i46216,54
i46219,2
i46220,18
i46224,7
i46228,5
i4623,2
i46231,23
i46232,14
i46236,44
i46241,25
i46242,2
i46244,38
i46246,10
i46247,27
i46253,8
i46255,4
i46256,15
i4626,74
i46261,28
i46263,26
i46264,17
i46269,22
i46277,51
i46283,77
i46287,9
i46288,1
i4629,13
i46292,13
i46296,24
i46297,25
i46298,4
i463,1
i46302,3
i46303,2
i46305,78
i46310,11
i46314,16
i46319,5
i46320,17
i46322,25
i46325,24
i46326,89
i46327,35
i46328,12
i46331,9
i46335,51
i46339,1
i46341,29
i46342,35
i46343,40
i46344,4
i4635,8
i46350,5
i46357,3
i46363,13
i46364,17
i46365,5
i46382,1
i46384,2
i46395,4
i46396,2
i46398,1
i464,45
i46401,22
i46402,1
i46405,36
i46409,35
i46415,24
i46416,1
i46417,2
i46419,1
i46422,28
i46429,28
i46430,7
i46434,34
i46435,3
i46437,23
i46441,2
i46444,8
i46446,9
i4645,40
i46450,36
i46454,12
i46456,3
i4646,22
i46467,2
i4647,4
i46474,15
i46477,5
i46480,18
i46481,44
i46485,20
i46487,12
i46489,21
i46492,16
i46494,2
i46499,39
i46505,11
i46516,63
i46521,35
i46528,48
i46529,43
i46531,33
i46537,23
i46538,25
i46540,1
i4655,21
i46550,3
i46554,8
i46564,8
i46565,25
i46567,3
i46568,32
i4657,1
i46570,37
i46574,62
i46576,16
i4658,1
i46580,51
i46585,8
i4659,16
i46590,24
i46591,37
i46595,13
i4660,32
i46600,18
i46607,6
i46611,16
i46613,80
i46615,2
i46618,63
i46619,1
i46620,11
i46624,8
i46627,5
i46628,4
i4663,2
i46631,9
i46632,2
i46634,20
i46635,11
i46642,18
i46643,33
i46645,11
i46647,21
i46653,1
i46660,12
i46662,88
i46664,1
i46666,2
i46667,1
i46669,2
i46671,6
i46680,2
i46682,43
i46690,6
i46694,23
i46704,20
i46710,23
i46712,6
i46717,1
i4672,1
i46724,1
i46738,4
i46743,12
i46745,5
i46753,4
i46755,3
i46757,30
i46759,3
i46762,7
i46763,22
i46764,13
i46765,2
i46767,40
i46774,3
i4678,25
i46782,2
i46783,10
i46791,22
i46792,1
i46794,55
i46798,41
i468,6
i46800,6
i46802,31
i46803,53
i46808,1
i46809,25
i4681,7
i46815,2
i46821,56
i46824,2
i4683,16
i46830,42
i46832,27
i46842,1
i46847,25
i46852,23
i46853,3
i46860,44
i46862,6
i46869,2
i46871,5
i46873,6
i46879,1
i46883,38
i46887,7
i46888,4
i46893,9
i46897,8
i46898,5
i4690,14
i46901,28
i46902,10
i46904,40
i46906,4
i46907,36
i46908,9
i46910,16
i46911,3
i46913,11
i46914,8
i46916,27
i46922,1
i46931,20
i46939,19
i4694,36
i46940,27
i46945,23
i46948,1
i46949,16
i4695,5
i46954,6
i46956,1
i46957,1
i46958,10
i4696,6
i46960,22
i46964,32
i46965,15
i46980,10
i46981,31
i46982,13
i46983,6
i46986,6
i46988,3
i46990,35
i46992,22
i46993,39
i46998,4
i470,4
i47000,12
i47003,6
i47009,12
i4701,24
i47013,14
i47024,4
i47025,11
i47026,7
i47029,9
i47031,15
i47032,13
i47034,1
i47035,1
i47036,1
i4704,34
i47040,26
i47043,29
i47050,67
i47058,2
i47059,2
i47061,40
i47063,20
i4707,38
i47072,12
i47074,2
i47075,1
i47079,1
i47087,14
i4709,15
i47093,6
i47094,3
i47096,78
i47099,30
i471,1
i47104,5
i47115,11
i47124,14
i4713,1
i47137,43
i4714,6
i47140,3
i47141,4
i47144,3
i47146,2
i47147,31
i4715,2
i47155,14
i47157,12
i4716,1
i47163,8
i47165,18
i47180,12
i47183,3
i47193,3
i47195,13
i47197,22
i47201,16
i47204,5
i47205,24
i47207,22
i47210,8
i47213,9
i4722,5
i47226,10
i47228,79
i47236,3
i47239,6
i4724,8
i47240,2
i47241,2
i47244,1
i47245,92
i47249,4
i47256,2
i47258,4
i47271,1
i47272,9
i47273,5
i47275,3
i47279,25
i4728,3
i47291,4
i473,91
i47301,9
i47306,9
i47308,21
i4731,50
i47313,23
i47315,8
i47317,4
i47318,4
i47319,3
i47320,40
i47322,1
i47327,28
i47328,5
i47329,1
i4733,10
i47335,40
i47338,1
i47340,16
i47341,11
i4735,30
i47351,3
i47352,17
i4736,9
i47360,9
i47362,84
i47363,1
i47365,24
i47366,9
i47371,6
i47380,10
i47387,10
i47395,4
i47399,1
i474,4
i47402,22
i47403,1
i47405,20
i47407,1
i47408,98
i47411,15
i47415,25
i4742,1
i47422,2
i4743,1
i47431,1
i47438,15
i47441,4
i47442,18
i47444,40
i47445,17
i47448,2
i47459,36
i47462,13
i47468,18
i47471,29
i47474,4
i47475,78
i47476,22
i4748,23
i47481,11
i47482,3
i47484,14
i47485,4
i47490,8
i47491,16
i47495,18
i47496,12
i47499,2
i47509,23
i47513,1
i47514,2
i47520,8
i47524,39
i47525,4
i47531,12
i47533,2
i47537,43
i47539,3
i47540,3
i47541,6
i47543,1
i47547,3
i47550,34
i47552,4
i47556,11
i47557,10
i47559,22
i4756,62
i47562,31
i47563,4
i47568,17
i4757,3
i47571,32
i47575,29
i47582,29
i47588,3
i4759,11
i47592,2
i47594,25
i47596,9
i47599,24
i47600,2
i47603,4
i47611,1
i47623,14
i47630,4
i47637,13
i47638,15
i4764,20
i47647,13
i4765,90
i47652,2
i4766,11
i47660,15
i47662,16
i47667,20
i47668,8
i47670,8
i47672,27
i47673,11
i47676,61
i47687,30
i47688,33
i47689,4
i4769,75
i47696,11
i47698,26
i47704,12
i4771,18
i47716,5
i47717,16
i47721,13
i47727,21
i47728,3
i47732,21
i47733,1
i47736,18
i4774,9
i47746,36
i47748,8
i47753,1
i4776,35
i47762,17
i47765,13
i47766,39
i47767,8
i47768,3
i47769,7
i4777,1
i47775,2
i47777,8
i4778,1
i47782,5
i4779,14
i47790,2
i47798,8
i47800,41
i47801,7
i47809,5
i4781,1
i47810,2
i47811,39
i47821,2
i47829,10
i4783,36
i47830,1
i47832,4
i4784,23
i47842,10
i47844,8
i4785,15
i47850,7
i47853,3
i47857,24
i47860,54
i47863,45
i47865,14
i47868,13
i47871,1
i47876,13
i47880,11
i47881,7
i47886,9
i47887,12
i47893,1
i47897,4
i47900,1
i47901,10
i47905,4
i4791,29
i47912,16
i47914,1
i47918,28
i47919,70
i47922,20
i47923,6
i47925,4
i47942,11
i47948,18
i47953,6
i47956,22
i4796,30
i47973,5
i47974,2
i47976,3
i47977,9
i47981,1
i47982,17
i47988,19
i47989,3
i47992,11
i47996,27
i48,40
i48002,11
i48008,8
i48014,4
i48022,13
i48025,27
i48026,3
i48030,19
i48034,1
i48037,13
i48040,11
i48043,5
i4805,13
i48052,4
i48053,5
i48054,2
i48072,11
i48077,1
i48079,3
i48086,3
i48094,17
i481,22
i4810,30
i48100,1
i48102,5
i48104,5
i48107,3
i48111,2
i48114,17
i48118,8
i48121,17
i48123,18
i48128,7
i48130,12
i48135,3
i48137,1
i4814,28
i48141,9
i48144,12
i48145,13
i48146,21
i48149,1
i48160,8
i48168,20
i4817,6
i48171,27
i48181,1
i48182,1
i48185,2
i48186,1
i48194,3
i48195,6
i48200,14
i48206,50
i4821,5
i48215,4
i48216,1
i48217,30
i48219,3
i4822,4
i48226,21
i48228,10
i48236,3
i48237,3
i48238,60
i48241,49
i48244,1
i48246,41
i48257,4
i48258,21
i48261,40
i48263,8
i48266,2
i48268,29
i4827,1
i48271,28
i48272,103
i48275,1
i48279,3
i48280,1
i48289,23
i48293,78
i48297,2
i483,9
i48302,19
i48303,3
i48312,13
i48315,11
i48317,34
i48319,50
i4832,30
i48326,2
i48327,6
i48332,1
i48333,47
i48335,2
i48337,11
i48339,33
i48340,25
i48346,79
i48350,11
i48356,1
i48358,46
i48362,31
i48365,1
i48367,13
i48369,22
i4837,13
i48371,17
i48375,4
i48378,39
i48381,4
i4839,6
i48391,14
i48395,2
i48399,7
i484,47
i48407,1
i48413,10
i48418,9
i48422,20
i48426,21
i48427,9
i48429,80
i48440,29
i48441,22
i48443,1
i48448,29
i48452,5
i48453,9
i48457,5
i48458,50
i48460,18
i48467,1
i48469,2
i48474,3
i48478,4
i4848,3
i48481,3
i48484,26
i4849,53
i48490,3
i48491,2
i48496,10
i48499,3
i4850,39
i48500,43
i48507,22
i48508,17
i48510,7
i48517,1
i48518,14
i48520,6
i48522,4
i48523,9
i48525,59
i48527,7
i48529,1
i48533,13
i48539,38
i48548,9
i48549,8
i48553,21
i48555,20
i48557,64
i48565,3
i48570,14
i48576,5
i48579,22
i48580,3
i48587,14
i48589,3
i4859,34
i48592,12
i48594,25
i48595,98
i486,2
i4860,51
i48600,14
i48604,6
i48607,2
i48612,4
i48616,33
i48626,22
i48628,10
i48629,16
i48633,11
i48635,8
i48638,8
i48639,33
i4864,25
i48646,36
i48647,19
i48648,12
i48649,6
i48653,17
i48657,1
i48658,1
i48659,22
i48661,71
i48663,8
i48664,5
i48676,31
i48677,6
i48683,11
i48685,45
i48686,11
i48689,84
i48694,13
i48697,11
i487,33
i48704,13
i48707,4
i48711,4
i48715,31
i4872,12
i48728,3
i4873,3
i48737,11
i4875,19
i48751,4
i48753,1
i48756,13
i48757,43
i4876,52
i48763,29
i48767,12
i48777,1
i4878,1
i48781,16
i48782,14
i48795,1
i48797,18
i488,22
i48801,1
i48803,18
i48805,26
i48807,40
i48809,28
i48814,27
i48816,1
i48818,1
i48821,7
i48823,1
i48824,6
i48825,4
i48826,5
i48829,9
i48832,5
i48838,51
i48841,51
i4885,8
i48850,3
i48855,2
i48860,16
i48862,8
i48872,9
i48873,1
i48875,12
i48876,13
i48878,10
i48885,5
i48904,5
i48905,1
i48908,1
i48916,2
i4892,3
i48935,9
i48936,23
i48938,27
i48939,24
i4894,35
i48940,5
i48941,11
i48944,56
i48945,8
i48946,18
i48947,10
i48948,20
i48949,2
i48952,1
i48955,14
i48959,11
i48961,43
i48962,56
i48966,2
i48968,4
i4897,51
i48970,8
i4898,6
i48980,6
i48981,48
i48982,3
i48983,8
i48984,22
i48985,15
i49,38
i490,6
i49000,27
i49001,21
i49009,11
i49011,2
i49016,21
i49021,15
i49022,1
i49026,22
i49028,36
i49032,5
i49034,18
i49035,18
i49036,22
i49038,5
i49043,14
i49044,2
i49047,61
i49049,32
i49053,25
i49057,4
i4906,1
i49063,31
i49064,1
i49069,2
i4907,6
i49074,69
i49075,32
i49076,25
i49080,3
i49081,26
i49084,2
i49088,24
i49091,43
i49096,10
i49098,2
i49099,30
i4910,5
i49100,19
i49102,41
i49105,1
i49108,9
i49110,16
i49119,2
i49120,1
i49123,2
i4913,1
i49132,6
i49138,35
i4914,7
i49141,3
i49147,1
i49149,18
i49160,8
i49162,30
i49164,29
i49171,1
i49177,8
i49183,8
i49189,5
i4919,9
i49194,1
i49198,84
i492,10
i4920,52
i49200,6
i49209,5
i4921,15
i49212,3
i49219,1
i49226,7
i49240,3
i49241,10
i49242,6
i49252,7
i49257,2
i4926,6
i49262,15
i49269,1
i49271,8
i49276,2
i49279,8
i49284,16
i49290,2
i49291,55
i4930,9
i49301,8
i49307,7
i49312,8
i49313,17
i49324,27
i49325,11
i4933,39
i49335,2
i49337,25
i49338,20
i49339,13
i4934,18
i49340,75
i49342,21
i49345,2
i49348,15
i4935,22
i49350,3
i49354,3
i49355,10
i49365,19
i49370,2
i49373,1
i49374,9
i49380,10
i49382,21
i49383,61
i49387,9
i49388,1
i49389,15
i4939,37
i49391,1
i49394,4
i49395,10
i49396,3
i49398,11
i494,27
i4940,66
i49406,5
i49409,53
i49410,5
i49412,1
i4942,1
i49420,1
i49421,4
i4943,3
i49430,37
i49433,5
i49437,60
i4944,9
i49440,21
i49442,29
i49446,12
i4945,15
i49452,4
i49453,5
i4946,5
i49460,1
i49463,1
i49464,14
i4947,4
i49473,1
i49476,4
i49485,14
i49486,17
i49498,36
i4950,21
i49504,27
i49513,5
i49514,1
i49517,16
i49520,4
i49528,23
i49531,10
i49534,4
i49541,5
i49542,56
i49548,14
i4955,3
i49558,6
i4956,36
i49564,1
i49565,2
i49567,23
i49568,8
i4957,14
i49574,11
i49580,33
i49581,3
i49582,10
i49585,12
i49588,22
i4959,37
i49595,23
i49597,1
i4960,9
i49609,1
i49611,1
i49617,1
i4962,5
i49620,7
i49632,1
i49641,8
i49645,2
i49650,3
i49655,5
i4966,9
i49660,1
i49661,1
i4967,26
i49675,8
i49685,3
i49687,24
i49689,3
i4969,4
i49695,1
i49696,5
i49697,40
i49700,8
i49701,1
i49705,8
i49711,11
i49718,1
i4972,12
i49721,54
i49728,5
i49729,9
i4973,16
i49735,14
i49737,31
i4974,6
i49743,5
i49745,4
i49748,26
i49754,1
i49757,9
i4976,1
i49760,11
i49761,20
i49762,2
i49764,37
i4977,10
i49771,9
i49774,20
i49775,15
i49777,1
i49782,1
i49784,2
i49786,7
i49787,15
i49788,13
i49789,29
i49797,4
i498,3
i49801,20
i49804,4
i49815,2
i49817,4
i49818,3
i4982,6
i49821,8
i49822,11
i49828,9
i49831,25
i49832,18
i49833,14
i49840,1
i4985,2
i49859,1
i4986,5
i49862,10
i49870,10
i49873,12
i49876,3
i4988,41
i49885,2
i49886,6
i49887,9
i49889,10
i49890,7
i49902,41
i49904,4
i49911,1
i49915,18
i49919,1
i49921,1
i49922,1
i49924,5
i49931,18
i49934,13
i49935,7
i49936,11
i49942,16
i49944,1
i49952,21
i49955,4
i4996,10
i49962,2
i49966,39
i49970,2
i49977,19
i49987,2
i4999,28
i49992,3
i49994,1
i49999,10
i5,45
i50,17
i500,12
i50000,30
i50005,4
i5001,8
i50014,3
i50021,8
i50022,20
i50026,2
i50031,3
i50035,2
i5004,97
i50046,3
i50048,2
i50051,2
i5006,20
i50062,3
i50063,48
i50073,13
i50075,22
i50079,17
i50082,46
i50093,17
i50094,2
i50095,16
i50099,1
i50100,29
i50105,1
i50113,1
i50114,7
i50120,2
i50125,6
i50131,3
i50138,6
i50139,12
i5014,1
i50144,4
i5015,4
i50156,2
i50157,1
i50161,21
i50163,45
i50165,19
i50167,16
i50169,5
i50170,18
i50172,11
i50175,11
i50181,31
i50182,3
i50185,21
i50189,43
i50191,7
i50199,12
i502,10
i5020,1
i50200,1
i50204,13
i50206,9
i5021,66
i50214,15
i50222,46
i50223,8
i50224,1
i50225,21
i50230,20
i50231,9
i50234,10
i50236,38
i5024,27
i50240,2
i50247,37
i50251,8
i50255,3
i50264,24
i50274,1
i50276,2
i50277,8
i50280,63
i50285,24
i50287,15
i50290,13
i50294,1
i50300,4
i50305,18
i50306,7
i50309,2
i50310,2
i50314,27
i50318,16
i50322,9
i50323,46
i50324,19
i50327,1
i50332,13
i50334,59
i50343,14
i50347,31
i50351,50
i50352,26
i50353,1
i50357,3
i5037,14
i50374,21
i50376,8
i5038,5
i50380,19
i50382,16
i50388,2
i50389,1
i5039,21
i50390,13
i50393,2
i50396,12
i50398,5
i50404,6
i50408,14
i50409,1
i50413,66
i50416,13
i50417,12
i5042,2
i50425,1
i50427,5
i50436,27
i50448,4
i50450,35
i50453,19
i50454,1
i50457,1
i50458,8
i50459,11
i5046,51
i50460,13
i50461,25
i50464,5
i50466,72
i50467,6
i5047,7
i50472,14
i50473,9
i50474,17
i50477,3
i50483,18
i50484,37
i50488,23
i50489,4
i50490,10
i50491,1
i50492,22
i50493,4
i50496,21
i50498,1
i50500,16
i50505,26
i50512,11
i50516,8
i50517,11
i50518,4
i50520,62
i50521,2
i50523,41
i50525,2
i50531,2
i50532,23
i50540,8
i50543,8
i50544,2
i50548,24
i50549,1
i5056,36
i50565,8
i50568,5
i5057,9
i50573,15
i50575,17
i50580,2
i50584,26
i50585,5
i50588,27
i5059,1
i50599,4
i50605,17
i50612,18
i5062,25
i50622,9
i50628,1
i50629,43
i50631,2
i50633,31
i50642,13
i50647,1
i50648,18
i5065,37
i50655,74
i50660,2
i50662,7
i50671,28
i50675,7
i5068,94
i50688,8
i50690,29
i50691,15
i50692,48
i50694,15
i50699,3
i50702,1
i50706,8
i50711,6
i50716,5
i5072,14
i50720,2
i50727,14
i50729,43
i50730,20
i50731,54
i50734,1
i50735,31
i50737,15
i50741,28
i50746,27
i50748,2
i5075,24
i50755,13
i50759,6
i50766,36
i50771,2
i50775,32
i50779,31
i50780,26
i50783,8
i50789,13
i5079,83
i50792,4
i50795,1
i50806,2
i50811,14
i50812,24
i50822,3
i50824,1
i50829,34
i50830,2
i50832,55
i50834,26
i50835,5
i50836,15
i50837,1
i50843,11
i50851,7
i50854,41
i50855,57
i50857,4
i50859,3
i5086,81
i50860,22
i50866,8
i50867,1
i50869,2
i50871,8
i50872,1
i50873,9
i50874,3
i50875,9
i50877,5
i50879,6
i50880,29
i50886,5
i50888,4
i50892,6
i50894,2
i509,28
i5090,21
i50910,1
i50911,2
i50917,4
i5092,1
i50920,8
i50923,17
i50924,12
i50927,16
i50931,28
i50933,6
i50934,18
i50935,2
i50936,13
i50938,15
i50941,13
i50944,9
i5095,2
i50952,2
i50953,7
i50957,4
i5096,19
i50960,3
i50973,54
i50975,14
i50979,2
i50983,6
i50984,7
i50990,11
i50992,3
i50996,3
i50997,3
i510,1
i51000,2
i51004,46
i51009,8
i51013,7
i51017,2
i51020,1
i51024,5
i5103,27
i51040,36
i51043,15
i51045,10
i5105,2
i51050,16
i51057,3
i51058,2
i5106,113
i51062,7
i51066,2
i5107,33
i51073,2
i51074,14
i51083,1
i51084,8
i51086,7
i51092,14
i51093,14
i51094,9
i51098,13
i51105,6
i51107,16
i51108,3
i5111,1
i51110,11
i51116,2
i51119,7
i51122,11
i51126,3
i51128,6
i51130,20
i51131,20
i51134,7
i51138,12
i51143,4
i51146,30
i51147,8
i51148,6
i51152,15
i51154,5
i51155,10
i51157,9
i51160,1
i51162,8
i51166,10
i51168,8
i51176,16
i51181,13
i51182,3
i51184,4
i51186,1
i51187,4
i51197,2
i51203,21
i5121,3
i51217,1
i51218,9
i51225,4
i51227,2
i51233,8
i5124,3
i51243,9
i51245,2
i51246,16
i51249,2
i51254,42
i5126,20
i51260,14
i51266,28
i51267,17
i51273,26
i51276,1
i51278,33
i51286,13
i51289,13
i51291,26
i51295,44
i51297,28
i51299,11
i51302,4
i51304,14
i51311,1
i51314,3
i51320,6
i51323,5
i51329,16
i5133,39
i51333,25
i51338,2
i51339,5
i51341,10
i51343,6
i51344,27
i51346,16
i5135,74
i51350,24
i51357,12
i51359,12
i51363,23
i51364,21
i51365,21
i51367,5
i5137,42
i51373,15
i51379,4
i51385,40
i51391,25
i51392,5
i51398,10
i51399,3
i51402,8
i51406,1
i51409,1
i51416,27
i51417,16
i51419,1
i51426,38
i51429,1
i51430,19
i51439,4
i51440,3
i51443,19
i51445,6
i51450,4
i51459,4
i5146,5
i51464,6
i51466,9
i51468,2
i51470,2
i51471,11
i51473,6
i51477,31
i51478,32
i5148,13
i51481,8
i51501,6
i51504,13
i51508,43
i51513,14
i51515,11
i51520,9
i51523,4
i51533,2
i51542,1
i51554,34
i51555,6
i51556,1
i51563,12
i51565,5
i51571,2
i51576,43
i51580,1
i51581,30
i51583,10
i51587,2
i51589,10
i5159,28
i51592,20
i51594,4
i51600,14
i51608,11
i5161,3
i51610,4
i51611,10
i51614,11
i51615,8
i51616,5
i51617,23
i51622,1
i51623,31
i51627,2
i5163,6
i51638,22
i51641,34
i51643,1
i51644,10
i51658,7
i5166,23
i51667,5
i51671,56
i5168,2
i51680,6
i51685,5
i51687,14
i51688,7
i51690,6
i51691,5
i51692,5
i51693,19
i51695,3
i51705,3
i51719,7
i51727,13
i51730,10
i51733,6
i51740,2
i51746,1
i51748,17
i51752,4
i51757,5
i5176,22
i51766,1
i51767,14
i51772,5
i51774,8
i51781,7
i51785,4
i51787,1
i51789,1
i51790,4
i51796,47
i51798,8
i518,2
i51801,33
i51805,13
i51806,13
i51808,3
i5181,24
i51811,19
i51817,4
i5182,93
i51824,4
i51825,10
i51826,7
i51827,1
i51830,12
i51836,2
i51842,2
i51849,5
i51855,28
i51858,2
i5186,2
i51861,3
i51866,8
i51867,12
i51870,3
i51871,15
i51877,6
i51883,25
i51885,85
i51886,16
i51887,28
i51888,8
i51890,1
i51893,1
i51906,18
i51907,36
i51908,1
i51917,23
i51918,9
i51919,44
i5192,101
i51920,6
i51931,6
i51932,9
i51936,23
i5194,37
i51940,32
i51941,11
i51949,16
i51952,5
i51953,4
i51956,24
i51964,3
i51969,4
i5197,61
i51970,6
i51971,12
i51980,2
i51988,7
i51990,55
i51994,25
i52,7
i52004,37
i52005,8
i5201,62
i52012,11
i52016,11
i5203,3
i52031,54
i52043,17
i52048,40
i52049,7
i5205,41
i52055,7
i52059,10
i52062,2
i52066,7
i5207,23
i52071,21
i52075,2
i52076,3
i52079,3
i5208,1
i52087,23
i52090,11
i52094,26
i52095,2
i52096,2
i52097,47
i521,20
i5210,7
i52102,9
i52106,9
i52108,4
i52109,1
i52110,2
i52112,8
i52113,3
i52114,1
i52115,1
i52116,5
i52118,1
i52128,2
i52129,35
i52147,16
i52148,5
i52150,8
i52153,47
i52156,1
i52159,16
i52160,41
i52166,6
i52168,52
i52170,22
i52171,49
i52174,29
i52175,17
i5218,42
i52182,17
i52184,6
i52186,11
i52188,3
i52189,7
i52191,11
i52199,11
i52200,42
i52201,1
i52207,1
i52212,25
i52214,1
i52217,11
i52218,12
i52219,2
i52220,26
i52221,16
i52223,5
i52225,10
i52228,8
i52230,3
i52243,1
i52246,7
i52268,9
i52270,1
i52272,2
i52273,26
i52276,1
i52277,13
i52278,11
i52280,8
i52285,27
i52295,15
i52297,1
i5230,21
i52302,23
i52304,12
i52309,2
i52311,9
i52312,5
i52317,2
i52319,3
i52324,3
i52325,8
i52330,32
i52331,12
i52333,5
i52336,4
i5235,22
i52351,7
i52352,2
i52353,30
i52361,21
i5237,2
i52372,1
i52379,1
i52380,11
i52382,2
i52385,1
i52386,7
i52389,11
i52394,2
i52410,4
i52411,8
i52416,5
i52417,5
i5242,2
i52420,3
i52423,4
i52428,20
i52429,17
i5243,36
i52434,30
i5244,12
i52440,11
i52441,1
i52443,15
i52446,17
i52449,41
i52455,3
i5246,9
i52461,2
i52462,3
i52468,6
i5247,11
i52471,12
i52478,2
i52481,2
i52486,1
i52487,11
i52490,15
i5250,5
i52500,7
i52503,2
i52504,6
i52511,6
i52518,2
i52519,6
i52524,7
i52526,9
i52529,4
i5253,3
i52532,7
i52535,16
i52544,12
i52552,2
i52553,10
i52555,2
i52556,4
i52559,13
i52561,4
i52564,1
i52565,20
i5257,1
i52573,1
i52576,2
i52578,10
i52581,4
i52589,2
i52590,1
i52592,4
i52597,10
i52598,2
i52608,5
i52615,1
i52616,8
i5262,11
i52622,3
i52623,9
i52628,4
i5263,18
i52639,11
i52642,6
i52643,8
i52648,1
i52652,4
i52659,15
i52671,20
i52672,19
i52674,2
i52679,35
i5268,17
i52682,1
i52683,4
i52690,1
i52694,5
i52695,35
i5271,33
i52712,10
i52717,4
i52721,3
i52723,5
i52726,38
i5273,36
i52736,2
i52737,4
i5274,2
i52743,15
i52750,13
i52753,1
i52760,32
i52763,18
i52764,1
i52766,19
i52767,7
i52775,15
i52778,7
i52780,16
i52784,4
i52788,3
i5279,11
i52790,9
i5280,2
i52811,3
i52812,12
i52814,7
i52828,1
i52829,6
i5283,5
i52830,3
i52831,5
i52832,10
i52841,1
i52842,5
i52843,3
i52848,26
i52852,57
i52853,5
i52856,6
i52859,2
i5286,4
i52866,13
i52868,17
i52873,2
i52881,7
i52883,2
i52888,11
i52897,5
i52899,8
i5290,94
i52903,16
i52904,13
i52905,8
i52908,12
i52911,7
i52914,4
i52920,1
i52926,5
i5293,3
i52932,2
i52934,11
i52935,3
i5294,10
i52946,18
i5295,1
i52952,8
i52953,7
i52955,11
i52956,3
i52958,4
i5296,15
i52962,18
i52963,29
i52964,2
i52965,1
i52966,19
i52973,3
i52983,5
i52986,4
i52987,2
i52989,14
i52991,1
i52998,5
i53002,21
i53003,23
i53007,4
i53009,4
i5301,12
i53018,26
i53023,12
i53026,5
i53028,3
i53031,1
i53032,4
i53036,2
i5304,2
i53046,5
i53048,1
i53063,2
i53069,6
i53072,24
i53075,42
i53078,1
i53080,13
i53085,3
i53088,14
i53095,6
i53107,2
i53111,3
i53112,16
i5312,24
i53121,35
i53123,1
i53132,4
i53140,1
i5315,1
i53151,15
i53155,22
i53159,16
i5316,2
i53165,3
i53167,5
i5317,27
i53185,2
i53187,12
i53192,3
i53193,6
i53197,3
i53201,4
i53203,9
i53204,11
i53206,1
i53209,3
i53214,5
i53215,10
i53216,1
i53220,2
i53223,2
i53232,12
i53238,6
i53244,14
i53245,1
i53249,2
i53252,5
i53253,12
i53257,6
i5327,20
i53270,1
i53272,6
i53273,5
i53274,2
i53275,26
i53276,13
i53278,9
i5328,19
i53283,21
i53286,12
i53289,6
i533,26
i53300,2
i53307,3
i53309,4
i53317,2
i53331,7
i53332,2
i5334,24
i53340,30
i53345,7
i53349,1
i5335,8
i53359,26
i53361,1
i53367,1
i53368,42
i5337,42
i53371,27
i53375,14
i53380,18
i53386,43
i53389,47
i5339,7
i53392,1
i53396,19
i534,5
i5340,66
i53406,12
i5341,4
i53416,7
i53417,2
i5342,14
i53423,67
i53432,33
i53434,59
i53435,32
i53451,1
i53453,19
i53456,8
i53457,4
i53458,14
i53467,26
i53470,11
i53474,15
i5348,1
i53480,5
i53482,24
i53486,13
i53492,1
i53494,1
i53496,19
i53499,3
i5350,2
i53503,1
i53512,24
i53517,22
i53523,7
i53524,8
i53528,6
i53531,21
i53533,23
i53534,55
i53535,66
i5354,28
i53540,38
i53541,38
i53545,14
i53547,21
i53550,24
i53553,15
i53559,85
i53564,1
i53565,40
i53571,3
i53572,40
i53580,61
i53583,23
i53588,61
i53594,27
i53596,1
i5360,26
i53600,6
i53601,28
i5361,41
i53610,18
i5362,2
i53621,12
i53622,32
i53623,14
i53624,13
i53627,18
i53639,10
i5365,2
i53651,1
i53653,1
i53659,20
i53660,45
i53663,24
i53665,38
i53668,25
i53676,12
i53679,5
i53686,33
i53689,2
i53692,2
i53694,40
i53695,4
i53699,31
i53701,12
i53711,24
i53719,13
i53721,3
i53725,1
i53726,2
i53735,9
i53738,25
i53739,1
i53744,5
i53746,2
i53750,27
i53751,25
i53752,3
i53753,29
i53756,25
i53758,19
i53768,14
i53774,1
i53776,1
i53781,14
i53783,1
i53787,29
i53788,44
i5379,12
i53791,16
i53792,1
i53799,38
i538,6
i5380,38
i53801,65
i53802,8
i53807,16
i5381,1
i53812,34
i53819,4
i53822,15
i53823,50
i53829,11
i5383,64
i53834,1
i53838,32
i53840,5
i53845,48
i53846,2
i53847,2
i5385,40
i53851,11
i5386,24
i53871,2
i53872,16
i53873,4
i53877,13
i53878,5
i53881,4
i53882,18
i53884,7
i53894,3
i53896,41
i53898,18
i539,26
i53902,24
i53907,8
i53912,12
i53917,9
i5392,16
i53922,22
i53931,15
i53934,5
i53938,6
i53947,28
i53950,49
i53951,1
i53953,7
i53954,18
i53959,7
i5396,25
i53964,3
i53966,2
i53967,23
i53968,18
i53971,47
i53978,1
i5398,2
i53981,4
i53983,29
i53986,1
i53996,2
i5400,4
i54003,56
i54004,1
i54013,6
i54015,2
i54018,23
i54022,3
i54025,45
i54029,1
i54032,44
i5404,15
i54043,32
i54044,2
i54046,5
i54047,21
i54048,2
i5406,4
i54063,24
i54067,9
i54068,12
i54071,12
i54075,13
i54082,21
i54093,69
i541,3
i54102,26
i54104,13
i54107,1
i54110,10
i54116,10
i54119,20
i54120,2
i54121,24
i54123,23
i54125,7
i54131,34
i54133,2
i54137,23
i54141,25
i54144,7
i54146,13
i54151,18
i54154,5
i54155,12
i54157,34
i54165,4
i54170,32
i54172,7
i54173,5
i54175,12
i54182,34
i54184,6
i54188,7
i5419,13
i54192,4
i54193,14
i54196,8
i5421,2
i54214,1
i54220,6
i54224,5
i54231,10
i54232,76
i54235,3
i54241,5
i54242,24
i54247,21
i54251,22
i54257,31
i54258,21
i54261,17
i54262,8
i54267,1
i54270,4
i54272,3
i54279,1
i5428,12
i54287,7
i5429,25
i54291,8
i54293,31
i54294,2
i54295,5
i54297,56
i543,13
i5430,32
i54301,2
i54302,3
i54304,31
i54305,13
i54306,2
i54308,16
i54310,13
i54311,22
i54313,7
i5432,23
i54320,2
i54321,3
i54325,28
i54328,1
i5433,7
i54330,1
i54331,11
i54332,6
i54342,27
i54344,29
i54345,25
i54351,4
i54353,1
i54356,11
i54357,8
i54358,13
i54361,22
i54362,5
i54366,14
i54369,19
i54371,3
i54372,12
i54378,11
i5438,17
i54381,25
i54389,7
i54390,44
i54391,7
i54392,8
i54396,10
i54400,5
i54407,6
i54410,81
i54416,2
i54420,6
i54424,2
i54425,1
i54428,1
i54430,5
i54433,9
i54434,32
i5444,71
i54441,7
i54446,6
i54447,6
i5445,42
i54453,13
i54455,5
i54457,2
i54459,3
i54465,51
i54474,3
i5448,7
i54483,13
i54486,25
i5449,17
i54491,1
i54492,6
i54496,11
i54500,31
i54503,7
i54504,2
i54507,2
i54508,22
i54518,46
i54520,3
i54532,2
i54535,64
i5454,22
i54540,5
i54541,2
i5455,6
i54550,18
i54551,23
i54555,30
i54556,1
i54562,70
i54567,17
i54568,38
i54569,24
i54571,18
i54572,30
i54575,4
i54586,7
i54588,9
i54589,6
i54591,6
i54593,6
i54598,23
i54604,8
i54606,8
i54615,6
i54616,4
i5462,49
i54620,10
i54628,26
i54629,8
i54631,18
i54632,15
i54637,27
i54639,6
i5464,5
i54641,2
i54644,4
i54647,34
i54649,47
i54650,18
i54651,33
i54654,12
i5466,23
i54669,15
i54670,72
i54671,8
i54675,13
i54680,2
i54684,6
i54685,12
i54687,14
i54691,13
i54692,17
i54694,5
i54696,27
i54698,33
i547,1
i5470,45
i54700,3
i54703,3
i54708,1
i54709,2
i54717,3
i54718,9
i54733,7
i54734,3
i54737,8
i54741,3
i54753,1
i54757,31
i54766,26
i54773,28
i54774,42
i54775,4
i54776,21
i54777,1
i54790,3
i54792,3
i54794,16
i54795,85
i54797,39
i548,34
i54802,4
i54803,12
i54807,3
i54822,26
i54823,14
i54826,6
i54828,3
i54834,7
i54846,12
i54847,35
i54848,28
i5485,1
i54850,3
i54851,16
i5486,46
i54860,12
i54864,2
i54868,8
i5487,17
i5488,3
i54881,9
i54883,3
i54884,35
i54896,4
i54897,19
i54899,14
i54901,41
i54904,13
i54905,34
i54907,26
i54908,10
i54909,3
i54913,1
i54914,2
i54915,11
i54918,2
i5492,2
i54920,17
i54922,29
i54925,8
i54933,2
i54934,15
i54935,48
i54937,3
i54946,12
i5495,78
i54954,40
i54961,35
i54964,39
i54966,3
i54975,7
i54985,14
i54989,53
i5499,6
i54993,2
i55,53
i550,2
i55003,2
i55011,1
i55017,28
i55018,8
i5502,33
i55022,16
i55029,38
i55032,49
i55033,37
i55035,3
i55038,4
i5504,17
i55040,9
i55042,12
i55046,17
i55049,4
i5505,4
i55050,3
i55057,11
i55058,29
i55060,11
i55062,5
i55066,3
i55073,6
i5508,14
i55081,5
i55088,20
i55090,16
i55096,48
i55097,3
i55098,17
i55099,2
i551,43
i5510,13
i55100,3
i55103,16
i55106,4
i55108,13
i55109,18
i5511,21
i55116,12
i55119,1
i55125,61
i55127,16
i55144,48
i55148,26
i55149,3
i5515,21
i55151,21
i55155,34
i55156,1
i5516,2
i55160,13
i55161,1
i55163,5
i55165,3
i55173,1
i55178,1
i55183,1
i55187,18
i55189,3
i55195,7
i55196,6
i55197,10
i55198,6
i55201,16
i55207,1
i55209,11
i5521,13
i55213,1
i55216,20
i55218,45
i55219,2
i55224,16
i55230,1
i55236,5
i55241,35
i55244,12
i55245,4
i55248,5
i5525,3
i55252,5
i55255,15
i55264,1
i5527,18
i55272,4
i55274,9
i55278,3
i55280,2
i55285,1
i55290,15
i55294,7
i55297,3
i55302,1
i55303,2
i55307,15
i55314,1
i55315,14
i55320,8
i55326,1
i55329,2
i55330,99
i55331,28
i55338,44
i55347,27
i5535,31
i55352,11
i55355,2
i55359,9
i55360,1
i55369,4
i55383,2
i55387,5
i55389,1
i55390,9
i55391,43
i55399,1
i55401,10
i55402,15
i55410,19
i55417,17
i55420,45
i55426,1
i55427,26
i5543,3
i55433,3
i55436,31
i5544,17
i55440,21
i55441,1
i55443,13
i55444,39
i55450,18
i55454,3
i55457,63
i55462,3
i55463,4
i55464,12
i5547,5
i55472,1
i55473,2
i55476,30
i55478,3
i55479,25
i5548,12
i55485,31
i55486,10
i55490,12
i55497,10
i55498,23
i55499,6
i5550,3
i55501,17
i55502,3
i55503,14
i5551,14
i55512,1
i55516,68
i55519,62
i5552,64
i55520,2
i55522,14
i55527,28
i55529,42
i5553,1
i55531,1
i55533,18
i5554,11
i55549,4
i55550,1
i55553,31
i55566,2
i55571,34
i55573,35
i55574,1
i55575,53
i55578,10
i55579,67
i5558,4
i55590,3
i55591,31
i55597,1
i55601,50
i5561,23
i55611,72
i55612,2
i55613,20
i55618,4
i55625,30
i55629,44
i55630,1
i55634,42
i55639,28
i55651,18
i55653,7
i55654,13
i55666,5
i55674,59
i55681,6
i55685,30
i55686,3
i55687,2
i55691,11
i55694,4
i55695,2
i55696,9
i5570,82
i55702,3
i55714,18
i55715,11
i55716,1
i5572,9
i55721,20
i55727,5
i55730,2
i55731,5
i55732,6
i55735,11
i55741,23
i55756,33
i55758,18
i55760,4
i55761,9
i55762,21
i55765,8
i55768,19
i55769,11
i5577,21
i55771,55
i55773,12
i55783,49
i55788,17
i55789,2
i55791,6
i55795,6
i55797,4
i55807,7
i55809,1
i5581,30
i55813,16
i55814,4
i55815,32
i55819,3
i55821,2
i55823,30
i55830,16
i55835,26
i55837,9
i55845,14
i55846,18
i55850,22
i55858,25
i55861,44
i55865,15
i55867,1
i5587,10
i55872,22
i55875,8
i55879,1
i55882,14
i55886,1
i5589,11
i55895,1
i55902,3
i55905,39
i55909,2
i5591,15
i55910,6
i55916,4
i55918,1
i55923,5
i55930,3
i55934,5
i55950,2
i55958,3
i55965,18
i55972,28
i55982,13
i55985,1
i55987,7
i55991,11
i55997,9
i56005,2
i56012,24
i56014,2
i56018,1
i56019,27
i5602,40
i56022,35
i56025,33
i56029,3
i56030,24
i56033,2
i56036,30
i56038,3
i56039,9
i5604,4
i56041,33
i56045,6
i5605,6
i56052,14
i56056,57
i56057,18
i56059,50
i56060,8
i56062,6
i56063,20
i56064,49
i56065,16
i56066,28
i56074,20
i56075,12
i56076,36
i56078,7
i56080,13
i56085,8
i56087,4
i5609,15
i56091,10
i56092,6
i56096,6
i56099,18
i56101,30
i56102,2
i56119,1
i5612,15
i56124,6
i56129,4
i56130,27
i56133,10
i56134,13
i56136,1
i56137,6
i56143,11
i56144,9
i56147,1
i5615,28
i56150,5
i56151,17
i56155,1
i56163,8
i56168,25
i56176,51
i56177,4
i56181,20
i56184,11
i56185,9
i56186,47
i56187,53
i56193,2
i56198,49
i56199,8
i5620,2
i56200,31
i56202,21
i56208,4
i5621,35
i56210,15
i56211,29
i56212,43
i56214,5
i56215,19
i56216,27
i5622,31
i56222,2
i56225,32
i56231,1
i5624,20
i56242,31
i56243,17
i56244,3
i56248,16
i5625,13
i56256,4
i56259,7
i56263,6
i56267,24
i56269,8
i56273,1
i56274,2
i56276,11
i56278,1
i56279,22
i56287,60
i56288,12
i56298,2
i56301,7
i56307,22
i56308,17
i56309,2
i56314,2
i56317,1
i56320,7
i56328,1
i5633,15
i56330,22
i56342,9
i56343,1
i56347,18
i56354,11
i56355,11
i56357,42
i56362,5
i56366,2
i56367,23
i56368,13
i56371,32
i56372,4
i56379,11
i5638,5
i56383,24
i5639,2
i56393,5
i56394,9
i56395,12
i56399,3
i56405,13
i56408,2
i5641,6
i56410,4
i56415,21
i56416,4
i5642,1
i56420,11
i56431,6
i56437,1
i5644,2
i56444,10
i56447,35
i56452,3
i56453,2
i56456,1
i56459,27
i56461,4
i56465,21
i56466,1
i56468,18
i56470,4
i56476,60
i56478,5
i56488,8
i56489,1
i56493,2
i56496,17
i56499,20
i56502,7
i56514,18
i56515,29
i56516,11
i56518,10
i56519,3
i56520,25
i56525,3
i56530,10
i56531,8
i56532,2
i56539,24
i5654,19
i56540,22
i56549,1
i5655,63
i56550,13
i56553,14
i56557,23
i56561,2
i56565,16
i56572,16
i56584,2
i56592,2
i56593,7
i56594,18
i56595,1
i56597,3
i56599,4
i566,11
i5660,20
i56611,3
i56617,14
i56618,6
i56621,14
i56628,7
i5663,19
i56630,5
i56632,29
i56636,3
i56638,43
i56639,2
i56646,19
i56651,17
i56653,1
i56659,16
i5666,10
i56660,14
i56667,6
i56674,3
i56677,37
i56681,9
i56683,11
i56684,3
i56690,56
i56691,23
i56694,3
i56696,2
i56699,24
i567,12
i5670,20
i56704,32
i56706,1
i56709,74
i56715,10
i56719,6
i56721,1
i56728,2
i5673,1
i56730,1
i56736,14
i56740,6
i56745,34
i56748,23
i56750,4
i56751,1
i56754,32
i56758,1
i56761,9
i56763,20
i56765,2
i56767,23
i56776,6
i56779,1
i56790,8
i56791,12
i56792,17
i56795,15
i5680,6
i56805,35
i56811,6
i56813,16
i56815,2
i5682,10
i56829,6
i56830,27
i56832,9
i56835,1
i56849,11
i56852,3
i56856,6
i56858,12
i56863,1
i56865,7
i56868,9
i56869,19
i5687,5
i56874,7
i56882,2
i56883,3
i56887,14
i56890,1
i56893,4
i56895,5
i56897,9
i56898,15
i5690,32
i56900,2
i56901,2
i56906,2
i56909,10
i56912,2
i56914,9
i56921,43
i56925,12
i56926,2
i56929,9
i56937,10
i56945,21
i56946,1
i5696,20
i56960,6
i56961,10
i56963,20
i56968,4
i56971,8
i56973,1
i56976,2
i56977,2
i56978,1
i5698,1
i56981,2
i56983,37
i56988,10
i56997,2
i57002,9
i57003,16
i57007,22
i57008,12
i57010,4
i57011,2
i57012,8
i57014,1
i57015,1
i57020,35
i57022,18
i57030,1
i57032,18
i57034,3
i57037,11
i57039,3
i57047,28
i57050,2
i57057,3
i5706,29
i57063,7
i5707,21
i5708,14
i57080,10
i57090,16
i57092,8
i57093,6
i571,31
i57101,1
i57102,9
i57109,8
i57112,3
i57113,13
i57124,7
i57129,3
i57135,8
i57141,16
i57144,5
i57147,6
i57152,1
i57153,28
i57162,9
i57163,11
i57165,26
i57173,1
i5718,47
i57186,13
i57189,8
i5719,12
i57192,3
i57200,11
i57214,48
i57215,1
i57217,10
i57219,31
i57222,38
i57224,64
i57229,41
i57230,37
i57231,4
i57234,3
i5724,66
i57245,2
i57246,56
i5725,6
i57250,1
i57251,11
i57258,50
i57260,1
i57261,12
i57263,1
i57272,76
i57276,23
i57278,38
i57280,5
i57282,4
i57284,17
i57287,29
i57290,1
i57297,3
i57298,11
i57300,1
i57305,29
i57308,27
i57309,39
i57310,27
i57312,68
i57314,48
i57316,4
i57318,62
i5732,3
i57321,3
i57326,13
i57327,46
i57329,4
i57332,11
i57333,33
i57339,14
i5734,2
i57341,4
i57342,27
i5735,31
i57351,10
i57356,2
i57358,5
i57360,20
i57366,4
i57367,3
i57370,45
i57374,24
i57379,21
i5738,19
i57382,1
i57384,26
i57387,9
i57388,5
i5739,5
i57393,25
i57396,9
i57397,53
i57399,7
i57400,5
i57402,1
i57407,49
i57411,1
i57414,9
i57416,8
i57417,1
i57419,40
i57426,19
i57432,19
i57437,11
i57442,13
i57445,5
i57447,17
i57448,2
i57454,12
i57462,1
i57464,39
i57465,2
i57466,7
i57470,1
i57471,40
i57475,3
i57482,26
i57485,65
i57490,20
i57493,5
i57494,47
i57496,21
i57499,26
i57507,13
i57510,35
i57519,13
i5752,34
i57527,1
i57528,44
i57530,10
i57531,25
i57532,4
i57534,7
i57535,15
i57536,5
i57542,22
i57545,75
i57548,25
i57550,9
i57553,6
i57555,12
i57557,9
i57558,2
i57565,12
i57566,23
i57569,1
i57572,14
i57573,38
i57586,4
i57587,12
i57588,24
i57589,21
i57594,2
i57603,11
i5761,32
i57611,13
i57619,8
i57623,6
i57637,8
i5764,17
i57641,71
i57654,1
i57657,2
i57668,10
i5767,37
i5768,2
i57684,6
i57687,10
i57688,1
i5769,15
i57693,19
i57695,4
i57696,33
i57698,18
i57699,3
i577,5
i57701,52
i57702,3
i57704,3
i57705,6
i57717,9
i57718,5
i57729,2
i57738,1
i57744,15
i57749,5
i57750,16
i57758,1
i57762,31
i57772,27
i57778,6
i57779,41
i57781,18
i57789,54
i57792,33
i57793,5
i57798,37
i57802,9
i57804,32
i5781,5
i57818,21
i57823,10
i57827,7
i57836,3
i5784,16
i57844,1
i57845,35
i5785,22
i57855,25
i57856,44
i57861,1
i57863,2
i57864,2
i57867,3
i57868,9
i57871,19
i57875,40
i57876,2
i57882,1
i57887,1
i57889,13
i57890,2
i57893,23
i57901,6
i57902,30
i57904,23
i57905,22
i57906,3
i5791,28
i57911,13
i57917,18
i5792,24
i57921,57
i57922,59
i57924,2
i57926,5
i57928,15
i5793,49
i57930,11
i57931,2
i5795,3
i57954,9
i57956,18
i5796,5
i57960,1
i5797,7
i57977,21
i57978,1
i57979,1
i57981,17
i57986,28
i57987,25
i5799,2
i57991,1
i57995,7
i58,7
i580,15
i58003,5
i58007,43
i58008,4
i58012,1
i58013,31
i58014,2
i58019,12
i5802,48
i58021,18
i58022,2
i58023,10
i58025,30
i58026,1
i5803,15
i58031,28
i5804,24
i58042,40
i58046,9
i58048,13
i58052,103
i58053,22
i58054,4
i58055,29
i5806,9
i58065,4
i58069,17
i5807,13
i58076,7
i58079,4
i5808,34
i58083,1
i58089,7
i58098,2
i581,47
i58101,29
i58122,8
i58124,12
i58125,18
i58128,1
i58131,42
i58139,2
i58143,7
i58147,4
i5815,6
i58150,21
i58151,14
i58154,31
i58155,1
i58162,19
i58164,3
i58171,1
i58174,8
i58190,6
i58197,31
i58199,32
i5820,59
i58200,2
i5821,39
i58212,14
i5822,1
i58224,2
i58226,8
i58228,1
i58229,5
i58233,6
i58236,4
i5824,3
i58241,13
i58244,21
i58249,3
i58251,1
i58266,6
i5827,61
i58270,20
i58273,8
i58274,17
i58276,17
i58281,8
i5829,11
i58297,2
i58298,26
i5830,37
i58304,7
i58307,9
i5831,52
i58311,4
i58318,7
i58336,1
i58338,10
i58342,8
i58343,4
i58345,1
i58348,32
i58351,40
i58353,6
i58361,49
i58368,6
i58370,20
i58375,61
i5838,3
i58380,13
i58381,35
i58385,1
i58390,27
i58392,44
i58399,24
i584,11
i58400,12
i58402,18
i58408,24
i58409,20
i5841,5
i58410,26
i58415,2
i58422,30
i58426,19
i58428,14
i58430,2
i58439,7
i58440,1
i58444,3
i58445,28
i58452,26
i58456,29
i58458,14
i5846,2
i58461,20
i58465,12
i58467,23
i5847,27
i58472,11
i58474,2
i58478,4
i58479,33
i58485,2
i58487,22
i58490,26
i58491,2
i58492,15
i58496,8
i5850,3
i58502,47
i58505,2
i58508,2
i58512,23
i58513,7
i58517,3
i58519,1
i5852,27
i58530,23
i58532,12
i58536,28
i58546,19
i58547,2
i5855,68
i58552,15
i58559,2
i5856,44
i58566,13
i58568,3
i58570,15
i58573,13
i58577,57
i58580,3
i58582,17
i58584,2
i58587,5
i58591,1
i58593,15
i58597,20
i58599,28
i58609,2
i58610,22
i58611,1
i58613,20
i58614,4
i58618,109
i58619,17
i5862,5
i58624,4
i58625,9
i58626,26
i58628,9
i58629,29
i5863,20
i58630,12
i58634,21
i58638,5
i58639,12
i5864,72
i58640,39
i58646,54
i58652,24
i58659,27
i58665,13
i58666,35
i58667,29
i58672,93
i58677,12
i58683,6
i58686,10
i58687,11
i58690,29
i58694,16
i58695,7
i587,33
i58704,19
i5871,64
i58711,12
i58715,4
i58716,1
i5872,25
i58725,15
i58728,4
i58730,15
i58736,20
i58743,8
i58745,26
i58747,23
i5875,2
i58750,4
i58751,5
i58755,3
i58759,13
i5876,39
i5877,34
i58774,25
i58784,13
i58785,40
i58787,1
i58788,20
i5879,19
i58790,20
i588,13
i58800,3
i58803,21
i58805,3
i5881,3
i58811,37
i58822,4
i58824,11
i58836,6
i5884,80
i58840,6
i58842,21
i58846,2
i58855,1
i58856,18
i58865,8
i58867,5
i58870,33
i58873,17
i58875,8
i58877,54
i58881,1
i58883,24
i58884,18
i58890,17
i58892,1
i58895,10
i58898,14
i5890,78
i58900,9
i58905,6
i58907,1
i5892,40
i58927,44
i58930,31
i58938,29
i58946,2
i58948,5
i5895,2
i58951,30
i58952,10
i58954,2
i58966,13
i58968,25
i5897,26
i58974,20
i58975,2
i58976,2
i58979,5
i58980,10
i58981,8
i58989,11
i58993,4
i58997,23
i59002,17
i59009,22
i59015,11
i59019,8
i5902,2
i59025,3
i59026,56
i59029,8
i59038,3
i5904,63
i59045,28
i59050,21
i59051,3
i59053,13
i59057,6
i59063,1
i59069,3
i59077,53
i59080,2
i59082,2
i59083,1
i59085,8
i591,6
i59101,9
i59102,10
i59104,7
i59110,13
i59113,1
i59115,5
i59116,1
i59118,23
i59119,1
i59120,10
i59124,31
i59129,2
i59137,1
i59144,61
i59146,1
i59162,6
i59166,10
i59179,13
i5918,19
i59180,15
i59181,2
i59183,8
i5919,4
i59190,1
i59197,10
i5920,19
i59201,1
i59211,43
i59212,1
i59213,4
i59216,5
i59217,2
i59218,4
i59221,14
i59222,10
i59223,1
i59226,20
i5923,15
i59232,3
i59234,1
i5924,4
i59245,1
i59246,2
i59248,36
i59251,7
i59252,1
i59257,4
i59265,6
i59271,4
i59273,11
i59276,6
i5928,27
i59281,19
i59284,18
i59286,25
i59288,3
i59289,3
i59293,2
i59294,7
i59295,6
i59297,4
i593,13
i5930,1
i59300,35
i5931,15
i59315,18
i59321,2
i59325,13
i59327,8
i59329,25
i5933,6
i59342,7
i59343,7
i59347,1
i59350,16
i59356,3
i59360,5
i59361,44
i59362,27
i59371,1
i59373,1
i59382,3
i59383,2
i59384,2
i59387,7
i59388,1
i59390,54
i59393,21
i59394,2
i59395,37
i59396,3
i594,1
i5940,11
i59403,1
i59405,1
i59407,26
i5941,70
i59416,13
i59418,12
i59428,43
i5943,7
i59435,1
i59451,29
i59455,45
i59456,26
i59461,32
i59468,21
i59476,14
i59481,22
i59490,4
i59498,6
i59500,29
i59506,2
i5951,42
i59512,10
i59513,5
i59517,20
i5952,1
i59522,9
i59527,19
i59529,3
i59532,26
i59534,1
i59536,9
i59538,40
i59544,3
i59551,9
i59552,7
i59553,25
i59554,4
i59558,12
i59561,32
i59566,20
i59567,27
i59568,28
i5957,11
i59573,8
i59578,18
i59586,26
i5959,11
i59590,25
i59595,9
i5960,32
i59605,2
i5961,6
i59621,2
i59625,5
i59628,35
i59632,4
i59636,5
i59639,19
i59640,2
i59644,1
i59646,2
i59648,70
i59651,1
i59653,10
i59656,6
i59663,20
i59666,57
i59671,4
i59672,15
i59675,28
i5968,34
i59686,13
i59689,26
i59694,11
i59698,7
i59699,33
i597,15
i59701,1
i59705,14
i5971,9
i59713,50
i59715,19
i59718,1
i59719,12
i59725,1
i59733,3
i59737,2
i59740,2
i59741,1
i59747,24
i5975,7
i59750,4
i59759,9
i59760,1
i59763,22
i59764,5
i59773,20
i59777,17
i59778,13
i59784,3
i59785,20
i59786,2
i59795,7
i598,1
i59800,7
i59802,4
i59803,6
i59816,22
i59817,9
i59827,5
i59836,11
i59839,8
i5984,28
i59840,2
i59844,22
i59847,40
i59849,29
i5985,53
i59850,1
i59859,4
i59866,18
i59868,9
i59871,5
i59873,2
i5988,2
i59880,1
i59887,5
i59889,5
i59892,11
i599,3
i59909,6
i5991,71
i59912,4
i59921,4
i59926,24
i59930,1
i59934,13
i59936,9
i59939,27
i59944,2
i59945,1
i59949,25
i5995,10
i59953,4
i59970,10
i59974,1
i5998,23
i59981,10
i59985,1
i59989,6
i59990,2
i59991,7
i59999,1
i60002,3
i60008,3
i6001,30
i60012,37
i60017,4
i60021,2
i60023,3
i60028,14
i60034,18
i60035,3
i60036,4
i60039,2
i6004,2
i60040,2
i60049,13
i60050,41
i6006,11
i60060,14
i6007,3
i60070,3
i60082,28
i60085,13
i60089,3
i60092,1
i60093,16
i60097,12
i60106,10
i60108,10
i60110,3
i60116,6
i6012,47
i60122,2
i60131,15
i60138,27
i60145,2
i60147,2
i60148,5
i60154,10
i60156,9
i60158,1
i60159,32
i60162,3
i60165,22
i60166,35
i60167,3
i60172,26
i60178,2
i60184,12
i60187,6
i60192,1
i60201,30
i60204,1
i60206,1
i60209,34
i6021,15
i60216,12
i60217,5
i60230,19
i60237,7
i6024,68
i60245,9
i60248,3
i60251,4
i60265,30
i6027,39
i60271,9
i60275,21
i60278,10
i60282,2
i60287,4
i60289,23
i60291,21
i60294,3
i60295,32
i60296,3
i60302,1
i60303,17
i60306,15
i60310,20
i6032,9
i60322,3
i60325,5
i60327,1
i60328,9
i60330,34
i60331,14
i60339,33
i60341,16
i60345,2
i60348,9
i60354,4
i60356,4
i60358,12
i6037,50
i60370,2
i60371,2
i60372,4
i60377,5
i60378,3
i6038,11
i60380,1
i60388,23
i60393,3
i60397,7
i604,27
i60410,4
i60411,15
i6042,51
i60421,20
i60433,22
i60436,52
i60439,4
i6044,2
i60446,6
i6045,46
i60450,7
i60451,7
i60452,12
i60454,11
i60460,6
i60468,3
i60469,6
i60471,18
i60478,3
i60479,6
i60484,14
i60485,7
i60486,1
i60490,2
i60492,1
i60499,4
i60502,9
i60503,5
i60507,14
i60512,4
i60518,2
i6052,31
i60523,6
i60526,12
i60528,3
i60530,5
i60532,29
i60533,3
i6054,1
i60561,4
i60562,2
i6057,27
i60570,2
i60572,1
i6058,37
i60583,1
i60592,1
i60594,9
i60595,1
i60599,11
i606,31
i60608,4
i60609,1
i6061,53
i60610,7
i60612,4
i60619,8
i60620,4
i6063,35
i60634,1
i60638,7
i60639,7
i60646,6
i60654,5
i60655,20
i60658,17
i60665,8
i60666,1
i60670,2
i60674,12
i60682,1
i60683,10
i60686,1
i60689,24
i6069,67
i60695,4
i60696,10
i607,5
i60705,3
i60706,19
i60709,11
i60720,1
i60721,12
i6073,25
i60730,8
i60740,1
i60750,3
i60756,6
i60768,1
i60773,5
i60776,68
i60782,4
i60784,29
i60786,4
i60788,34
i60789,18
i6079,1
i60796,31
i60797,3
i60803,25
i6081,76
i60810,7
i60816,1
i60817,33
i60818,60
i60820,36
i60821,2
i60822,25
i60824,4
i60826,51
i60828,71
i60829,70
i6084,43
i60844,4
i60846,1
i60848,23
i60849,57
i60856,2
i60857,21
i60859,82
i60863,1
i60871,13
i60872,1
i60873,25
i60875,31
i60876,1
i60877,12
i60878,1
i60879,36
i60884,12
i60890,16
i60891,47
i60893,23
i60894,2
i60895,26
i60896,29
i60897,23
i60898,5
i60900,30
i60908,1
i60910,15
i60913,20
i60915,22
i60918,28
i60920,18
i60922,3
i60927,3
i60939,15
i6095,18
i60952,18
i60957,25
i6096,2
i60965,14
i60970,26
i60980,23
i60982,13
i60986,46
i60989,9
i60990,6
i60993,6
i60994,27
i60995,5
i60999,85
i61,13
i610,2
i61006,15
i61011,1
i61016,1
i61018,17
i61019,25
i61020,15
i61022,5
i61029,2
i6103,16
i61031,83
i61033,6
i61034,5
i61035,33
i61042,9
i61045,1
i61049,33
i61051,45
i61053,19
i61055,8
i61057,4
i61060,33
i61065,50
i61067,2
i61070,4
i61073,12
i61080,3
i61081,11
i61087,34
i61090,10
i61095,13
i611,6
i61100,9
i61102,56
i61106,1
i61107,10
i61115,14
i61116,20
i61121,2
i61124,31
i61129,14
i61130,9
i61132,36
i61134,1
i61135,2
i61136,6
i61145,2
i61146,10
i61149,3
i6115,2
i61153,30
i61154,14
i61155,22
i61156,35
i61158,23
i61164,27
i61170,8
i61171,2
i61176,8
i61180,35
i61183,24
i61184,1
i61189,31
i61196,5
i61197,28
i61198,2
i612,4
i6120,11
i61200,3
i61203,22
i61208,7
i61209,1
i61212,7
i61214,21
i61216,37
i61220,3
i61225,1
i61226,4
i61228,1
i61233,7
i61235,57
i6124,6
i61240,40
i61245,25
i6125,5
i61250,15
i61258,27
i6126,23
i61264,4
i61266,22
i61267,34
i61271,4
i61276,33
i61279,14
i61287,22
i61289,8
i61290,21
i61293,21
i61298,7
i61304,5
i61307,15
i61308,3
i6131,75
i61310,11
i61313,5
i61321,5
i61326,18
i61328,88
i61330,27
i61331,1
i61336,1
i61337,9
i61338,33
i61339,2
i61347,9
i6135,3
i61351,19
i61353,13
i61357,5
i61358,1
i61359,15
i6136,29
i61363,2
i61367,9
i61373,2
i6138,120
i61381,42
i61385,8
i61387,34
i61390,15
i61392,16
i61395,4
i61396,1
i61397,14
i61401,17
i61403,3
i61404,7
i61407,6
i6141,5
i61410,2
i61417,22
i61418,31
i61427,38
i61428,3
i61429,2
i61430,2
i61434,10
i61435,3
i61439,2
i6145,5
i61451,5
i6146,56
i61460,1
i61462,32
i61469,2
i6147,34
i61470,1
i61477,1
i61478,27
i61479,30
i61481,6
i61486,29
i61489,6
i6149,7
i61493,58
i61498,3
i615,21
i6150,12
i61501,8
i61502,3
i61505,5
i61507,11
i61508,4
i61511,19
i61514,42
i61515,3
i61516,4
i6152,1
i61524,9
i6153,10
i61530,62
i61532,1
i61545,19
i61548,30
i6155,67
i61556,50
i61575,45
i61576,24
i61577,3
i61578,20
i61579,16
i6158,18
i61584,29
i61589,4
i61596,1
i61598,7
i6160,8
i61604,23
i61606,20
i61608,12
i6161,67
i61612,12
i61613,8
i61614,60
i61615,12
i61618,19
i61622,1
i61623,2
i61625,1
i61627,38
i6163,86
i61632,4
i61633,1
i61635,7
i61638,3
i61641,6
i61643,3
i61645,1
i61646,14
i61652,1
i61657,3
i61659,18
i61664,17
i61665,9
i61666,37
i61678,41
i61679,3
i61682,11
i61687,17
i6169,38
i61690,15
i61692,5
i61696,32
i617,56
i61703,7
i61707,5
i61714,2
i61718,32
i61722,9
i61738,4
i61743,4
i61744,8
i6175,21
i61750,25
i61751,1
i61757,4
i6176,35
i61761,6
i61770,11
i61773,3
i61781,1
i61786,4
i61792,7
i618,12
i6180,23
i61801,2
i61802,24
i61806,23
i6181,12
i61810,17
i61812,4
i61819,1
i61821,1
i61822,9
i61823,6
i61831,10
i61832,1
i61833,9
i61834,22
i61835,24
i61840,22
i61843,23
i61848,15
i61855,1
i6186,94
i61860,3
i61863,29
i61871,8
i61872,10
i61874,38
i61877,15
i61882,17
i61883,1
i61889,2
i61892,16
i61896,3
i6190,69
i61900,14
i61901,1
i61906,22
i61915,21
i61916,8
i61918,34
i6192,15
i61929,1
i61931,26
i61934,16
i61939,5
i61940,31
i61941,5
i61944,13
i61946,4
i6195,15
i61951,2
i61959,61
i61966,4
i61973,11
i61974,18
i61982,7
i61983,8
i61989,2
i61992,51
i61995,1
i61996,3
i61998,2
i61999,52
i62002,18
i62006,3
i62016,11
i62018,32
i62022,6
i62025,13
i62027,53
i62029,10
i62032,1
i62044,14
i6205,57
i62050,23
i62053,8
i62054,4
i62055,11
i62058,48
i6206,1
i62066,2
i62067,9
i62068,35
i6207,39
i62077,30
i6208,10
i62080,3
i62082,22
i62083,1
i62084,4
i62087,24
i6209,3
i62090,1
i62095,13
i62096,2
i62099,9
i62100,2
i62111,17
i62112,7
i62113,7
i62116,22
i6212,34
i62120,12
i62122,20
i62125,1
i62127,2
i6213,23
i62135,1
i62143,16
i62148,12
i6215,37
i62154,2
i6216,17
i62169,2
i62173,3
i62181,22
i62189,4
i62193,10
i62195,8
i62196,7
i62198,50
i622,3
i62202,3
i62203,1
i62206,83
i62211,2
i62214,6
i62215,37
i62222,10
i62226,50
i62229,18
i62232,75
i62236,7
i62241,2
i62245,6
i62248,18
i62251,26
i6226,41
i62263,6
i62265,14
i62271,20
i62274,19
i62281,30
i62296,2
i62298,5
i62306,3
i62309,11
i6231,1
i62318,2
i62321,1
i62325,28
i62326,1
i62327,10
i62335,3
i62337,13
i62338,61
i62341,3
i62343,5
i62354,33
i62356,9
i62370,50
i62371,2
i62372,26
i62374,22
i62377,4
i62378,5
i62379,1
i62383,22
i62386,5
i62387,2
i62389,2
i62392,3
i62395,3
i62399,9
i62401,1
i62404,3
i62406,20
i62409,22
i62412,30
i62413,5
i62415,6
i62416,13
i62417,18
i62418,9
i6242,54
i62423,39
i62434,14
i62438,26
i6245,36
i62455,5
i62458,2
i62459,2
i62465,5
i62469,3
i62471,9
i62478,1
i62486,3
i62489,1
i62493,4
i62495,1
i62497,6
i62498,20
i62509,16
i62515,5
i62528,1
i62537,3
i62538,20
i62547,3
i62549,2
i62551,1
i62559,7
i62560,2
i62561,3
i62566,11
i62575,2
i62576,4
i6258,45
i62581,12
i62583,2
i62586,10
i62592,10
i62595,3
i62596,1
i62599,6
i6260,1
i62604,3
i62605,8
i62607,22
i62609,1
i62614,1
i62622,5
i62623,7
i62624,11
i62628,1
i62630,9
i62632,2
i62634,1
i62635,2
i62636,1
i6264,1
i62640,6
i62643,3
i62648,1
i6265,11
i62651,11
i62652,4
i62656,28
i62657,18
i62658,2
i62664,2
i62667,11
i62674,1
i62676,6
i6268,8
i62683,51
i62684,25
i62685,45
i62686,2
i62688,12
i62693,2
i62696,2
i62701,1
i62704,18
i62705,2
i62706,2
i62707,5
i62710,55
i62711,21
i62713,26
i62721,18
i62725,25
i62728,60
i6273,2
i62732,1
i62734,30
i62743,3
i62745,1
i62748,17
i62749,4
i6275,21
i62750,27
i62753,40
i62758,4
i62760,6
i62765,7
i62770,3
i62771,9
i62776,10
i62780,6
i62783,6
i62785,15
i62786,9
i62797,16
i62799,17
i628,6
i62802,25
i62806,8
i62808,2
i62809,11
i6281,7
i62810,12
i62814,26
i62817,8
i62820,4
i62825,3
i62826,39
i62833,18
i62835,13
i62840,1
i62841,3
i62848,1
i62849,21
i62852,15
i62863,13
i62871,1
i62883,7
i62888,11
i62900,9
i62905,5
i62906,3
i62908,42
i62909,24
i62913,15
i62918,1
i62919,14
i62921,13
i62922,11
i62924,3
i62928,15
i62929,3
i62939,1
i62946,20
i6295,22
i62951,6
i62953,36
i62957,7
i6296,17
i62965,25
i62966,3
i62968,18
i62975,2
i62979,65
i62984,4
i62989,2
i6299,13
i62994,1
i62995,1
i63,47
i630,36
i63002,3
i6301,3
i63010,1
i63013,1
i63014,12
i63026,3
i63027,10
i63028,10
i63032,11
i63036,42
i63050,19
i63052,8
i63054,4
i63055,22
i63061,7
i63065,16
i63071,17
i63074,1
i63078,13
i63083,1
i63087,5
i63090,5
i63093,1
i63104,23
i63105,12
i63107,16
i63108,2
i63111,29
i63122,1
i63125,7
i63127,5
i63129,20
i63133,6
i63137,12
i63141,3
i63146,10
i63151,5
i63154,30
i63159,4
i6316,38
i63161,1
i63164,22
i63167,3
i63173,1
i63174,16
i63179,7
i63180,33
i63181,3
i63183,9
i63187,24
i63193,48
i63199,8
i632,9
i63201,25
i63203,10
i63206,23
i63207,8
i63209,1
i63211,2
i63212,7
i63213,25
i63215,22
i63218,12
i63219,5
i63221,13
i63222,1
i63224,3
i63232,7
i63235,22
i63237,17
i6324,4
i63240,4
i63244,2
i63246,1
i63248,7
i63250,5
i63252,11
i63253,2
i63254,1
i63255,4
i63264,7
i63269,3
i63270,10
i63273,23
i63274,5
i63276,47
i63278,10
i63281,17
i63283,20
i63284,5
i63286,5
i63287,16
i63289,11
i63294,10
i63298,12
i63302,1
i63304,1
i63306,13
i63312,2
i63315,4
i63316,26
i6332,10
i63320,7
i63321,22
i6333,2
i63332,3
i63336,11
i63337,4
i63344,16
i63350,2
i63354,1
i63362,11
i6337,4
i63372,2
i63374,1
i63377,28
i63381,8
i63382,9
i63383,7
i63384,24
i63390,5
i63396,1
i63404,1
i63408,6
i63409,17
i63417,3
i63419,5
i63420,5
i63424,9
i63427,6
i63428,2
i63430,6
i63432,1
i63446,17
i6345,42
i63451,1
i63452,2
i63453,6
i63459,4
i6346,6
i63464,9
i63473,10
i63475,1
i63476,1
i63483,1
i63484,46
i63487,2
i63489,16
i63493,1
i63496,3
i63498,1
i635,18
i63503,17
i63506,6
i63511,7
i63517,18
i63520,2
i63529,20
i63532,4
i63533,5
i63540,11
i63541,5
i63543,15
i63545,24
i63548,14
i63553,34
i63558,6
i63564,1
i63572,16
i63573,29
i63576,6
i63579,1
i6358,16
i63582,1
i6359,101
i63594,6
i63595,3
i63599,8
i63604,37
i63606,44
i63607,14
i6361,6
i63611,11
i63612,2
i63619,24
i6362,36
i63620,14
i63629,10
i63633,20
i63634,7
i6364,25
i63646,1
i6365,9
i6366,24
i63663,4
i6367,44
i63671,6
i63672,4
i63675,2
i63677,10
i63683,1
i63684,3
i63685,14
i63687,3
i63689,9
i6369,10
i63695,5
i63697,3
i637,5
i63706,3
i63710,2
i63713,4
i63717,2
i63718,1
i63722,4
i63724,23
i63727,2
i63728,17
i6373,1
i63736,32
i63738,2
i6374,47
i6375,12
i63752,1
i63755,1
i63757,31
i6377,2
i63778,10
i63785,3
i63786,14
i63794,21
i638,10
i63801,25
i63805,16
i63808,1
i63810,5
i6382,3
i63827,14
i63828,5
i63834,2
i63843,2
i63847,3
i63850,3
i63852,3
i63868,22
i63872,11
i63874,4
i63876,1
i63882,3
i63889,5
i63891,25
i63893,2
i63894,9
i63896,1
i63897,8
i63899,4
i639,11
i63909,2
i63913,26
i63917,13
i6392,43
i63923,12
i63924,10
i63925,6
i63932,21
i6394,4
i63940,14
i63943,13
i63944,1
i63945,19
i63951,11
i63955,2
i63957,32
i63959,3
i63961,1
i63962,3
i63969,3
i63975,13
i63977,17
i6398,18
i63985,3
i63987,38
i63988,28
i6399,4
i63994,2
i63995,1
i64,5
i6400,3
i64002,26
i64006,23
i64007,3
i64012,1
i64015,6
i64022,11
i64027,2
i64030,18
i64036,9
i64039,5
i6404,74
i64041,2
i64042,4
i64043,4
i64045,24
i64048,3
i64052,1
i64059,1
i64060,21
i64078,1
i64082,17
i64084,10
i64086,7
i64091,5
i64099,11
i64102,3
i64105,1
i64110,1
i64116,23
i64119,5
i6412,33
i64120,16
i64138,6
i64140,3
i64141,16
i64151,6
i64155,2
i64161,1
i64165,1
i64166,1
i64170,5
i64172,7
i64178,1
i64179,3
i6418,4
i64200,7
i64212,2
i64217,63
i64218,1
i64219,11
i64223,6
i64232,3
i64233,13
i64238,26
i64239,9
i64242,11
i64243,19
i64245,1
i64246,1
i64257,1
i64258,15
i64260,8
i64261,18
i64266,18
i64267,3
i64273,7
i64274,2
i64276,41
i64281,14
i64292,12
i64298,30
i64299,13
i6430,7
i64301,67
i64303,8
i64309,28
i64310,13
i64316,31
i64319,40
i6432,6
i64320,11
i64325,32
i64338,13
i6434,31
i64341,18
i64344,9
i64352,40
i64353,6
i64356,13
i64358,20
i6436,8
i64367,4
i64368,7
i64375,29
i64376,17
i64378,21
i64382,15
i64387,16
i64391,4
i64394,31
i6440,3
i64400,1
i64406,32
i64409,8
i64411,15
i64412,3
i64419,27
i64420,4
i64421,42
i64422,8
i64423,3
i6443,10
i64432,5
i64440,18
i64447,19
i64460,5
i64461,7
i64465,16
i64467,16
i64468,8
i64469,5
i64473,47
i64481,67
i64485,9
i64491,44
i64499,11
i64500,29
i64505,22
i6451,12
i64510,10
i64512,12
i64516,14
i64517,23
i64519,32
i64520,21
i64522,14
i64528,21
i6453,3
i64537,75
i64545,4
i64546,6
i64547,5
i64548,1
i64549,4
i64553,3
i6456,15
i64560,6
i64562,1
i64569,59
i64571,36
i64579,5
i6458,3
i64585,29
i64588,5
i64593,1
i64601,2
i64603,12
i64606,25
i64607,3
i64608,31
i64609,1
i64614,19
i64618,25
i64619,51
i64620,3
i64622,3
i64624,17
i64628,5
i6463,2
i64635,26
i64639,62
i64640,4
i64643,4
i64645,15
i64652,5
i64657,8
i64661,15
i64663,7
i64666,10
i64669,2
i64677,9
i64682,3
i64685,18
i64687,4
i64689,6
i64690,45
i64691,45
i64699,4
i64702,41
i64704,21
i64708,5
i6471,35
i64712,26
i64713,2
i64715,7
i6472,48
i64722,42
i64726,30
i64727,16
i64734,11
i64735,1
i64739,2
i64744,3
i64746,2
i64747,22
i6475,20
i64752,9
i64754,51
i64766,3
i64771,1
i64783,5
i64790,8
i6480,26
i64812,18
i64816,8
i64818,2
i64832,80
i64835,16
i64838,10
i6484,4
i64845,7
i64846,22
i64847,11
i64848,23
i64852,11
i64857,28
i64858,12
i64862,13
i64864,4
i64867,2
i64869,4
i64870,2
i64876,15
i64877,55
i64879,25
i6488,21
i64881,10
i64889,2
i64892,22
i64896,2
i64898,9
i64900,21
i64908,12
i64910,24
i64911,2
i64912,2
i64913,1
i64923,1
i64924,14
i64930,7
i64939,1
i64944,18
i64949,18
i64951,17
i64952,21
i64955,6
i64967,1
i64968,2
i64969,5
i64970,42
i64973,7
i64975,7
i64976,18
i64979,5
i6498,32
i64981,1
i64983,1
i64998,23
i65,4
i650,25
i65004,3
i6501,10
i65010,33
i65013,18
i65017,1
i6502,7
i65027,13
i6503,3
i65030,41
i65037,17
i65048,10
i65050,3
i65051,32
i65053,4
i6506,3
i65064,2
i65069,14
i65070,11
i65071,1
i65076,9
i6508,9
i65081,15
i65083,33
i65089,5
i65103,22
i65104,3
i65106,5
i65107,4
i65110,53
i65114,1
i65116,7
i6512,73
i65120,1
i65127,24
i65131,21
i65138,1
i65141,4
i65146,7
i65147,25
i65150,2
i65157,17
i6516,24
i65165,39
i65166,2
i65169,2
i65177,11
i65178,14
i65180,10
i65181,1
i65192,4
i65199,10
i65206,5
i65209,1
i6521,60
i65210,4
i65214,4
i65218,22
i65219,16
i65227,2
i65228,5
i65233,10
i65234,8
i65235,5
i65236,11
i65240,13
i65242,49
i65244,11
i65246,2
i65249,6
i65251,5
i65258,1
i65259,7
i65264,2
i65265,1
i65267,8
i65268,15
i6527,53
i65271,18
i65272,15
i65280,18
i65281,15
i65289,2
i65295,27
i65296,14
i653,2
i65306,4
i65309,15
i65311,16
i65313,3
i65318,3
i65319,17
i65324,23
i65325,35
i65327,9
i65339,23
i65341,2
i65342,15
i65344,15
i65346,2
i65347,20
i6535,29
i65354,14
i65357,25
i65359,15
i65363,9
i65366,3
i65368,11
i65369,6
i6537,12
i65370,2
i65371,21
i65372,6
i65374,1
i65381,35
i65383,18
i65392,5
i6540,11
i65403,13
i65407,19
i65416,14
i65417,11
i65419,21
i65420,2
i65429,19
i65430,6
i65433,24
i65434,7
i65436,2
i65437,24
i65438,9
i6544,26
i65444,33
i65451,14
i65452,3
i65453,5
i65459,3
i6546,12
i65466,1
i65470,4
i6548,20
i65483,21
i65484,11
i65485,11
i65487,3
i65491,3
i655,57
i65501,11
i65502,4
i65505,6
i65506,20
i65507,16
i65508,1
i65509,2
i65510,24
i65514,11
i65517,3
i65520,8
i65525,39
i65528,3
i65529,1
i65530,30
i65532,4
i65536,17
i65538,5
i65544,7
i65556,18
i65563,1
i65564,2
i6557,17
i65572,3
i65575,15
i65576,2
i65578,2
i65579,23
i65594,10
i656,1
i6560,57
i65600,34
i65601,6
i65606,2
i65608,22
i65612,14
i65617,18
i6562,36
i65627,1
i65631,13
i65639,24
i65640,5
i65642,3
i65645,10
i65646,5
i65648,1
i65652,12
i65655,9
i65657,1
i65658,17
i65672,27
i65674,1
i65675,1
i65677,27
i65679,5
i6568,55
i65683,2
i65691,2
i65693,4
i65699,18
i65700,13
i65703,12
i65705,2
i65707,4
i65710,11
i65713,6
i65716,16
i65723,19
i65731,8
i65738,13
i65741,1
i65743,20
i65748,30
i65749,8
i6575,53
i65754,15
i6577,2
i65770,2
i65774,1
i65776,13
i65777,28
i65778,4
i6578,8
i65781,1
i65786,3
i65790,12
i65797,1
i65799,2
i65802,13
i65804,3
i65812,13
i65814,14
i65816,5
i6582,34
i65829,9
i65832,8
i65838,20
i65848,1
i6586,21
i65861,3
i65866,12
i65876,1
i65878,1
i65880,2
i65886,6
i65894,1
i65898,6
i65901,1
i65904,5
i65905,6
i65908,24
i6591,3
i65917,22
i65921,1
i65928,24
i6593,21
i65936,5
i6594,29
i65944,2
i65947,5
i6595,3
i65955,10
i65956,38
i6596,19
i65963,13
i65966,9
i65967,15
i65974,5
i65983,1
i65988,4
i65991,3
i65992,9
i65993,42
i65994,14
i65995,34
i660,23
i66000,27
i66004,4
i66005,7
i66009,26
i66012,13
i66013,51
i66017,4
i66018,21
i66025,29
i66027,53
i66028,22
i66042,17
i66043,12
i66045,83
i6605,8
i66051,22
i6606,6
i66063,14
i66065,25
i66066,2
i66079,22
i66080,1
i66085,3
i66091,17
i66097,14
i6610,4
i66100,11
i66102,6
i66103,13
i66104,7
i66109,32
i6611,56
i66111,1
i66113,39
i66115,2
i6612,80
i66132,21
i66134,8
i66135,3
i66136,1
i66137,3
i66139,6
i66145,31
i66147,3
i6615,61
i66150,30
i66152,57
i66153,7
i66155,4
i66157,8
i66162,28
i66163,1
i66165,14
i66168,22
i6617,53
i66170,12
i66171,14
i66175,22
i66182,1
i66189,11
i6619,3
i66191,9
i66192,2
i66194,3
i66197,5
i66199,16
i662,21
i66200,31
i66203,1
i66211,12
i66214,1
i66216,78
i66218,21
i6622,41
i66223,27
i66227,16
i66232,16
i66236,26
i66246,1
i66247,8
i66261,5
i66266,15
i66269,34
i66271,5
i66274,3
i66275,9
i66282,8
i66284,11
i66285,1
i66286,4
i66287,20
i6629,3
i66293,17
i66297,1
i66298,40
i66304,6
i66310,3
i66315,53
i66320,1
i66327,3
i6633,69
i66335,21
i66337,18
i6634,5
i66340,1
i66345,37
i66348,1
i66353,43
i66356,47
i66357,5
i66366,30
i66372,9
i66386,1
i66387,14
i6639,11
i66392,7
i66394,62
i66406,17
i66410,9
i66412,3
i66414,29
i66425,3
i6643,6
i66434,6
i66439,20
i6644,7
i66440,20
i6645,19
i66453,10
i66455,14
i6646,8
i66465,1
i66469,1
i66473,1
i66480,11
i66483,3
i66484,4
i66486,3
i6649,2
i66491,15
i66493,5
i66496,32
i66499,4
i66503,2
i66504,4
i66508,6
i66511,12
i66512,12
i66515,3
i66518,8
i66519,4
i66524,22
i66525,1
i66532,3
i66533,2
i66537,1
i66548,15
i66549,6
i6655,43
i66551,4
i66552,9
i66554,24
i66556,22
i66558,29
i66571,3
i66576,33
i6658,2
i66580,4
i66582,5
i66583,8
i66585,8
i66588,1
i66593,3
i66594,2
i66595,1
i66601,32
i66604,10
i66607,6
i66610,11
i66612,3
i6662,3
i66620,8
i66622,2
i66628,15
i66633,1
i66634,1
i66643,3
i66648,6
i66649,19
i66650,5
i66651,2
i66657,2
i66660,6
i66664,10
i66677,1
i66678,22
i66685,2
i66686,1
i6669,54
i66694,2
i66698,4
i667,8
i66702,4
i66711,10
i66713,14
i66733,1
i66734,5
i66736,10
i66741,2
i66743,9
i66745,30
i6675,2
i66752,4
i66761,2
i66768,8
i66769,13
i66774,4
i66779,26
i6678,21
i66780,4
i66789,2
i66790,62
i66791,8
i66792,14
i66793,6
i6680,10
i66800,13
i66802,23
i66805,9
i66811,1
i66816,12
i66821,25
i66827,1
i66829,2
i6683,16
i66834,15
i66839,9
i66843,8
i66845,18
i66846,38
i66864,2
i66865,26
i66868,41
i66871,2
i66875,30
i66884,6
i66885,7
i66886,6
i66891,57
i66897,30
i66898,21
i6690,2
i66902,4
i66905,6
i66909,7
i6691,7
i66911,6
i66914,4
i66918,3
i66920,1
i66924,32
i66927,14
i6693,54
i66941,11
i66943,18
i66945,3
i66946,1
i66950,20
i66952,7
i66956,2
i66958,3
i66960,3
i66963,9
i66964,3
i66965,17
i66970,33
i66974,1
i66976,7
i66981,18
i66985,1
i66986,11
i66988,13
i66995,13
i66997,4
i670,14
i6700,6
i6701,12
i67013,13
i67014,5
i67015,38
i67020,3
i67022,2
i67023,13
i67025,15
i67034,32
i67036,1
i67041,9
i67042,35
i67043,19
i67047,31
i67048,4
i67049,9
i6705,43
i67050,20
i67051,1
i67054,15
i67058,14
i67059,2
i67063,3
i67065,1
i67080,27
i67081,4
i67083,3
i67086,17
i67098,11
i67115,3
i67117,1
i67122,4
i67125,2
i67136,1
i67137,2
i67154,2
i67155,1
i67158,4
i67165,8
i67167,4
i67170,11
i67171,8
i67177,12
i67178,32
i67180,6
i67181,19
i67183,1
i67187,28
i6719,13
i67191,12
i67205,12
i67208,19
i6722,26
i67221,10
i67227,6
i67228,27
i6723,2
i67231,9
i67253,3
i67254,10
i67257,5
i67258,6
i67261,2
i6727,91
i67270,1
i67277,12
i67284,15
i67292,11
i6730,2
i67308,21
i6731,8
i67311,3
i67312,8
i67323,5
i67324,2
i67337,4
i6734,5
i67342,4
i67349,11
i6735,2
i67352,27
i6736,32
i67363,15
i67364,6
i6737,19
i67374,1
i67377,1
i67383,3
i67384,1
i67387,2
i67390,15
i67392,10
i674,25
i67401,6
i67406,1
i67409,44
i67412,5
i67414,1
i6742,26
i67424,6
i67427,4
i67429,1
i67435,1
i67441,2
i67447,2
i6745,30
i67455,26
i67457,45
i6746,4
i67461,15
i67467,2
i67470,2
i67473,18
i67474,40
i67478,34
i67479,12
i67489,23
i67494,1
i67500,4
i67501,6
i67503,6
i67511,20
i67513,1
i67514,38
i67521,25
i67522,11
i67528,3
i67532,50
i67536,21
i67541,1
i67544,54
i67549,25
i6755,10
i67551,52
i67552,6
i67553,20
i67554,14
i6756,43
i67560,63
i67561,23
i67568,17
i67571,1
i67572,16
i67577,36
i67580,2
i67584,25
i67587,15
i67589,3
i67593,29
i67596,5
i67597,29
i67598,6
i67599,3
i67606,1
i67609,8
i6761,45
i67611,3
i67612,16
i67618,1
i67626,45
i67631,1
i67648,32
i67654,9
i67657,73
i67659,13
i6766,2
i67660,65
i67661,17
i67662,41
i67665,31
i67666,12
i67667,42
i6767,21
i67671,69
i67674,2
i67678,22
i67686,16
i6769,54
i67691,8
i67694,71
i677,13
i67703,16
i67713,2
i67718,21
i6772,38
i67722,68
i67723,19
i67724,1
i67725,5
i67728,9
i67729,25
i67736,3
i67737,19
i67746,22
i67749,37
i67750,6
i67751,18
i67758,6
i67760,12
i67769,14
i67773,31
i67774,1
i67776,3
i67780,58
i67781,5
i67788,1
i67793,2
i67794,6
i678,48
i6780,84
i67800,23
i67803,22
i67807,60
i6781,11
i67810,18
i67811,7
i67813,15
i67819,25
i67825,13
i67828,1
i67829,4
i67836,1
i67839,71
i67840,10
i67847,6
i6785,33
i67851,1
i67856,65
i67858,44
i67870,37
i67875,1
i6788,3
i67881,22
i67885,8
i67886,2
i67890,12
i67891,15
i67899,6
i67900,144
i67904,19
i67908,19
i67909,15
i6791,4
i67911,46
i67915,3
i67924,48
i67928,3
i67931,5
i67934,24
i67939,12
i6794,38
i67940,5
i67944,1
i67947,49
i6795,22
i67950,9
i67952,6
i67953,94
i67954,10
i67958,34
i67959,12
i6796,35
i67960,31
i67966,6
i67973,21
i67980,1
i67982,26
i67983,16
i67986,3
i67988,4
i67989,1
i67992,1
i67994,33
i67995,22
i67996,7
i67997,53
i67999,9
i68,3
i68002,47
i68004,9
i68018,2
i6802,18
i68024,91
i68029,12
i68031,1
i68033,21
i68038,6
i68040,4
i68046,29
i68048,2
i68054,41
i68055,7
i68059,8
i6806,47
i68061,9
i68065,23
i68070,3
i68072,2
i68074,11
i68075,8
i68076,51
i68077,41
i6808,21
i68085,87
i68090,1
i68091,2
i68098,35
i681,2
i6810,49
i68100,7
i68104,9
i68105,17
i68109,8
i68113,44
i68115,3
i6812,32
i68132,1
i68135,27
i6814,13
i68142,16
i68143,33
i68145,6
i68149,16
i68157,28
i68158,52
i68161,14
i6817,5
i68170,6
i68171,23
i68172,4
i68173,55
i68174,19
i68176,11
i68179,2
i68180,33
i68183,9
i68193,1
i68196,36
i68197,33
i68199,22
i68202,21
i68207,1
i68211,3
i68212,3
i68214,4
i68215,3
i68216,20
i68218,32
i68219,4
i68229,6
i6823,13
i68234,13
i68236,19
i68237,16
i68246,20
i68247,2
i68250,11
i68251,1
i68252,12
i68256,53
i68261,1
i68262,45
i68264,31
i68265,13
i68266,2
i6827,34
i68270,2
i68272,3
i68273,18
i68275,11
i68279,24
i6828,41
i68285,2
i68287,19
i68288,7
i6829,4
i68298,20
i68299,23
i683,19
i68305,5
i68306,14
i68307,2
i68309,14
i68317,1
i68318,17
i68325,22
i6833,18
i68331,6
i68340,13
i68344,70
i68348,1
i6835,16
i68352,30
i68353,26
i68355,4
i6836,21
i68360,3
i68361,10
i68366,17
i68371,14
i68379,4
i6838,13
i68390,24
i68393,11
i68396,52
i68397,14
i68400,3
i68407,20
i6841,4
i68410,24
i68412,20
i68413,108
i68416,16
i68420,3
i68423,34
i68424,5
i68431,2
i68433,16
i68437,6
i68438,5
i68439,77
i6844,1
i68440,1
i68441,2
i6845,86
i68451,11
i68455,12
i68456,17
i68465,5
i68471,56
i68474,3
i68481,9
i68486,19
i68496,84
i685,16
i68502,7
i68505,3
i68506,7
i68507,28
i68514,21
i68515,9
i68523,14
i68532,2
i68533,10
i68534,1
i68536,34
i6854,3
i68541,39
i6855,46
i68550,27
i68551,8
i68558,9
i68561,1
i68562,2
i68565,3
i68566,2
i6857,21
i68571,2
i68572,12
i68578,8
i68583,16
i68584,1
i68587,12
i6859,83
i68591,5
i68596,10
i68597,11
i68598,5
i68599,4
i686,21
i68602,2
i68603,3
i68605,5
i6861,8
i68619,13
i6862,23
i68621,1
i68631,4
i68632,31
i68636,27
i68638,40
i68640,10
i68643,8
i6865,5
i68650,42
i68653,5
i68654,6
i68658,31
i6866,6
i68662,57
i68666,3
i6867,28
i68678,8
i68680,85
i68686,5
i68692,60
i68696,1
i68697,11
i687,41
i68702,11
i68704,8
i68705,68
i6871,43
i68715,44
i6872,6
i68720,6
i68724,40
i68725,4
i68727,1
i68731,6
i68738,13
i68739,3
i6874,3
i68741,4
i68743,26
i68744,62
i68745,6
i68748,14
i68755,2
i68759,22
i68763,4
i68765,38
i68766,11
i68767,7
i68769,3
i6877,40
i68777,9
i68779,8
i68783,5
i68785,11
i68789,2
i6879,23
i68790,13
i68793,2
i68800,26
i68806,31
i68807,12
i68810,15
i68817,2
i68821,14
i68823,1
i68824,18
i68830,13
i68831,2
i68835,14
i68837,27
i68838,20
i68840,1
i68842,94
i68845,85
i68849,12
i6885,9
i68850,1
i68854,22
i68868,11
i68871,4
i68873,3
i68882,17
i68884,2
i6889,3
i68891,6
i689,9
i68903,17
i68912,12
i68915,35
i68916,12
i68921,4
i68934,9
i68935,2
i68936,3
i68942,14
i68947,11
i68965,51
i68971,21
i68973,40
i6898,8
i68980,2
i68981,19
i68990,3
i68991,22
i68994,7
i68996,2
i69006,19
i69008,1
i6901,3
i69010,8
i69011,35
i69016,1
i69021,2
i69028,22
i69035,3
i69038,2
i6904,17
i69041,15
i69042,28
i69049,1
i69052,1
i69054,9
i6906,2
i69064,13
i69065,2
i69070,2
i69071,1
i69080,14
i69086,8
i69089,7
i69090,18
i69092,6
i69098,2
i69101,1
i69104,15
i69114,32
i69115,9
i6912,41
i69122,2
i69127,4
i6914,5
i69141,5
i69142,1
i69150,2
i69151,7
i69157,5
i6916,4
i69165,39
i69175,7
i69178,21
i69182,4
i69183,19
i69186,4
i69191,19
i69199,11
i692,1
i6920,4
i69203,6
i69204,1
i69206,15
i6921,3
i69211,7
i69213,2
i69218,8
i69222,2
i69223,1
i69229,34
i69233,5
i69257,4
i69258,17
i69263,2
i69264,39
i69276,8
i69279,2
i6928,24
i69286,1
i69287,1
i69289,7
i69296,22
i69305,1
i6931,2
i69316,4
i69329,3
i6933,20
i69337,17
i69339,2
i6934,13
i69344,2
i69349,17
i6935,16
i69356,15
i69358,4
i69362,4
i69385,5
i69389,19
i69392,1
i69394,2
i69396,1
i69402,6
i69420,1
i69423,1
i69425,3
i69428,2
i69437,13
i69438,15
i69444,1
i69448,1
i69449,2
i69450,11
i69456,2
i69457,3
i69461,11
i69479,10
i69504,15
i69516,2
i69522,43
i69523,3
i69524,7
i6953,50
i69533,32
i69535,10
i69536,10
i69537,3
i69542,9
i69551,2
i69553,20
i69557,16
i6956,20
i69562,7
i69567,2
i69569,17
i69572,1
i69575,25
i69579,80
i69583,3
i69586,7
i6959,3
i69593,10
i69595,6
i69604,3
i69606,24
i69609,16
i69610,37
i69611,7
i69614,3
i69616,12
i69618,1
i69621,2
i69627,9
i69637,12
i69640,13
i69643,11
i69645,6
i69649,4
i69651,1
i69652,25
i69653,2
i69654,10
i69658,16
i69659,11
i69661,13
i69670,33
i69671,21
i69678,4
i6968,58
i69688,1
i6969,7
i69690,9
i69694,12
i69695,25
i697,50
i6970,16
i69704,30
i69708,27
i69709,3
i6971,52
i69710,1
i69712,1
i69715,1
i69716,1
i69721,12
i69722,3
i69723,7
i69726,69
i69732,2
i69739,11
i69740,19
i69742,8
i69744,3
i69749,2
i69753,17
i69755,27
i69756,7
i69757,7
i6976,1
i69760,25
i69761,16
i69765,4
i69767,18
i69768,3
i6977,44
i69780,24
i69787,4
i6979,29
i69792,10
i69797,9
i69799,54
i698,35
i69800,12
i69803,1
i69804,67
i69808,109
i69812,1
i69817,4
i69818,4
i6982,17
i69824,7
i69826,40
i69830,97
i69832,14
i69835,24
i69839,14
i6984,80
i69843,18
i69845,25
i69847,4
i69848,16
i69851,3
i69854,2
i69856,22
i69859,10
i69861,15
i69864,40
i69876,1
i69878,20
i6988,69
i69882,5
i69883,2
i69886,8
i69888,12
i6989,21
i69890,14
i69891,5
i69892,7
i69897,2
i69898,13
i69906,10
i6991,21
i69912,3
i69913,38
i69914,26
i69916,13
i69918,73
i69924,14
i69928,27
i69929,2
i69934,47
i69946,4
i69947,1
i69949,55
i69951,3
i69953,26
i69958,8
i69967,1
i69968,22
i69969,10
i69972,5
i69975,18
i69987,2
i69988,46
i69994,3
i70003,1
i7001,17
i70013,8
i70015,15
i70018,6
i70019,29
i7002,3
i70020,96
i70026,1
i70032,2
i7004,13
i70041,16
i70042,20
i70054,19
i70057,54
i70059,4
i70067,32
i70070,2
i70073,29
i70074,12
i7008,18
i70080,1
i70083,16
i70092,6
i70096,13
i70106,43
i7011,23
i70116,4
i70119,5
i7012,1
i70132,32
i70135,15
i70137,30
i70139,14
i70145,9
i70149,6
i70151,1
i70154,10
i70158,33
i7016,4
i70163,17
i70165,14
i70168,39
i70169,25
i70170,2
i70172,4
i70179,27
i7018,4
i7019,18
i70190,15
i70191,3
i70193,14
i70194,20
i70199,3
i70211,22
i70212,12
i7022,20
i70220,7
i70227,2
i70228,15
i70229,1
i70230,19
i70231,11
i70241,13
i70248,18
i70254,28
i70259,1
i70264,23
i70267,1
i70271,1
i70275,12
i70278,8
i70279,8
i7028,24
i70282,2
i70284,22
i70285,2
i70293,9
i70294,8
i703,7
i70301,10
i70304,14
i70306,7
i70307,5
i7031,20
i70315,40
i70326,7
i70330,18
i70341,11
i70342,27
i70346,9
i7035,16
i70350,2
i70354,72
i70358,50
i70364,2
i70366,1
i70367,5
i7038,10
i70381,12
i70382,34
i70385,2
i70392,4
i70393,6
i70398,5
i70406,4
i70407,1
i70415,1
i70419,10
i70423,10
i70428,3
i7043,30
i70433,13
i70434,25
i7044,15
i70446,8
i70449,1
i70453,30
i70456,16
i70458,13
i70459,78
i70462,2
i70463,3
i70470,9
i70473,12
i70480,4
i70484,8
i70487,26
i70491,2
i70492,10
i70496,13
i70499,3
i705,13
i70505,2
i7051,22
i70511,1
i70515,18
i70535,6
i70536,9
i70537,44
i70541,5
i70543,21
i70550,2
i70552,16
i70560,1
i70562,3
i70563,6
i70572,20
i7058,41
i70580,19
i70582,28
i70583,1
i70584,7
i70587,12
i70593,58
i70597,13
i706,12
i70601,7
i70604,8
i70605,60
i70608,4
i7061,36
i70613,4
i70618,16
i70624,1
i70626,35
i70632,1
i70639,28
i70641,9
i70642,4
i70643,12
i70647,3
i70648,15
i7065,9
i70650,8
i70654,6
i7066,8
i70663,5
i70665,1
i70667,16
i70675,5
i7068,40
i70689,6
i70694,3
i70709,1
i70715,13
i70716,4
i70720,3
i70721,1
i70722,9
i70724,37
i70726,2
i70734,13
i70735,4
i70737,63
i70740,1
i70741,39
i70744,7
i70746,9
i70749,2
i70750,18
i70751,30
i70753,3
i70757,14
i70758,13
i70761,4
i70762,2
i70765,26
i70767,7
i70768,1
i70769,2
i70770,1
i70771,1
i70778,1
i70787,13
i70790,1
i70796,10
i70800,25
i70802,11
i70807,2
i70818,14
i70826,1
i70840,1
i70842,13
i70852,13
i70855,6
i7086,40
i70861,3
i70873,21
i70874,9
i70875,1
i70880,5
i70888,4
i70893,10
i70895,10
i70898,3
i70900,9
i70902,18
i70903,2
i70906,7
i70908,17
i7091,28
i70911,17
i70912,2
i70913,2
i70915,1
i70916,6
i7092,28
i70926,2
i70927,4
i7093,90
i70932,3
i70936,10
i70937,4
i7094,39
i70943,1
i70945,2
i70949,5
i70956,27
i70960,20
i70969,1
i70973,2
i70975,5
i70976,22
i70978,22
i70980,10
i70983,61
i70984,8
i70986,2
i70991,22
i70994,1
i70995,16
i70998,1
i70999,17
i71005,3
i71006,21
i71009,10
i71011,2
i71014,1
i71017,3
i71020,9
i71021,1
i71032,3
i71034,9
i71036,26
i71042,2
i71043,2
i71044,10
i71045,5
i7105,36
i71054,4
i7106,28
i71064,6
i71073,7
i71080,4
i71081,8
i71083,3
i71088,6
i71092,5
i71095,1
i71100,3
i71105,20
i71114,4
i71115,2
i71120,10
i71122,8
i71124,2
i71125,11
i71126,21
i71134,9
i71145,1
i71147,3
i71152,4
i71157,19
i71158,2
i71161,3
i71163,23
i71164,1
i71165,9
i71169,39
i7117,36
i71188,16
i71191,2
i71192,9
i71193,4
i71194,4
i71195,9
i712,12
i71202,36
i71205,15
i71206,24
i71207,12
i71208,2
i71209,1
i71215,3
i71216,1
i71219,1
i7122,15
i71222,19
i71227,2
i71237,1
i71239,9
i71247,82
i71251,77
i71253,3
i71257,26
i71259,27
i71269,2
i71272,17
i71273,18
i71277,45
i71278,20
i71282,3
i71284,16
i71288,2
i71289,6
i71304,23
i71309,3
i7131,4
i71310,10
i71312,61
i71313,7
i71318,4
i7132,17
i71321,10
i71323,12
i71328,8
i71329,9
i71337,16
i71343,1
i71344,1
i71346,26
i71347,15
i71349,4
i71353,82
i7136,4
i71360,43
i71362,8
i71365,17
i71368,5
i71371,5
i71373,25
i71376,17
i71379,7
i71380,34
i71383,11
i71388,34
i71390,13
i71391,9
i71392,69
i71393,16
i71395,40
i71399,4
i71400,14
i71402,8
i71403,4
i71405,82
i7141,7
i71410,72
i71415,11
i71418,59
i71419,29
i7142,5
i71423,6
i7143,25
i71432,8
i71433,18
i71437,89
i71438,18
i7144,53
i71441,3
i71444,63
i71446,48
i71447,21
i71449,22
i71460,1
i71466,1
i71470,31
i71471,28
i71477,11
i71479,60
i71484,7
i715,31
i71501,10
i71510,66
i71513,1
i71519,62
i71523,9
i71536,7
i7154,2
i71548,1
i71558,3
i71560,83
i71561,3
i71562,35
i71563,34
i71568,40
i7157,1
i71572,24
i71573,12
i71575,4
i71579,1
i7158,1
i71581,35
i71582,13
i71591,3
i71592,39
i71595,21
i71600,1
i71606,31
i7161,14
i71616,4
i71620,1
i71622,10
i71626,14
i71627,86
i71629,31
i71630,2
i71631,21
i71633,39
i71642,56
i71643,3
i71650,66
i71657,1
i71663,17
i71666,2
i71667,1
i71675,11
i71682,32
i71687,50
i7169,8
i71699,7
i71701,18
i71707,39
i71708,2
i7171,18
i71711,19
i71712,5
i71714,10
i71715,7
i71719,14
i71723,16
i71725,10
i71730,1
i71731,1
i71732,8
i71734,1
i71735,2
i71738,20
i7174,3
i71740,23
i71741,37
i71742,31
i71748,8
i71749,5
i7175,11
i71753,18
i71754,7
i71755,3
i71768,22
i71776,21
i7178,8
i71782,12
i71785,3
i71787,6
i71789,1
i71790,17
i71791,2
i71793,4
i718,24
i7180,24
i71806,3
i71814,1
i71822,31
i71825,20
i71827,16
i71828,66
i71829,1
i7183,37
i71835,32
i71843,9
i71848,1
i71853,27
i71856,14
i7186,69
i71864,36
i71868,3
i71869,10
i7187,66
i71872,18
i71886,1
i71892,22
i71895,12
i71896,3
i71905,29
i71909,34
i71917,16
i71924,63
i71929,1
i71932,40
i71938,76
i71940,10
i71949,9
i71955,3
i71957,23
i7196,4
i71967,9
i71971,6
i71975,47
i71977,6
i71979,13
i71985,2
i71992,7
i72,64
i72001,1
i72005,6
i72006,37
i72007,26
i72009,13
i7201,4
i72011,6
i72013,8
i72015,20
i72016,7
i72020,22
i72028,44
i72036,21
i72037,17
i72042,10
i72049,3
i72051,20
i72054,1
i72057,10
i72058,1
i72060,4
i72063,27
i72071,2
i72073,44
i7208,41
i72081,2
i72085,3
i72087,8
i72089,2
i72091,22
i72092,1
i72095,8
i72097,2
i72101,21
i72103,3
i72105,2
i72107,7
i72111,8
i72113,19
i72116,9
i72120,1
i72126,4
i72129,3
i72132,4
i72138,74
i72142,9
i72146,10
i72150,11
i72151,78
i72158,4
i72161,30
i72162,1
i72166,3
i72167,12
i72182,11
i72186,12
i72191,5
i72193,3
i72195,12
i7220,5
i72203,22
i72209,25
i72211,2
i72213,5
i72214,18
i72231,13
i72238,32
i72240,3
i72241,4
i72245,19
i72248,25
i72252,12
i72254,1
i7226,72
i72260,13
i72263,3
i72267,1
i72274,1
i72275,7
i72276,1
i72279,2
i72281,1
i72283,2
i72284,5
i72285,23
i72287,15
i72288,5
i72289,3
i72304,1
i72308,14
i72310,9
i72316,20
i72319,11
i7232,6
i72327,4
i72333,5
i72334,9
i72335,21
i7234,2
i72341,8
i72342,3
i72350,27
i72356,3
i72358,12
i72359,23
i72360,5
i72365,70
i72374,51
i72375,36
i72377,37
i72383,3
i72384,44
i72393,19
i72394,13
i72396,16
i72397,1
i724,80
i72411,25
i72415,25
i72419,10
i72422,7
i72431,28
i72435,57
i7244,35
i7245,1
i72450,4
i72451,5
i72453,29
i72460,7
i72461,5
i72463,26
i72464,11
i72466,25
i7247,35
i72476,6
i72479,38
i72481,34
i72483,16
i72484,4
i72485,38
i72497,37
i72499,9
i725,18
i7250,10
i72501,12
i72507,1
i72509,31
i72512,26
i7252,12
i72523,16
i72526,10
i72530,30
i72531,1
i72532,13
i72533,27
i72536,4
i72540,5
i72546,20
i72547,1
i72549,71
i72550,2
i72553,10
i72555,4
i72562,7
i72563,2
i72564,47
i72566,10
i72569,23
i72571,29
i72572,1
i72573,3
i72577,6
i7258,15
i72585,3
i72590,10
i726,16
i72600,40
i7261,1
i72614,4
i72616,24
i72618,11
i72625,37
i72626,15
i7263,1
i72631,19
i72636,29
i72637,5
i72638,23
i72647,4
i72649,47
i72655,12
i7266,5
i72660,5
i72665,1
i72667,75
i72673,31
i7269,15
i72691,2
i727,24
i72709,18
i7271,33
i72710,9
i72716,12
i72719,1
i72722,17
i72727,14
i72731,8
i72735,3
i72742,13
i72745,1
i7275,2
i72753,2
i72755,22
i7276,1
i72761,3
i72762,9
i72766,24
i72771,2
i72773,9
i72774,10
i72779,4
i7278,22
i72786,28
i7279,7
i72791,4
i72803,7
i72804,10
i72805,12
i72806,3
i7281,71
i72815,54
i72816,2
i72821,2
i72824,5
i72828,28
i7283,38
i72830,14
i72832,3
i72833,2
i72834,5
i72839,4
i72840,25
i72842,28
i72850,12
i72852,9
i72853,10
i72863,1
i72864,15
i72865,6
i72869,32
i72870,4
i72873,15
i72879,45
i72881,3
i72885,7
i72888,15
i72889,6
i72893,16
i72894,2
i72896,18
i72899,1
i72902,27
i72905,17
i72908,10
i72916,1
i72918,11
i72921,13
i72935,2
i72938,22
i72943,2
i72945,22
i72946,17
i72947,3
i72956,3
i72957,6
i72958,8
i72959,10
i72962,3
i72964,10
i72965,5
i72967,6
i72969,7
i72977,11
i72981,5
i72982,4
i72983,4
i72985,3
i72988,1
i72989,2
i72997,9
i72999,3
i73,13
i73001,7
i7301,3
i73017,3
i73018,12
i73022,1
i73024,8
i7303,35
i73033,1
i73036,13
i73037,7
i7304,28
i73041,2
i73042,5
i73044,50
i73047,3
i73050,11
i73052,3
i73055,2
i73057,3
i73058,9
i73060,2
i73067,19
i73069,18
i73075,17
i73077,1
i73081,23
i7309,75
i73094,17
i73096,23
i731,2
i73100,4
i73101,1
i73117,1
i73123,25
i73126,1
i73135,3
i73138,2
i73139,1
i7314,33
i73143,66
i73146,1
i7315,2
i73158,4
i73159,1
i7316,58
i73168,13
i7317,31
i73170,31
i73171,1
i73173,12
i73174,14
i73176,8
i73179,4
i7319,2
i73190,2
i73194,3
i73196,1
i73198,1
i73201,16
i73203,43
i73205,14
i73206,5
i73208,78
i73213,14
i73218,1
i73219,12
i73220,11
i73224,28
i73226,9
i73230,17
i73231,30
i73232,15
i73235,62
i73237,35
i73240,25
i73242,6
i73243,36
i7325,55
i73250,5
i73251,4
i73252,20
i73254,29
i73256,11
i73257,27
i73261,6
i73262,3
i73263,19
i73264,36
i73266,11
i7327,14
i73274,11
i73282,12
i73285,12
i73292,2
i73295,1
i73301,3
i73304,1
i73308,2
i73311,16
i73313,3
i73318,22
i73319,15
i7332,20
i73324,10
i73326,6
i73329,1
i73331,13
i73340,12
i73346,1
i73348,4
i73349,2
i7335,34
i73356,19
i73367,16
i73369,2
i73373,27
i73377,19
i73379,10
i73384,3
i73385,6
i73386,14
i73387,3
i73389,13
i73391,3
i73397,52
i73404,1
i73409,8
i73415,18
i73416,2
i73423,11
i73429,35
i7343,7
i73433,42
i7344,28
i73440,42
i73441,5
i73442,1
i73447,2
i73449,3
i73450,23
i73451,1
i73456,35
i73467,13
i73469,11
i73470,1
i73473,2
i73476,1
i73484,1
i73487,3
i73488,8
i7349,11
i73494,16
i73496,5
i73497,3
i73505,9
i73506,14
i73516,6
i73519,74
i7353,6
i73532,18
i73533,12
i73534,15
i73535,26
i73537,20
i73552,7
i73553,1
i73555,1
i73560,4
i73562,9
i73563,11
i73567,17
i73568,2
i73569,10
i7357,36
i73579,27
i73589,9
i7359,36
i73591,10
i736,7
i73603,25
i73607,3
i7361,7
i73631,9
i73632,2
i73637,13
i73639,18
i73641,3
i73642,14
i73643,9
i73644,8
i73649,1
i7365,19
i73651,20
i73652,4
i73662,2
i73664,9
i73668,11
i7367,24
i73673,1
i73674,18
i73677,6
i73680,1
i73683,1
i73685,7
i73686,2
i7369,10
i73691,11
i73694,4
i73697,13
i73703,1
i73706,1
i73711,17
i7372,47
i73731,8
i73736,11
i73737,5
i73739,13
i73742,11
i73746,18
i73747,12
i73752,11
i73762,36
i73773,8
i73776,33
i73777,12
i7378,18
i73780,9
i73781,8
i73788,2
i73789,10
i7379,4
i73792,2
i73799,4
i73801,7
i73808,1
i73812,9
i73815,38
i73818,13
i73822,5
i73828,4
i73830,4
i73837,2
i73841,4
i73843,2
i73846,7
i73847,7
i7385,12
i73850,28
i73865,1
i73867,2
i73870,18
i73872,1
i73873,5
i73874,54
i7388,1
i73881,25
i73883,10
i73893,3
i73894,7
i73895,9
i73898,1
i73899,2
i73900,2
i73901,5
i73916,1
i73917,1
i73929,10
i7393,9
i73931,2
i73940,22
i73942,1
i73945,5
i73950,13
i73956,30
i73959,5
i73961,7
i73966,18
i73973,1
i73975,10
i73979,4
i7398,33
i73981,5
i73982,3
i73995,5
i74000,23
i74001,1
i74002,25
i74004,9
i74007,1
i74015,5
i74017,16
i7402,2
i74021,4
i74022,9
i74026,18
i74032,2
i74037,11
i74039,109
i74041,31
i74045,6
i74046,8
i74048,30
i74057,34
i7406,4
i74062,12
i74065,14
i74066,5
i74069,8
i74070,9
i74072,8
i74073,21
i74074,1
i74077,28
i7408,25
i74084,2
i74088,24
i74095,1
i74096,35
i74103,34
i74106,2
i74113,19
i74117,12
i7412,30
i74121,28
i74122,5
i74127,53
i74129,20
i74133,4
i74136,39
i74140,4
i74145,7
i7415,65
i74151,22
i74164,29
i74166,2
i74168,8
i74173,4
i74174,5
i74186,24
i74189,4
i74191,7
i74192,7
i74197,2
i74201,3
i7421,56
i74210,18
i74212,21
i7422,8
i74220,24
i74227,1
i74232,22
i74233,1
i74234,3
i74235,24
i74236,14
i74242,20
i74243,1
i74244,8
i74245,7
i74249,11
i7425,31
i74251,4
i74253,5
i74258,16
i74259,1
i7426,7
i74260,12
i74264,2
i74267,2
i74268,7
i74271,25
i74280,2
i74285,10
i74287,1
i74288,17
i74291,32
i74292,3
i74296,3
i743,59
i7430,39
i74301,1
i74303,23
i74305,46
i74306,4
i74308,7
i74310,2
i74315,15
i74319,3
i74321,9
i74322,22
i74323,18
i74324,5
i74330,4
i74334,1
i74340,4
i74343,12
i74344,16
i74345,3
i74347,2
i74348,1
i74352,47
i74353,7
i74356,2
i7436,35
i74364,1
i74378,34
i74380,6
i74385,3
i74390,20
i74392,3
i74396,17
i7440,1
i74404,4
i74407,10
i74409,6
i74413,26
i74414,1
i74417,38
i74418,8
i7442,23
i74420,1
i74425,1
i74427,29
i74436,4
i7444,31
i74440,5
i74441,23
i74442,5
i74444,4
i74449,7
i74462,11
i74465,1
i74469,1
i7447,9
i74470,13
i74475,5
i74476,18
i74480,11
i7449,15
i74491,1
i74492,14
i74496,1
i74499,12
i74504,4
i74507,1
i74515,2
i74516,9
i74518,4
i74519,4
i74522,6
i74527,5
i74536,7
i74538,14
i74539,4
i7455,3
i74550,1
i74551,14
i74567,1
i74573,42
i74578,16
i74587,6
i7459,43
i74595,4
i746,43
i74602,6
i74603,11
i7461,25
i74611,5
i74613,3
i74616,15
i74620,3
i74622,8
i7463,2
i74634,9
i74638,5
i74640,3
i74642,6
i74649,5
i74652,3
i74653,10
i74664,12
i74667,10
i74668,18
i7467,5
i74679,4
i74680,25
i74683,7
i7469,38
i74690,9
i74691,7
i74695,2
i747,38
i74702,43
i74704,24
i74710,2
i74716,13
i74718,61
i74719,4
i74724,5
i74727,29
i74728,24
i74729,36
i74736,34
i74739,62
i7474,6
i74740,40
i74741,3
i74743,13
i74745,17
i7475,9
i74751,3
i74756,17
i74763,35
i74771,79
i74774,12
i74775,12
i74776,31
i74778,55
i7478,1
i74780,1
i74783,16
i74785,6
i74787,13
i7479,17
i74791,49
i748,4
i74808,1
i74810,1
i74812,6
i74814,2
i74817,65
i74818,4
i74822,6
i74826,3
i74827,14
i7483,14
i74830,18
i74832,26
i74837,17
i74839,29
i7484,1
i74841,29
i74849,42
i74850,3
i74851,2
i74852,38
i74854,6
i74856,2
i74858,1
i74868,41
i74872,12
i74878,33
i7488,3
i74888,3
i74890,27
i74891,1
i749,32
i74906,16
i74907,10
i74908,25
i74910,1
i74911,21
i74914,46
i74919,12
i7492,29
i74921,29
i74922,45
i74939,5
i74942,2
i74943,11
i74944,1
i74956,5
i7496,66
i74969,44
i7498,43
i74981,49
i74987,1
i74990,3
i74999,21
i7500,3
i75001,2
i75009,1
i75010,20
i75013,2
i75016,4
i75019,2
i7502,2
i75021,14
i75025,6
i75026,49
i75030,19
i75035,8
i7504,2
i75041,32
i75048,8
i75049,44
i75050,3
i75052,32
i75053,16
i75054,6
i75058,31
i75065,3
i75068,79
i75075,1
i75076,27
i75077,42
i75079,12
i75085,6
i75088,11
i75097,6
i75100,7
i75112,12
i75116,1
i7512,2
i75121,4
i75129,12
i75130,10
i75134,6
i75139,1
i75140,2
i75143,26
i75144,20
i75146,3
i75152,8
i75156,44
i75157,18
i7516,66
i75164,7
i7517,1
i75170,49
i75171,17
i75172,29
i75173,11
i75180,28
i75181,2
i75186,3
i75187,31
i75188,13
i7519,9
i75190,23
i75195,1
i75196,4
i75199,44
i7520,12
i75200,3
i75201,15
i75209,20
i7521,25
i75211,5
i75217,3
i75220,17
i75224,3
i75225,10
i75226,89
i75232,25
i75234,22
i7524,15
i75241,58
i75245,1
i7525,15
i75253,18
i7526,67
i75270,5
i75275,6
i75279,24
i75280,6
i75283,6
i75284,2
i75287,2
i75288,3
i75289,4
i75300,4
i75310,6
i75323,10
i75325,7
i75326,10
i7533,24
i75332,22
i75333,6
i75334,2
i75336,3
i75339,68
i75340,4
i75342,5
i75345,2
i75346,16
i75347,2
i7535,2
i75350,15
i75353,2
i75355,27
i75357,2
i75365,7
i75371,3
i75372,35
i75380,40
i75384,20
i75395,33
i75398,58
i75405,12
i75411,7
i75413,4
i75415,3
i75419,8
i7542,5
i75423,25
i75424,36
i75425,3
i75428,13
i7543,16
i75430,9
i75433,3
i75436,34
i75442,16
i75444,1
i75448,4
i75449,9
i7545,2
i75451,25
i75454,7
i75457,5
i75458,15
i75462,6
i75466,2
i75468,24
i75469,5
i7547,74
i75471,4
i7548,1
i75482,6
i75483,3
i75485,10
i75494,8
i75495,4
i75496,27
i75498,3
i75500,3
i75505,58
i75506,9
i75507,3
i7551,9
i75511,2
i75515,10
i75520,4
i75521,2
i75531,11
i75534,40
i75536,2
i7554,27
i75540,7
i75541,3
i75545,2
i75546,11
i75557,9
i75559,7
i75565,37
i75568,13
i75570,24
i75571,32
i75574,11
i75576,2
i75578,2
i75583,15
i75592,7
i75599,4
i756,22
i75604,27
i75605,4
i75606,7
i75607,3
i75623,3
i75625,15
i75626,9
i75637,86
i75642,74
i75643,11
i7565,4
i75654,24
i75662,13
i75669,4
i75672,4
i75674,8
i75675,1
i75676,8
i75677,2
i75682,10
i75687,1
i75688,4
i75689,7
i7569,43
i75691,20
i75694,12
i75699,8
i7570,1
i75703,27
i75704,8
i75716,17
i75722,1
i75724,11
i75739,9
i75742,22
i75743,24
i75756,29
i75757,1
i75761,29
i75765,11
i7577,2
i75772,4
i75779,6
i75784,4
i75787,1
i75793,2
i75798,13
i75807,6
i7581,1
i75810,16
i75819,2
i7582,40
i75820,5
i75827,2
i7583,59
i75833,3
i75834,21
i75840,27
i75842,9
i75846,1
i7585,2
i75853,17
i75855,7
i75856,4
i75858,5
i75862,2
i75880,13
i75881,1
i75882,1
i75884,21
i75886,55
i75889,1
i7589,1
i75891,15
i75893,1
i75896,1
i75899,10
i75907,28
i75911,2
i75914,32
i75917,3
i75919,1
i75922,6
i75923,6
i75924,3
i7593,7
i75935,5
i7594,64
i75942,4
i75944,1
i75945,1
i75947,18
i75948,19
i75950,11
i75958,33
i75959,1
i7596,44
i75960,8
i75962,4
i75963,29
i7597,1
i75972,25
i75977,11
i75981,20
i75996,29
i7600,1
i76003,20
i76009,28
i7601,27
i76015,8
i76016,1
i76019,24
i76022,1
i76023,1
i7603,1
i76039,1
i76041,7
i76043,7
i76044,5
i76047,2
i76051,42
i76052,7
i76058,1
i76066,2
i76068,5
i76069,1
i7607,39
i76073,1
i76075,1
i76079,10
i7609,77
i76090,29
i76100,2
i76101,2
i76102,28
i76105,62
i76108,1
i7611,10
i76119,15
i76124,17
i76125,4
i76126,29
i76134,1
i76137,23
i76147,5
i76155,12
i76159,4
i76163,27
i76165,4
i76167,1
i76169,2
i7617,93
i76170,23
i76173,5
i7618,3
i76186,15
i76187,2
i76189,12
i76192,8
i762,83
i7620,95
i76203,5
i76204,1
i76206,13
i76210,11
i76212,36
i76213,2
i76217,19
i7622,7
i76220,7
i76222,1
i76229,18
i76234,18
i7624,37
i76242,49
i76243,7
i7625,26
i76254,88
i76256,8
i76260,11
i76263,1
i76266,3
i76274,9
i76275,34
i76282,6
i76285,14
i76286,3
i76287,14
i76288,2
i76291,1
i76294,2
i763,35
i76301,19
i76306,24
i76311,3
i76314,7
i76316,8
i76317,3
i7632,6
i76323,43
i76325,14
i76327,19
i76330,18
i76334,110
i7634,1
i76340,11
i76342,3
i76347,20
i76348,18
i76349,10
i76351,39
i7636,24
i76360,5
i76361,19
i76368,4
i76376,36
i76379,28
i76381,47
i76384,10
i76386,8
i76389,15
i76394,9
i76396,3
i7640,27
i76400,36
i76402,2
i76410,2
i76419,1
i7642,1
i76422,42
i76429,5
i7643,50
i76433,16
i76440,3
i76444,7
i76445,4
i76453,1
i76454,3
i76456,16
i76459,4
i76460,1
i76468,1
i76471,2
i76473,4
i76475,12
i76476,3
i76482,2
i76483,14
i76489,3
i76493,12
i76494,24
i76496,2
i765,52
i76501,20
i76511,3
i76516,3
i76518,3
i76520,6
i76524,3
i76530,11
i76535,22
i76543,5
i76547,16
i76548,4
i76551,2
i76552,10
i76554,9
i76555,2
i7656,26
i76568,8
i76574,18
i76576,17
i76577,14
i76582,2
i76587,5
i76591,3
i76600,21
i76607,1
i76609,3
i76614,25
i76617,1
i76625,11
i76627,4
i76628,4
i76630,3
i76632,10
i76634,5
i76639,6
i76643,10
i76647,1
i76650,1
i76653,2
i76656,2
i76657,4
i76661,10
i76666,1
i76669,13
i76671,4
i76673,20
i76675,3
i76677,3
i76680,12
i76685,1
i76686,13
i76687,21
i7669,46
i76690,2
i76694,1
i76698,2
i767,14
i76700,6
i76704,1
i76708,4
i76709,2
i7671,29
i76711,4
i76712,67
i76713,2
i76716,4
i76720,10
i76724,3
i76729,5
i76730,6
i76731,6
i76737,7
i76738,1
i76743,9
i76754,4
i76761,1
i76765,12
i76766,14
i76770,11
i7678,11
i76782,3
i76785,68
i7679,7
i76791,38
i76793,28
i76795,7
i76805,22
i76808,31
i76810,2
i76816,2
i76817,11
i76820,15
i76822,9
i76823,14
i76824,8
i76826,10
i76832,1
i76842,12
i76845,6
i76848,4
i7685,3
i76850,1
i76853,2
i76854,2
i76856,9
i76857,14
i76858,1
i7686,57
i76860,106
i76861,2
i76862,3
i76877,24
i76891,43
i76894,13
i76895,81
i76897,3
i76898,21
i769,104
i7690,5
i76902,23
i76905,85
i76908,28
i76913,7
i76927,4
i7693,38
i76934,30
i76935,12
i76939,34
i76941,11
i76942,28
i76943,25
i76944,17
i76949,1
i7695,65
i76952,2
i76955,23
i76959,2
i76962,21
i7697,33
i76977,6
i76986,34
i76987,17
i76992,10
i76993,3
i76994,15
i76999,24
i77,29
i770,98
i77003,1
i77006,17
i77008,11
i77009,10
i77010,16
i77011,3
i77015,29
i77018,37
i77020,1
i77027,3
i77028,20
i77029,35
i77037,13
i77038,29
i7704,14
i77043,7
i77045,3
i77059,71
i77060,20
i77068,16
i77072,21
i77073,13
i77080,39
i77081,36
i77085,7
i77089,5
i77091,5
i77092,23
i77094,6
i77095,12
i7711,2
i77110,20
i77111,13
i77114,12
i77116,2
i77134,2
i77136,1
i77138,31
i77142,4
i77143,19
i7715,5
i77153,32
i77154,18
i7716,5
i77160,5
i77165,9
i77166,1
i77169,13
i7717,6
i77170,1
i77173,5
i77175,26
i77177,41
i77179,13
i7718,1
i77180,10
i77182,17
i77183,4
i77184,9
i77187,10
i77192,15
i77194,3
i77196,1
i77199,10
i77207,8
i77209,15
i7721,11
i77210,3
i77214,18
i77217,2
i77219,75
i7722,40
i77221,24
i77226,34
i77229,2
i77231,1
i77236,14
i77237,4
i7724,24
i77240,10
i77247,35
i77254,26
i77256,21
i77259,20
i77261,2
i7727,4
i77270,1
i77271,1
i77280,1
i77282,28
i77284,12
i77287,8
i77297,47
i77303,10
i77313,25
i77328,2
i77329,1
i7734,2
i77350,35
i77359,3
i77362,33
i77363,39
i77364,4
i77366,24
i77378,14
i7738,9
i77384,3
i77387,19
i77391,31
i774,26
i77404,21
i77408,28
i77409,32
i77413,9
i77419,8
i77421,6
i77422,16
i77426,7
i77434,5
i77438,4
i7744,6
i77441,12
i77444,8
i77448,9
i7745,3
i77451,16
i77454,3
i77456,4
i77458,2
i77460,5
i77477,5
i77479,4
i77480,7
i77481,39
i77483,1
i77485,2
i77488,3
i77490,15
i77491,21
i77502,15
i77512,37
i77519,5
i7752,2
i77524,13
i7753,40
i77533,1
i77541,4
i77542,10
i77544,19
i77546,1
i77553,21
i77557,1
i77558,10
i77559,12
i77560,3
i77563,1
i77565,2
i77569,7
i77576,13
i77589,1
i7759,38
i77592,5
i77595,20
i77596,3
i77598,22
i77600,2
i77604,6
i7762,35
i77626,9
i7763,36
i77630,7
i77635,2
i77638,13
i7766,1
i77660,16
i77665,5
i77669,2
i7767,13
i77670,6
i77672,2
i77674,25
i77678,8
i77682,7
i77683,2
i77684,12
i77699,4
i777,29
i7770,11
i77701,1
i77702,2
i77705,1
i77708,6
i77713,3
i77724,4
i77738,40
i77739,9
i7774,38
i77740,23
i77741,15
i77742,10
i77743,23
i77760,3
i77762,3
i77771,42
i77777,46
i77778,6
i77779,1
i7778,1
i77780,1
i77788,9
i77790,6
i77792,13
i77795,18
i77798,19
i77800,4
i77802,5
i77806,4
i77808,7
i7781,2
i77811,19
i7782,15
i77822,8
i77824,14
i77826,5
i77830,4
i77834,2
i77835,14
i77842,5
i77843,20
i77844,8
i77849,19
i77857,4
i77861,3
i77863,4
i77868,39
i77871,6
i77881,13
i77887,5
i7789,30
i77893,5
i77895,8
i77896,2
i77899,1
i77907,25
i77909,7
i7792,3
i77921,1
i77930,1
i77934,2
i77937,6
i77938,20
i77940,4
i77944,6
i77947,9
i77949,5
i77951,5
i77956,2
i77962,17
i77965,23
i77968,17
i7797,5
i77974,14
i77976,10
i77977,2
i77993,1
i77995,10
i77997,3
i77998,7
i77999,3
i78,11
i7801,23
i78013,12
i78017,7
i78029,12
i7803,1
i78037,2
i78041,12
i78050,7
i7806,59
i78061,3
i78064,13
i78066,11
i78067,1
i7807,1
i78071,27
i78074,1
i78075,7
i78078,60
i78079,9
i78083,29
i78085,1
i78087,1
i78090,47
i78091,16
i78097,15
i78099,2
i781,7
i7811,10
i78111,16
i78116,18
i78120,8
i78124,17
i78126,3
i7813,2
i78134,3
i78136,8
i78138,19
i78140,4
i78143,3
i78149,9
i78151,4
i78153,28
i78156,3
i78161,5
i78164,28
i78166,1
i78171,9
i78172,5
i78173,9
i78178,4
i7818,3
i78180,4
i78188,4
i7819,15
i78195,5
i7820,39
i78200,11
i78201,4
i78205,2
i78207,13
i78209,10
i7821,1
i78213,10
i78215,21
i78216,1
i78217,1
i78219,9
i78220,9
i78227,6
i78228,3
i78230,17
i78239,3
i7824,2
i78240,9
i78243,1
i78253,19
i78258,1
i78276,12
i78281,2
i78282,5
i78291,1
i7830,1
i78308,1
i78313,5
i7832,56
i78320,2
i78324,8
i78335,6
i78337,1
i7834,10
i78348,3
i7835,1
i78351,1
i78355,9
i78359,7
i78360,5
i78361,6
i78366,9
i78367,2
i78374,1
i78378,19
i78380,3
i78383,18
i78390,9
i78392,2
i78395,7
i78396,22
i78397,20
i784,1
i7840,19
i78409,3
i78411,1
i78412,7
i78414,37
i78426,2
i78430,22
i78439,10
i7844,31
i78444,1
i78448,24
i78449,6
i78452,6
i78453,47
i78459,17
i78464,42
i78466,34
i78471,27
i78475,53
i78477,5
i7848,1
i78484,3
i78489,14
i7849,29
i78491,4
i78492,5
i78496,26
i78497,5
i78498,2
i78499,5
i78500,17
i78502,1
i78504,19
i78505,23
i78513,10
i78517,3
i7852,9
i78523,13
i78525,9
i78527,10
i78531,20
i78532,27
i78536,12
i78539,1
i7854,2
i78548,4
i78549,8
i78553,62
i78555,3
i78560,3
i78571,6
i78572,15
i78584,29
i78587,67
i78588,48
i78590,13
i78595,1
i78597,20
i786,12
i78601,3
i78603,1
i78605,4
i78608,10
i78609,30
i78613,1
i78614,18
i78616,65
i78620,26
i78622,21
i78624,48
i78626,13
i78638,1
i7864,14
i78642,35
i78644,8
i78647,19
i78648,2
i78651,5
i78652,1
i78663,30
i78669,3
i78670,18
i78672,1
i78685,8
i78686,16
i78689,17
i78690,1
i78693,5
i78695,49
i7870,11
i78700,8
i78708,18
i78713,7
i78717,15
i78718,13
i78721,28
i78722,15
i78724,5
i78726,1
i78729,4
i78733,10
i78736,1
i78737,9
i78740,1
i78743,18
i78746,21
i78749,4
i78754,21
i78756,9
i78759,8
i7876,3
i78761,20
i78764,17
i78765,5
i7877,31
i78771,4
i78778,3
i78781,8
i78782,24
i78783,47
i78785,43
i78787,6
i78788,10
i78789,3
i78797,26
i78798,5
i7880,5
i78800,1
i78804,22
i78806,10
i78809,45
i78813,15
i78814,18
i78816,1
i78821,3
i7883,3
i78830,1
i78831,20
i78835,2
i78840,37
i78842,24
i78843,5
i78845,1
i78846,4
i78850,2
i78852,14
i78853,23
i78858,5
i78861,1
i78863,5
i78868,31
i78872,14
i78877,36
i78878,3
i78880,1
i78885,17
i78888,7
i78893,7
i78894,35
i78897,7
i78901,3
i78905,8
i78907,6
i78908,4
i78909,1
i78916,27
i78917,5
i78920,5
i78925,2
i78933,6
i78936,11
i78939,3
i78945,10
i78949,7
i78960,7
i78964,2
i78966,4
i78969,6
i7897,25
i78975,36
i78976,25
i78978,3
i78979,12
i7898,8
i78982,23
i78984,30
i78985,2
i7899,11
i78993,14
i78996,32
i78999,10
i790,71
i79003,14
i79006,4
i79007,9
i79008,29
i79011,25
i79012,43
i79014,12
i79016,7
i79021,2
i79028,5
i79029,20
i79031,2
i79032,4
i79037,2
i79041,6
i79044,4
i79048,3
i79049,10
i79052,2
i7906,42
i79060,28
i79065,3
i79067,5
i79077,13
i79080,5
i79083,1
i79084,8
i79092,3
i79094,15
i79100,4
i79101,22
i79104,41
i79109,17
i7911,3
i79116,9
i79119,2
i79123,9
i79125,17
i79126,63
i79134,12
i79139,12
i79142,12
i79146,23
i79148,11
i79149,25
i79157,12
i79159,6
i7916,13
i79163,38
i79165,35
i79167,3
i79173,53
i79178,1
i79182,4
i79183,12
i79187,74
i79188,20
i79189,5
i79196,35
i79199,34
i79211,2
i79217,16
i7922,42
i79221,24
i79227,4
i79229,1
i79233,3
i79234,4
i79242,32
i79245,16
i79247,11
i79251,4
i79256,9
i7926,6
i79260,3
i79262,2
i79266,37
i79267,1
i79274,21
i79282,7
i79283,12
i79284,2
i79285,26
i79290,2
i79292,9
i79295,7
i79297,36
i79302,1
i79304,1
i79306,4
i79309,4
i79322,3
i79323,10
i79324,1
i79326,11
i79334,3
i79337,14
i79340,1
i79342,20
i79346,15
i79347,3
i79359,13
i7936,3
i79360,8
i7937,16
i79374,5
i79376,9
i7938,34
i79383,1
i79386,17
i79389,2
i79391,7
i79392,11
i79396,2
i7940,59
i79401,9
i79404,5
i79410,2
i79418,7
i79420,5
i79421,19
i79422,23
i79427,11
i79429,11
i7943,31
i79433,5
i79435,26
i79439,28
i79440,9
i79441,29
i79442,69
i79445,13
i79447,9
i79448,9
i79452,3
i79454,35
i79459,40
i79468,1
i79475,3
i79477,4
i79478,17
i79479,2
i79480,4
i79482,7
i79483,10
i79492,8
i79494,8
i79496,10
i79497,22
i79501,17
i79503,15
i79505,29
i79506,13
i79509,12
i79510,3
i79517,18
i79519,13
i7952,19
i79533,1
i79534,15
i79538,11
i79539,4
i79542,8
i79543,14
i79547,39
i79549,1
i79551,16
i79552,1
i79561,3
i79578,46
i79579,6
i7958,12
i79581,16
i79585,11
i79586,29
i79587,1
i79589,2
i79590,28
i79594,1
i79595,3
i79596,11
i79603,2
i79604,8
i79607,4
i79609,7
i79610,7
i79618,11
i7962,3
i79620,32
i79622,5
i79623,9
i79630,30
i79635,24
i79636,9
i79638,9
i79647,7
i79649,17
i79652,34
i79661,30
i79663,1
i79666,1
i79668,7
i79673,6
i79682,1
i79685,4
i79689,6
i79690,17
i79691,20
i79692,3
i79695,4
i797,23
i79712,32
i79715,12
i7972,33
i79720,5
i79732,1
i79734,6
i79743,11
i79748,2
i79749,1
i79750,19
i79754,4
i79755,2
i79756,3
i79762,4
i79766,2
i79768,1
i79769,10
i7977,9
i79771,12
i79775,6
i79784,13
i79787,4
i79788,4
i7979,1
i79792,6
i79795,4
i798,30
i79800,6
i79803,15
i79807,1
i79811,1
i79825,4
i79829,12
i79830,10
i79831,5
i79832,6
i79833,16
i79847,3
i79852,6
i79854,3
i79865,1
i79873,23
i79878,10
i79880,7
i79891,1
i79892,1
i79900,1
i7991,2
i79921,21
i79935,7
i79938,12
i79941,13
i79946,7
i7995,35
i79950,7
i79956,10
i79960,8
i79961,8
i79966,3
i79973,2
i79983,7
i79984,12
i79990,4
i79999,2
i800,6
i8000,17
i80000,15
i80003,4
i80009,5
i80014,18
i80015,1
i80016,1
i80017,4
i80021,3
i80024,20
i80030,2
i80034,8
i80035,5
i80053,17
i80054,2
i80056,6
i80069,4
i80074,12
i80082,1
i8009,4
i80091,5
i80092,7
i80097,17
i80098,4
i80099,1
i8010,1
i80103,4
i80108,8
i80112,11
i80113,8
i80125,1
i80127,1
i80128,1
i80133,3
i80134,3
i80142,25
i80149,1
i80151,1
i80155,60
i80157,31
i80158,2
i8016,69
i80164,2
i80165,41
i80166,5
i80168,18
i80172,25
i80177,31
i80180,7
i80181,17
i80184,55
i80186,32
i80187,6
i80194,11
i80195,10
i80196,10
i80198,1
i802,49
i80201,26
i80202,33
i80207,3
i80208,20
i80209,18
i8021,34
i80211,13
i80212,25
i80213,35
i80216,32
i80227,1
i8023,51
i80232,3
i80235,1
i80239,44
i80245,3
i80247,4
i80248,1
i80250,2
i80255,19
i80259,2
i8026,10
i80261,13
i80262,1
i80265,1
i80267,27
i80273,18
i80279,58
i8028,15
i80280,1
i80281,16
i8029,7
i80291,29
i80296,25
i80299,16
i80303,5
i80305,4
i80310,2
i80316,15
i80328,16
i80332,1
i80337,9
i80342,7
i80343,3
i80348,16
i80350,3
i80351,2
i80353,29
i80355,2
i80357,10
i80363,2
i80364,11
i80366,4
i8037,12
i80370,32
i80375,21
i80378,2
i80379,6
i8038,10
i8039,57
i80390,25
i80394,14
i80398,13
i8040,4
i80406,10
i80408,4
i8041,12
i80411,25
i80412,2
i8042,24
i80421,20
i80427,3
i8043,7
i80430,21
i80433,10
i80435,1
i8044,33
i80444,13
i80445,2
i80447,3
i80455,9
i80457,17
i8046,9
i80466,38
i80467,2
i80475,1
i80476,6
i80477,46
i80482,16
i80485,17
i80487,49
i80488,1
i8049,6
i80490,8
i80495,8
i80499,10
i80505,6
i80507,8
i80513,7
i80519,2
i8052,27
i80525,1
i80526,3
i80529,39
i8053,2
i80531,8
i80534,13
i80535,5
i80539,12
i80540,2
i80541,2
i80547,31
i80550,6
i80551,2
i80553,4
i80554,26
i80558,6
i80560,1
i80563,15
i80567,4
i80568,9
i80569,1
i80573,2
i80575,12
i80576,3
i80579,2
i80583,2
i8059,13
i80595,10
i80596,13
i80598,5
i80602,1
i80604,1
i8061,69
i80610,2
i8063,16
i80630,2
i80633,13
i80635,2
i80639,10
i80648,11
i8065,81
i80651,10
i80653,2
i80655,17
i80658,13
i8066,2
i80661,5
i80663,1
i80665,3
i8067,19
i80679,10
i8068,10
i80680,1
i80684,8
i80685,10
i80695,4
i80701,1
i80703,18
i80704,6
i80706,14
i80707,12
i80712,2
i80717,1
i80718,28
i80719,4
i80723,10
i80728,1
i80729,1
i8073,17
i80732,1
i80733,15
i8074,1
i80742,9
i80759,6
i80762,1
i80764,14
i80768,10
i80773,17
i80783,15
i80784,6
i80792,9
i80796,12
i80798,7
i80802,9
i80809,9
i80814,7
i80821,11
i80826,14
i8083,27
i80832,1
i80835,3
i80836,20
i8084,17
i80853,1
i80856,25
i80859,13
i8086,9
i80860,11
i80862,10
i80866,11
i80868,10
i8087,5
i80871,4
i80874,7
i80879,6
i80884,1
i80897,11
i80899,1
i8090,41
i80900,13
i80902,1
i80903,2
i80904,9
i80905,14
i8091,64
i80918,1
i80920,1
i80927,43
i80931,6
i80935,3
i80940,1
i80945,4
i80947,6
i80948,5
i80953,16
i8097,7
i80971,2
i80976,19
i80978,51
i80985,19
i80987,2
i80998,35
i81001,22
i81007,39
i81009,25
i81011,9
i81012,50
i81018,2
i81019,1
i81032,22
i81036,4
i8104,28
i81040,2
i81041,1
i81050,12
i81057,14
i81062,17
i81067,4
i81069,5
i8107,67
i81072,1
i81075,5
i81078,25
i8108,6
i81081,3
i81082,3
i81089,18
i81092,2
i81094,23
i81099,12
i81117,11
i81118,2
i8112,41
i81121,23
i81123,13
i81125,2
i81129,29
i8113,6
i81137,10
i81139,12
i8114,67
i81140,41
i81143,28
i81152,1
i81165,27
i81167,17
i81172,22
i81174,1
i81176,9
i81178,22
i81181,2
i81184,1
i81190,6
i81194,6
i812,5
i81208,1
i8121,28
i81210,23
i8122,2
i81221,15
i81222,45
i81228,16
i8123,27
i81231,2
i81236,1
i81238,2
i81239,7
i81242,18
i81243,8
i81244,2
i81251,1
i81254,10
i81258,20
i81264,4
i81267,20
i81274,32
i81275,4
i81282,18
i81287,2
i81290,14
i81301,18
i81303,1
i81304,12
i81308,3
i81310,1
i81318,4
i81320,6
i81321,2
i81322,2
i81325,14
i81330,10
i81334,1
i81336,1
i81340,4
i81342,2
i81347,1
i81363,10
i81364,3
i81367,9
i81371,3
i81373,2
i81375,5
i81376,2
i8138,18
i81380,2
i81382,3
i81391,10
i81395,1
i8140,4
i81401,3
i81409,13
i8141,4
i81415,1
i81418,3
i81427,17
i81428,6
i81431,23
i81433,2
i81434,10
i81438,10
i81439,10
i81440,26
i81441,2
i81443,10
i81449,9
i81452,6
i81453,2
i81457,14
i81466,6
i81468,4
i81471,1
i81472,1
i81474,9
i81478,1
i81488,8
i81495,4
i81499,14
i815,8
i8150,6
i81510,8
i81511,5
i81513,2
i81519,7
i81521,18
i81524,9
i81528,1
i81529,2
i81533,1
i81537,2
i8154,52
i81543,1
i81546,5
i81548,6
i81550,1
i81558,7
i81560,4
i81561,3
i81566,11
i81568,2
i81570,3
i81571,9
i81578,3
i81582,5
i81583,1
i81585,7
i81588,6
i81589,6
i8159,4
i81595,24
i81604,1
i81619,13
i81626,6
i8163,38
i81631,1
i81632,8
i81634,1
i81638,2
i81639,1
i81640,10
i81643,2
i81647,14
i81649,21
i81650,1
i81651,3
i8166,5
i81664,29
i81670,60
i81675,22
i81676,2
i81677,2
i81679,33
i81683,17
i81685,17
i81686,5
i81687,109
i81692,17
i81693,7
i81695,25
i81696,20
i81698,29
i81703,26
i81704,21
i81707,25
i81712,2
i81716,13
i81720,11
i81722,2
i81726,16
i81728,41
i81729,3
i8173,11
i81732,18
i81733,1
i81738,8
i81743,10
i81745,17
i81748,3
i81751,38
i81764,24
i81766,4
i81770,16
i81776,6
i81779,3
i81783,17
i81786,45
i81787,1
i81801,5
i81802,4
i81804,49
i81809,1
i81811,6
i81812,6
i81814,3
i81816,21
i81817,11
i81818,46
i81823,3
i81825,11
i81826,2
i81828,6
i81841,34
i81849,2
i81850,1
i81853,10
i81856,26
i81863,24
i81868,6
i81870,15
i81872,7
i81873,2
i81874,20
i81875,4
i81885,3
i81890,1
i81896,29
i81897,16
i81900,6
i81901,1
i81902,31
i81916,9
i8192,1
i8193,67
i81930,15
i81935,38
i81936,16
i81939,16
i8194,19
i81942,34
i81950,18
i81953,13
i8196,19
i81961,61
i81970,48
i81973,9
i81976,29
i81991,19
i81992,1
i81993,7
i81997,47
i8200,20
i82001,69
i82003,2
i82007,6
i82010,9
i82012,3
i82014,11
i82016,17
i82017,20
i82024,19
i82035,7
i82036,11
i82038,19
i82039,60
i82040,21
i82041,14
i82042,27
i82048,30
i82050,1
i82056,4
i82059,6
i8206,16
i82065,1
i82068,35
i82073,7
i82074,33
i82076,13
i82077,6
i82082,10
i82083,5
i82084,4
i82087,54
i82094,2
i82095,12
i82097,69
i821,72
i82100,26
i82101,4
i82104,2
i82106,7
i82107,18
i82109,35
i82112,5
i82114,10
i82123,1
i82125,9
i82126,7
i82132,15
i82139,39
i82140,95
i82141,70
i82142,1
i82148,3
i82151,35
i82152,17
i82153,25
i82154,2
i82163,26
i82168,18
i82169,7
i82178,12
i82185,15
i82187,21
i82189,13
i82190,44
i82191,4
i82192,1
i82198,15
i822,3
i8220,35
i82201,86
i82203,23
i82209,32
i8221,2
i82212,21
i82213,1
i82216,8
i8222,43
i82221,57
i82224,6
i82225,69
i82226,5
i82227,34
i82232,5
i82233,7
i82239,34
i82243,2
i82244,21
i82247,1
i82248,2
i82249,30
i8225,3
i82253,2
i82261,30
i82262,3
i82265,2
i82271,11
i82278,36
i82281,82
i82286,10
i82289,29
i82293,29
i82295,21
i82298,47
i8230,12
i82304,4
i82306,1
i82308,5
i82325,26
i82328,20
i82329,1
i82331,26
i82335,7
i82339,9
i82341,29
i82342,17
i82348,48
i82349,1
i82351,1
i82356,1
i8236,20
i82362,69
i82374,13
i82378,6
i82380,11
i82382,22
i82383,2
i82385,5
i82388,11
i82389,25
i82392,22
i82394,16
i82395,48
i82397,4
i82399,7
i824,1
i82400,50
i82405,2
i82407,1
i8241,8
i82412,4
i82420,2
i82422,10
i82425,10
i82426,8
i82429,1
i82445,8
i82446,2
i82449,18
i82453,3
i82456,6
i82465,5
i82481,37
i82483,7
i82491,57
i82499,10
i825,16
i8250,7
i82500,1
i82504,7
i82506,2
i82507,9
i82511,9
i82515,1
i82516,7
i82522,49
i82524,23
i82526,1
i82527,48
i82528,30
i82539,3
i8254,35
i82541,1
i82543,11
i82548,1
i8255,9
i82554,4
i82555,11
i82557,16
i82560,3
i82561,2
i82562,10
i82564,9
i82566,14
i82569,55
i82571,3
i82574,20
i82575,8
i82576,3
i82577,10
i8258,49
i82580,18
i82583,20
i82584,7
i8259,16
i82595,3
i82598,26
i82602,12
i82604,1
i82608,7
i82610,8
i82612,11
i82614,15
i82616,1
i8262,29
i82625,1
i82626,28
i82627,1
i82633,10
i82634,4
i82635,20
i82636,9
i82641,9
i82643,2
i82644,5
i82648,25
i82650,8
i82652,16
i8266,47
i82661,2
i82667,6
i82669,2
i82672,17
i8268,27
i82680,3
i82684,27
i82686,2
i82688,10
i8270,7
i82701,2
i82702,3
i82704,14
i82706,7
i82707,1
i82710,5
i82711,2
i82715,5
i82716,15
i8272,41
i82720,1
i82728,2
i82737,17
i82739,11
i82743,26
i82747,5
i82748,4
i82749,30
i82753,11
i82757,15
i82758,3
i82759,34
i82761,6
i82764,2
i82767,6
i82770,14
i82773,2
i82775,14
i82783,16
i82788,1
i82791,11
i82797,2
i82798,44
i82799,5
i8280,4
i82800,12
i82802,4
i82805,22
i82806,44
i82807,7
i82811,9
i82812,47
i82821,1
i82822,59
i82823,14
i82826,28
i82827,33
i8283,38
i82833,2
i82834,1
i82836,8
i82839,10
i8284,7
i8285,32
i82852,31
i82857,41
i82859,1
i82868,3
i82869,1
i82873,19
i82875,16
i82878,60
i82882,27
i82885,56
i82886,4
i82889,9
i82892,30
i8290,24
i82900,23
i82903,25
i82907,17
i8291,111
i82910,18
i82911,29
i82914,23
i82916,23
i82918,9
i82921,11
i82929,53
i82930,2
i82933,36
i82934,7
i8294,9
i82940,9
i82941,7
i82943,2
i82948,3
i82952,18
i82954,2
i82959,55
i8296,2
i82960,3
i82961,14
i82965,43
i82966,70
i82969,10
i82976,5
i82983,32
i82985,9
i82986,24
i82987,5
i82988,9
i82989,7
i83000,58
i8301,2
i83016,14
i8302,4
i83020,41
i83029,16
i8303,98
i83052,8
i8306,1
i83066,4
i83075,10
i83076,4
i83078,4
i8308,2
i83080,2
i83082,5
i83085,73
i83088,6
i83090,10
i83091,35
i83093,25
i83094,20
i83095,54
i83097,2
i83106,3
i83108,6
i8311,35
i83113,3
i83118,42
i8312,11
i83121,17
i83122,2
i83128,3
i83134,3
i83141,59
i83143,21
i83144,2
i83149,46
i83155,6
i83156,12
i83160,3
i83169,12
i8317,1
i83170,60
i83171,1
i83172,18
i83173,14
i83180,2
i83181,96
i83193,1
i83198,10
i83200,4
i83202,8
i83203,2
i83208,10
i83209,7
i83210,23
i83212,19
i83214,51
i83218,24
i83221,6
i83222,3
i83223,16
i83224,4
i83225,6
i83227,4
i83230,10
i83236,1
i83239,2
i83240,11
i83241,9
i83247,3
i83253,17
i83256,1
i83260,21
i83265,22
i83269,8
i83270,10
i83277,2
i83278,1
i83279,17
i83286,1
i83292,7
i83299,9
i8330,6
i83300,29
i83301,12
i83309,17
i8331,1
i83310,46
i83311,7
i83319,2
i83325,2
i83326,15
i83327,16
i83332,10
i83333,1
i83346,6
i83347,22
i83352,16
i83357,3
i83358,39
i83359,4
i83361,16
i83362,7
i8337,5
i83370,22
i83375,4
i83377,15
i83379,13
i83381,56
i83386,11
i8339,15
i83398,34
i834,26
i83403,4
i83411,65
i83412,18
i83413,27
i83417,1
i8342,5
i83420,3
i83424,11
i83425,5
i83426,11
i83428,11
i83429,1
i83431,10
i83437,5
i83438,3
i83440,42
i83441,7
i83443,21
i83445,24
i83447,1
i83449,6
i83452,2
i83457,3
i83462,9
i83464,2
i83469,97
i8347,17
i83473,7
i83498,33
i83503,14
i8351,14
i83515,22
i83516,21
i83518,6
i83519,3
i8352,1
i83525,11
i83536,5
i83539,34
i8354,71
i83540,2
i83555,7
i83556,2
i83558,13
i83559,29
i83562,4
i83566,13
i83569,2
i83572,54
i83574,3
i8358,2
i83585,6
i83591,1
i83593,12
i83594,1
i83603,3
i83608,7
i83611,11
i83617,1
i83618,1
i83619,11
i83621,45
i83622,9
i83630,10
i83631,9
i83632,1
i83638,5
i83646,1
i83651,15
i83652,2
i83654,11
i83658,4
i83659,19
i83660,2
i8367,6
i83671,3
i83678,1
i83680,7
i83685,19
i83688,68
i83689,1
i8369,7
i83692,23
i83704,16
i83706,22
i83710,5
i83714,27
i83723,6
i83724,1
i83725,5
i83737,3
i83739,11
i8374,1
i83741,44
i83743,14
i83745,2
i8375,2
i83754,7
i83758,4
i8376,101
i83760,13
i83761,45
i83763,8
i83769,30
i8377,17
i83773,20
i83778,23
i83779,2
i83780,24
i83782,9
i83783,5
i83789,9
i83792,21
i83793,60
i83794,22
i83795,6
i83799,1
i83800,29
i83801,6
i83802,55
i83806,8
i83822,32
i83823,56
i83825,32
i83826,66
i83831,1
i83832,22
i83833,23
i83838,3
i83841,2
i83843,46
i83849,11
i83851,8
i83857,39
i83863,25
i83865,8
i83866,2
i83868,1
i8387,27
i83872,19
i83877,16
i83878,8
i8388,24
i83886,5
i83887,33
i83891,6
i83899,2
i83900,8
i83902,14
i83904,3
i83905,1
i83906,20
i8391,26
i83915,18
i83919,2
i83925,40
i8393,23
i83930,13
i8394,17
i83940,1
i83942,29
i83945,2
i83947,7
i83948,30
i8395,4
i83951,1
i83952,13
i83958,39
i83959,5
i83961,3
i83968,20
i83969,7
i83971,35
i83973,5
i83974,4
i83979,4
i83985,73
i83987,4
i83993,20
i83995,4
i83999,15
i84,11
i84002,25
i84003,18
i84004,54
i84005,5
i84008,18
i8401,17
i84011,4
i84015,3
i84022,5
i8403,26
i84031,2
i84033,32
i84034,1
i84039,16
i8404,10
i84043,10
i84050,12
i84053,25
i84056,42
i84064,45
i84065,20
i84069,29
i8407,43
i84071,8
i84076,9
i84086,18
i84087,5
i84093,32
i84095,6
i841,1
i8410,14
i84111,2
i84120,8
i84127,2
i84129,1
i84136,2
i84138,37
i84139,24
i84147,15
i84149,36
i84150,5
i84158,9
i8416,9
i84164,20
i84166,18
i84167,15
i84173,4
i84174,44
i84182,14
i84183,5
i84186,1
i84189,21
i84192,17
i84199,1
i842,15
i84201,21
i84207,3
i8421,3
i84228,10
i84230,7
i8424,8
i84249,22
i84250,18
i84254,7
i8426,4
i84260,23
i84262,3
i84263,2
i84264,2
i84265,7
i8427,23
i84276,13
i84279,25
i84280,13
i84287,1
i84289,17
i8429,20
i84292,11
i84302,9
i84305,15
i84307,16
i84310,1
i84317,5
i84321,5
i84323,5
i84325,16
i84330,45
i84342,7
i84345,12
i84349,76
i84356,28
i84360,8
i84362,8
i84363,5
i84364,37
i84369,12
i84377,11
i84379,44
i8438,45
i84381,22
i84385,9
i8439,2
i84390,12
i8440,1
i84400,7
i84407,5
i84408,1
i8441,25
i84411,47
i84413,3
i84418,35
i84424,1
i84426,13
i84428,1
i8443,12
i84433,2
i84436,1
i84438,2
i84442,7
i84443,32
i84444,1
i84447,7
i84448,1
i84458,17
i84460,12
i84461,4
i84468,5
i84471,28
i84474,13
i84476,1
i84485,33
i8449,71
i84491,5
i84494,16
i84501,2
i84515,3
i84518,21
i8452,2
i84523,21
i84526,4
i84529,19
i84537,5
i84539,4
i84543,12
i84547,1
i84552,23
i84555,23
i84560,6
i84561,6
i84563,4
i84565,60
i84567,14
i84568,11
i84572,1
i84574,9
i84578,31
i84581,4
i84584,9
i84586,7
i84587,1
i84588,19
i8459,4
i84596,2
i84599,24
i84600,15
i84603,3
i84608,23
i84610,6
i84611,10
i84612,13
i84613,2
i84615,1
i84618,7
i84621,13
i84624,4
i84626,1
i84634,12
i84635,5
i84636,45
i84639,31
i8464,3
i84641,1
i84649,7
i84650,3
i84651,2
i84654,3
i84655,7
i84656,9
i8466,12
i84666,12
i84673,5
i8468,20
i84696,1
i84697,3
i84698,17
i84699,2
i84700,1
i84701,13
i84703,34
i84709,3
i8471,3
i84712,1
i84714,1
i8472,3
i84722,11
i84726,6
i84728,3
i84731,3
i84733,1
i8474,9
i84747,1
i8476,53
i84762,13
i84764,1
i84768,1
i84773,11
i84775,8
i84778,6
i84782,6
i84791,20
i84792,11
i84793,9
i84795,5
i84796,37
i84798,15
i84799,9
i84802,1
i84806,9
i84810,1
i84813,9
i84815,39
i84819,10
i84823,14
i84826,5
i84831,11
i84832,7
i84833,26
i84839,20
i84842,8
i84847,8
i84848,4
i84858,28
i84859,23
i84865,23
i84866,1
i84867,8
i84873,1
i84878,16
i84879,17
i84885,4
i84889,3
i8489,24
i84899,1
i84905,15
i84907,1
i8491,3
i84918,19
i84919,5
i8492,13
i84920,24
i84921,15
i84922,14
i84924,21
i84945,20
i84947,9
i84949,1
i84955,12
i84962,31
i84966,1
i84980,51
i84984,31
i84992,39
i84993,1
i84998,1
i850,60
i85003,3
i85009,4
i85015,6
i85016,7
i85017,26
i85019,6
i85021,9
i85023,3
i85024,18
i85025,37
i85027,3
i85031,29
i85033,1
i85035,4
i85036,6
i85039,5
i85046,3
i85050,24
i85053,3
i85062,13
i85070,5
i85076,12
i85081,6
i85083,4
i85087,1
i85089,7
i8509,1
i85091,2
i85092,1
i85093,1
i85094,28
i8510,28
i85100,4
i85109,5
i8511,6
i85110,5
i85111,2
i85114,3
i85116,17
i85118,2
i85119,30
i85121,11
i85122,6
i85123,5
i85128,9
i85141,14
i85143,2
i85151,4
i85152,13
i85153,2
i85160,14
i85161,2
i85165,23
i85167,17
i85168,1
i8517,12
i85171,10
i85184,21
i85188,2
i85190,11
i85191,7
i85196,2
i85197,10
i85199,25
i85211,7
i85212,9
i85214,3
i85221,25
i85222,1
i85230,13
i85237,10
i85257,5
i85258,10
i8526,8
i85261,1
i85263,26
i85265,2
i85266,29
i85267,1
i85269,7
i85271,3
i85272,24
i85274,52
i85276,5
i85279,5
i85282,9
i85286,16
i85287,9
i85292,3
i85295,1
i85298,4
i85305,7
i8531,21
i85321,4
i85325,5
i85328,1
i8534,22
i85354,3
i85361,10
i85363,6
i85364,3
i85370,2
i8538,13
i85384,4
i85385,3
i85386,19
i85393,3
i85394,8
i85397,2
i85398,2
i85403,12
i85406,12
i85407,3
i85409,33
i8541,2
i85410,5
i85412,1
i85413,1
i85418,1
i85420,3
i85423,1
i85427,42
i8543,2
i85431,32
i85433,2
i85434,1
i85443,1
i85444,2
i85447,21
i85457,5
i85460,14
i85464,47
i85470,5
i85491,5
i85493,7
i85494,17
i85495,24
i85499,46
i85501,4
i85502,1
i85504,4
i85508,44
i85509,14
i85511,6
i85512,2
i85515,3
i85516,23
i85519,21
i85521,8
i85522,7
i85527,12
i85530,14
i85532,26
i85533,12
i85534,3
i85536,16
i85537,2
i85541,35
i85545,25
i85547,3
i85551,2
i85552,5
i85553,1
i85556,3
i85557,13
i8556,8
i85560,2
i85561,5
i85562,9
i85566,6
i8557,10
i85571,25
i85573,13
i85578,14
i85583,1
i85584,4
i85587,9
i85588,1
i8559,1
i85590,3
i85591,34
i85593,40
i85597,1
i85598,36
i85601,22
i85603,24
i85615,64
i85623,11
i85626,67
i85627,5
i85630,48
i85637,3
i8565,18
i85652,2
i85658,36
i8566,2
i85662,23
i85663,25
i85664,42
i8567,55
i85670,12
i85674,1
i85675,2
i85676,34
i85680,11
i85687,30
i85689,13
i85692,35
i85695,27
i8570,5
i85700,40
i85701,7
i85703,6
i85707,52
i8571,25
i85712,27
i85713,29
i85716,12
i85718,10
i85719,1
i8572,13
i85724,9
i85730,8
i85734,17
i85741,6
i85742,38
i85745,1
i85746,2
i85750,10
i85751,33
i85754,13
i8576,5
i85760,33
i85761,12
i85766,36
i85767,37
i85768,10
i8577,12
i85782,27
i85783,1
i85784,7
i85786,59
i85790,2
i85792,35
i85795,1
i85798,9
i8580,66
i85805,1
i85807,2
i85810,4
i85812,33
i85813,18
i85814,12
i85815,5
i85816,1
i85822,4
i85826,18
i85833,4
i85834,3
i85837,1
i85842,17
i85845,9
i85852,1
i85855,29
i85859,4
i85860,12
i85862,1
i85865,7
i85868,1
i8587,1
i85870,10
i8588,7
i85881,5
i85882,1
i85883,40
i85884,33
i85885,40
i85886,1
i85895,31
i85898,21
i859,28
i85900,1
i85902,7
i85909,9
i85910,14
i85919,5
i85923,6
i85924,2
i85925,3
i85927,15
i85928,24
i8593,3
i85930,13
i85936,11
i85937,1
i85939,19
i8594,60
i85945,28
i85946,13
i85953,24
i85955,2
i85956,2
i85960,2
i85961,28
i85965,2
i85969,8
i85970,2
i85974,6
i85982,25
i85986,8
i8599,12
i85991,1
i85995,12
i86001,30
i86003,2
i86012,19
i86013,11
i86021,5
i86024,8
i86026,12
i86033,1
i8604,4
i86042,1
i86043,6
i86047,11
i86048,5
i8605,15
i86050,30
i86056,2
i86057,1
i86060,10
i86061,15
i86062,1
i86063,1
i86069,24
i8607,1
i86072,21
i86077,2
i86078,9
i8608,2
i86083,10
i86085,16
i8609,2
i86090,26
i86092,6
i86093,22
i86094,15
i86095,12
i86096,8
i861,33
i86102,17
i86104,8
i8611,43
i86114,54
i86115,42
i86122,12
i86124,29
i86127,8
i8613,14
i86131,1
i86133,4
i86135,14
i86138,1
i86139,15
i8614,11
i86141,7
i86148,37
i8615,15
i86150,26
i86152,3
i86153,8
i86158,2
i8616,29
i86161,24
i86162,16
i86165,19
i86169,5
i86171,6
i86179,5
i86185,16
i86187,12
i86194,5
i86197,11
i86199,7
i86202,13
i86203,8
i86205,10
i8621,7
i86214,9
i86215,3
i86225,8
i86227,2
i86233,6
i86237,5
i86238,20
i86240,3
i86241,19
i86249,1
i86254,23
i86266,7
i8627,6
i86270,1
i86271,4
i86272,4
i86276,6
i86277,18
i86281,1
i86282,10
i86286,30
i8629,7
i86291,1
i86295,3
i86296,1
i86299,8
i8630,12
i86301,40
i86302,41
i86303,23
i86306,24
i86308,9
i8631,12
i8632,1
i86321,28
i86322,6
i86327,5
i86347,7
i86351,21
i86358,8
i86368,6
i86373,9
i86374,3
i86376,24
i86378,4
i86383,1
i86386,9
i86399,55
i86405,3
i86408,15
i86412,3
i86417,3
i86418,3
i86419,13
i86422,4
i86427,16
i86431,1
i86437,18
i86440,5
i86441,3
i86443,1
i86457,11
i8646,17
i86465,3
i8647,1
i86473,1
i86476,6
i86479,27
i86480,2
i8649,13
i86506,6
i86511,14
i86512,5
i86513,2
i86517,7
i8652,5
i86520,6
i86522,1
i86524,8
i86536,1
i86537,19
i86540,5
i86543,28
i86546,19
i86549,17
i86558,60
i86559,27
i86560,10
i86568,18
i8657,2
i86574,51
i8658,68
i86583,22
i86587,6
i86589,37
i86599,12
i86603,4
i86604,13
i86607,12
i86609,22
i8661,29
i86620,33
i86622,7
i86624,10
i86632,29
i86636,4
i86641,9
i86646,4
i86647,47
i86650,45
i86652,2
i86653,8
i86656,14
i86660,13
i86666,21
i86667,1
i86671,7
i86674,1
i86677,3
i86678,2
i8668,1
i86692,2
i867,9
i86700,20
i86702,6
i86703,10
i86705,11
i86706,2
i86719,3
i8672,1
i86721,9
i86727,16
i86735,8
i86739,7
i8674,11
i86740,8
i8675,18
i86760,9
i86761,1
i86764,10
i86774,1
i86778,5
i86783,7
i8679,7
i86792,11
i86793,64
i868,9
i86803,12
i86804,3
i86805,5
i8681,6
i86810,8
i86811,7
i86813,8
i86820,2
i86821,4
i86822,21
i86826,26
i86833,2
i86834,3
i86836,7
i86840,9
i86842,15
i86843,2
i86844,6
i86849,15
i86852,11
i86867,2
i86870,26
i86872,1
i86881,13
i86885,7
i86887,2
i86888,5
i86889,5
i86898,18
i86899,7
i8690,36
i86910,1
i86918,5
i8692,3
i86921,1
i86923,5
i86931,11
i86935,33
i86942,8
i86947,1
i8695,4
i86951,14
i86961,9
i86962,20
i86965,4
i86966,7
i86967,11
i86969,3
i86971,8
i86976,2
i86980,23
i86981,2
i86985,4
i86997,3
i86998,1
i870,23
i87006,25
i87015,14
i87018,10
i87021,2
i87022,2
i87023,9
i87025,16
i87027,7
i87037,12
i87040,2
i87041,16
i87045,2
i87046,10
i87049,13
i87052,2
i87055,21
i87065,3
i8707,6
i87070,3
i87075,8
i87083,1
i87089,2
i87097,1
i87101,2
i87102,1
i87104,3
i87106,10
i8711,2
i87110,3
i87111,5
i87113,6
i87120,21
i87121,21
i87129,5
i87130,2
i87138,2
i8714,26
i87142,2
i87148,3
i8715,8
i87150,2
i87151,5
i87156,13
i87159,1
i8716,15
i87165,11
i87177,7
i87180,3
i87185,11
i87190,2
i87195,3
i87197,1
i8720,24
i87203,8
i87207,13
i87210,8
i87212,1
i87213,3
i87214,20
i87216,12
i87228,3
i87231,3
i87235,16
i87237,7
i87240,6
i87245,9
i87248,23
i8725,82
i87256,45
i87257,36
i8726,2
i87269,37
i87271,1
i87273,4
i87274,6
i87276,16
i8728,11
i87282,1
i87285,4
i87286,24
i87289,22
i87295,11
i87298,40
i8730,31
i87302,11
i87304,20
i87307,24
i87308,22
i87312,1
i87319,5
i87328,3
i87334,34
i87350,17
i87354,77
i87356,6
i87363,2
i8737,58
i87373,2
i87374,48
i87375,5
i87377,5
i87379,6
i87382,36
i87386,30
i87387,1
i87388,1
i87390,10
i87395,2
i87398,2
i8740,9
i87401,2
i87406,1
i87408,33
i87418,16
i87419,13
i87424,57
i87426,36
i8743,22
i87434,3
i87436,1
i8744,3
i87444,9
i87445,1
i87447,8
i87448,4
i87449,10
i87450,16
i87452,46
i87457,1
i87458,6
i8746,34
i87474,17
i87479,5
i8748,105
i87480,31
i87481,1
i87483,19
i87487,4
i87490,6
i87495,6
i87499,22
i87507,9
i8751,61
i87513,7
i87515,61
i87519,24
i87522,24
i87523,23
i87525,30
i87527,4
i87531,2
i87533,6
i87536,4
i87538,16
i87544,5
i87545,16
i87546,36
i87551,7
i87552,39
i87553,3
i87560,3
i87561,1
i87571,19
i87572,5
i87573,23
i87574,8
i87576,2
i87579,3
i87582,2
i87584,14
i87585,1
i87586,2
i87589,6
i8759,45
i87591,51
i87593,3
i87596,9
i87598,7
i87600,5
i87601,6
i87605,1
i87606,6
i8761,58
i87614,8
i87616,18
i8762,5
i87621,21
i87624,2
i87629,1
i87638,3
i87643,2
i87647,13
i87649,23
i8765,5
i87657,40
i87658,6
i8766,51
i87663,9
i87674,5
i87676,14
i87680,49
i87681,7
i87683,4
i8769,1
i87698,10
i87703,3
i87704,3
i87709,31
i87711,3
i87713,1
i87722,1
i87724,12
i87725,3
i87729,3
i87730,13
i87735,2
i87736,20
i87738,4
i87743,1
i87754,10
i87756,39
i87758,5
i87763,66
i87768,15
i87771,6
i87772,19
i87781,15
i87782,14
i87784,2
i87785,3
i87787,20
i87788,1
i8779,1
i87790,2
i87791,18
i87794,4
i87795,11
i87796,2
i87798,4
i87800,3
i87806,10
i87808,12
i8781,5
i87819,31
i8782,12
i87824,2
i87825,19
i87826,5
i87829,1
i87838,9
i87840,19
i87845,2
i87847,5
i8785,5
i87852,6
i87856,17
i87865,26
i87874,2
i87875,2
i87877,28
i87878,1
i87879,11
i87881,1
i87888,2
i87898,21
i879,2
i87900,7
i8791,3
i87910,1
i87915,22
i87926,9
i87927,16
i87929,19
i87930,1
i87931,4
i87932,11
i87936,3
i87937,7
i87939,18
i87947,12
i87949,18
i87952,7
i87957,2
i87959,8
i87960,27
i87963,1
i87967,10
i87968,2
i87970,1
i87978,9
i87981,5
i87986,12
i8799,57
i87990,1
i87994,5
i87996,4
i8800,6
i88014,15
i88019,17
i88035,11
i88037,3
i88038,5
i88041,4
i88044,5
i88048,7
i88051,8
i88055,5
i88056,6
i8806,1
i88063,5
i88068,27
i88071,69
i88072,7
i88078,14
i88079,5
i8808,11
i88081,10
i88082,17
i88084,35
i88086,23
i88087,12
i8809,26
i88099,16
i8810,4
i88102,1
i88107,44
i88113,13
i88119,3
i88122,17
i88124,15
i88125,6
i88126,2
i88129,22
i88135,28
i88136,16
i88141,24
i88142,6
i88146,14
i8815,23
i88150,5
i88158,6
i88161,1
i88165,3
i8817,12
i88170,45
i88182,4
i88189,3
i88194,13
i88195,2
i88196,2
i88199,5
i8820,7
i88200,15
i88207,1
i88220,18
i88222,3
i88227,5
i8823,18
i88232,1
i88240,7
i88249,23
i8825,8
i88254,2
i88255,34
i88256,11
i88257,20
i88259,7
i88262,1
i88272,33
i88273,13
i88274,6
i88275,6
i88279,9
i8828,6
i88286,2
i88288,12
i88296,1
i88298,3
i88301,25
i88302,13
i88314,8
i88317,28
i88321,7
i88322,4
i88325,1
i88327,1
i88328,3
i8833,7
i88335,4
i8834,5
i88341,1
i88346,2
i88347,19
i88348,1
i8836,7
i88362,5
i88366,7
i88389,21
i88399,16
i884,31
i88404,10
i88406,11
i88408,39
i88409,18
i8841,12
i8842,46
i88423,6
i88428,28
i8843,5
i88438,5
i88442,3
i88444,25
i88445,2
i88447,9
i88456,7
i88459,1
i88460,1
i88461,11
i88463,22
i88467,7
i88470,15
i88480,7
i88482,10
i88491,7
i88494,10
i88499,7
i885,32
i88503,1
i8851,22
i88512,20
i88513,7
i88514,1
i88519,4
i8852,7
i88523,7
i88524,10
i88525,4
i88527,3
i88531,3
i88539,5
i8855,2
i88552,2
i88557,1
i88566,3
i88567,4
i88572,12
i88577,6
i88579,1
i88583,4
i88586,21
i88591,1
i88592,4
i88594,1
i88599,15
i88601,1
i88604,21
i88610,7
i88611,8
i88616,1
i88619,20
i8862,20
i88620,7
i88624,2
i8863,8
i88630,1
i88635,3
i88641,3
i88650,4
i88663,2
i88671,17
i88675,5
i88676,1
i88679,4
i88681,4
i88683,20
i88688,1
i88691,16
i88697,1
i88698,5
i8870,8
i88702,1
i88703,1
i88707,1
i88711,3
i88719,18
i88720,53
i88722,15
i88723,10
i88726,48
i88728,10
i88734,4
i88740,4
i88742,52
i88744,47
i88749,7
i88757,70
i88761,4
i88768,3
i88771,4
i88775,11
i88777,1
i8878,38
i88785,3
i88786,22
i88787,19
i88788,3
i88790,49
i88792,17
i888,29
i88800,2
i88804,4
i88806,5
i88807,4
i88814,31
i88817,12
i88820,27
i88822,11
i88823,11
i88826,3
i88831,4
i88832,8
i88833,23
i88836,2
i88837,30
i88842,24
i88846,8
i88847,15
i8885,13
i88851,48
i88853,1
i88862,10
i88863,1
i8887,3
i88871,19
i88872,2
i88876,1
i88883,16
i8889,1
i88890,1
i88891,14
i88898,31
i88902,20
i88905,14
i88907,24
i88912,6
i88913,10
i88922,2
i88924,1
i88939,1
i88944,42
i88945,24
i88946,64
i88952,10
i88955,25
i8896,3
i88962,16
i88969,52
i88976,17
i88977,40
i88978,55
i88981,5
i88983,8
i88984,20
i88985,12
i8899,16
i88996,11
i88997,28
i890,39
i89005,3
i89010,3
i89012,10
i8902,2
i89021,15
i89024,2
i89025,30
i89029,31
i89030,9
i89032,7
i89033,32
i89035,9
i89040,33
i89044,12
i89055,19
i89056,4
i89058,5
i89065,8
i89071,10
i89072,8
i89076,17
i89078,3
i89079,26
i8908,32
i89082,5
i89083,15
i89085,7
i89090,36
i89091,1
i89093,13
i89099,32
i89100,13
i89103,52
i89113,1
i89115,1
i89121,93
i89127,1
i89132,42
i89133,9
i89140,6
i89142,1
i89143,11
i89145,3
i8915,24
i89150,21
i89152,1
i89154,2
i89158,15
i8916,1
i89162,10
i89164,28
i89168,14
i8917,61
i89179,14
i89185,1
i89187,1
i89190,24
i89192,16
i89193,7
i89195,23
i89196,6
i89198,10
i89199,7
i892,75
i89203,17
i89205,5
i89212,5
i89213,9
i89214,1
i89216,108
i89222,1
i89229,1
i89236,21
i89237,4
i89239,1
i89241,8
i89244,9
i89246,2
i89255,18
i89256,52
i89258,9
i89260,6
i89261,10
i89262,7
i89264,8
i89266,9
i89268,11
i89269,2
i89272,4
i89279,15
i89280,4
i89288,39
i89289,5
i89298,6
i89300,10
i89302,3
i89305,28
i89306,7
i8931,32
i89310,9
i89314,2
i89319,1
i8932,20
i89320,1
i89326,1
i89331,1
i89334,8
i89336,5
i89337,13
i89344,1
i89347,5
i89348,11
i89351,10
i89358,4
i8936,29
i89363,1
i89368,2
i8937,16
i89370,25
i89371,4
i89375,28
i89381,2
i89382,17
i89384,5
i89387,8
i89396,1
i89403,6
i89407,24
i89408,24
i89411,3
i89413,4
i89415,1
i89417,21
i89423,4
i89425,53
i89427,21
i89435,5
i89443,5
i89448,5
i89452,5
i89459,3
i89469,20
i89471,17
i89473,21
i89477,3
i89478,33
i89479,16
i89482,6
i89493,29
i89494,32
i89496,5
i89507,4
i8951,12
i89514,36
i8952,23
i89520,6
i89537,41
i89542,9
i89545,5
i89549,54
i8955,16
i89550,4
i89552,3
i89555,45
i89557,2
i89558,5
i89568,25
i89574,2
i89576,29
i8958,52
i89582,16
i89588,9
i89590,6
i89593,12
i89597,1
i89602,11
i89606,26
i8961,12
i89611,9
i89620,1
i89624,6
i89625,8
i89630,3
i89638,2
i89644,1
i89648,23
i89653,55
i89654,16
i89658,6
i89668,2
i89669,1
i89671,6
i89673,8
i89674,14
i89679,38
i89690,1
i897,62
i8970,36
i89704,21
i89705,1
i89707,3
i89712,23
i89718,13
i89721,8
i89723,15
i89724,31
i89727,8
i89728,11
i89731,2
i89736,5
i89740,2
i89744,12
i89751,6
i89753,18
i89755,6
i89756,17
i89758,13
i89761,25
i89765,7
i89767,2
i89768,15
i89773,1
i89776,3
i89779,29
i8978,15
i89782,2
i89784,1
i89785,10
i89789,8
i8980,41
i89801,37
i89805,22
i89807,24
i89815,3
i8982,18
i89821,15
i89823,23
i89825,4
i89828,13
i89837,13
i89841,8
i89848,39
i89856,39
i89857,1
i89858,19
i8986,31
i89860,11
i89861,8
i89867,8
i89872,8
i89873,5
i89876,5
i89881,9
i89888,12
i8989,30
i89890,7
i89894,14
i89902,53
i89906,15
i89911,16
i89914,31
i89919,47
i89920,3
i89923,1
i89926,12
i89930,29
i89931,9
i89935,23
i89939,1
i8994,56
i89944,8
i89948,6
i89950,7
i89955,8
i89958,2
i89959,2
i89960,15
i89966,1
i89967,65
i8997,18
i89977,7
i89981,28
i89986,5
i89988,3
i89990,31
i89992,5
i89993,10
i89995,1
i89998,18
i900,37
i90002,12
i90003,7
i90008,6
i90010,1
i90014,2
i90016,4
i90018,1
i90020,20
i90024,10
i90025,11
i90026,24
i90031,5
i90032,15
i90036,6
i90040,2
i90044,78
i90046,14
i90048,8
i90050,34
i90051,12
i90057,2
i90059,34
i9006,1
i90064,9
i90067,3
i90075,14
i90079,6
i90085,6
i90086,4
i9009,21
i90090,2
i90093,6
i90097,11
i90100,3
i90102,1
i90104,3
i90105,5
i90108,12
i90111,4
i90116,4
i9012,6
i90121,2
i90122,24
i90128,21
i90129,20
i90131,21
i90132,19
i90139,9
i90140,1
i90147,5
i90149,10
i9015,25
i90154,14
i90156,15
i90162,17
i90168,6
i90170,4
i90174,17
i90176,38
i90182,20
i90184,26
i90186,12
i90188,14
i9019,3
i90191,23
i90196,16
i90198,5
i9020,4
i90202,2
i90205,17
i90214,24
i90215,8
i90221,7
i90226,2
i90231,64
i90232,15
i90237,9
i90244,2
i90247,5
i90249,12
i90255,5
i90258,5
i90260,22
i90261,1
i90262,6
i90266,26
i9027,97
i90273,1
i90278,1
i90279,1
i90280,1
i90281,4
i90283,13
i90287,22
i90298,1
i90306,8
i90307,48
i90309,2
i9031,9
i90313,5
i90314,16
i90315,5
i90318,2
i9032,1
i90331,13
i90337,7
i9034,14
i90345,2
i90346,3
i90348,1
i90349,2
i9035,17
i90351,1
i90354,28
i90356,6
i9036,3
i90360,11
i90363,33
i90368,11
i90372,27
i90373,12
i90375,4
i90382,19
i90383,1
i90385,19
i90388,11
i90389,18
i90393,1
i90395,1
i904,69
i90405,16
i90407,13
i90414,2
i90416,1
i90419,36
i90420,11
i90421,6
i90423,13
i90424,47
i90429,3
i90431,8
i90432,4
i90434,6
i90436,1
i9044,10
i90444,1
i90447,25
i9045,65
i90451,22
i90453,1
i90455,1
i90458,27
i90467,27
i90468,2
i90470,1
i90474,12
i90477,16
i90479,2
i90484,8
i90492,1
i90493,4
i9050,2
i90504,2
i90513,1
i90516,3
i90521,1
i90523,8
i90524,6
i90526,7
i90532,10
i90537,2
i90540,5
i90543,23
i90545,2
i90548,1
i90549,1
i90551,19
i90552,2
i90553,1
i90557,2
i90559,4
i9056,19
i90561,2
i90562,21
i90563,4
i90565,5
i90567,9
i90570,7
i90578,36
i90582,12
i90584,3
i90585,6
i90586,1
i90587,35
i9059,33
i90596,1
i90598,2
i90600,23
i90604,1
i90607,2
i90609,9
i90611,10
i90614,3
i90617,7
i90622,10
i90624,1
i90625,25
i90628,4
i9063,10
i90633,8
i90638,3
i9064,3
i90640,2
i90644,3
i90647,10
i9065,21
i90651,4
i90656,29
i90659,15
i90661,8
i90663,13
i90666,7
i90669,11
i90671,10
i90682,24
i90687,5
i90689,62
i90692,26
i90697,1
i907,3
i90701,10
i90711,4
i90712,29
i90713,28
i90717,3
i90718,9
i90719,20
i90721,9
i90726,19
i90731,1
i90732,17
i90733,4
i90734,1
i90735,7
i90736,18
i90737,1
i9075,11
i90751,2
i90754,6
i90755,2
i90756,26
i90758,11
i9076,6
i90760,3
i90763,21
i90767,1
i90768,17
i9077,74
i90774,18
i90775,81
i90779,13
i90781,69
i90790,4
i90793,8
i90794,4
i90795,8
i90799,9
i90800,24
i90807,2
i9081,5
i90812,24
i90817,5
i9082,5
i90827,8
i9083,45
i90836,38
i90840,11
i90842,21
i90846,5
i90852,4
i90861,12
i90866,26
i90867,1
i90868,9
i90872,5
i90873,2
i90875,3
i90883,14
i9089,4
i90892,1
i90901,8
i90902,3
i90909,5
i90912,2
i90913,10
i90915,4
i90921,4
i90926,31
i90928,1
i90930,23
i90935,37
i90939,2
i90954,3
i90955,5
i90956,4
i90961,24
i90964,3
i90965,5
i90966,17
i90967,3
i90970,20
i90974,1
i90980,1
i90986,2
i90987,4
i90989,19
i90997,6
i90999,15
i910,9
i9100,1
i91008,6
i91012,16
i91014,22
i91015,41
i91021,3
i91026,14
i91027,9
i91030,22
i91031,32
i91034,4
i91038,2
i91051,5
i91061,33
i91065,6
i91081,4
i91086,8
i9109,9
i91091,5
i91100,12
i91107,29
i91113,27
i91118,4
i91119,7
i91120,7
i91125,1
i91132,3
i91139,3
i91141,16
i91142,3
i9115,86
i91153,1
i91154,4
i91163,4
i9117,35
i91174,1
i91175,3
i91183,1
i91185,23
i91186,34
i91190,11
i91193,31
i91195,6
i91199,1
i91202,19
i91204,7
i91211,13
i91213,27
i91214,1
i91216,27
i91217,11
i91218,7
i9122,9
i91220,9
i91223,13
i91225,10
i91229,31
i9123,1
i91230,20
i91238,11
i91239,10
i91241,13
i91244,9
i91247,19
i91251,25
i91252,2
i91254,6
i91255,8
i91256,2
i91260,25
i91265,23
i91269,21
i91274,16
i9128,65
i91281,2
i91282,4
i91285,1
i91287,8
i91289,3
i9129,20
i91296,8
i913,2
i91305,1
i91307,4
i9131,14
i91310,3
i91316,28
i91319,10
i91321,2
i91325,4
i91327,1
i91330,6
i91336,5
i9134,39
i91340,14
i91343,12
i91346,8
i91348,32
i91350,8
i91352,14
i91357,16
i91358,6
i91359,9
i91361,9
i91362,13
i91369,2
i91373,4
i91378,2
i91380,9
i91382,11
i91384,3
i91385,26
i91387,12
i91388,7
i91391,5
i91394,7
i91396,1
i91397,22
i91401,5
i91407,5
i91409,2
i91410,13
i91414,3
i91418,1
i9142,13
i91421,1
i91425,11
i91428,32
i91435,13
i91442,16
i9145,36
i91451,37
i91459,6
i91464,1
i91466,1
i91472,5
i91474,16
i91477,10
i91480,20
i91482,3
i91491,21
i91494,2
i91499,26
i9150,2
i91501,29
i91506,3
i91508,5
i91509,12
i9151,2
i91510,13
i91519,39
i91521,36
i91524,13
i9153,71
i91537,16
i91539,1
i91541,8
i91545,2
i91551,13
i91556,1
i91558,19
i91564,16
i91569,16
i9157,23
i91570,5
i91573,1
i91581,1
i91583,38
i91585,14
i91587,5
i91590,4
i91597,26
i91598,34
i916,7
i91606,5
i91611,2
i91612,15
i91614,4
i91621,7
i91626,43
i91627,4
i91628,8
i91629,1
i91635,1
i91638,4
i91639,30
i91644,14
i91646,1
i91659,83
i91664,1
i91667,2
i91679,4
i91685,8
i91691,23
i91695,8
i91696,3
i91697,24
i917,32
i9170,16
i91709,14
i9171,36
i91716,21
i91717,10
i91720,4
i91727,11
i9173,4
i91730,12
i91734,7
i9174,2
i91745,3
i91748,9
i91749,1
i91750,9
i91754,11
i91759,12
i91767,6
i91769,1
i91773,5
i91779,5
i9178,1
i91780,1
i91781,3
i91782,1
i91790,10
i91792,13
i91793,3
i91797,1
i91798,2
i918,6
i91803,2
i91805,7
i91806,7
i91809,2
i91831,6
i91836,3
i91837,5
i91838,2
i9184,66
i91841,1
i91846,4
i91847,13
i91848,1
i91853,4
i91858,2
i91859,8
i9186,15
i91861,3
i91863,2
i91868,15
i91881,18
i91885,9
i91890,9
i91892,1
i91894,1
i9190,9
i91900,6
i91912,1
i9192,1
i91922,2
i91927,1
i91929,3
i91939,9
i91942,6
i91943,37
i91950,14
i91954,10
i91966,4
i91968,2
i91971,2
i91978,3
i91982,18
i91984,3
i91987,5
i92000,15
i92001,1
i92004,2
i92016,11
i92020,7
i92022,6
i92023,2
i92025,3
i92027,2
i92028,2
i92031,6
i92035,8
i92038,1
i92042,2
i92044,3
i92048,8
i92050,1
i92055,10
i92057,5
i9206,1
i92061,4
i92064,6
i92065,5
i9207,60
i92071,2
i92080,7
i92082,9
i92090,10
i92093,16
i92094,3
i92096,8
i92098,8
i92102,10
i92108,1
i92109,9
i92116,13
i92117,9
i92119,20
i9212,1
i92121,11
i92122,12
i92126,1
i92131,13
i92132,1
i92135,7
i92139,1
i9214,7
i92145,1
i92157,1
i92159,4
i92160,8
i92162,6
i92165,10
i92169,4
i92171,13
i92173,28
i92174,27
i92178,35
i9218,9
i92181,27
i92183,34
i92185,48
i92186,6
i92195,12
i92196,5
i92197,32
i9220,16
i92203,12
i92204,1
i9221,22
i92210,10
i92217,8
i92218,6
i92219,27
i92235,10
i92238,1
i92246,1
i92249,7
i92250,24
i92252,10
i9226,11
i92261,15
i92264,7
i92265,7
i92266,19
i92267,4
i92268,85
i9227,28
i92271,30
i92272,31
i92274,8
i92278,6
i92290,2
i92295,3
i92299,4
i923,2
i92306,1
i92308,6
i92311,75
i92315,2
i92320,31
i92326,17
i92328,5
i92330,26
i92332,8
i92333,6
i92351,8
i92352,17
i92353,16
i92355,3
i92358,49
i92360,4
i92362,25
i92366,33
i92372,2
i92375,51
i9238,63
i92382,10
i92395,17
i92397,34
i92400,20
i92404,2
i92407,1
i92410,7
i92414,1
i92419,8
i92421,11
i92422,5
i92423,6
i92424,11
i92428,11
i9244,12
i92448,25
i92449,39
i92450,2
i92451,12
i92453,4
i92455,2
i92456,8
i92457,4
i92458,7
i92459,2
i92466,2
i92473,13
i92478,2
i9248,38
i92481,23
i92486,10
i92489,7
i92490,5
i92498,8
i925,27
i92503,9
i92504,42
i92506,7
i92509,23
i92510,30
i92511,15
i92516,9
i92518,1
i9252,1
i92524,29
i92525,8
i92526,3
i92531,13
i92532,18
i92534,1
i9254,40
i92542,32
i92547,4
i92548,3
i92549,4
i9255,7
i92553,33
i92554,15
i92555,4
i92559,17
i92565,1
i92569,12
i92570,28
i92573,29
i92575,2
i9258,2
i92583,8
i92585,2
i92586,4
i9259,16
i92593,4
i92594,5
i92600,2
i92602,13
i92605,4
i92607,3
i92608,22
i92611,2
i92614,4
i92622,29
i92623,1
i92628,21
i9263,2
i92631,47
i92633,3
i92634,6
i92636,5
i92640,6
i92641,9
i92643,1
i92653,15
i92654,11
i92656,3
i92657,3
i92662,7
i92663,17
i92668,15
i9267,35
i92680,7
i92687,4
i92688,28
i92691,10
i92694,4
i92700,3
i92702,26
i92703,1
i92708,3
i9271,22
i92710,1
i92712,7
i92719,32
i92722,3
i92728,23
i92729,26
i9273,14
i92731,7
i92733,18
i92742,16
i92744,16
i92745,3
i92746,14
i92748,8
i92752,78
i92754,57
i92759,18
i92763,1
i92764,12
i92766,2
i9277,5
i92770,41
i92773,1
i92774,13
i92775,60
i92777,33
i92781,10
i92786,21
i92789,47
i92790,17
i92791,5
i92793,15
i928,18
i9280,1
i92814,4
i92815,2
i92833,5
i92834,9
i92838,15
i92840,2
i92853,4
i92854,2
i92855,17
i92858,23
i92859,30
i92867,4
i92868,4
i9287,118
i92878,18
i92879,15
i9288,6
i92883,35
i92884,1
i92885,13
i92888,4
i92890,22
i92893,8
i92895,26
i92899,13
i9291,38
i92910,47
i92914,12
i92915,8
i92917,66
i92918,17
i92919,3
i92923,13
i9293,21
i92936,3
i92937,19
i92938,3
i92948,19
i92956,2
i92959,87
i9296,22
i92965,58
i92970,9
i92978,4
i92980,31
i92981,1
i92982,5
i92986,16
i92990,17
i92992,26
i92997,10
i93,80
i930,1
i93000,20
i93004,31
i93007,15
i9301,2
i93010,41
i93012,5
i93014,16
i93017,14
i93020,16
i93022,2
i93025,11
i93027,4
i93031,3
i93035,22
i93036,30
i93037,5
i93040,3
i93041,13
i93042,35
i93051,11
i93052,13
i93058,37
i93059,9
i93063,12
i93065,2
i93069,21
i93070,3
i93072,3
i93073,38
i93076,1
i93078,7
i93083,6
i93087,1
i93090,13
i93091,11
i93098,1
i9310,9
i93107,16
i93112,5
i93113,28
i93114,31
i93116,15
i93124,7
i93128,13
i9313,1
i93133,25
i9314,60
i93143,14
i93148,5
i93149,7
i93150,8
i93152,5
i93157,26
i93160,1
i93166,1
i93168,18
i93170,5
i93171,6
i9318,18
i93181,1
i93189,5
i9319,24
i93192,20
i93193,10
i93194,2
i93197,10
i93204,2
i93212,35
i93219,11
i9322,3
i93224,1
i9323,16
i93231,10
i93235,10
i93240,2
i93254,100
i93259,1
i93263,4
i93267,2
i93273,19
i93280,17
i93283,3
i93294,19
i93296,13
i93301,8
i93303,1
i93308,7
i93311,3
i93314,35
i93316,1
i93323,21
i93327,3
i93331,2
i93333,37
i93337,32
i93338,18
i93342,2
i93345,1
i93347,22
i93350,3
i93354,23
i9336,24
i93361,9
i93363,5
i93365,21
i93373,32
i93376,5
i93381,17
i93385,20
i9340,86
i93401,15
i93402,3
i93405,4
i93407,28
i93410,16
i93418,24
i93431,1
i93432,5
i93435,7
i93436,19
i93437,1
i93439,7
i9344,4
i93442,12
i93455,7
i9346,27
i93464,2
i93465,15
i9347,10
i93471,51
i93474,45
i93475,3
i93476,2
i93478,10
i9348,5
i93481,20
i93491,13
i93492,2
i93493,7
i93495,7
i93498,12
i93501,3
i93502,6
i93504,5
i93505,1
i93507,11
i93511,11
i93516,22
i93518,19
i9352,1
i93521,8
i93529,11
i93539,21
i93540,6
i93544,1
i93547,3
i93549,12
i93550,1
i93553,11
i93554,5
i93557,6
i93563,10
i9357,1
i93572,5
i93579,7
i9358,42
i9359,15
i93592,7
i93593,21
i93594,1
i93597,15
i93598,13
i9360,44
i93601,4
i93602,4
i93605,4
i93617,12
i93623,10
i9363,3
i93630,3
i93640,1
i93642,17
i93643,4
i93652,16
i93653,15
i93654,5
i93655,1
i93665,11
i93668,28
i9367,18
i93670,35
i93672,6
i93673,1
i93674,13
i93676,26
i93685,31
i93689,6
i93696,16
i93697,8
i93703,11
i93707,1
i93713,4
i93714,1
i93717,5
i93719,25
i93723,10
i93726,6
i93727,10
i9373,31
i93731,7
i93735,24
i93736,6
i93737,13
i9374,9
i93745,1
i93749,6
i93756,3
i93762,1
i93764,3
i93765,15
i93777,4
i93778,1
i9378,1
i93782,36
i93788,11
i93796,13
i93797,9
i93798,1
i93803,12
i93804,11
i93821,12
i93822,8
i93833,4
i93834,1
i93835,30
i93837,4
i9384,37
i93844,10
i93851,4
i93853,2
i93863,13
i93864,1
i9387,1
i93875,11
i93885,2
i93890,20
i93902,7
i93906,4
i93909,23
i93910,1
i93911,23
i93914,5
i93922,3
i93925,6
i93929,8
i9393,31
i93935,14
i93936,5
i93939,6
i93942,2
i93943,3
i93947,9
i93949,9
i93952,12
i93954,14
i93955,8
i93956,14
i93961,17
i93964,13
i93966,21
i93968,22
i93969,5
i9397,29
i93973,16
i93975,1
i93976,7
i93978,1
i93979,6
i9398,26
i93987,23
i93989,10
i93993,12
i93996,7
i94,6
i94000,40
i94002,6
i94007,1
i94009,10
i9401,1
i94012,17
i94013,18
i94018,8
i9402,1
i94020,17
i94026,46
i94029,1
i94031,17
i94034,45
i94039,13
i94042,24
i94043,33
i94046,1
i94055,38
i94057,9
i94058,9
i9406,5
i94070,41
i94071,8
i94075,54
i94076,2
i94077,7
i94081,14
i94085,15
i94090,16
i94091,8
i94096,5
i9410,29
i94104,6
i9411,68
i94110,8
i94117,5
i94121,2
i94127,2
i94133,21
i94138,16
i94140,16
i94144,54
i94145,6
i94146,13
i94149,62
i94150,35
i94152,4
i94153,4
i9416,15
i94162,5
i94165,6
i94166,4
i94168,8
i9417,42
i94176,7
i94177,22
i94180,1
i94182,41
i94183,1
i94187,10
i94188,16
i94190,4
i94196,27
i94200,11
i94201,2
i94209,14
i9421,3
i94213,2
i94214,1
i94219,3
i94221,1
i94225,3
i94226,22
i94229,26
i94230,13
i94232,3
i94234,16
i94247,50
i94253,14
i94255,1
i94262,16
i94263,16
i94267,63
i94269,5
i94270,20
i94271,5
i94272,1
i94274,11
i94275,2
i94276,18
i94280,102
i94285,39
i94286,15
i94288,1
i94293,2
i94294,33
i94295,21
i9430,2
i94308,1
i94312,5
i9432,14
i94320,2
i94324,5
i94327,7
i9433,20
i94330,3
i94333,4
i94341,3
i94343,5
i94344,26
i94347,1
i9435,8
i94350,2
i94356,32
i94360,18
i94377,2
i94379,33
i94390,10
i94393,3
i94399,21
i94402,39
i94408,1
i94411,7
i94415,7
i94420,6
i94427,13
i94428,19
i94438,5
i94440,10
i94448,21
i94451,7
i94452,6
i94454,5
i94456,11
i94464,5
i94466,3
i9447,33
i94474,1
i94475,8
i9448,16
i94483,32
i94486,1
i94495,6
i94499,12
i94502,1
i94513,8
i94518,2
i94523,24
i94525,25
i94531,17
i94533,3
i94534,8
i94540,32
i94541,15
i94545,9
i94548,22
i94551,3
i94552,17
i94553,2
i94557,11
i94562,1
i94565,5
i94568,21
i9457,25
i94570,3
i94574,4
i94578,5
i94580,7
i94584,3
i94588,1
i94593,4
i94596,7
i9460,1
i94603,13
i94608,9
i94615,3
i94616,7
i94620,17
i94629,7
i9463,2
i94633,13
i94640,6
i94642,9
i94647,17
i9465,63
i94650,1
i94658,5
i94662,6
i94664,3
i94666,2
i94668,11
i94676,2
i94692,8
i94702,1
i94710,2
i94714,2
i94715,19
i94716,9
i94718,6
i94731,5
i94733,1
i94740,1
i94745,6
i94750,2
i9476,5
i94763,16
i94765,1
i94766,7
i94767,6
i9477,42
i94770,4
i94782,1
i94788,11
i94796,13
i94797,31
i94804,6
i94806,8
i94812,3
i94814,35
i94820,1
i94821,4
i94834,12
i94836,2
i94839,26
i94840,2
i94841,9
i94843,1
i94846,8
i94849,26
i94854,11
i94863,2
i94864,14
i9487,1
i94870,13
i94878,1
i94880,3
i94887,4
i94888,1
i94889,18
i94897,7
i94899,3
i9490,21
i94905,30
i94906,4
i9491,2
i94912,18
i94917,6
i94918,17
i94926,17
i94928,7
i94931,5
i94932,1
i94936,26
i94939,12
i94940,16
i94941,22
i94943,7
i94946,2
i94948,3
i94953,22
i94954,28
i94955,7
i9496,1
i94963,1
i94977,2
i94979,17
i94980,18
i94985,9
i94987,15
i94988,29
i94990,28
i95,26
i95008,5
i95011,9
i95014,11
i95019,15
i9502,19
i95021,4
i95022,26
i95033,1
i95037,10
i9504,44
i95041,26
i95043,21
i95045,3
i95051,6
i95054,7
i95057,3
i95063,4
i95064,5
i95065,1
i95068,7
i95072,11
i95077,13
i95087,32
i95098,7
i951,1
i95106,18
i95115,1
i95122,1
i95130,17
i95134,10
i95139,3
i95140,1
i95141,19
i95145,14
i95147,10
i95151,2
i95155,14
i95162,2
i95165,19
i95170,3
i95178,2
i95180,12
i95182,11
i95183,1
i95184,21
i95188,33
i95189,3
i9519,49
i95190,9
i95191,1
i95194,1
i95199,16
i952,2
i95209,1
i95210,2
i95213,5
i95218,11
i95221,14
i95223,5
i95230,30
i95244,2
i95246,23
i95248,30
i9525,1
i95262,12
i95263,10
i95264,3
i95273,7
i95274,6
i95277,40
i95279,1
i95281,23
i95285,14
i95287,1
i95292,1
i95297,5
i95298,3
i9530,51
i95305,5
i95307,13
i95312,1
i95314,1
i95317,2
i95318,17
i95319,29
i9532,10
i95320,13
i95321,5
i95322,5
i9533,15
i95332,7
i95334,11
i95339,13
i9534,4
i95340,1
i95342,4
i95344,20
i95347,3
i95348,27
i95357,15
i95361,3
i95368,1
i95369,19
i9537,71
i95371,3
i95372,1
i95376,7
i9538,42
i95382,24
i95385,1
i95389,4
i9539,1
i95393,26
i95395,1
i95402,3
i95405,4
i95409,16
i95412,17
i95413,15
i9542,3
i95426,9
i9543,82
i95431,2
i95436,12
i95437,20
i95439,10
i9544,12
i95445,3
i9545,14
i95450,21
i95454,8
i95455,25
i9546,3
i95474,1
i95475,4
i95479,5
i95482,2
i95486,1
i95488,3
i95491,3
i95492,12
i955,9
i95503,3
i95505,7
i95518,11
i95520,16
i95523,2
i95524,4
i95527,32
i9553,32
i95531,1
i95533,7
i95538,51
i95541,2
i95543,27
i95546,21
i9555,81
i95550,15
i95555,9
i95557,13
i95561,30
i95565,1
i95573,80
i95574,5
i95576,69
i95585,6
i95587,9
i9559,112
i95598,23
i95599,20
i956,23
i9560,40
i95602,1
i95604,1
i95608,13
i95612,53
i95613,21
i95617,33
i95620,89
i95621,4
i95634,12
i95637,35
i9564,89
i95641,34
i95642,45
i95644,6
i95645,3
i95650,5
i95659,95
i95660,1
i95662,1
i95665,6
i95667,1
i9567,4
i95680,5
i95682,6
i9569,2
i95691,63
i95693,8
i95694,7
i95695,38
i95696,9
i95697,37
i957,87
i9570,4
i95700,28
i95701,27
i95704,5
i95706,13
i95715,9
i95721,4
i95728,10
i95729,4
i95731,9
i95732,73
i95733,18
i9574,3
i95740,15
i95746,6
i95748,1
i95751,19
i95752,5
i95754,19
i9576,1
i95763,1
i95765,4
i95769,32
i95772,12
i95773,65
i95776,1
i95777,5
i95780,18
i95785,12
i95787,14
i95791,57
i95794,6
i95802,17
i95806,3
i9581,3
i95834,13
i95837,8
i95841,51
i95844,18
i95845,7
i95848,6
i95850,3
i95854,29
i95857,9
i95860,6
i95862,51
i95865,10
i95867,3
i95869,103
i9587,10
i95870,23
i95875,9
i95877,13
i95878,4
i95879,29
i95883,3
i95886,40
i95887,1
i95888,27
i95889,39
i95891,6
i95894,28
i95895,20
i959,17
i9590,1
i95901,10
i95903,65
i95914,5
i95920,3
i95921,1
i95927,21
i95929,5
i95931,10
i95932,17
i95939,1
i95941,4
i95944,8
i9595,1
i95953,22
i95956,4
i9596,39
i95960,2
i95972,4
i95983,17
i95988,9
i95991,4
i95992,24
i95993,5
i95995,1
i96,3
i96000,20
i96001,9
i96004,35
i96005,22
i96006,9
i96009,1
i96011,9
i96014,39
i96019,42
i96022,18
i96023,4
i96027,24
i96030,4
i96033,6
i96035,2
i96039,4
i96042,21
i96045,8
i96047,48
i9605,4
i96056,2
i96057,3
i96061,6
i96064,2
i96067,11
i96069,34
i96070,22
i96078,8
i96083,1
i96089,7
i96098,12
i96099,39
i9610,23
i96105,14
i96106,38
i96107,10
i96108,3
i96110,26
i9612,6
i96122,1
i96123,2
i96127,8
i96129,8
i96135,20
i96139,11
i96140,1
i96157,19
i96161,14
i96162,6
i96164,5
i96170,5
i96172,25
i96174,4
i96180,3
i96196,5
i96198,6
i96201,1
i96214,14
i96221,1
i96226,12
i96230,1
i96231,28
i96232,13
i96234,23
i9624,15
i96241,4
i96243,55
i96244,1
i96246,24
i96247,21
i96254,3
i96258,28
i9626,5
i96260,23
i96262,1
i96264,40
i96265,9
i96272,85
i96278,4
i96279,10
i96280,12
i96283,8
i9629,7
i96290,4
i96295,32
i96296,2
i96298,15
i96303,17
i96306,25
i96310,14
i96311,35
i96318,15
i96319,42
i96321,1
i96323,49
i96325,3
i96327,83
i9633,49
i9634,2
i96340,2
i96341,2
i96342,44
i96344,11
i96347,13
i96349,9
i96368,23
i96375,10
i96378,1
i96383,40
i96388,38
i9639,33
i96390,17
i96391,25
i96397,27
i96400,33
i96401,4
i96403,21
i96411,22
i96412,42
i96413,9
i96416,2
i96418,4
i96419,10
i96420,22
i96440,13
i96443,7
i96444,2
i96447,10
i96451,32
i96452,5
i96453,13
i96454,1
i96456,2
i96458,20
i9646,80
i96467,30
i96468,10
i96473,1
i96474,6
i96479,12
i9648,9
i96480,24
i96484,15
i9649,6
i96495,55
i96498,28
i96503,6
i96504,14
i96505,5
i96512,16
i96515,16
i96519,16
i96525,2
i96527,7
i9653,1
i96531,8
i96532,1
i96533,3
i96534,7
i96543,1
i96545,11
i96547,16
i9655,3
i96556,13
i96559,2
i96560,2
i96562,1
i96566,1
i96568,7
i96570,1
i96572,16
i96576,2
i9658,8
i96580,3
i96585,10
i96587,7
i96589,1
i966,32
i96602,2
i96605,4
i96614,42
i96617,21
i96619,3
i96626,8
i96637,3
i96639,33
i9664,11
i96649,9
i96651,1
i96657,5
i96662,11
i96666,1
i96667,13
i96669,2
i9667,66
i96672,7
i96674,2
i96675,4
i96676,8
i9668,46
i96680,3
i96682,1
i96685,6
i96686,7
i96691,1
i967,15
i96700,7
i96702,72
i96709,25
i9671,15
i96713,15
i96714,2
i96720,1
i96722,25
i96728,25
i96731,3
i96734,6
i96735,32
i96737,22
i96738,28
i9674,69
i96748,4
i9675,2
i96754,38
i9676,3
i96761,59
i96762,8
i96776,96
i96777,1
i96779,26
i96782,2
i96783,73
i96784,7
i96785,15
i96787,1
i96789,20
i96790,6
i96792,7
i96793,10
i96794,8
i96795,47
i968,33
i96800,18
i96802,40
i96811,3
i96818,1
i9682,4
i96820,21
i96822,3
i96823,31
i96827,86
i96828,1
i96831,39
i96833,13
i96841,5
i96846,17
i96850,4
i96855,15
i9686,10
i96863,20
i96866,30
i96868,2
i96869,2
i96876,7
i96877,42
i96899,18
i969,3
i96905,6
i96907,2
i9691,6
i96910,15
i96914,13
i96917,22
i96923,15
i96933,3
i96934,27
i96939,8
i9694,6
i96945,39
i9695,38
i96958,8
i96962,4
i96963,1
i96966,8
i96969,56
i96971,13
i96973,17
i96976,6
i96980,20
i96990,8
i96993,55
i96994,17
i97,16
i97003,28
i97010,5
i97013,8
i97014,6
i97015,1
i97022,3
i97023,2
i9703,2
i97030,13
i97032,2
i97033,41
i97034,1
i97035,12
i97040,2
i97043,10
i97049,33
i97052,23
i97067,4
i9707,22
i97071,5
i97072,2
i97075,39
i97078,66
i97082,7
i97088,11
i97089,22
i97092,28
i97094,11
i97097,4
i97098,8
i9710,7
i97102,9
i97103,24
i97108,23
i97109,42
i97111,46
i97113,3
i97131,14
i97134,1
i97136,48
i97138,6
i97139,11
i97142,8
i97145,7
i97146,34
i9715,43
i97150,7
i97151,4
i97156,19
i97158,1
i97159,24
i97166,3
i97168,9
i97170,27
i97172,1
i97178,23
i97179,2
i97180,6
i97181,23
i97185,5
i97189,46
i97190,3
i97194,26
i97197,28
i97200,40
i9721,8
i97210,18
i97211,12
i97212,2
i97213,11
i97214,2
i97221,2
i97222,9
i97225,3
i97226,6
i97228,10
i9723,5
i97231,4
i97233,19
i97237,30
i9724,23
i97242,35
i97249,8
i97252,5
i97258,5
i9726,19
i97264,22
i97267,2
i97270,1
i97272,10
i9728,23
i97281,2
i97289,45
i97297,13
i9730,40
i97300,7
i97305,4
i97308,16
i9731,84
i97320,2
i97323,2
i97325,6
i97327,5
i9733,4
i97332,19
i97336,9
i97339,23
i97340,53
i97341,10
i97343,18
i97345,16
i97355,3
i97357,3
i97359,8
i97372,8
i97375,1
i97382,3
i97388,1
i97390,4
i97395,8
i97397,2
i97398,1
i97401,9
i9741,7
i9742,24
i97420,12
i97422,3
i97424,13
i97430,18
i97435,9
i97437,4
i97448,14
i9745,2
i97451,2
i97452,8
i97456,1
i97459,2
i9746,21
i97466,1
i97467,8
i97470,11
i97471,3
i97474,7
i97482,6
i97486,4
i97496,29
i97500,6
i97506,7
i97509,1
i9751,4
i97512,3
i97515,26
i97523,4
i97524,1
i97528,3
i97529,1
i9753,74
i97533,14
i97535,6
i9754,1
i97548,1
i97549,2
i97554,1
i97558,8
i97571,11
i97572,4
i97575,12
i97579,2
i9758,6
i97581,44
i9759,2
i97590,2
i97591,6
i97594,10
i97595,4
i9760,11
i97603,11
i97604,10
i97605,10
i97610,4
i97616,2
i97628,10
i97629,19
i97630,2
i97631,24
i97644,20
i97645,8
i97647,4
i9765,4
i97659,32
i97660,63
i97663,5
i97666,14
i97669,9
i97673,31
i9768,1
i97681,1
i97689,15
i97692,25
i97693,19
i97695,15
i97699,5
i97700,30
i97703,11
i97709,37
i9772,8
i97722,53
i97726,60
i9773,8
i97735,23
i97737,21
i97738,13
i97741,1
i97744,23
i97749,5
i97755,25
i97756,22
i97757,3
i97758,33
i97760,5
i97764,13
i97767,8
i97768,32
i97769,9
i97771,57
i97772,37
i97777,9
i97778,45
i9778,35
i97781,24
i97787,3
i97790,13
i97800,35
i97802,13
i97808,32
i9781,58
i97813,16
i97821,41
i97826,5
i97828,79
i97832,24
i97833,24
i97835,23
i97839,6
i97843,43
i97844,59
i97845,11
i97847,19
i9785,19
i97852,25
i97859,30
i9786,3
i97861,4
i97865,67
i9787,4
i97874,4
i97875,7
i97876,20
i9788,8
i97882,1
i97884,1
i97888,24
i97890,18
i97894,63
i97897,14
i97901,11
i97905,16
i97909,27
i97912,57
i97916,4
i97917,10
i97918,5
i97920,2
i97922,26
i97923,17
i97929,18
i97933,39
i97934,4
i97940,6
i97941,12
i97955,4
i97959,1
i9796,8
i97965,1
i97968,14
i97986,2
i97989,7
i9799,25
i97992,6
i97996,3
i97997,4
i97998,4
i9800,4
i98007,8
i98009,8
i98010,49
i98011,78
i98014,1
i98017,2
i9802,2
i98020,1
i98022,45
i98028,25
i98029,43
i98030,22
i98032,1
i98033,1
i98034,2
i98038,1
i98044,5
i98047,12
i98053,8
i98055,39
i98056,9
i98063,27
i98065,4
i98070,36
i98071,8
i98076,30
i98084,2
i98086,6
i98087,3
i98094,21
i98095,13
i98100,31
i98101,74
i98112,2
i98114,13
i98115,14
i98116,10
i98118,2
i98124,20
i98127,2
i98129,4
i98133,14
i98134,29
i98139,25
i98140,1
i98141,35
i98151,8
i98152,14
i98155,22
i98158,16
i98160,6
i98161,20
i98163,4
i98166,8
i98168,27
i98174,14
i98175,7
i98178,9
i9818,7
i98183,30
i98184,30
i98188,4
i9819,7
i98190,6
i98194,1
i98196,5
i98197,1
i98199,9
i98201,33
i98204,16
i98206,27
i98207,15
i98228,17
i98233,1
i98235,22
i98239,3
i9824,2
i98245,7
i98250,3
i98253,7
i98254,1
i98257,8
i98261,28
i98268,9
i98270,24
i9828,22
i98280,10
i98286,14
i98287,42
i98292,20
i98299,7
i9831,1
i9832,10
i98320,50
i98327,13
i9833,54
i98330,6
i98332,13
i98334,41
i98337,1
i98338,4
i98339,4
i9834,1
i98345,47
i98350,9
i98354,28
i98356,4
i98361,30
i98365,10
i98367,29
i98368,14
i98370,5
i98371,11
i98372,6
i98378,17
i9838,7
i98380,4
i98389,50
i98391,6
i98393,17
i98394,23
i98397,16
i98399,15
i98402,30
i98406,9
i98411,1
i98412,2
i98418,4
i98420,6
i98422,3
i98426,2
i98429,2
i98431,30
i98436,1
i98440,9
i98444,42
i98445,2
i98451,4
i98454,4
i98456,17
i98458,2
i98460,12
i98462,7
i98465,33
i98468,15
i98470,2
i98472,19
i98474,24
i98475,17
i98477,15
i98478,5
i98480,32
i98483,27
i98485,22
i98487,42
i98489,1
i98514,85
i98517,10
i98520,1
i98525,1
i98529,3
i98530,73
i98532,7
i98535,30
i98537,23
i98543,4
i98544,9
i98545,1
i98548,10
i9855,21
i98557,3
i98565,1
i98567,4
i98570,22
i98577,5
i9858,67
i98584,10
i98586,7
i98588,6
i98590,26
i98592,5
i986,4
i98601,7
i98604,4
i98609,5
i9861,27
i98625,7
i98626,7
i98627,8
i98631,2
i9864,18
i9866,14
i98665,1
i98666,14
i98677,1
i98680,20
i98682,2
i98684,23
i98685,2
i98688,5
i987,37
i98700,31
i98702,11
i98703,28
i98705,18
i98706,7
i9871,48
i98712,9
i98715,2
i9872,7
i98732,11
i98734,1
i98738,6
i9874,23
i9875,43
i98758,11
i9876,26
i98760,8
i98763,4
i98765,4
i98772,16
i98773,34
i98782,1
i98783,6
i98785,14
i98787,7
i98792,1
i98794,12
i98801,4
i98806,11
i98807,1
i98813,14
i98814,56
i98815,6
i98816,4
i98819,18
i98820,8
i98828,37
i98832,2
i98842,65
i98845,1
i98848,66
i98851,23
i98854,54
i9886,10
i98860,4
i98870,3
i98872,30
i98873,16
i9888,30
i98882,28
i98886,49
i98888,6
i98889,3
i98891,15
i98897,23
i98899,15
i98900,6
i98907,12
i98909,1
i98910,1
i98914,1
i98916,59
i98917,3
i98918,3
i98924,8
i98929,14
i98931,67
i98933,19
i98935,27
i98938,6
i98939,33
i9894,12
i98940,8
i98945,39
i98948,4
i98957,5
i98964,16
i98967,15
i98971,45
i98975,2
i98980,2
i98985,16
i98987,36
i9899,6
i98994,19
i98997,2
i9900,3
i99000,2
i99003,5
i99004,9
i99009,6
i99010,34
i99014,7
i99016,4
i99018,1
i99019,26
i99026,18
i99027,2
i99028,31
i99033,9
i99039,3
i9904,17
i99040,5
i99043,6
i99045,5
i99046,2
i99049,2
i99050,12
i99059,9
i99061,5
i99064,3
i9907,15
i99073,1
i99074,8
i99080,9
i99081,19
i99082,11
i99084,10
i99085,2
i99098,5
i99102,3
i99103,27
i99104,1
i99108,11
i99109,10
i99111,2
i99114,7
i99115,15
i99119,1
i99124,2
i99125,2
i99127,12
i99135,1
i99142,1
i99153,1
i99156,4
i99157,7
i99158,3
i99159,3
i9916,17
i99165,13
i99177,4
i99179,3
i99184,16
i99192,8
i99193,5
i99195,2
i99197,9
i99201,6
i99202,19
i99204,10
i99208,49
i99214,1
i99216,15
i99217,1
i99220,2
i99225,8
i99227,7
i99232,5
i99235,1
i99245,4
i9925,3
i99251,22
i99254,5
i99259,24
i99273,8
i99275,2
i99277,9
i99285,20
i99289,6
i9929,37
i99291,22
i99294,9
i99296,1
i99297,3
i99300,37
i99308,1
i9931,19
i99316,35
i99321,17
i99323,15
i99328,1
i99329,4
i99343,36
i99344,1
i99345,2
i99350,10
i99352,1
i99359,8
i9936,2
i99364,1
i99365,19
i99367,3
i99369,2
i99374,6
i99375,5
i99376,1
i9939,58
i99397,1
i99402,2
i99413,13
i99416,8
i99421,15
i9943,80
i99434,9
i99436,7
i99439,9
i99443,11
i99446,3
i99461,1
i99468,1
i99476,15
i99478,12
i99479,13
i99481,3
i99483,1
i99488,2
i99491,1
i99492,1
i99495,4
i99503,6
i99504,20
i99509,8
i99510,5
i99514,4
i99517,11
i99526,7
i99535,44
i99541,9
i99549,26
i9955,2
i99550,5
i99552,1
i99554,26
i99556,6
i99560,8
i99561,17
i99562,12
i99572,14
i99578,5
i99583,1
i99586,5
i99588,2
i99589,1
i99591,5
i99595,5
i99596,5
i99598,22
i99599,15
i996,10
i9960,6
i99600,8
i99603,2
i99609,50
i99610,4
i99618,25
i99622,13
i99623,27
i99624,4
i99628,2
i99629,87
i9963,21
i99630,20
i99632,22
i99634,19
i99636,3
i99643,37
i99645,26
i99649,24
i99651,4
i99652,1
i99654,47
i99655,8
i99658,5
i9966,18
i99663,29
i99664,14
i99665,5
i99670,8
i99672,76
i99676,31
i99679,1
i99682,17
i99687,6
i99692,20
i99693,2
i99695,17
i99699,9
i99703,1
i99710,2
i99711,17
i99720,24
i99721,3
i99722,21
i99725,1
i99726,12
i99732,2
i99735,25
i9974,23
i99744,6
i99746,10
i99750,4
i99756,4
i99761,1
i99762,43
i99765,21
i99768,3
i99784,9
i99786,31
i99790,9
i99794,2
i99797,8
i99798,1
i99799,54
i998,5
i99807,2
i99809,71
i99810,4
i99817,10
i99826,7
i99827,14
i9983,7
i99835,16
i99836,42
i99838,4
i9984,14
i99844,5
i99847,78
i99850,18
i99862,8
i99863,17
i99865,3
i99867,3
i99869,8
i99871,5
i99872,37
i99880,4
i99886,32
i99888,37
i99889,1
i9989,35
i99890,65
i99892,18
i999,6
i9990,2
i99905,1
i99908,10
i99912,5
i99914,5
i99923,2
i9993,19
i99930,5
i99935,15
i99938,3
i9994,1
i99940,77
i99942,13
i99943,18
i99948,1
i99964,18
i99965,2
i99966,11
i99969,12
i9997,18
i99971,7
i99974,28
i99980,46
i99983,4
i99985,2
i99986,17
i9999,11
i99990,6
i99997,5
