external_user_id,interaction_count
u10002670,14
u10003782,11
u10004134,9
u10004338,8
u10004764,7
u10008605,13
u10009614,17
u10009929,9
u10011206,17
u10012137,16
u10012818,34
u10013582,12
u10013659,9
u10017894,13
u10018359,9
u10018424,11
u10019491,16
u10020645,9
u10024871,11
u10026452,11
u10026866,9
u10029597,15
u10029695,15
u10029700,11
u10029843,11
u10031064,7
u10031175,13
u10032806,9
u10034607,10
u10035110,12
u10036133,15
u10037202,16
u10037749,13
u10039584,12
u10040593,13
u10041249,16
u10042075,11
u10042833,16
u10042902,16
u10043069,12
u10045584,12
u10046001,10
u10051164,10
u10052483,10
u10054533,12
u10055111,10
u10056388,10
u10057909,10
u10058569,9
u10060586,10
u10062517,16
u10064571,14
u10068135,9
u10070794,16
u10071770,10
u10072095,6
u10073,9
u10074198,11
u10077084,8
u10080018,23
u10080103,16
u10082268,15
u10082756,15
u10085122,17
u10086717,9
u10091583,25
u10091987,15
u10092970,10
u10093136,14
u10093299,14
u10094179,8
u10097489,9
u10098357,7
u10099264,13
u10099858,13
u10101527,17
u10102083,11
u10103128,9
u10103840,12
u10104048,11
u10105784,8
u10109388,12
u10110016,12
u10110895,15
u10111358,16
u10113819,10
u10114269,15
u10117538,10
u10119,34
u10120545,9
u10122438,9
u10122457,13
u10122699,11
u10122976,7
u10124680,15
u10124879,12
u10125710,12
u10127854,11
u10133338,21
u10136993,13
u10137054,11
u10139314,8
u10139968,9
u10139971,7
u10141396,12
u10143542,9
u10143833,10
u10144773,13
u10144813,15
u10144887,10
u10145640,11
u10147165,19
u10148190,16
u10152,43
u10153400,15
u10153658,10
u10154004,9
u10154895,15
u10154962,13
u10155101,12
u10156143,11
u10159500,8
u10161832,14
u10161858,11
u10163264,9
u10165916,12
u10166216,9
u10174314,12
u10176131,9
u10176723,15
u10177958,7
u10178116,11
u10178118,8
u10178386,7
u10179598,15
u10179837,9
u10180236,12
u10183146,14
u10183148,14
u10184289,12
u10186358,11
u10187546,13
u10188809,15
u10189764,15
u10190675,13
u10191082,9
u10191450,12
u10191609,10
u10192154,11
u10192187,8
u10192282,7
u10192677,11
u10192851,12
u10193076,10
u10193963,8
u10196409,10
u10198958,11
u10199145,11
u10199277,8
u10199633,9
u10200831,11
u10201977,15
u10205579,14
u10206652,12
u10208390,13
u10209206,14
u10209425,11
u10209916,11
u10211175,7
u10214342,12
u10215549,12
u10216037,13
u10223037,7
u10224570,11
u10227362,13
u10233788,9
u10235417,10
u10235532,9
u10235780,20
u10238710,12
u10240761,15
u10241358,11
u10242484,13
u10251430,9
u10255229,23
u10255987,13
u10259569,7
u10259653,9
u10260666,9
u10261125,10
u10263529,9
u10263946,9
u10263970,8
u10264786,23
u10265747,6
u10266504,13
u10266695,12
u10267309,10
u10267936,15
u10268649,11
u10268859,8
u10269742,29
u10271141,10
u10271612,11
u10271625,10
u10273111,10
u10273177,8
u10275992,17
u10276447,20
u10276532,12
u10278555,19
u10278648,20
u10279004,7
u10280515,14
u10284,37
u10284039,10
u10285560,10
u10287613,11
u10287831,11
u10289748,7
u10290268,11
u10290283,17
u10294526,13
u10295,84
u10295843,14
u10296264,9
u10296486,13
u10297269,12
u10299754,8
u10299945,19
u10300295,7
u10300796,10
u10300952,8
u10304392,8
u10310082,17
u10322258,23
u10325422,8
u10326038,11
u10327745,10
u10329094,12
u10329115,17
u10330094,11
u10331970,10
u10334061,8
u10334682,17
u10336954,18
u10337360,10
u10338538,10
u10340169,7
u10340574,14
u10341158,10
u10341757,9
u10343342,18
u10345021,12
u10347854,10
u10350998,8
u10352688,10
u10352704,16
u10354905,12
u10355092,7
u10355483,8
u10356086,11
u10356197,11
u10357017,13
u10359928,6
u10360412,10
u10362898,9
u10364669,15
u10365258,8
u10367963,9
u10368587,10
u10371830,18
u10372643,12
u10373917,7
u10374040,16
u10374473,11
u10374543,8
u10374706,10
u10376244,8
u10376467,10
u10376955,8
u10383108,11
u10384955,14
u10385549,8
u10392554,9
u10396523,10
u10397451,9
u10400476,15
u10400674,10
u10401557,13
u10402515,14
u10403626,9
u10405686,8
u10405921,8
u10406545,10
u10409066,9
u10410021,8
u10412608,13
u10413774,8
u10414517,10
u10419991,11
u10420046,7
u10420417,10
u10420953,15
u10422260,11
u10422487,9
u10422732,7
u10422876,16
u10423043,11
u10424598,7
u10425272,12
u10425792,11
u10427874,12
u10428567,14
u10429296,11
u10430497,10
u10431618,7
u10434713,16
u10436823,19
u10440445,13
u10443618,13
u10446268,9
u10446412,11
u10447030,14
u10447111,7
u10450770,12
u10452602,10
u10453955,10
u10455037,9
u10455143,14
u10458742,11
u10459098,8
u10459465,14
u10459507,11
u10460695,12
u10460815,9
u10461975,10
u10465058,12
u10466473,9
u10466974,9
u10469,19
u10472012,14
u10474260,8
u10476003,8
u10476265,10
u10480,11
u10483122,21
u10485217,8
u10486555,11
u10487227,7
u10490,27
u10490291,9
u10492100,14
u10493997,10
u10496025,10
u10496631,24
u10499999,17
u1050,9
u10500366,12
u10502851,13
u10503537,7
u10505607,14
u10505858,14
u10507560,13
u10509023,10
u10510156,28
u10510982,12
u10511131,14
u10516798,15
u10519484,13
u10523261,10
u10524134,11
u10524634,10
u10526416,12
u10526602,16
u10527965,11
u10528117,15
u10528183,10
u10528300,16
u10529624,22
u10530515,9
u10534950,11
u10535884,9
u10540298,12
u10547872,8
u10548658,11
u10548932,8
u10550368,12
u10551746,14
u10552876,12
u10554281,9
u10554398,7
u10557457,8
u10558947,12
u10559082,9
u10559199,11
u10559862,8
u10561032,10
u10561266,14
u10561670,9
u10572683,14
u10573095,11
u10574074,14
u10575853,10
u10578756,9
u10580600,13
u10580695,20
u10581133,11
u10583155,22
u10583627,19
u10584518,10
u10590304,13
u10590562,10
u10594118,8
u10594572,12
u10598226,11
u10600149,10
u10601026,12
u10606279,11
u10607321,8
u10609077,17
u10613143,13
u10614392,8
u10617040,19
u10619419,8
u10620374,20
u10620835,12
u10621555,8
u10628655,12
u10629696,20
u10633125,10
u10634840,10
u10637621,8
u10638201,7
u10639442,13
u10640519,12
u10642375,13
u10643231,15
u10643643,17
u10643990,11
u10644196,21
u10644222,15
u10644323,13
u10649,72
u10651983,21
u10652204,14
u10653084,7
u10653770,11
u10655363,13
u10655666,11
u10655915,7
u10657999,12
u10658045,9
u10661474,14
u10665430,10
u10667332,12
u10669465,13
u10671132,11
u10673006,7
u10674019,13
u10674031,11
u10675004,9
u10677769,9
u10678148,7
u10678339,17
u10680052,13
u10681401,12
u10681645,9
u10682340,10
u10682704,9
u10685150,13
u10692,9
u10693054,19
u10697642,9
u10698682,11
u10700163,8
u10701489,6
u10703927,13
u10710522,6
u10710999,12
u10715860,13
u10716875,12
u10717698,22
u10717702,12
u10717968,10
u10720504,9
u10720508,11
u10723007,10
u10723926,15
u10725706,17
u10728070,8
u10728181,12
u10730087,10
u10731704,12
u10733049,12
u10733182,13
u10733399,11
u10735536,12
u10735639,16
u10738905,12
u10739285,8
u10745395,10
u10752423,7
u10754587,7
u10755441,15
u10757069,9
u10760,13
u10763256,11
u10763683,10
u10763930,9
u10770186,7
u10771240,9
u10776036,8
u10776121,14
u10776566,9
u10777256,20
u10777938,14
u10778621,7
u10778718,13
u10781203,9
u10781926,12
u10786171,9
u10786307,10
u10786696,13
u10791229,13
u10795314,16
u10795436,9
u10795544,11
u10796480,8
u10798059,11
u10799154,10
u10799419,9
u10800548,7
u10805188,10
u10806740,11
u10815519,12
u10816914,13
u10821144,23
u10821530,11
u10823181,12
u10826027,9
u10830792,21
u10832857,14
u10835971,11
u10836650,15
u10845468,11
u10856848,11
u10859082,10
u10865742,17
u10866452,11
u10869050,11
u10870654,15
u10871902,13
u10871906,8
u10873684,15
u10873926,10
u10875047,19
u10880416,20
u10882465,13
u10883608,8
u10885334,11
u10890291,9
u10890463,30
u10890489,14
u10891123,16
u10893408,9
u10897482,11
u10900442,12
u10900974,14
u10901895,13
u10901990,11
u10905392,7
u10909309,11
u10910925,13
u10912347,15
u10915004,9
u10916499,12
u10916967,14
u10917618,12
u10918774,13
u10922292,12
u10924479,8
u10931034,8
u10931127,13
u10933923,8
u10937521,19
u10939057,11
u10944030,16
u10944877,8
u10946608,8
u10947,12
u10951,19
u10952456,8
u10952848,11
u10953,71
u10953531,8
u10954287,8
u10957483,18
u10964861,13
u10967875,9
u10970627,7
u10971508,9
u10977110,10
u10977343,11
u10977403,12
u10979157,10
u10979300,9
u10983669,8
u10985536,12
u10989216,17
u10990268,14
u10990270,8
u10992265,10
u10992686,9
u10994126,8
u10994346,8
u10995908,12
u10997189,10
u11001519,12
u11008961,12
u11009124,13
u11011037,10
u11011734,33
u11016595,11
u11017028,14
u11020003,13
u11020451,14
u11021156,12
u11025042,16
u11028920,12
u11034562,13
u11038051,22
u11039148,10
u11041046,19
u11042706,9
u11042814,11
u11047385,13
u11052961,9
u11054451,12
u11055327,10
u11056757,12
u11059423,9
u11060603,10
u11061161,6
u11064626,10
u11065497,8
u11067502,7
u11069775,13
u11075653,12
u11079409,8
u11080293,9
u11083285,11
u11084257,16
u11084747,17
u11089166,7
u11090587,14
u11091338,11
u11091467,21
u11092252,16
u11092633,15
u11097908,10
u11098,11
u11099580,12
u11100128,9
u11100331,8
u11105137,12
u11106343,11
u11109012,17
u11109358,12
u11110216,10
u11110294,9
u11112166,10
u11113477,8
u11123992,12
u11125269,12
u11126151,12
u11132275,9
u11136982,12
u11139692,16
u11145481,13
u11145780,9
u11146828,10
u11146939,8
u11147597,9
u11148684,9
u11149706,12
u11149803,10
u11150963,10
u11150984,10
u11157464,13
u11158257,12
u11158694,8
u11161792,14
u11162854,10
u11165510,13
u11167776,10
u11168583,14
u11168786,10
u11169957,9
u11173124,10
u11173454,18
u11176250,11
u11178692,10
u11180496,12
u11180810,20
u11183260,9
u11184579,12
u11184669,15
u11186834,11
u11187456,11
u11188066,12
u11189,16
u11190008,8
u11190281,10
u11192975,10
u11196,7
u11197541,7
u11198218,10
u11199969,12
u11201220,13
u11201656,6
u11202870,12
u11204997,10
u11206375,12
u11208547,11
u11209767,11
u11209904,11
u11217969,9
u11218216,13
u11219519,12
u11222627,7
u11225139,10
u11228806,9
u11231085,14
u11232513,19
u11232762,7
u11233559,11
u11234651,13
u11235455,9
u11240,15
u11240003,8
u11241388,12
u11246048,12
u11249233,8
u11252840,12
u11254245,8
u11255699,10
u11257163,13
u11260135,10
u11264355,15
u11264437,10
u11266951,8
u11267101,9
u11267264,9
u11267361,12
u11269356,8
u11269733,13
u11273049,7
u11273197,8
u11274162,8
u11275818,10
u11283102,9
u11283998,15
u11288749,22
u11292162,9
u11293383,22
u11294338,12
u11296170,15
u11297363,13
u11298883,6
u11302408,8
u11302751,9
u11305793,11
u11306660,12
u11309571,9
u11310487,11
u11310796,10
u11311608,11
u11316951,7
u11318665,7
u11319146,15
u11320042,13
u11320512,13
u11325344,13
u11327614,12
u11329808,9
u11332120,8
u11332296,13
u11335359,13
u11342431,7
u11344256,7
u11344871,10
u11349968,10
u11350290,12
u11350367,8
u11359609,14
u11360710,10
u11363,16
u11366362,14
u11367626,10
u11368139,11
u11371208,21
u11371384,18
u11371980,16
u11375406,16
u11375885,9
u11381515,9
u11384689,11
u11388448,9
u11388607,8
u11389526,8
u11391767,10
u11393984,9
u11398965,9
u11399629,9
u11404017,10
u11404131,13
u11404608,21
u11408,14
u11409658,10
u11412463,12
u11414423,13
u11416846,11
u11417299,8
u11417952,12
u11418718,18
u11422799,18
u11423743,7
u11426851,11
u11427131,11
u11427792,9
u11427882,9
u11432990,13
u11441160,10
u11442637,9
u11446091,10
u11448279,27
u11449268,13
u11449676,16
u11452519,7
u11453737,17
u11460256,10
u11467654,11
u11469096,12
u11470716,12
u11473125,10
u11473497,15
u11474472,10
u11478442,16
u11479106,7
u11482,11
u11486182,11
u11486184,9
u11498419,8
u11500846,10
u11503751,13
u11508719,9
u11510036,11
u11511551,10
u11511952,10
u11512389,15
u11514407,12
u11517943,8
u11521229,11
u11522276,14
u11522697,10
u11524517,7
u11530955,12
u11531909,8
u11535692,7
u11535766,10
u11536118,16
u11536140,14
u11536969,13
u11540,11
u11545988,16
u11546498,10
u11546771,8
u11547006,15
u11549,12
u11553209,13
u11553389,11
u11555594,13
u11557510,12
u11559208,10
u11562530,12
u11566141,9
u11567927,10
u11569833,8
u11576608,12
u11576864,8
u11579021,11
u11582449,17
u11589353,8
u11592988,16
u11593802,11
u11596017,13
u11597755,10
u11604195,11
u11608760,9
u11610805,7
u11611466,23
u11614025,12
u11614122,11
u11622318,14
u11631214,19
u11631916,16
u11632321,12
u11635618,11
u11638342,11
u11642632,12
u11644078,9
u11647590,10
u11650359,12
u11650867,9
u11651808,19
u116525,10
u116535,49
u11654816,14
u11655407,11
u116559,9
u11656744,12
u11658050,8
u11662852,12
u11663919,11
u116651,194
u116665,46
u11667843,9
u11669378,11
u11669813,8
u11669827,13
u116705,8
u11674234,9
u116756,30
u11676356,21
u11677522,10
u11681124,12
u11681901,12
u11685819,13
u11686040,9
u11686537,17
u116880,9
u116910,15
u11693248,14
u116933,88
u11693497,9
u11696652,12
u11697913,8
u117029,15
u11703274,13
u117047,10
u117079,117
u11708711,7
u117088,37
u117148,46
u117152,75
u117156,24
u11717832,10
u117196,36
u117200,28
u11721038,7
u117216,15
u117252,19
u117268,31
u11727126,12
u11730880,12
u11731473,13
u11731901,12
u11738452,8
u11742693,14
u117457,9
u11746855,12
u117491,17
u11750368,9
u11751824,12
u117524,14
u117535,35
u11754545,8
u11755313,15
u11757012,12
u11758229,12
u11758840,13
u11760541,7
u117610,10
u117651,14
u11766553,14
u11772585,9
u117742,19
u11774436,7
u11774706,20
u11776350,17
u11778120,12
u11779640,15
u117799,44
u11780292,7
u11785377,10
u11787534,11
u11787921,13
u11789409,15
u11792448,16
u117964,8
u11797949,9
u11798702,13
u11799085,12
u118006,19
u11802389,11
u11803131,11
u11806923,9
u11808263,11
u118085,16
u118095,13
u118096,16
u11810217,12
u118126,26
u11815239,10
u11816790,10
u11817144,7
u118183,22
u118189,25
u11819289,10
u11822048,13
u11824,11
u118301,48
u11831505,11
u11832665,10
u11833596,13
u11835614,11
u11840895,10
u11847441,8
u11847822,7
u118496,75
u118507,25
u11851324,18
u118539,45
u11856866,18
u118577,48
u11858612,12
u118592,18
u11860248,14
u11860492,11
u118649,21
u118657,20
u118687,22
u11871,8
u118740,39
u118749,17
u118788,13
u11882023,9
u11882315,10
u11883796,9
u11887350,6
u118875,9
u11887635,11
u118909,30
u11892032,9
u11892375,15
u11892506,16
u11895693,8
u118989,14
u11901133,9
u11901535,15
u119018,53
u11903795,14
u11903961,15
u11905224,13
u11905801,8
u11907793,10
u119099,14
u119122,79
u119138,7
u119142,25
u11917363,16
u119175,93
u119188,29
u11919971,14
u11920437,12
u11921593,12
u11923377,11
u11924448,9
u11924701,12
u11924912,16
u119254,7
u119290,9
u119310,38
u11932300,11
u119331,81
u11933612,9
u11935494,23
u11938249,13
u11940634,10
u11941341,13
u11944260,11
u119450,10
u11952917,11
u11959401,6
u11964302,12
u11966117,14
u11966901,11
u11971449,10
u119734,71
u119766,85
u11976987,8
u11977039,13
u11980878,12
u119854,11
u12000670,15
u120044,25
u12004412,8
u120054,63
u12008942,13
u120100,14
u12011120,10
u120121,101
u12017939,12
u12019875,15
u12022601,8
u120247,9
u120352,14
u120400,61
u12043902,20
u12047807,10
u120489,128
u12050256,12
u12051404,8
u120517,17
u120537,13
u12054719,8
u12055100,10
u12057910,12
u120602,12
u120619,32
u120631,49
u120639,13
u120711,8
u120752,49
u120784,118
u120799,32
u120815,78
u120880,28
u120887,46
u12093260,12
u12095222,9
u120968,41
u12099154,10
u120994,13
u121035,52
u12108946,17
u121098,30
u121135,16
u12113679,7
u12114463,15
u12114599,14
u12118250,16
u12118369,8
u12118472,9
u121217,29
u121221,30
u121233,49
u12130196,12
u121319,59
u121343,16
u12134681,12
u121398,20
u12142432,10
u12144402,10
u12147813,46
u12147836,9
u121516,30
u12151894,6
u12153667,25
u121543,26
u12157,27
u121593,27
u12160977,12
u12161509,7
u12164288,10
u121643,20
u121647,34
u121648,18
u12170276,9
u12172735,10
u121734,39
u12174426,10
u12174989,11
u12181255,9
u121828,87
u121840,17
u12184590,11
u12188969,14
u121906,28
u121907,17
u121921,7
u121934,31
u12193584,9
u12197960,12
u122014,21
u12201666,12
u122023,33
u12204157,8
u12204712,10
u122061,12
u12207156,9
u122093,22
u12209311,12
u122104,49
u12211864,7
u12212547,6
u12215524,13
u12215615,10
u12218589,8
u122187,57
u12219474,10
u12220869,13
u12221920,13
u122244,14
u12226642,13
u12226953,13
u12227426,11
u12227641,12
u122301,9
u12230478,9
u122328,72
u122336,30
u122358,24
u12236862,8
u12242459,12
u122426,77
u12245662,11
u122487,11
u12248775,9
u12249652,12
u122616,37
u12262231,9
u122683,21
u12270127,10
u12270269,7
u12273131,7
u122739,18
u122795,8
u12280436,9
u122805,25
u122851,17
u122906,34
u12296010,11
u12297158,7
u123007,77
u123017,14
u123052,18
u12308353,8
u12309947,11
u12311242,6
u123163,32
u12325595,10
u12327679,9
u12328437,10
u12330548,7
u12330769,13
u123345,17
u12337691,14
u12338991,11
u123395,36
u12342285,9
u12343262,6
u123433,13
u123454,10
u12345669,17
u12352010,8
u12353386,15
u123534,9
u12356018,10
u123578,34
u123591,28
u12359308,11
u12360152,8
u123612,10
u12368407,14
u12371406,11
u12373161,12
u123751,11
u123760,26
u12376884,8
u123775,20
u12378166,14
u123788,13
u123801,25
u12381437,20
u12386765,8
u123881,19
u12391493,13
u12391553,9
u12392030,23
u12392281,10
u123964,94
u124037,77
u124076,18
u124085,12
u12408917,10
u124099,13
u124105,11
u124128,15
u12414521,10
u12414612,15
u12417314,8
u12417346,11
u124187,28
u12427291,7
u124275,11
u12435246,10
u12437468,24
u12437956,7
u124380,14
u12446894,12
u12451562,15
u12455471,9
u124557,18
u124573,40
u124580,9
u12463017,9
u12464433,10
u12470090,8
u12473,9
u12480210,9
u12480786,12
u124825,12
u124857,67
u124884,7
u124971,40
u12503683,22
u125054,12
u12509133,10
u125116,63
u125151,20
u125163,16
u12516565,10
u12516771,9
u125192,31
u12520869,8
u12521587,12
u12522668,14
u12526792,8
u12527868,18
u12532,12
u12536286,16
u12537132,23
u12540158,12
u125403,58
u125474,31
u12547944,9
u12548920,11
u12549771,11
u12549944,11
u125503,30
u125504,12
u125526,11
u125539,15
u12559173,9
u12561627,14
u12564174,13
u125655,97
u12565533,9
u12570088,10
u125707,44
u12573483,10
u125766,44
u12578559,14
u12581594,12
u12585231,9
u125858,12
u12586732,10
u12590557,9
u125917,14
u125918,17
u12592331,11
u12593161,11
u125944,11
u125965,27
u125966,16
u12598962,7
u126009,48
u126014,18
u126023,14
u12602933,13
u12606059,11
u12607467,16
u126076,19
u126092,11
u12613118,12
u126142,32
u12616218,10
u126249,7
u12629294,10
u126325,15
u126327,10
u12633600,9
u126337,63
u12639924,9
u12640748,10
u12641622,8
u126422,26
u12642521,9
u12646274,12
u126488,14
u12651224,15
u126528,10
u126543,25
u126585,14
u126596,51
u126604,7
u126605,193
u126609,76
u12662956,10
u126633,36
u126667,19
u126674,10
u12667957,17
u126710,14
u12671172,8
u12675672,11
u126825,10
u126833,17
u12685171,11
u12685587,12
u126857,31
u12685918,17
u126897,106
u12690779,12
u126952,11
u12695206,9
u126998,8
u12699952,9
u12713231,12
u12717226,9
u127197,70
u12720215,9
u12721274,10
u127216,46
u12721720,14
u12722193,8
u127231,16
u12726116,13
u12728154,10
u12729849,14
u127299,68
u12732418,18
u12732419,10
u12732466,10
u12739732,11
u127402,22
u127418,47
u127426,37
u127451,11
u12749678,11
u12750,66
u12753028,14
u12754505,14
u127549,9
u127555,90
u12758862,11
u12759797,8
u12759868,7
u127599,23
u12762692,15
u127637,77
u127677,9
u127691,11
u12769818,9
u127709,20
u12772163,11
u12772199,10
u127722,275
u127725,12
u127734,12
u127771,55
u127779,25
u127786,32
u127795,23
u12784495,11
u127847,26
u127895,24
u12789991,10
u12793304,10
u12794534,12
u12795026,10
u12795084,11
u127968,18
u128013,11
u128017,46
u128162,14
u128171,51
u128179,15
u12818358,9
u128288,35
u12832102,6
u12834362,23
u12839289,6
u128434,10
u12845139,12
u12854909,11
u12856960,11
u128607,79
u12869484,10
u128705,12
u128719,23
u12876637,11
u12879262,14
u128797,42
u12882,9
u128898,15
u12892125,11
u128937,79
u12894617,13
u12894858,9
u12895743,14
u12899624,11
u12901923,11
u12916599,10
u129167,16
u12919476,10
u12922554,9
u129234,15
u129267,31
u129314,9
u129349,25
u129356,11
u12937557,18
u129389,12
u129394,28
u12944347,14
u129452,24
u129471,31
u12948646,7
u129497,12
u129683,41
u12973493,8
u129736,21
u12976032,9
u12981213,11
u12991622,11
u12993097,7
u130017,44
u13003023,8
u13013113,7
u13013758,9
u13017681,10
u130190,19
u13021,10
u13026057,8
u13026731,10
u13045024,8
u13045695,7
u130479,15
u13049642,7
u130557,11
u13056398,7
u130585,14
u13058782,13
u13063,20
u130631,170
u130651,23
u13067447,8
u13068886,12
u13074063,11
u13078456,12
u130807,44
u13083262,10
u13084846,12
u13089335,9
u130901,38
u130912,25
u13092450,10
u13093792,13
u130986,103
u13101144,13
u131012,14
u13102043,13
u131061,10
u13106461,10
u131099,13
u13110299,13
u13112085,12
u131171,12
u131181,12
u131234,103
u131271,24
u131354,22
u13136735,10
u13140765,10
u131448,13
u131506,119
u131554,7
u131584,21
u13159266,7
u131593,18
u131673,30
u131698,20
u131712,14
u131735,11
u13174909,14
u131947,14
u13195055,12
u131971,44
u13198364,13
u13198862,11
u131989,12
u131993,13
u131999,118
u13207808,12
u132107,34
u13211517,13
u13215743,11
u13221482,12
u13226564,7
u132270,8
u13230421,18
u132318,25
u13232012,10
u13233212,9
u13234293,9
u132357,70
u132373,37
u132411,14
u132470,33
u132485,77
u13249,16
u132521,12
u132575,10
u132611,19
u13262,38
u132623,15
u13265171,7
u13269626,9
u132698,27
u13270589,10
u132725,13
u132741,15
u13280710,11
u13284220,8
u13286679,9
u133004,25
u13308762,9
u133088,80
u133098,20
u133124,16
u13315059,11
u133164,25
u133175,14
u13321130,12
u13323020,17
u133286,11
u13330012,13
u13333943,6
u13340,33
u13340242,10
u133403,12
u13351133,12
u13354645,9
u13354794,13
u133559,15
u13357775,11
u13360664,10
u13361835,8
u133619,68
u13364427,8
u13369844,8
u13372594,7
u133783,43
u13379321,11
u13380656,7
u133811,77
u133910,16
u13399586,11
u13407399,9
u13412498,15
u134133,11
u13415983,11
u13417269,9
u134178,10
u13419093,11
u13419200,9
u134216,10
u13426086,8
u134281,22
u134292,20
u13433436,13
u13438420,9
u13444521,13
u134506,270
u13455664,9
u13456,28
u134570,11
u13460776,8
u134714,35
u13471973,6
u13473671,10
u13474673,9
u13477758,35
u13479292,14
u134801,17
u13483893,12
u134846,43
u134886,8
u13489768,28
u13490781,13
u134960,13
u135156,42
u13521826,8
u135221,10
u135286,10
u13538,16
u13541813,9
u13559856,11
u13560666,18
u135677,27
u135702,12
u135762,6
u135775,15
u13578154,10
u13578493,9
u135871,18
u135982,27
u136013,24
u136058,40
u13615101,10
u13615489,10
u136177,9
u136315,26
u13644444,10
u13645993,9
u136469,16
u136577,42
u136683,18
u136711,21
u136714,18
u136735,24
u13675,25
u136816,10
u136860,11
u13686562,11
u136874,20
u13693905,8
u13698446,13
u137161,29
u137169,65
u13718360,8
u137266,59
u137303,8
u13739511,11
u13744828,9
u13745951,11
u137531,11
u13753462,9
u13756326,12
u137768,52
u13781549,8
u137837,8
u137886,12
u13790471,13
u137934,10
u137964,107
u138004,7
u138091,10
u13810202,12
u138120,17
u13812604,9
u138127,22
u138135,17
u138252,15
u138337,7
u13840,24
u13840024,6
u13850,11
u138532,20
u13856054,8
u13856202,13
u138570,45
u138643,11
u13872806,10
u138752,31
u138758,20
u138759,10
u13876383,12
u138876,9
u138882,11
u138974,9
u138994,9
u139005,36
u139106,11
u139122,12
u13912243,11
u139128,19
u139217,10
u13923,14
u139260,22
u13929270,12
u13930833,9
u139333,11
u139341,42
u139417,11
u13942057,12
u139514,42
u139530,14
u139582,47
u139695,10
u13971539,12
u139725,7
u13976434,10
u139816,33
u139875,9
u13990116,15
u13992377,10
u13996,8
u140013,13
u140018,26
u14006662,9
u14011715,12
u140214,20
u140258,14
u140313,13
u14031779,9
u14036114,7
u140370,15
u140394,37
u140422,25
u14046147,11
u140499,12
u140526,21
u14055692,9
u14057307,7
u14060274,12
u140611,44
u140622,19
u140670,69
u14067960,15
u14068710,13
u14072613,15
u140742,35
u14078065,15
u140783,36
u140795,23
u14084,12
u14087015,12
u14088,19
u140917,10
u140947,9
u141011,25
u14104247,8
u141043,7
u14108,29
u14122293,7
u141226,15
u14124,20
u14132988,8
u14134104,11
u141362,10
u14139182,12
u14140315,10
u14140946,7
u141596,92
u14190954,14
u141939,42
u142175,7
u142195,22
u142247,13
u14233,14
u14233999,12
u14235919,10
u142393,14
u142400,31
u142414,17
u142436,56
u14244116,14
u14251062,12
u142535,13
u14255049,11
u142576,39
u14259143,16
u14263971,9
u142650,7
u142744,6
u14278131,10
u142793,32
u14299888,8
u143028,56
u143046,12
u14307,19
u143142,51
u143145,13
u143187,22
u14321338,7
u14327489,14
u14329,14
u14330621,10
u143385,10
u143408,12
u14347995,8
u14349255,12
u143532,71
u14358359,8
u143600,28
u143606,33
u14363739,12
u143650,54
u143752,28
u14382223,9
u14383040,16
u143840,21
u143850,44
u14385228,6
u143873,8
u14387350,10
u143874,10
u14391101,12
u14391992,11
u143933,24
u143958,48
u14398206,12
u143989,10
u14403,8
u144060,16
u144093,50
u144121,10
u144136,31
u144161,9
u144190,8
u14421,11
u14427266,10
u14429525,8
u144339,12
u144360,10
u14439378,13
u144438,23
u144471,13
u144475,43
u144537,42
u14463967,9
u144692,30
u144724,27
u14473827,17
u14474890,10
u14480624,11
u14481929,7
u144846,58
u14486790,12
u144936,20
u14493724,11
u144940,22
u14501988,12
u14517808,7
u145179,10
u145197,16
u145201,28
u14520997,14
u14525,8
u14535,25
u14537633,14
u145381,15
u145476,8
u14547942,9
u145516,9
u145520,19
u14557860,10
u145653,26
u145718,51
u145743,24
u14583939,14
u14589484,8
u14590,21
u145901,53
u14590698,15
u145907,28
u145952,30
u14604655,12
u146080,45
u146131,17
u146133,12
u146146,38
u146210,52
u146239,12
u14626926,13
u146299,30
u14630658,11
u146363,6
u146385,60
u146605,41
u146623,32
u146644,10
u146788,10
u146807,25
u146841,21
u146927,11
u146974,12
u14717663,10
u14721045,12
u147259,8
u14726,9
u147285,21
u14733263,12
u14737810,8
u147380,12
u14739204,8
u147422,27
u14743001,6
u14751,27
u147528,34
u147723,16
u14784130,10
u147870,31
u147901,7
u147920,9
u14793,13
u147941,60
u148037,12
u14804056,10
u14804187,9
u148091,13
u14810084,7
u148178,9
u148179,34
u148197,12
u14821767,8
u148261,47
u148287,19
u148336,18
u14843110,9
u148448,28
u148458,13
u14849354,9
u14851527,6
u14856559,12
u148642,14
u148689,8
u14869451,14
u14890070,12
u14900393,9
u149079,37
u149172,45
u149287,9
u149307,23
u149336,11
u14945432,10
u149615,12
u149649,7
u149652,38
u149656,53
u149684,9
u149732,25
u14979463,16
u149804,22
u149843,11
u149844,19
u149906,50
u149947,8
u15003249,8
u15012193,10
u150134,12
u150161,28
u150177,55
u150209,30
u150233,11
u150285,17
u150290,18
u150320,32
u15042204,7
u15043323,9
u150443,48
u150513,14
u150548,10
u150562,19
u150599,16
u15063859,11
u15065937,10
u150695,62
u150766,25
u150771,11
u15079211,10
u15080274,9
u15100846,8
u15102522,10
u151030,37
u151061,11
u15121827,12
u151283,22
u151330,29
u151348,9
u151380,26
u151411,16
u151488,15
u15151,44
u15170,20
u151724,57
u151818,138
u151840,12
u151869,30
u151898,9
u15190871,7
u151949,16
u15198645,19
u151994,59
u15200,8
u152023,8
u152057,24
u152083,9
u152117,59
u152151,13
u152245,15
u15229802,11
u152364,9
u152383,50
u15240795,8
u15250492,13
u152598,73
u152605,7
u152670,15
u152934,9
u152952,16
u152962,33
u152994,22
u153022,17
u153045,27
u153112,23
u153225,45
u15327745,11
u153302,51
u153331,8
u153354,12
u153357,33
u15342255,9
u153439,20
u153440,20
u15346534,15
u153482,15
u153525,59
u15364309,24
u153687,36
u153772,9
u153780,22
u153790,11
u153827,8
u153859,9
u153866,16
u153904,18
u15394027,8
u153944,20
u153984,25
u154003,18
u15401550,8
u154080,22
u154224,17
u154241,14
u15431901,7
u154331,12
u154392,14
u154447,6
u15444882,11
u154458,53
u154762,21
u15478878,13
u154789,25
u154807,12
u154922,22
u15495,18
u154952,13
u155073,25
u155192,10
u15528457,15
u15538204,12
u155527,44
u15562798,11
u155745,14
u155788,11
u155804,8
u15586,20
u155906,8
u155921,19
u155939,22
u156003,11
u15615555,8
u156163,31
u156180,21
u156261,39
u156347,97
u156386,26
u156406,17
u15644003,12
u156482,15
u156537,25
u15658169,7
u156602,13
u156607,15
u15665397,9
u15666013,8
u156690,15
u156741,15
u156776,17
u156797,15
u15680374,12
u156936,16
u157003,21
u15700636,8
u15703652,13
u157109,12
u157111,25
u157213,9
u157219,8
u15732058,10
u15732700,9
u157360,17
u157380,11
u157462,9
u157620,15
u157758,28
u15779033,9
u157854,30
u157865,13
u15787,9
u157873,51
u157885,20
u15789071,15
u157913,44
u157967,16
u158016,28
u158017,8
u158024,30
u158075,21
u158219,44
u158220,10
u158276,15
u15830193,10
u158303,24
u158422,10
u158478,8
u158481,14
u158498,70
u158509,56
u158570,13
u15866388,10
u158752,19
u158821,18
u158887,11
u159038,21
u159096,13
u159196,11
u15919697,11
u159207,9
u159212,23
u159265,38
u159380,20
u159437,79
u159485,90
u15951515,12
u15961543,12
u159679,14
u159750,21
u159828,17
u15996780,9
u160040,15
u160105,8
u160181,20
u160190,41
u160226,79
u160295,43
u160372,20
u160406,9
u160476,14
u160604,19
u160673,37
u160683,26
u160793,18
u160933,12
u160963,21
u160996,22
u16101739,7
u161024,38
u16103506,15
u161088,30
u16112332,7
u161135,16
u161183,10
u161190,18
u16131,20
u161326,14
u161428,38
u161458,87
u161704,28
u161751,36
u161808,23
u161874,12
u161895,44
u162003,36
u162093,25
u162107,132
u162130,29
u162145,46
u162150,25
u162179,23
u162197,8
u162202,32
u162224,12
u162257,71
u162290,15
u162410,11
u162415,22
u162487,28
u162679,12
u16272686,11
u162736,69
u162756,13
u162816,32
u162829,7
u162838,16
u16289,22
u16317255,11
u163335,50
u163412,12
u16343,7
u163447,10
u16348839,11
u16353173,11
u163583,27
u16361,13
u163664,17
u163726,8
u163813,28
u163825,38
u163849,11
u16392,11
u164021,15
u164030,27
u164037,30
u164051,11
u164052,10
u16416322,10
u16422112,10
u16430654,12
u164322,9
u164356,30
u164372,26
u164392,14
u164396,10
u164491,14
u164513,26
u164521,21
u16469664,7
u164822,12
u164872,29
u164934,66
u165046,10
u165148,67
u165190,10
u165357,8
u16538,26
u165418,33
u165493,11
u165517,40
u165524,49
u165532,43
u165555,15
u165601,37
u165646,9
u165678,10
u16589,10
u165935,11
u165974,16
u165998,16
u166023,17
u166038,13
u166301,13
u16633901,13
u166435,10
u166446,23
u166449,51
u166462,12
u166464,25
u166514,69
u166527,43
u166673,11
u166763,13
u166769,7
u166787,31
u16683,29
u166863,10
u166875,94
u16688,31
u166898,24
u167005,12
u167032,37
u16710343,9
u167124,18
u167165,72
u167213,44
u16727,13
u167398,12
u167482,17
u167532,13
u167606,66
u16768315,13
u167718,104
u167780,28
u167792,14
u167933,9
u167952,11
u167958,14
u168025,29
u168122,24
u168420,16
u168469,31
u168496,37
u168635,12
u168771,12
u168804,17
u168815,45
u168834,60
u16885507,9
u168949,13
u169290,23
u169295,11
u169323,9
u169331,43
u16935719,8
u169426,35
u169520,27
u169675,30
u169803,37
u169841,9
u169907,10
u169945,30
u169948,10
u169950,15
u170071,40
u170219,27
u170224,20
u170229,17
u17024442,9
u170245,43
u170284,20
u170323,13
u170329,63
u170400,13
u170469,30
u170477,13
u170485,10
u170668,22
u170694,9
u170810,11
u171043,19
u171053,18
u171116,36
u17114,10
u171188,11
u171214,9
u171233,10
u171292,18
u171326,56
u171328,13
u171351,10
u171356,12
u171378,60
u171588,14
u171844,12
u17192,17
u17194689,13
u171967,10
u172014,23
u172047,25
u172101,73
u172148,8
u172341,8
u172350,25
u172383,21
u172431,18
u172452,18
u172476,18
u172599,21
u172655,19
u172783,9
u172803,21
u172824,11
u172891,34
u17290837,10
u172937,98
u173028,13
u173154,14
u173193,18
u173250,27
u173312,28
u17333,24
u173341,15
u173347,13
u173448,8
u173487,8
u173528,11
u173564,19
u173580,19
u173603,21
u173741,11
u17375099,11
u173752,13
u173866,39
u173887,35
u173921,24
u173964,29
u173997,25
u174104,19
u17423074,10
u17424,20
u17425231,9
u174321,13
u174332,122
u174419,29
u174431,25
u174500,17
u17456157,12
u174805,6
u174816,15
u174818,16
u174908,36
u175297,12
u175374,23
u175452,23
u17547548,12
u175582,19
u17558684,6
u175942,18
u175946,18
u175974,12
u176003,22
u176026,15
u176058,16
u176297,9
u176309,23
u176400,37
u176404,9
u176456,22
u176652,19
u176653,13
u176819,15
u176901,12
u176919,30
u177018,12
u177045,11
u177134,14
u177440,43
u177558,11
u177615,31
u17762,25
u17776534,9
u177769,18
u17799828,9
u178092,16
u178137,35
u17814284,14
u178151,50
u178180,11
u1785,9
u178510,13
u178557,13
u178744,72
u178786,18
u178878,13
u17890527,12
u179028,16
u179061,25
u17916123,10
u179197,12
u179355,8
u17945,13
u179496,9
u179514,46
u179614,48
u179688,15
u179699,17
u179753,21
u179833,25
u179865,25
u17990,13
u17993457,7
u179945,16
u179977,24
u18000123,18
u180040,20
u180281,24
u180352,48
u180468,9
u180561,22
u180587,8
u180773,18
u180846,29
u180957,9
u180983,13
u181098,26
u181100,8
u181232,10
u181344,9
u181378,49
u181390,14
u181396,9
u18151786,9
u181634,77
u181657,13
u181702,32
u181746,11
u181775,7
u181849,9
u181879,13
u182015,21
u182136,55
u182217,11
u182236,25
u182281,8
u182389,47
u182576,17
u182579,11
u182625,17
u182638,12
u182671,35
u18282064,6
u18282115,10
u182848,14
u182885,20
u182924,88
u183011,12
u183051,24
u183141,23
u183247,13
u183289,11
u183340,83
u183467,10
u183538,10
u183914,73
u183944,10
u18395346,12
u183989,95
u184140,23
u184176,17
u18423854,26
u184254,33
u184367,19
u184376,10
u184479,8
u184482,16
u184559,20
u184582,19
u184853,10
u185069,15
u185165,24
u185221,30
u185287,24
u185291,36
u185308,36
u185508,9
u185575,17
u185576,16
u185596,11
u185714,36
u185723,38
u185755,31
u185886,10
u185925,28
u185952,11
u185983,11
u186140,11
u186268,10
u186336,15
u186357,18
u186479,33
u1865575,17
u1865576,14
u186558,52
u1865689,19
u1865695,15
u1865714,355
u1865719,30
u1865722,11
u1865781,18
u1865846,91
u1866064,10
u1866083,11
u1866086,18
u1866144,14
u1866276,37
u1866280,50
u1866340,18
u1866345,18
u186638,16
u1866453,56
u1866630,71
u1866713,27
u1866722,43
u1866752,22
u1866760,34
u186680,13
u1866870,37
u1866932,28
u1866995,11
u1867027,48
u1867048,30
u1867103,60
u1867134,34
u186732,9
u1867387,20
u1867435,27
u1867620,57
u186765,12
u1867671,44
u1867755,14
u1867853,10
u1867897,11
u1868018,17
u1868030,15
u1868082,22
u1868090,32
u1868173,14
u1868236,10
u1868268,29
u1868273,25
u1868300,11
u1868335,23
u1868342,56
u1868354,56
u1868488,10
u1868585,8
u1868587,29
u1868630,13
u1868676,13
u1868957,8
u1868960,42
u1869007,77
u1869084,7
u1869093,11
u1869217,11
u1869245,32
u1869263,57
u1869377,23
u1869422,95
u1869443,13
u1869458,30
u1869462,44
u1869511,36
u1869549,28
u1869564,89
u1869573,13
u1869591,19
u1869704,9
u1869707,44
u1869711,12
u1869814,81
u1869883,77
u1869893,17
u1869918,35
u186997,39
u1870079,16
u1870162,46
u1870163,35
u1870284,12
u1870305,35
u1870358,33
u1870412,9
u1870438,24
u1870439,41
u1870468,40
u187047,20
u1870496,17
u1870612,12
u187063,10
u1870633,66
u1870719,19
u1870753,48
u1870822,14
u1870918,19
u1871057,62
u1871163,9
u1871173,34
u1871193,13
u1871299,16
u1871386,8
u1871400,12
u1871441,22
u1871442,18
u1871477,190
u1871628,12
u1871648,30
u1871671,25
u1871701,14
u1871734,26
u1871795,16
u1871796,47
u1871842,30
u1871948,33
u1871953,36
u1871982,38
u1872033,50
u1872097,30
u1872123,10
u1872150,15
u1872359,12
u1872585,13
u1872599,47
u1872746,53
u1872758,19
u1872843,66
u1872913,12
u1872973,25
u1873066,39
u1873178,11
u187319,16
u187329,11
u1873314,34
u1873405,8
u1873510,7
u1873644,11
u1873683,43
u1873727,8
u187380,61
u1873920,21
u1873962,22
u1873992,161
u1874110,11
u1874181,16
u1874237,73
u1874277,31
u1874333,20
u1874339,35
u1874359,17
u1874389,15
u187441,40
u1874466,21
u187450,15
u1874518,54
u1874523,31
u1874536,57
u1874538,11
u1874576,29
u1874583,53
u1874683,25
u1874695,25
u1874698,20
u1874775,46
u1874850,16
u1874874,8
u1874981,67
u1874988,58
u1875063,13
u1875177,29
u1875288,14
u1875386,31
u1875464,15
u1875502,7
u1875560,22
u187565,12
u1875697,8
u1875886,63
u1876107,29
u1876143,45
u1876242,10
u1876269,57
u1876278,362
u1876339,29
u1876461,22
u1876473,14
u1876717,35
u1876762,20
u1876773,16
u1876776,34
u1876790,69
u1876810,31
u1876899,32
u1876962,46
u1876971,18
u1876990,282
u187703,13
u187709,13
u1877115,7
u1877307,61
u1877361,154
u1877423,50
u1877450,42
u1877468,26
u1877548,8
u1877692,27
u1877764,34
u1877822,14
u1877880,19
u1877928,11
u1877950,9
u1877971,97
u1877986,7
u1878000,29
u1878179,175
u1878180,19
u1878406,25
u1878435,33
u1878507,17
u1878538,31
u1878581,63
u1878638,20
u1878643,61
u1878708,34
u1878816,15
u1878872,149
u1878950,12
u1879171,71
u1879203,60
u1879217,9
u1879228,16
u1879229,51
u1879235,18
u1879278,12
u1879286,23
u1879289,25
u187933,15
u1879341,15
u1879364,15
u1879393,16
u1879559,39
u1879592,24
u1879685,12
u1879764,15
u187978,26
u1879882,193
u1879959,21
u1880016,22
u1880181,26
u1880230,15
u1880315,17
u1880411,12
u1880419,13
u1880454,37
u188060,27
u1880679,14
u1880729,12
u1880738,108
u1880883,18
u1880887,37
u1880913,105
u1880955,33
u1880988,22
u1880989,20
u1881028,9
u1881131,16
u1881205,55
u1881229,152
u188129,51
u1881309,45
u1881318,178
u1881330,24
u1881445,10
u1881520,57
u1881587,67
u1881625,11
u1881647,57
u188165,10
u1881653,33
u1881793,30
u1881825,36
u1881872,37
u1881926,36
u1881961,20
u1882043,15
u1882260,11
u1882278,62
u1882279,38
u1882315,21
u1882351,71
u1882432,19
u188245,16
u1882451,18
u1882452,14
u1882511,7
u1882571,33
u18826,13
u1882605,23
u1882735,50
u1882847,21
u188292,26
u1882974,54
u1883001,12
u1883055,46
u1883139,13
u1883203,40
u1883228,18
u1883396,28
u1883441,7
u18835,12
u1883511,27
u1883541,20
u1883567,40
u1883569,38
u1883616,28
u1883627,21
u1883726,15
u1883785,25
u1883881,87
u1883899,18
u1884190,84
u188425,13
u1884323,20
u1884364,42
u1884389,11
u1884408,128
u1884671,12
u1884770,123
u1884784,23
u1884810,12
u1884845,39
u1884872,34
u1884988,29
u1885027,46
u18850632,12
u1885110,27
u1885179,9
u1885258,10
u1885386,17
u1885447,45
u1885516,19
u1885609,116
u1885661,14
u1885804,26
u1885857,9
u1885882,12
u1885923,153
u1885981,30
u1886068,21
u1886114,10
u1886181,12
u188621,43
u1886287,38
u1886290,31
u1886363,13
u1886407,19
u188644,22
u1886527,21
u1886559,19
u1886601,16
u1886617,16
u1886659,22
u1886690,16
u1886718,9
u1886744,31
u1886821,8
u1886855,7
u1886907,35
u1887007,57
u1887262,9
u188729,12
u1887546,14
u1887555,103
u1887559,12
u1887600,10
u1887602,24
u1887666,12
u1887726,9
u1887789,12
u1887808,13
u1887933,72
u1888001,11
u1888053,8
u1888110,19
u1888135,31
u188815,10
u1888191,30
u1888441,18
u1888521,30
u1888526,10
u1888676,14
u1888709,87
u1888799,20
u1888836,30
u1888860,57
u1888861,57
u1888942,21
u1889027,29
u1889047,17
u1889166,11
u1889196,31
u188921,15
u1889234,168
u1889377,29
u1889407,16
u1889450,12
u1889455,16
u188955,13
u1889567,18
u1889568,74
u1889588,12
u1889630,14
u1889722,35
u1889780,15
u188979,12
u1889795,6
u1889939,81
u1889962,41
u1889966,10
u1890042,18
u1890106,20
u1890121,10
u1890203,34
u1890244,32
u1890305,11
u1890480,13
u1890530,15
u1890587,18
u1890630,20
u1890639,43
u1890640,25
u1890642,15
u1890671,56
u1890799,15
u1890907,10
u1890981,11
u1891071,30
u1891256,102
u1891266,63
u1891297,92
u1891416,11
u1891537,24
u1891553,10
u189166,40
u1891822,37
u1891836,93
u189189,13
u189190,37
u1892035,33
u1892051,16
u1892084,8
u1892111,16
u1892328,11
u1892459,12
u1892483,9
u1892619,44
u1892732,14
u1892740,13
u1892743,16
u1892827,29
u1892849,32
u1892998,7
u1893015,22
u1893032,15
u1893055,17
u1893207,10
u1893324,9
u189342,12
u1893453,33
u1893463,11
u1893474,48
u1893490,24
u1893519,18
u1893582,10
u1893649,8
u1893659,37
u1893669,7
u1893677,71
u1893701,46
u1893715,14
u1893722,69
u1893775,61
u1893817,97
u1893829,43
u1893858,19
u1893860,27
u1893983,13
u189400,19
u1894056,32
u1894068,88
u1894114,17
u1894171,37
u189421,21
u1894228,28
u1894255,14
u1894268,12
u1894273,17
u189429,17
u1894304,24
u1894315,8
u1894359,17
u18944122,11
u1894464,44
u1894497,44
u1894557,32
u1894603,36
u1894614,14
u1894700,26
u1894739,10
u1894771,47
u1894823,17
u1894873,20
u1894888,38
u1895047,75
u1895100,10
u1895175,12
u1895361,73
u1895366,9
u1895439,17
u1895492,60
u1895518,11
u1895519,13
u1895749,58
u1895800,73
u1895848,9
u1895893,47
u1896024,51
u1896031,12
u1896261,44
u1896329,8
u1896364,16
u189639,19
u1896412,25
u1896493,36
u1896583,23
u1896626,57
u1896732,18
u1896753,127
u1896804,19
u1896820,30
u1896822,11
u1896848,9
u1896874,31
u1896898,28
u1896919,25
u1896926,68
u1897024,19
u1897047,14
u1897074,12
u1897108,19
u1897124,18
u1897181,40
u1897434,16
u1897509,24
u1897596,93
u1897625,32
u189764,9
u1897739,15
u1897883,17
u1897923,39
u1897951,20
u1897988,13
u1898081,13
u1898174,12
u1898202,18
u1898251,21
u1898274,12
u1898280,25
u1898302,25
u1898374,11
u1898382,149
u1898391,54
u1898392,19
u1898501,24
u1898577,14
u1898589,64
u1898628,10
u1898656,16
u1898690,23
u1898704,61
u1898719,53
u1898740,15
u1898807,100
u1898808,12
u1898844,18
u1898849,15
u1898902,57
u1898949,25
u1899025,13
u1899122,14
u1899158,10
u189917,12
u1899209,17
u1899234,9
u189929,27
u1899361,15
u1899585,10
u1899644,32
u1899757,60
u1899836,40
u1899855,13
u1899877,16
u1899886,14
u1899974,46
u1900083,10
u1900162,10
u1900269,8
u1900317,30
u1900346,29
u1900367,22
u1900375,44
u1900427,32
u1900445,12
u1900678,14
u1900690,12
u1900762,10
u1900852,33
u1900905,70
u1900977,11
u1900982,15
u1901029,18
u1901122,11
u1901150,360
u1901201,8
u1901268,18
u1901297,25
u1901398,24
u1901484,165
u1901672,9
u1901681,9
u1901763,9
u1901773,86
u1901808,55
u1901980,39
u1902031,24
u1902070,31
u1902160,9
u1902302,10
u1902347,31
u1902384,25
u1902491,14
u1902505,19
u1902539,22
u1902625,44
u1902629,42
u1902642,22
u1902663,11
u1902675,23
u1902713,28
u1902756,19
u1902802,39
u1902954,39
u1902957,10
u1902965,18
u1902991,14
u190307,62
u1903080,7
u1903089,34
u1903099,106
u1903162,18
u1903220,28
u1903255,20
u1903269,9
u1903372,9
u1903400,8
u1903604,17
u1903605,9
u1903610,11
u1903628,35
u1903676,33
u1903721,105
u1903727,15
u1903804,105
u1903851,70
u190391,11
u1903965,14
u1904018,94
u1904041,32
u190406,25
u1904094,13
u1904119,22
u190412,11
u1904124,12
u1904127,70
u1904458,25
u1904673,42
u1904761,23
u1904847,49
u1904861,15
u1904914,56
u1904933,11
u1904977,13
u19050224,9
u1905206,99
u1905226,8
u1905273,14
u1905463,13
u1905505,61
u1905518,49
u1905571,28
u1905582,22
u1905584,28
u1905587,32
u1905595,12
u1905596,158
u1905647,16
u1905792,13
u1905832,35
u1905877,74
u1905884,13
u1905909,79
u190591,15
u1905963,21
u1905974,21
u190601,9
u1906021,20
u1906118,9
u190614,24
u1906159,40
u1906450,95
u1906472,53
u1906487,17
u1906513,24
u1906520,45
u1906546,37
u1906573,8
u1906590,55
u1906648,40
u1906652,48
u1906671,40
u1906752,37
u1906949,55
u1906950,26
u1906957,72
u1907065,36
u1907129,15
u1907212,82
u190736,14
u1907399,86
u1907401,19
u1907428,91
u1907533,27
u1907697,239
u1907793,12
u1907979,67
u1907985,45
u1908087,10
u1908109,15
u1908197,14
u1908208,63
u1908235,10
u1908499,55
u1908577,16
u1908601,11
u1908620,9
u1908661,42
u1908684,66
u1908780,10
u190881,24
u190885,12
u1908884,143
u1908896,36
u1908933,7
u1908981,58
u1909168,53
u1909200,72
u1909205,31
u1909212,33
u1909230,12
u1909345,31
u190938,6
u1909385,14
u1909409,9
u1909515,23
u1909564,408
u1909600,12
u1909631,97
u1909734,18
u1909740,29
u1909742,79
u1909927,127
u1909950,17
u1909979,11
u1910003,24
u1910042,26
u1910112,11
u1910153,48
u1910189,10
u1910258,15
u1910346,36
u1910389,12
u1910397,18
u1910485,13
u1910507,79
u1910532,10
u1910539,35
u1910560,9
u1910689,51
u1910782,48
u1910837,14
u1910899,19
u1910913,16
u1910938,13
u1911006,12
u1911067,32
u1911278,99
u1911309,14
u1911312,26
u1911345,73
u1911422,15
u1911439,13
u191145,68
u1911517,11
u1911585,10
u1911623,15
u1911669,82
u1911677,71
u1911690,21
u1911779,52
u1911798,9
u1911856,23
u1912017,13
u1912071,22
u1912136,7
u1912206,21
u1912239,111
u1912271,10
u191231,23
u1912330,13
u1912333,108
u1912401,14
u1912487,54
u1912536,10
u1912560,8
u1912757,71
u191309,10
u1913185,30
u1913197,59
u1913262,10
u1913305,9
u1913445,143
u1913479,16
u1913576,14
u1913626,35
u1913680,27
u1913686,13
u1913736,13
u1913757,42
u1913786,21
u1913817,109
u1913843,23
u1913986,25
u1913996,35
u1913998,21
u1914018,11
u1914060,61
u1914170,57
u1914218,94
u1914234,36
u1914237,17
u1914277,9
u1914406,12
u1914415,19
u1914535,31
u1914538,36
u1914580,71
u1914606,16
u1914659,18
u1914748,13
u1914792,19
u1914830,14
u1914837,11
u1914847,12
u1914865,61
u1914936,14
u1914978,33
u1915196,23
u1915236,9
u1915271,10
u1915282,31
u1915329,56
u1915406,77
u1915627,24
u1915737,12
u1915836,15
u1915855,9
u1915985,9
u1916052,15
u1916123,18
u1916324,10
u1916342,7
u1916407,25
u1916485,13
u1916498,77
u1916500,15
u191656,25
u1916626,39
u1916640,8
u1916685,39
u1916753,61
u1916761,17
u1916798,16
u1916819,9
u1916907,8
u1916965,39
u19170,12
u1917074,47
u1917146,44
u1917197,44
u1917284,40
u1917409,42
u1917420,269
u1917430,35
u1917432,6
u1917596,26
u1917636,7
u1917684,105
u1917721,13
u1917738,28
u1917783,20
u1917878,11
u1917880,13
u1917891,20
u1917911,12
u1917935,66
u1918034,31
u1918043,17
u1918081,49
u1918082,57
u1918176,42
u1918239,15
u191831,12
u1918539,42
u1918561,23
u1918595,24
u1918630,43
u1918639,8
u1918643,20
u1918712,15
u1918731,20
u1918739,17
u1918761,18
u1918807,165
u1918831,15
u1919068,51
u1919072,18
u1919176,22
u1919209,12
u1919266,227
u1919277,27
u1919328,27
u1919377,24
u1919387,11
u1919464,80
u1919573,85
u1919582,37
u1919607,11
u1919661,17
u1919672,21
u1919680,10
u1919686,79
u1919810,39
u1919930,13
u192000,11
u1920055,46
u1920079,74
u1920172,37
u1920177,151
u1920230,20
u1920258,9
u1920363,9
u1920491,20
u1920497,59
u1920614,22
u1920646,23
u1920719,18
u1920766,21
u1920777,14
u1920787,126
u1920833,77
u1920841,19
u1920844,11
u1920873,15
u192090,65
u1920939,9
u1920989,9
u1921015,26
u1921039,75
u1921132,15
u1921142,20
u1921148,20
u1921155,42
u1921198,17
u1921203,12
u1921260,20
u1921367,7
u1921428,20
u1921560,13
u192161,7
u1921617,241
u1921638,26
u1921705,24
u1921712,12
u192172,12
u1921754,42
u192178,20
u1921875,10
u1921892,11
u1922071,125
u1922129,23
u1922148,74
u1922205,13
u1922217,41
u1922239,15
u1922302,102
u1922391,23
u1922400,16
u192241,17
u192246,37
u1922462,12
u1922473,17
u1922559,32
u1922606,10
u1922857,91
u192301,11
u1923015,8
u1923079,44
u1923151,118
u1923201,17
u1923265,12
u19233,13
u1923346,29
u1923348,72
u192337,32
u1923397,23
u1923474,100
u192352,37
u1923647,10
u1923660,32
u1923719,29
u1923729,7
u1923750,43
u1923798,69
u1923817,17
u192382,15
u1924091,310
u1924162,69
u192421,20
u1924234,22
u192434,13
u1924356,16
u1924397,9
u192443,15
u1924448,11
u1924495,26
u1924567,84
u1924646,75
u1924669,80
u1924691,18
u1924743,49
u1924768,27
u1924932,11
u192507,13
u1925140,13
u1925177,31
u1925192,12
u1925211,11
u1925232,34
u1925256,24
u1925283,129
u1925287,39
u1925288,10
u1925306,20
u1925362,36
u1925389,16
u1925480,8
u1925548,22
u1925566,9
u1925616,30
u1925742,79
u1925760,31
u1925812,21
u1925885,141
u192589,9
u1925899,24
u1925913,7
u1925954,16
u1925983,26
u1926064,62
u1926077,8
u1926085,67
u1926173,56
u1926183,9
u1926243,36
u1926436,67
u1926448,33
u1926455,10
u1926463,103
u1926481,9
u1926503,43
u1926507,8
u1926575,22
u192659,47
u1926709,58
u1926747,32
u1926751,27
u1926766,80
u1926772,17
u1926837,16
u1926907,12
u1926924,13
u1926925,17
u1927190,14
u1927248,9
u1927263,10
u1927329,9
u1927344,36
u1927347,34
u1927358,19
u1927410,26
u1927466,14
u192759,31
u1927660,18
u1927735,174
u1927742,9
u1927812,79
u1927856,10
u1928243,153
u1928278,20
u1928439,32
u1928468,76
u1928472,9
u1928479,12
u1928557,48
u1928720,22
u1928753,14
u1928758,11
u1928793,41
u192880,24
u1928845,26
u1928860,12
u1928873,11
u1928887,41
u1928896,17
u1928905,8
u1929027,154
u1929049,21
u1929051,18
u1929170,13
u1929174,9
u1929187,11
u1929189,21
u1929333,57
u1929393,20
u1929483,16
u1929542,16
u1929547,14
u1929549,46
u1929595,22
u1929610,13
u1929711,19
u1929752,17
u1929790,13
u1929873,22
u1929965,14
u1930128,10
u1930190,94
u1930199,33
u1930278,12
u1930460,28
u1930479,10
u1930538,77
u1930584,64
u1930586,74
u1930683,13
u193078,41
u1930886,15
u1930957,58
u1931019,25
u1931196,74
u193127,11
u193165,10
u1931811,71
u1931828,42
u1931852,17
u1931921,50
u1932033,19
u1932109,31
u193214,10
u1932176,13
u1932207,12
u1932251,22
u1932382,31
u1932444,29
u1932478,241
u1932500,34
u1932528,14
u1932550,34
u1932669,51
u1932771,25
u1932823,8
u1932857,117
u1932886,77
u1932927,20
u1932941,34
u1932986,96
u1933153,89
u1933176,19
u1933253,7
u1933291,14
u1933300,60
u1933305,16
u1933308,16
u1933379,71
u193370,12
u1933727,8
u1933786,56
u1933813,40
u1933863,17
u1933894,13
u1933897,51
u1933907,11
u1933943,9
u1933944,12
u1934040,24
u1934054,12
u1934190,122
u1934304,21
u1934333,28
u193436,22
u1934390,16
u1934503,27
u1934513,14
u1934561,70
u1934595,37
u1934663,33
u1934668,52
u1934681,15
u1934727,45
u1934741,59
u1935094,28
u1935184,66
u1935227,27
u1935283,21
u1935335,9
u1935370,32
u1935388,30
u1935422,28
u1935436,13
u1935512,34
u1935547,18
u1935660,14
u193582,10
u1935825,51
u193585,12
u1935932,18
u1935941,12
u1935955,14
u1936045,12
u1936119,27
u1936122,9
u1936268,19
u1936271,17
u1936284,18
u1936352,38
u1936372,13
u1936404,12
u193641,21
u1936436,20
u1936460,14
u1936509,11
u1936556,11
u1936560,14
u1936607,28
u1936655,12
u1936706,17
u1936852,22
u1936860,19
u1936993,100
u1937329,9
u1937379,12
u1937413,23
u1937482,15
u1937490,13
u1937543,22
u1937606,21
u193765,28
u1937672,16
u1937959,15
u1937984,18
u1938043,14
u1938092,50
u193814,23
u1938192,76
u1938345,13
u1938530,21
u1938552,11
u193856,26
u1938640,89
u1938680,33
u1938829,26
u1939039,33
u19391,32
u1939103,20
u1939121,29
u1939143,13
u1939255,44
u1939270,6
u1939273,68
u1939386,35
u1939488,36
u1939505,6
u1939529,56
u1939547,51
u1939616,28
u1939685,36
u1939699,27
u1939718,76
u1939734,22
u1939781,20
u193982,9
u1939845,7
u1940056,14
u1940277,29
u1940332,89
u1940392,12
u1940399,52
u1940620,86
u1940642,50
u1940668,29
u1940677,10
u1940759,10
u1940839,13
u1940902,12
u1940954,25
u1941019,40
u1941029,16
u1941167,12
u1941182,17
u1941196,38
u1941270,20
u1941292,28
u194131,43
u1941316,11
u1941463,50
u1941483,50
u1941665,54
u1941738,11
u1941770,51
u1941821,14
u1941923,27
u1941966,15
u1941989,90
u1942000,15
u1942013,33
u1942034,45
u1942052,18
u1942085,9
u1942194,16
u1942344,26
u1942346,20
u1942366,34
u1942461,9
u194258,32
u194260,20
u1942613,33
u194265,16
u1942658,35
u1942760,16
u1942844,30
u1942872,25
u1942914,19
u1943057,23
u1943179,10
u1943198,16
u1943199,8
u1943275,9
u1943279,9
u1943284,8
u1943497,9
u1943503,42
u1943529,42
u1943607,58
u1943650,21
u1943743,49
u1943784,9
u1943798,75
u1943894,9
u1943908,88
u1943934,40
u1943953,22
u194413,9
u1944138,9
u1944142,17
u1944208,29
u1944268,12
u1944297,177
u1944354,101
u1944359,55
u1944378,27
u1944384,19
u1944476,105
u1944486,41
u1944531,55
u1944648,20
u1944733,12
u1944749,23
u1944803,49
u1944851,14
u1944906,19
u1944936,10
u1944955,24
u1945148,16
u1945150,12
u1945246,42
u1945247,15
u1945255,91
u1945270,35
u1945276,18
u1945289,11
u1945298,13
u1945387,19
u1945441,13
u1945595,53
u1945618,10
u1945677,12
u1945684,35
u1945687,14
u1945766,13
u1945873,10
u1945933,38
u1945949,52
u1945960,25
u1945968,33
u1945992,10
u1946008,9
u1946023,14
u194606,33
u1946138,67
u1946193,17
u1946209,24
u1946212,21
u1946234,7
u1946287,41
u1946417,50
u1946450,24
u1946453,11
u1946530,29
u1946556,17
u1946626,74
u194671,17
u1946747,12
u1946880,61
u1946915,135
u1946963,14
u1946986,17
u1947130,11
u1947132,42
u1947177,9
u1947181,17
u1947268,17
u1947341,8
u1947377,63
u1947387,16
u1947419,11
u1947422,11
u1947463,42
u1947476,7
u1947549,26
u1947562,9
u1947593,57
u1947731,11
u1947739,80
u1947882,22
u1947904,8
u1948095,24
u1948153,23
u1948173,10
u1948284,13
u1948358,34
u1948391,17
u194840,17
u19484979,8
u1948504,25
u1948514,11
u1948547,7
u194859,70
u1948599,7
u194860,20
u1948665,21
u1948804,72
u1948889,13
u1949084,25
u1949565,31
u1949597,14
u194968,10
u1949690,11
u1949748,22
u1949781,49
u194984,45
u1949851,13
u1949887,12
u1949929,16
u1949982,39
u1950071,32
u195013,18
u1950225,51
u1950344,10
u1950416,66
u1950438,27
u1950497,12
u1950547,64
u1950620,44
u1950685,10
u195072,21
u1950793,14
u1950871,25
u1950945,59
u1951174,6
u1951242,41
u1951270,46
u1951287,31
u1951310,31
u1951385,10
u1951436,22
u1951646,48
u1951712,34
u1951730,12
u1951743,14
u1951751,46
u1951947,19
u1952014,70
u1952039,24
u1952125,38
u1952126,19
u1952145,24
u1952239,41
u1952270,11
u1952323,10
u1952410,52
u1952413,13
u1952455,9
u1952671,41
u1952700,80
u1952805,21
u1952864,14
u1953006,81
u1953030,16
u1953052,9
u1953071,16
u195313,23
u1953240,47
u1953313,34
u1953380,64
u1953438,64
u195350,12
u1953589,14
u1953617,30
u1953679,38
u1953686,15
u1953700,13
u1953719,83
u1953818,7
u1953822,21
u1953920,6
u1953954,63
u1954033,18
u195404,14
u1954131,50
u1954174,29
u1954206,43
u1954265,18
u1954295,48
u195431,21
u1954325,10
u1954350,47
u1954394,12
u1954448,21
u1954468,34
u1954517,46
u1954587,11
u1954588,94
u1954601,14
u1954811,10
u1954942,12
u1954959,158
u1954966,12
u1954993,34
u1955002,27
u1955009,108
u1955120,33
u1955130,51
u1955161,12
u1955180,35
u1955198,14
u1955409,40
u1955482,11
u1955536,23
u1955580,29
u1955584,12
u1955603,15
u1955663,8
u1955883,77
u1955888,9
u1955955,13
u1955972,10
u1956048,43
u1956133,12
u1956241,38
u1956354,12
u1956377,11
u1956480,39
u1956482,50
u1956507,13
u1956534,12
u1956574,15
u1956592,7
u1956764,16
u1956832,18
u1956864,10
u1956925,11
u1956962,9
u1957024,32
u1957043,20
u1957262,48
u1957295,26
u1957366,7
u1957450,10
u1957453,31
u1957466,12
u1957491,55
u1957521,8
u1957527,9
u1957542,253
u1957670,21
u1957710,27
u1957838,38
u1957854,14
u1957870,37
u1957876,97
u1957943,10
u1958037,19
u1958096,15
u1958119,23
u1958194,11
u1958246,19
u1958280,65
u1958295,25
u1958324,6
u1958326,111
u1958418,24
u1958432,14
u1958446,18
u1958461,13
u1958480,13
u1958649,64
u1958651,50
u1958725,15
u1958778,19
u1958873,27
u1958941,55
u195899,19
u1959024,37
u1959058,7
u1959100,13
u195918,13
u1959308,18
u1959385,24
u1959388,16
u1959414,18
u1959442,40
u1959443,63
u1959511,53
u1959552,13
u1959588,36
u1959634,39
u1959649,7
u1959686,14
u1959859,41
u1959923,11
u1960060,133
u1960092,11
u1960102,20
u1960124,19
u1960155,56
u1960262,11
u1960350,9
u196038,15
u1960404,12
u1960417,21
u1960489,23
u1960508,37
u196052,40
u1960575,25
u1960580,18
u1960597,18
u1960712,22
u1960730,16
u1960763,31
u1960764,21
u1960845,12
u1961223,18
u196126,32
u1961265,36
u1961276,16
u1961300,13
u1961452,30
u1961612,34
u1961615,25
u1961824,50
u196185,9
u1961851,20
u1961905,38
u1961914,24
u1961972,24
u1962024,24
u1962072,26
u1962108,31
u1962286,16
u1962321,13
u1962346,23
u1962374,21
u1962378,28
u1962401,12
u1962404,25
u1962416,10
u1962442,34
u1962481,7
u196251,10
u196255,25
u1962553,19
u1962571,15
u1962618,10
u1962627,15
u1962640,59
u19626982,8
u1962704,92
u1962741,19
u1962800,13
u196282,37
u1962925,111
u1962963,13
u1962975,27
u1963014,8
u1963018,50
u1963052,21
u1963064,37
u1963150,6
u1963152,10
u1963180,14
u1963281,26
u1963338,27
u1963344,17
u1963363,30
u1963374,36
u1963398,22
u1963505,15
u1963513,65
u1963532,10
u1963538,52
u1963606,22
u1963645,32
u1963691,27
u1963712,39
u1963741,16
u1963873,14
u1963897,11
u1963911,12
u1963919,7
u1964044,42
u1964067,10
u1964118,8
u1964153,25
u1964167,86
u1964181,9
u1964220,29
u1964272,21
u1964295,10
u196446,11
u1964464,16
u1964481,47
u1964499,31
u1964518,39
u1964587,16
u1964633,32
u1964654,25
u1964665,10
u1964702,9
u1964718,27
u1964736,39
u1964757,33
u1964825,24
u1964902,18
u1965108,108
u1965149,40
u1965156,58
u1965179,25
u1965181,33
u1965193,27
u1965196,16
u1965262,26
u1965264,25
u196541,15
u1965500,26
u1965603,35
u1965717,11
u19658,17
u196581,14
u1965925,16
u1965938,11
u1965981,20
u1965994,12
u1966004,37
u1966027,8
u1966075,10
u1966105,55
u19662,13
u1966255,14
u1966281,13
u1966342,94
u1966345,14
u1966400,25
u1966468,25
u1966516,38
u1966762,7
u1966788,12
u1966854,28
u1967019,14
u1967095,33
u1967103,15
u1967110,19
u1967154,22
u1967224,40
u1967230,12
u1967282,18
u19672926,10
u1967392,196
u1967421,9
u1967443,9
u1967463,44
u1967469,46
u1967480,62
u1967485,30
u1967627,15
u1967660,22
u1967664,31
u1967682,21
u1967754,13
u1967840,7
u1967908,8
u1967956,22
u1967980,18
u196807,9
u196814,21
u1968164,21
u1968215,44
u1968269,44
u1968282,28
u1968368,14
u1968410,76
u1968434,9
u1968503,13
u1968688,18
u1968716,33
u1968719,18
u1968748,24
u1968772,14
u1968773,99
u1968794,43
u1968844,14
u1968986,11
u1969012,59
u1969075,32
u1969201,19
u1969239,30
u1969240,12
u1969308,54
u1969322,96
u1969353,75
u1969423,11
u1969439,102
u1969481,22
u1969547,19
u1969584,35
u1969655,27
u1969684,13
u1969774,14
u1969835,89
u1969841,45
u1969903,12
u197000,13
u197001,10
u1970023,30
u1970045,12
u1970089,10
u1970093,11
u1970130,14
u1970134,17
u1970146,10
u1970194,11
u1970205,15
u1970235,8
u1970312,123
u1970313,21
u1970318,20
u1970321,208
u197033,13
u1970399,19
u1970475,34
u1970513,112
u1970567,24
u197063,27
u1970741,64
u1970789,32
u1970791,71
u1970896,32
u1970969,16
u1971097,27
u1971132,8
u1971133,16
u1971211,19
u1971317,10
u1971340,16
u1971444,14
u1971454,15
u1971493,64
u1971518,16
u1971553,108
u1971583,42
u1971666,12
u1971828,20
u1971859,13
u1971875,198
u1972021,75
u1972096,61
u1972101,10
u1972129,34
u1972168,84
u1972252,17
u1972267,19
u1972362,12
u1972368,8
u1972390,14
u1972525,15
u1972649,19
u1972673,40
u1972705,30
u1972831,21
u1972859,31
u197295,20
u1973003,22
u1973004,22
u197301,11
u197313,14
u1973216,14
u1973299,24
u1973319,22
u1973353,44
u1973382,60
u1973465,16
u1973495,36
u197362,19
u1973638,11
u1973800,63
u1973836,87
u1973952,11
u1973969,12
u1973981,40
u1974115,42
u1974170,32
u1974193,35
u1974218,48
u1974243,11
u1974258,61
u1974268,17
u1974298,50
u1974473,11
u1974574,24
u1974654,20
u1974672,11
u1974681,37
u1974704,22
u1974709,34
u1974856,23
u1975029,21
u1975034,11
u1975131,95
u1975138,21
u1975192,26
u1975228,15
u1975264,31
u1975276,13
u1975310,38
u197535,11
u1975365,16
u1975536,60
u1975590,15
u1975643,25
u1975649,7
u1975801,23
u1975818,14
u1975821,21
u1975987,43
u1975989,14
u1976103,15
u1976107,10
u1976122,10
u1976138,32
u1976180,6
u1976194,42
u1976203,24
u1976295,28
u1976304,15
u1976597,19
u1976607,45
u1976641,36
u1976643,26
u1976712,10
u197686,17
u1976986,18
u1977019,10
u1977170,11
u1977192,16
u1977230,29
u1977320,11
u1977323,20
u1977351,24
u197748,33
u1977519,25
u1977621,21
u1977656,79
u197768,10
u1977698,90
u1977713,22
u1977786,23
u1977802,15
u1977883,11
u1977932,16
u1977972,26
u1977992,71
u1978036,61
u1978099,10
u1978141,10
u1978145,20
u197831,14
u1978434,110
u1978522,36
u1978704,8
u1978792,28
u1978848,57
u1978992,10
u1979012,37
u1979016,17
u1979109,17
u1979147,69
u1979179,16
u1979204,8
u1979293,42
u1979357,28
u1979415,17
u1979416,9
u1979484,21
u1979491,67
u1979555,11
u1979618,11
u1979729,38
u1979792,20
u1979794,10
u1979892,23
u1979905,7
u1979948,13
u1979987,11
u1980036,60
u1980046,8
u1980065,11
u198013,25
u1980157,8
u1980209,10
u1980403,11
u1980417,10
u1980464,26
u1980484,35
u1980492,15
u1980554,32
u1980593,11
u1980613,42
u1980633,15
u1980649,15
u1980823,32
u1980907,25
u1980942,25
u1980944,19
u1981132,12
u1981188,39
u1981274,15
u1981287,13
u198131,8
u1981323,13
u1981437,100
u1981466,119
u1981651,20
u1981659,30
u1981739,13
u1981751,20
u1981780,148
u1981781,14
u198184,13
u198185,13
u1981950,23
u1982002,9
u1982006,8
u1982026,12
u1982074,9
u198219,13
u1982201,18
u1982215,42
u1982295,68
u1982392,38
u1982414,15
u1982456,11
u1982483,19
u1982584,18
u1982627,12
u1982881,60
u1982945,17
u1982952,16
u1982960,31
u1982969,19
u1983035,16
u1983074,14
u198309,16
u1983092,10
u1983097,46
u1983176,13
u1983243,26
u1983244,21
u1983369,24
u1983400,84
u1983422,37
u1983623,25
u198364,8
u1983640,61
u1983715,8
u1983727,17
u1983778,13
u1983866,14
u1983876,20
u198391,18
u1983917,17
u1984005,14
u1984108,29
u1984148,9
u1984153,15
u1984214,10
u1984266,57
u198430,31
u1984356,73
u1984400,8
u1984419,34
u1984423,19
u1984430,38
u1984606,58
u1984678,35
u1984738,28
u1984760,48
u1984851,14
u1984974,15
u1985259,25
u1985287,6
u1985357,84
u1985392,89
u1985423,62
u1985446,17
u1985572,10
u1985654,26
u1985674,175
u1985706,44
u1985829,8
u1985853,19
u1985857,13
u1985974,13
u1986054,17
u1986102,14
u1986103,44
u1986111,106
u1986209,38
u1986269,16
u1986283,8
u1986293,41
u1986312,126
u1986450,14
u1986473,9
u1986485,26
u198656,9
u1986577,18
u1986663,26
u1986689,52
u1986783,32
u1986886,26
u1986962,45
u1987024,11
u1987057,14
u1987125,9
u1987170,52
u1987249,13
u1987250,12
u1987451,166
u1987552,39
u1987558,90
u1987619,41
u1987683,14
u1987697,18
u1987720,43
u1987740,42
u1987761,10
u1987774,15
u1987782,32
u1987823,50
u1987846,11
u1987898,20
u1987961,55
u1988038,25
u1988068,19
u1988091,20
u1988095,39
u1988143,11
u1988238,7
u1988269,15
u1988344,35
u1988465,33
u1988472,10
u1988509,44
u1988636,11
u1988729,31
u1988739,80
u1988760,74
u1988794,45
u1988874,10
u1989118,22
u1989174,13
u1989279,71
u1989319,37
u1989376,60
u1989414,15
u1989446,9
u1989595,7
u1989597,24
u1989607,62
u1989615,46
u1989649,14
u1989702,16
u1989708,34
u1989735,15
u198979,18
u1989850,19
u1989851,16
u1989913,12
u1989982,9
u1989987,18
u1990055,74
u1990143,8
u1990310,21
u1990331,28
u1990335,12
u1990344,125
u1990351,62
u1990402,15
u1990414,24
u1990422,43
u1990491,16
u1990495,34
u1990497,53
u1990533,27
u1990596,13
u1990603,6
u1990622,34
u1990626,59
u1990865,65
u1991014,87
u1991048,84
u1991092,35
u1991102,20
u1991229,16
u1991271,56
u1991354,35
u1991467,8
u1991525,73
u1991600,14
u1991638,83
u1991660,13
u1991824,35
u1991895,38
u1991914,29
u1992026,71
u1992233,16
u1992251,109
u1992269,60
u199239,53
u1992430,12
u1992479,8
u199259,9
u1992617,102
u1992623,19
u1992697,19
u1992781,32
u1992813,14
u199292,15
u1993049,40
u1993073,17
u1993177,18
u1993179,12
u1993194,103
u1993240,53
u1993264,218
u1993300,39
u1993377,17
u1993519,22
u1993557,7
u1993627,33
u1993634,8
u1993664,27
u1993744,21
u1993809,11
u1993866,14
u1993871,207
u1993898,16
u1993985,12
u1994062,18
u1994064,14
u1994068,13
u1994143,51
u1994198,10
u1994203,13
u1994229,12
u1994289,65
u1994388,14
u19945,41
u1994551,23
u1994647,49
u1994709,11
u1994748,121
u1994774,16
u1994800,12
u1994841,29
u1994849,53
u1994923,18
u1994930,12
u1994933,15
u1994949,23
u1994964,40
u1995004,17
u1995127,13
u1995155,12
u1995387,25
u1995473,35
u1995536,16
u199562,9
u1995682,11
u1995711,6
u1995735,61
u1995741,68
u1995795,15
u1995885,7
u1995893,35
u1996001,15
u199612,23
u1996158,11
u1996165,11
u1996287,70
u1996422,19
u1996453,17
u1996457,12
u1996463,11
u1996594,11
u1996643,7
u1996754,32
u1996791,68
u1996868,11
u1996978,57
u1997050,41
u1997102,28
u1997139,18
u1997172,13
u1997201,15
u1997204,46
u1997280,8
u1997290,15
u1997361,15
u1997452,20
u1997602,22
u1997690,97
u1997700,22
u1997702,31
u1997707,61
u1997708,10
u1997816,22
u1997835,34
u1997914,8
u1997926,12
u1997956,23
u1998156,29
u1998235,10
u1998250,33
u1998300,8
u1998355,12
u1998377,16
u1998414,31
u1998434,59
u1998499,13
u1998600,8
u1998712,10
u1998722,16
u1998825,111
u1998843,39
u199885,12
u1998874,21
u1999113,15
u1999183,16
u1999266,11
u1999376,17
u1999463,18
u1999492,21
u1999551,23
u1999613,58
u1999645,9
u1999715,15
u1999717,7
u1999721,170
u1999776,12
u1999809,25
u1999890,11
u1999919,12
u1999960,12
u1999976,12
u2000005,64
u2000008,37
u2000015,33
u2000122,63
u200014,10
u2000147,11
u2000275,37
u2000346,18
u2000386,24
u2000395,102
u2000489,10
u2000555,35
u2000557,12
u2000641,84
u2000665,19
u2000675,39
u2000766,90
u2000776,8
u2000870,15
u2000904,23
u2000921,12
u2000958,7
u2001048,14
u2001239,15
u2001280,31
u2001397,11
u2001399,22
u2001413,24
u2001426,13
u2001431,67
u2001456,34
u2001483,36
u2001697,15
u2001820,12
u2001838,14
u2001902,32
u2002134,11
u2002218,9
u200230,16
u2002412,18
u2002413,7
u2002455,21
u200248,11
u2002655,252
u2002671,15
u200268,21
u2002730,12
u2002761,36
u2002806,118
u2002820,15
u2002852,12
u2002868,17
u200290,15
u2002924,37
u2003100,20
u2003131,22
u2003197,40
u2003260,63
u2003527,13
u2003550,85
u2003584,21
u2003630,13
u2003634,32
u2003775,30
u2003841,119
u200395,49
u2003967,10
u2004027,60
u2004067,55
u2004068,18
u2004088,16
u2004106,47
u200418,10
u2004229,14
u2004245,79
u2004272,14
u2004294,17
u2004304,87
u2004370,91
u2004387,10
u2004442,18
u2004446,25
u2004551,54
u2004635,44
u2004687,9
u2004830,21
u2004865,9
u2004866,10
u2004890,50
u2004904,11
u2004950,13
u2004973,33
u2005060,13
u2005100,88
u200513,17
u2005211,20
u2005226,24
u2005388,24
u2005390,37
u2005399,73
u2005494,16
u2005567,16
u2005610,7
u2005647,14
u2005651,14
u2005681,36
u2005705,19
u2005711,18
u2005741,8
u2005847,123
u2005849,15
u200590,8
u2005912,227
u2005917,35
u2005965,24
u2005990,109
u2006069,12
u2006085,13
u2006086,11
u2006120,44
u2006191,192
u2006192,17
u2006226,16
u2006271,11
u2006424,12
u2006451,19
u2006489,24
u2006537,24
u2006610,26
u2006611,48
u2006619,10
u2006721,48
u2006749,26
u2006750,21
u2006761,13
u2006928,11
u2007001,29
u2007040,10
u2007094,16
u2007113,8
u2007128,55
u2007129,90
u2007203,11
u2007260,87
u2007261,17
u2007354,31
u2007418,33
u2007449,12
u2007457,17
u2007580,12
u2007598,86
u2007658,12
u2007786,23
u2007813,70
u2007851,81
u2007862,27
u2007926,14
u2007931,94
u2007950,9
u2007988,12
u2008067,10
u2008078,100
u2008089,28
u2008121,9
u2008204,13
u2008231,14
u200825,13
u2008342,26
u2008395,40
u2008653,26
u200870,10
u2008760,74
u200878,17
u2008825,64
u2008887,14
u2008926,9
u2009046,160
u2009099,16
u2009287,17
u2009309,17
u2009327,11
u2009337,37
u2009456,12
u2009513,26
u2009563,14
u2009616,8
u2009720,54
u2009760,44
u2009785,68
u2009878,30
u2010016,7
u2010123,25
u2010132,114
u2010241,16
u2010465,24
u2010516,29
u2010604,26
u2010637,45
u201065,24
u2010668,20
u2010669,13
u2010718,10
u2010723,42
u2010749,18
u2010772,11
u2010855,46
u2010862,11
u2010866,39
u2010953,26
u2011031,8
u2011182,19
u2011184,19
u2011238,15
u2011239,10
u2011340,7
u2011345,47
u2011350,14
u201141,9
u2011425,72
u201143,9
u2011437,11
u2011507,14
u2011520,13
u2011650,28
u2011733,9
u2011752,27
u2011804,81
u2011844,10
u2011968,48
u2011993,11
u2012028,50
u2012157,90
u2012186,57
u201219,26
u2012197,25
u2012295,11
u2012312,39
u201233,20
u2012334,16
u2012348,9
u2012379,23
u2012456,12
u2012475,13
u2012508,40
u2012626,16
u2012684,24
u2012697,32
u2012705,19
u2012709,20
u2012797,20
u2012921,11
u2012965,14
u2012984,38
u2013022,30
u2013078,54
u2013103,16
u2013163,10
u2013215,53
u2013250,16
u2013427,32
u2013432,46
u2013585,26
u2013614,74
u2013653,12
u2013726,11
u2013900,91
u2014016,17
u2014035,19
u2014053,30
u2014081,12
u2014089,42
u2014098,14
u2014140,8
u2014253,14
u2014299,17
u2014301,18
u2014303,27
u2014505,38
u2014528,9
u2014551,19
u2014641,14
u2014687,55
u2014735,32
u2014745,163
u2014749,45
u2014756,26
u2014780,7
u2014827,13
u2014884,40
u2014978,18
u2015004,42
u2015019,28
u2015113,17
u2015122,13
u2015234,11
u2015252,8
u2015395,43
u2015511,10
u2015636,14
u2015648,15
u2015701,29
u2015726,54
u2015808,83
u2015821,13
u2016121,19
u2016139,39
u2016186,17
u2016216,11
u2016291,71
u2016353,15
u2016458,22
u2016476,38
u2016481,28
u2016524,11
u2016749,15
u2016898,48
u2016909,61
u2016918,61
u2017028,13
u2017033,16
u2017129,34
u2017154,15
u2017168,46
u2017207,11
u2017273,27
u2017301,18
u2017347,13
u2017381,14
u2017382,8
u2017405,56
u201757,21
u2017600,9
u2017664,10
u201769,7
u2017706,16
u2017778,16
u201779,15
u2017804,36
u2017916,48
u2018063,10
u2018142,7
u2018177,23
u2018274,39
u2018340,15
u2018420,76
u201844,17
u201845,10
u2018531,50
u2018532,29
u2018576,13
u2018618,28
u2018666,55
u2018672,23
u2018740,12
u2018930,12
u2019048,9
u2019052,24
u2019180,16
u2019181,21
u2019197,76
u2019213,26
u201925,20
u2019257,19
u2019355,38
u2019449,10
u2019489,12
u2019653,17
u2019657,35
u2019669,8
u2019792,40
u2019836,21
u2019872,55
u2019892,18
u2019950,16
u2019951,26
u2020217,87
u2020247,12
u2020250,17
u2020266,26
u2020288,25
u2020299,23
u2020303,13
u2020399,18
u2020412,21
u2020505,34
u202052,8
u2020572,13
u2020607,60
u2020632,12
u2020647,20
u2020811,24
u2020852,11
u2020865,73
u2021043,39
u2021195,12
u2021237,21
u2021244,7
u2021266,140
u2021271,28
u2021286,8
u2021408,56
u2021558,13
u2021637,16
u2021638,8
u202176,9
u2021831,11
u2021893,25
u2021902,11
u2021947,138
u2021984,16
u2022242,19
u2022349,16
u202236,10
u2022454,84
u2022456,10
u2022481,24
u2022498,13
u2022525,11
u2022530,9
u2022616,13
u2022649,37
u202272,23
u2022725,11
u2022834,41
u2022841,21
u2022907,20
u2022952,11
u2022963,47
u2023026,35
u2023055,68
u2023107,15
u2023289,23
u2023299,38
u2023325,39
u2023415,35
u2023438,65
u2023462,108
u2023492,17
u2023513,17
u2023548,36
u2023643,138
u2023679,28
u2023728,13
u2023737,46
u202375,18
u2023785,24
u2023796,16
u2023939,55
u2024009,7
u2024078,12
u2024142,13
u2024156,43
u2024166,19
u2024206,10
u202430,10
u2024307,29
u2024365,39
u2024439,9
u2024449,31
u2024709,8
u2024863,8
u2024902,69
u2025069,12
u2025231,54
u2025277,145
u2025323,7
u2025348,19
u2025378,11
u20255,14
u2025545,39
u2025591,11
u2025600,21
u2025636,12
u2025641,29
u2025694,23
u2025717,23
u2025752,20
u2025896,57
u2025915,40
u2026004,21
u2026063,6
u2026103,12
u202611,27
u2026135,16
u2026186,8
u2026189,86
u2026265,14
u2026332,10
u2026341,35
u2026409,8
u2026501,18
u2026572,24
u2026633,13
u2026644,25
u2026842,19
u2027013,11
u2027140,17
u2027209,9
u2027289,7
u2027328,19
u2027337,12
u2027347,26
u2027395,10
u2027408,34
u2027525,19
u2027530,11
u2027569,76
u2027641,15
u2027675,49
u2027693,133
u2027730,20
u2027768,295
u2027789,20
u2027868,47
u2027870,30
u2027928,11
u2027930,12
u2028003,19
u2028021,18
u2028136,13
u2028147,8
u202815,14
u2028154,47
u2028173,30
u2028199,25
u2028229,13
u2028253,31
u2028278,42
u2028308,66
u2028333,163
u2028421,8
u2028627,38
u2028687,58
u2028738,262
u202874,9
u2028762,20
u2028802,16
u2028874,35
u2028994,20
u2029141,43
u2029161,9
u2029182,14
u2029211,27
u2029260,12
u202927,17
u2029277,26
u202945,58
u2029584,112
u2029649,10
u2029728,17
u2029769,82
u2029799,18
u2029822,14
u2029827,26
u2029834,122
u2029844,12
u2029922,61
u2029956,13
u2029981,14
u2029984,13
u2030064,12
u2030078,13
u2030152,47
u2030170,116
u2030191,11
u2030305,16
u2030340,21
u2030345,45
u2030360,15
u2030368,30
u2030370,81
u2030388,19
u2030397,12
u2030429,49
u2030453,17
u2030465,68
u2030513,16
u2030523,11
u2030536,28
u2030572,8
u2030581,64
u2030586,46
u2030591,34
u2030592,9
u2030612,24
u20307,11
u2030867,16
u2030962,24
u20310,6
u2031007,15
u2031035,16
u2031079,23
u2031136,58
u2031138,16
u2031178,27
u2031180,9
u2031247,58
u2031273,20
u2031402,77
u2031416,22
u2031490,12
u2031497,18
u2031503,11
u203156,14
u2031591,9
u2031634,9
u2031655,15
u2031799,206
u2031810,32
u2031815,21
u2032015,45
u2032044,13
u2032061,31
u2032087,21
u2032127,105
u2032145,29
u203218,29
u2032211,12
u2032259,9
u2032292,81
u2032359,12
u2032396,14
u2032527,11
u2032539,18
u2032551,20
u2032559,45
u2032593,22
u2032604,11
u2032618,17
u2032713,134
u2032750,14
u2032818,38
u2032820,42
u2032859,17
u2033064,29
u2033106,33
u2033226,12
u2033299,7
u2033339,17
u2033367,15
u2033424,13
u2033526,10
u2033568,16
u2033699,57
u2033787,20
u2033846,8
u2033890,35
u2033973,51
u2034020,98
u2034027,30
u203411,31
u2034114,12
u2034209,25
u2034303,13
u2034424,34
u2034502,19
u2034746,9
u2034749,9
u203479,10
u2034790,11
u2034807,8
u2034880,23
u2034911,22
u2035016,11
u2035049,32
u2035191,44
u2035325,18
u2035350,12
u2035383,20
u2035430,184
u2035455,14
u2035458,18
u2035470,18
u2035522,14
u2035673,79
u2035682,19
u203573,13
u2035780,12
u2035969,33
u2036091,11
u2036146,31
u2036192,32
u2036213,49
u2036264,10
u2036275,12
u2036316,10
u2036325,28
u203636,10
u2036443,27
u2036486,77
u2036494,33
u2036500,14
u2036522,44
u2036684,10
u2036696,26
u2036727,28
u2036838,11
u2036905,35
u2036914,17
u2036922,10
u2036935,14
u2037155,13
u2037219,29
u2037287,81
u2037295,59
u2037376,43
u2037428,40
u2037459,10
u2037501,7
u2037521,10
u2037535,38
u2037561,10
u2037641,9
u2037686,35
u2037718,19
u2037724,13
u2037818,17
u2037847,12
u2037918,26
u2037947,11
u2037963,78
u2038062,43
u2038099,12
u2038150,13
u2038239,19
u2038290,49
u2038346,71
u2038387,13
u2038442,18
u2038514,13
u2038585,14
u2038603,43
u2038705,12
u2038782,20
u2038818,32
u2038833,40
u2038874,13
u2038976,18
u2039031,10
u2039066,27
u203908,24
u2039124,19
u2039166,24
u2039189,20
u2039299,13
u2039345,11
u2039458,33
u2039576,13
u2039581,33
u2039585,11
u2039600,255
u2039689,14
u203969,13
u2039717,8
u203979,16
u2039813,23
u2039818,13
u2039846,27
u2039848,26
u2039863,10
u2039916,14
u2039972,27
u2039973,39
u2040065,13
u2040096,13
u2040154,16
u2040165,12
u2040180,15
u2040215,40
u2040224,9
u2040333,26
u2040585,17
u2040592,15
u2040634,23
u204079,26
u2040913,18
u2041010,61
u2041016,10
u2041066,14
u2041166,42
u2041168,16
u204121,7
u2041221,18
u2041253,28
u2041335,13
u2041412,66
u204146,42
u2041504,37
u2041566,16
u2041669,51
u2041679,6
u2041688,13
u2041689,20
u2041697,12
u2041789,15
u2041798,69
u2041809,12
u2041815,8
u2041859,10
u2041956,57
u2042042,8
u2042108,31
u2042129,21
u2042137,43
u2042156,23
u2042181,14
u2042197,11
u2042198,18
u2042295,29
u204236,32
u2042497,8
u2042611,34
u2042774,32
u2042793,37
u2042853,54
u2042915,30
u2042927,31
u2042940,49
u2042942,35
u2042964,20
u2043000,17
u2043018,22
u2043037,21
u204311,51
u2043134,13
u2043262,232
u2043324,36
u2043325,16
u2043340,36
u204345,14
u2043499,10
u2043641,19
u2043686,10
u204378,8
u2043808,9
u2043824,32
u2043842,9
u2043901,48
u2043986,15
u2043990,42
u2044004,6
u2044233,19
u2044277,9
u2044357,28
u2044600,25
u2044741,15
u2044745,43
u2044781,15
u2044790,55
u2044797,28
u2044810,86
u2044935,32
u2044937,14
u2044963,7
u2045070,9
u2045142,10
u2045276,13
u2045315,23
u204545,23
u2045500,12
u2045516,21
u2045549,98
u2045574,29
u2045682,11
u2045683,16
u204570,12
u2045731,29
u2045773,10
u2045824,13
u2045833,24
u2045838,9
u2045850,26
u20459,8
u2046021,24
u204604,16
u2046052,15
u2046180,16
u204619,36
u2046222,20
u2046312,35
u2046495,10
u204650,12
u2046556,11
u2046616,37
u2046631,67
u2046711,13
u2046791,36
u2046837,10
u2046842,58
u2046943,13
u2046951,7
u2047070,9
u2047079,22
u2047110,32
u2047193,26
u2047301,102
u2047311,30
u2047350,10
u2047468,13
u2047536,18
u2047617,44
u2047755,20
u2047834,47
u2047881,14
u2047913,17
u2047971,26
u2048012,11
u2048110,32
u2048123,26
u2048210,47
u2048222,11
u2048243,20
u2048303,15
u2048356,45
u2048396,21
u2048571,100
u2048756,13
u2048764,29
u2048806,27
u2048914,14
u2048962,29
u2049039,11
u2049158,56
u2049201,21
u2049296,15
u2049308,15
u204934,10
u2049341,29
u2049413,11
u2049508,19
u2049525,71
u2049541,9
u2049556,11
u2049690,18
u2049768,15
u2049773,37
u2049776,11
u2049789,22
u2049913,39
u2049995,12
u2050077,16
u2050120,12
u2050242,20
u2050247,17
u2050328,32
u2050339,37
u2050477,40
u2050517,15
u2050520,11
u2050623,14
u2050655,28
u2050670,20
u2050684,20
u2050693,15
u2050713,27
u2050800,41
u2050829,153
u2050914,26
u2050952,75
u2051285,20
u205137,23
u2051390,62
u2051487,43
u2051531,51
u2051629,18
u2051647,17
u2051659,9
u2051783,20
u2051786,10
u2051838,10
u2051853,34
u2051892,27
u2051935,24
u2051966,20
u2051990,24
u2052008,18
u2052014,27
u2052076,46
u2052125,14
u2052172,24
u2052196,12
u2052275,29
u205239,16
u2052396,16
u2052398,13
u2052494,11
u2052515,10
u2052540,21
u2052570,12
u205263,17
u2052732,289
u2052757,18
u2052785,26
u2052794,16
u2052801,16
u2052813,25
u205291,30
u2053026,20
u2053027,111
u2053040,41
u2053054,110
u2053108,10
u2053110,33
u2053115,12
u2053156,60
u2053203,15
u2053232,41
u20533,12
u2053368,23
u2053378,20
u2053425,9
u2053447,7
u2053453,14
u2053550,20
u2053604,8
u2053623,11
u205378,21
u2053861,24
u2053913,15
u2053995,44
u2054347,15
u2054363,14
u2054424,36
u2054427,36
u205445,56
u2054502,17
u2054520,19
u2054535,6
u2054548,62
u2054569,12
u2054583,57
u2054644,52
u2054650,24
u2054729,26
u2054838,30
u2054919,18
u2054965,30
u2055023,11
u2055068,36
u2055080,12
u2055081,12
u2055087,34
u205512,25
u2055146,9
u2055156,46
u2055235,41
u2055259,11
u2055363,14
u2055500,27
u2055657,8
u2055704,187
u2055727,27
u2055850,26
u205607,7
u2056086,13
u2056101,32
u2056264,10
u2056270,16
u2056364,29
u2056368,24
u2056447,34
u2056541,7
u205656,16
u2056574,14
u2056639,7
u2056760,84
u2056828,8
u2056851,35
u2056883,72
u2056970,12
u205699,13
u2057068,11
u2057141,14
u2057280,17
u2057534,13
u2057581,89
u2057603,14
u2057654,18
u2057834,10
u2057991,83
u2058005,61
u2058022,10
u2058038,28
u2058100,34
u2058110,10
u205814,17
u2058212,16
u2058321,16
u2058347,11
u2058371,93
u2058444,144
u2058447,16
u2058470,10
u2058508,18
u2058539,29
u2058557,21
u2058720,27
u2058748,26
u2058749,25
u2058750,32
u2058766,9
u2058773,18
u2058810,19
u2058861,33
u205889,12
u2058940,27
u2058945,16
u2058973,50
u2059034,15
u2059064,18
u2059144,12
u2059158,12
u2059237,9
u2059239,85
u2059332,10
u2059370,6
u2059526,26
u2059709,30
u2059715,17
u2059734,17
u2059783,12
u2059838,25
u2059901,12
u2059953,7
u2059954,15
u2059956,45
u205997,17
u2060137,19
u2060158,26
u2060191,19
u2060200,45
u2060221,12
u2060267,7
u2060480,43
u2060584,14
u2060607,16
u2060640,10
u2060682,69
u2060714,9
u2060753,42
u2061055,16
u2061059,18
u2061160,19
u2061537,12
u2061558,41
u2061573,53
u2061610,24
u2061686,42
u2061789,8
u2061907,30
u2061912,75
u2061992,22
u2062060,12
u2062067,39
u2062095,16
u2062146,26
u2062171,12
u2062182,23
u2062265,64
u2062279,12
u2062298,7
u2062384,13
u2062412,62
u2062495,11
u2062505,24
u2062509,73
u2062522,8
u206260,11
u2062657,18
u206266,10
u2062692,35
u2062733,9
u2062792,12
u2062813,8
u2062926,16
u206293,15
u2062965,24
u2063040,28
u2063075,13
u206317,15
u206326,27
u2063263,10
u2063317,48
u2063358,19
u2063397,19
u2063401,21
u2063412,10
u2063447,26
u2063577,22
u2063661,154
u2063745,55
u2063772,14
u2063831,23
u2063946,20
u2064021,12
u2064104,49
u2064112,18
u2064137,15
u2064148,58
u2064188,11
u2064222,28
u2064236,38
u206428,14
u2064298,22
u2064341,14
u2064344,19
u2064470,11
u2064548,82
u2064595,17
u2064600,13
u2064629,13
u2064653,49
u2064675,9
u2064755,13
u2064845,45
u2064867,19
u206498,8
u2065016,36
u2065039,19
u2065109,10
u2065206,65
u2065241,44
u2065265,11
u2065268,54
u2065293,13
u2065301,15
u2065304,16
u2065341,12
u2065442,16
u206546,23
u206550,15
u2065540,139
u2065875,12
u2065888,24
u2065948,108
u2065996,35
u2066160,38
u2066172,9
u2066215,20
u2066274,17
u2066303,38
u2066307,14
u2066321,25
u2066331,65
u2066357,13
u2066390,12
u2066391,54
u2066402,11
u2066449,15
u2066575,12
u206668,12
u2066687,12
u2066871,30
u2066884,22
u2066893,41
u2066912,12
u206693,11
u2066961,9
u2066965,8
u2067030,17
u2067146,14
u2067418,12
u2067561,11
u2067701,10
u2067713,53
u2067724,18
u2067820,10
u2067837,27
u2067851,7
u2067896,12
u2067906,27
u2068009,15
u2068090,37
u206810,11
u206821,20
u2068242,19
u2068305,22
u2068423,14
u2068460,31
u2068476,27
u2068490,11
u2068536,14
u2068552,58
u2068578,37
u2068674,12
u206871,33
u2068770,11
u2068785,8
u2068806,19
u2068914,26
u2068916,11
u2069045,13
u2069064,18
u2069090,13
u2069111,53
u2069115,55
u2069133,21
u2069217,9
u2069287,15
u2069294,13
u2069335,10
u2069417,107
u2069488,51
u2069492,26
u2069621,39
u2069659,27
u2069702,20
u2069704,42
u2069839,13
u2069896,26
u2069923,21
u2069931,10
u2070187,13
u2070341,63
u2070647,25
u2070683,10
u2070684,115
u2070702,22
u2070762,20
u2070863,20
u207090,37
u2071124,21
u2071182,27
u2071200,14
u2071324,20
u2071505,13
u2071566,20
u2071572,15
u2071627,27
u2071930,17
u2071965,30
u2072077,81
u2072132,10
u20722,13
u2072241,61
u2072248,13
u2072301,25
u2072315,14
u2072429,8
u2072506,10
u2072570,16
u2072616,71
u2072672,12
u2072760,27
u207281,14
u2072894,16
u2072956,10
u2073037,62
u2073039,148
u2073042,63
u207307,22
u2073095,93
u2073193,17
u2073217,20
u2073244,51
u2073255,34
u2073314,14
u2073370,13
u207347,27
u2073471,35
u2073479,19
u2073569,16
u2073736,101
u2073765,14
u2073777,10
u2073924,91
u2073951,38
u2073973,15
u2074135,34
u2074172,23
u2074191,27
u207420,9
u2074248,28
u2074343,49
u2074379,24
u2074450,18
u2074516,10
u2074521,75
u2074537,12
u2074595,11
u2074601,7
u2074631,27
u2074660,16
u2074819,12
u207486,54
u2074878,56
u2074919,12
u2074927,16
u2074935,8
u2074946,87
u2074980,40
u2075004,19
u2075017,44
u2075058,8
u2075065,27
u2075151,75
u2075175,35
u2075202,11
u2075347,7
u2075490,18
u2075648,42
u2075762,61
u2075818,21
u2075890,29
u2075945,74
u2076081,12
u2076128,32
u2076163,7
u2076178,91
u2076250,12
u207628,19
u2076435,36
u2076497,47
u2076594,13
u2076689,16
u2076726,22
u2076874,15
u2077025,18
u2077044,7
u2077070,15
u2077198,9
u2077232,123
u2077544,41
u2077553,16
u2077589,13
u2077647,45
u2077673,14
u2077709,33
u2077778,9
u2077780,19
u2077858,37
u2077924,10
u2077933,29
u2077953,14
u2077992,12
u2077994,106
u2078038,14
u2078065,37
u2078089,80
u2078114,12
u2078242,10
u2078398,16
u2078410,11
u2078425,8
u2078444,14
u2078480,20
u2078560,66
u2078602,9
u2078626,19
u207864,12
u207866,18
u207870,24
u2078747,68
u2078777,15
u2078906,13
u2078946,74
u2079067,38
u2079084,58
u2079100,99
u2079110,38
u2079188,25
u2079206,10
u2079231,42
u2079276,11
u2079462,35
u2079469,86
u2079496,43
u2079519,16
u2079543,10
u2079633,14
u2079635,10
u2079726,15
u2079739,25
u2079785,68
u2079878,10
u2079897,44
u2079919,6
u2080040,10
u2080069,24
u2080080,16
u2080123,75
u2080130,20
u2080139,19
u2080143,10
u2080259,75
u2080364,12
u2080376,13
u2080379,14
u2080552,78
u2080648,8
u2080676,53
u2080717,51
u2080775,86
u2080825,20
u2080853,18
u2081003,21
u2081047,8
u208110,30
u2081149,9
u2081174,11
u2081176,23
u2081320,10
u2081325,16
u2081354,22
u2081474,95
u2081527,10
u2081566,26
u2081597,15
u2081626,119
u2081732,74
u2081900,12
u2081902,9
u2082002,10
u2082032,76
u2082072,7
u2082085,14
u2082089,13
u2082275,35
u2082353,41
u2082425,12
u2082467,15
u2082514,42
u2082555,57
u2082610,113
u2082613,9
u2082809,24
u2082954,18
u2082989,46
u2083056,70
u2083128,15
u2083229,34
u2083259,35
u208326,12
u2083429,15
u2083602,34
u2083623,75
u2083712,17
u2083754,10
u2083760,58
u2083816,37
u2083818,23
u2083930,29
u2083968,8
u2084294,44
u2084344,42
u208435,7
u2084390,42
u2084473,48
u2084646,10
u2084692,29
u2084703,11
u2084788,9
u2085206,12
u2085254,31
u2085266,17
u2085320,7
u2085428,14
u2085488,53
u2085581,12
u2085614,43
u2085646,20
u2085750,16
u2085803,13
u2085825,20
u2085834,17
u2085899,21
u2085940,32
u2085994,23
u2086048,48
u2086135,74
u2086146,13
u2086307,48
u2086320,27
u2086611,21
u2086637,16
u2086754,199
u2086819,27
u2086849,27
u2086854,19
u2086876,10
u2086880,44
u2086893,33
u208692,34
u208698,28
u2087037,49
u2087065,8
u2087091,16
u2087142,20
u2087149,13
u2087204,41
u2087233,39
u2087247,36
u2087257,8
u2087273,14
u2087305,15
u2087415,27
u2087460,9
u2087541,10
u2087560,11
u2087665,52
u2087695,12
u20877,13
u2087721,8
u2087767,21
u2087798,9
u2087905,23
u208804,16
u2088123,25
u2088177,34
u2088306,9
u2088429,14
u2088440,38
u2088597,20
u2088641,28
u2088762,33
u2088793,14
u2088806,28
u2088896,37
u2088930,16
u2088989,62
u2089042,13
u2089061,13
u2089093,52
u2089191,35
u2089262,15
u2089316,29
u2089422,28
u2089543,154
u2089595,26
u2089665,7
u2089729,26
u2089746,14
u2089862,34
u2089908,14
u2089965,25
u2089990,19
u2090139,42
u2090285,7
u2090355,48
u2090550,25
u2090574,10
u2090616,27
u2090704,7
u2090713,10
u2090802,130
u2090857,52
u2090864,14
u209087,12
u2090889,9
u2091028,25
u2091105,13
u2091253,53
u2091254,15
u2091302,42
u2091525,12
u2091527,83
u2091533,16
u2091534,79
u2091552,16
u2091584,25
u2091598,6
u2091747,17
u2091842,9
u2091857,27
u209186,9
u2091866,7
u2091880,55
u2091971,19
u2091981,155
u2092038,15
u2092138,14
u2092380,144
u2092428,58
u2092442,9
u2092493,8
u2092663,24
u2092798,12
u2092809,19
u209282,17
u209296,15
u2093022,12
u2093087,19
u2093132,9
u2093146,14
u2093198,20
u2093332,35
u2093391,13
u2093455,66
u2093577,15
u2093744,19
u2093859,26
u2094022,9
u209406,34
u2094190,47
u2094197,24
u2094274,11
u209435,16
u2094389,17
u2094401,14
u2094488,9
u2094570,34
u2094592,67
u2094594,8
u2094609,9
u2094628,11
u2094707,12
u2094740,8
u2094755,40
u2094762,11
u2094816,16
u2094912,14
u2094937,7
u2095177,12
u2095181,23
u2095227,32
u2095247,83
u2095303,26
u2095331,73
u209536,25
u2095382,10
u2095396,9
u209549,21
u2095530,123
u2095576,11
u2095605,37
u2095610,16
u2095658,15
u2095805,21
u2095902,29
u2095927,18
u2096034,16
u2096054,11
u2096059,52
u2096200,17
u2096501,11
u2096561,20
u2096643,10
u2096746,15
u2096752,28
u2096754,11
u2096763,28
u2096900,27
u2097166,32
u2097175,12
u2097211,19
u2097215,21
u2097250,66
u2097266,10
u2097323,47
u2097339,37
u2097444,11
u2097484,43
u2097581,14
u2097585,20
u2097593,21
u2097643,22
u2097659,14
u2097668,10
u2097838,22
u2097843,22
u2097907,10
u2097960,13
u2098106,15
u2098137,17
u2098231,17
u2098284,26
u2098318,53
u2098387,19
u2098391,15
u2098472,45
u2098501,18
u2098587,36
u2098664,37
u2098851,11
u2098904,254
u2098920,12
u209893,6
u2098942,53
u2099026,16
u2099122,14
u2099150,126
u2099177,32
u2099308,11
u2099375,15
u2099536,40
u2099598,42
u2099860,79
u2099865,23
u2099945,12
u2099955,15
u2100007,31
u2100102,22
u2100272,63
u2100277,24
u210028,23
u2100326,22
u2100441,35
u2100450,13
u2100476,18
u2100510,7
u2100540,9
u2100572,9
u2100827,51
u2100838,14
u2101016,21
u2101104,20
u2101228,94
u2101250,22
u2101367,24
u210139,28
u2101393,14
u2101426,18
u2101455,16
u2101461,8
u2101557,16
u2101582,43
u210159,15
u2101610,70
u2101656,65
u2101698,17
u2101744,13
u2101833,21
u2101882,15
u210197,17
u2102136,10
u2102219,12
u2102287,37
u21023,16
u2102314,15
u2102370,98
u2102488,15
u2102721,12
u2102731,27
u2102878,14
u2102934,10
u2103007,10
u2103025,83
u2103044,13
u2103156,19
u210316,36
u2103171,18
u2103184,18
u2103220,11
u2103252,8
u2103295,13
u2103444,10
u2103462,13
u2103540,11
u2103551,29
u2103557,103
u210366,39
u210371,14
u2103844,13
u21039,7
u2103926,20
u2103933,15
u2104035,79
u2104058,12
u2104069,35
u2104133,26
u2104164,15
u2104190,18
u2104230,22
u210426,11
u2104260,36
u2104321,84
u2104420,12
u210451,12
u2104625,17
u2104637,9
u2104647,15
u2104709,33
u2104745,38
u2104837,43
u2104865,45
u2104955,8
u2105007,27
u2105042,10
u2105164,13
u2105293,31
u210534,13
u2105352,9
u2105443,11
u2105563,62
u2105605,18
u210577,9
u2105837,76
u2105844,10
u2105952,65
u2105971,19
u2106094,18
u2106113,14
u2106147,32
u2106188,19
u2106303,13
u2106343,14
u2106389,41
u2106441,19
u2106586,10
u2106660,15
u2106711,21
u2106749,83
u2106918,9
u2107032,24
u2107064,7
u2107110,11
u2107123,13
u2107252,31
u2107286,52
u2107296,9
u2107355,13
u2107412,47
u2107480,14
u2107587,14
u2107608,10
u2107619,25
u2107628,17
u2107636,9
u2107713,25
u2107758,20
u2107803,15
u2107810,12
u2107905,22
u2107990,99
u2108010,94
u2108066,28
u2108101,12
u2108315,20
u2108358,6
u2108407,18
u2108426,10
u2108453,9
u2108484,44
u2108503,108
u2108560,19
u2108569,8
u2108573,16
u2108620,10
u2108875,9
u2108883,24
u2108891,26
u2108894,18
u210890,12
u2109004,15
u2109056,50
u2109091,32
u2109095,50
u2109203,15
u2109280,18
u21093,10
u2109304,11
u2109307,199
u2109400,47
u2109445,12
u2109463,17
u2109472,249
u2109591,15
u2109708,38
u2109748,31
u2109789,7
u2109838,39
u2109936,24
u2109976,20
u2110250,20
u2110267,44
u2110304,27
u2110368,20
u2110384,57
u2110483,20
u2110584,15
u2110783,50
u2110807,13
u2110817,28
u2110966,129
u2111013,17
u211103,20
u2111048,9
u2111057,103
u2111103,113
u2111231,95
u2111259,35
u2111339,11
u2111393,11
u2111451,54
u2111577,23
u2111616,110
u2111619,63
u2111732,13
u2111737,56
u2111743,42
u2111755,7
u2111759,35
u2111765,15
u2111876,19
u2111905,17
u2111969,70
u2111985,68
u2112106,10
u2112220,22
u2112402,39
u2112485,45
u2112559,53
u2112563,32
u2112576,36
u2112603,21
u2112650,14
u2112683,77
u2112716,57
u2112726,13
u2112732,10
u2112743,14
u2112901,33
u2112902,9
u2112924,21
u2113072,42
u2113081,53
u2113113,9
u2113157,40
u2113173,20
u2113223,81
u2113252,27
u2113360,59
u2113438,15
u2113445,156
u2113466,60
u2113674,40
u2113723,11
u2113739,32
u2113743,22
u2113747,40
u2113805,14
u2113821,21
u2113822,14
u2113841,10
u2113978,40
u2113980,14
u2114059,26
u2114108,11
u2114133,18
u2114211,60
u2114241,15
u2114255,58
u2114441,93
u2114451,40
u211446,31
u2114493,16
u2114522,18
u2114550,18
u2114601,9
u211465,19
u2114678,270
u2114826,23
u2114829,62
u2114906,10
u2115021,12
u2115153,27
u2115191,42
u2115195,20
u2115282,30
u2115317,60
u211558,21
u2115644,165
u2115652,13
u2115693,11
u2115773,55
u2115813,20
u2115829,55
u2115925,20
u2116043,23
u2116100,61
u2116165,12
u2116192,13
u2116228,57
u211636,23
u2116397,61
u2116430,15
u2116446,11
u2116552,36
u2116620,27
u2116692,9
u211679,18
u2116798,36
u211682,19
u2116861,14
u2116873,24
u2116935,12
u2116937,39
u211699,31
u2117017,17
u2117093,13
u2117140,75
u2117160,102
u2117278,22
u2117309,38
u2117499,59
u2117545,31
u2117652,12
u2117898,60
u2117944,20
u2117963,17
u2118025,35
u211812,27
u2118152,31
u2118160,15
u2118211,64
u2118212,21
u2118236,19
u2118239,13
u2118361,35
u2118514,9
u2118526,15
u2118607,17
u2118657,26
u2118669,12
u2118699,12
u2118732,12
u2118735,55
u2118884,9
u2118897,21
u2118898,18
u2118924,10
u2118978,7
u2119043,39
u2119102,13
u2119151,16
u2119154,45
u2119240,12
u2119336,9
u2119350,9
u2119455,71
u2119497,14
u2119611,16
u2119623,32
u2119654,35
u2119683,24
u2119803,11
u2119836,8
u2119871,14
u2119936,34
u2119990,12
u2120052,21
u2120080,13
u212018,17
u212031,16
u2120606,67
u2120608,12
u2120615,68
u2120863,41
u2120868,17
u2120903,12
u2120942,40
u2121013,28
u2121142,86
u2121218,25
u2121252,15
u2121398,41
u2121428,8
u2121440,44
u2121572,19
u2121660,31
u2121681,20
u2121746,15
u2121777,7
u2121778,22
u2121821,8
u2121853,17
u2122078,58
u2122137,53
u2122226,25
u2122420,12
u2122442,39
u2122629,11
u2122940,12
u2122951,53
u2123074,107
u2123081,30
u2123130,31
u2123191,25
u2123232,52
u2123238,12
u2123276,13
u2123306,30
u2123330,32
u2123356,78
u2123477,13
u2123523,69
u212358,11
u2123627,13
u2123691,18
u2123706,31
u2123880,10
u2123924,104
u2123949,35
u2123971,12
u2124002,9
u2124025,10
u212410,7
u2124134,13
u2124170,25
u2124254,115
u2124312,6
u2124384,43
u2124437,13
u2124543,9
u2124568,50
u2124583,17
u2124821,33
u2124863,10
u2124896,17
u2124933,9
u2124939,10
u2125020,7
u2125033,16
u2125053,33
u2125170,75
u2125191,20
u2125275,44
u2125286,19
u2125331,23
u2125405,65
u2125454,8
u2125460,12
u2125471,12
u2125674,14
u2125680,10
u2125683,14
u2125704,26
u2125711,12
u2125713,26
u2125770,42
u2125775,17
u2125846,15
u2125864,31
u2125908,34
u2125957,69
u2126027,55
u2126165,42
u2126166,13
u2126196,41
u2126210,17
u2126277,10
u2126343,19
u2126407,9
u212650,14
u2126514,38
u2126654,9
u2126670,25
u2126730,18
u2126760,9
u2126826,15
u2126894,31
u2126911,55
u2127001,81
u2127031,16
u2127164,31
u2127176,161
u2127207,57
u2127235,24
u2127260,21
u2127298,17
u2127450,41
u2127486,7
u2127595,9
u2127637,27
u2127694,46
u2127714,20
u2127757,11
u2127774,8
u2127785,21
u2127853,16
u2127867,11
u2127889,15
u2127949,26
u2127959,13
u2127963,11
u2127973,49
u2128021,12
u2128060,10
u2128132,13
u2128186,79
u2128248,8
u2128455,11
u2128463,33
u2128640,14
u2128672,10
u2128760,13
u2128776,29
u2128842,47
u2128896,16
u2128906,10
u2128967,17
u2129093,9
u2129122,33
u2129140,49
u2129220,7
u2129300,16
u2129359,86
u2129435,12
u2129493,37
u2129575,14
u2129687,25
u2129792,16
u2129828,36
u212991,47
u2129966,30
u2129985,29
u2129987,13
u2130067,20
u2130070,46
u2130082,45
u2130092,18
u2130142,12
u2130247,8
u213027,28
u2130437,26
u2130485,28
u2130513,41
u2130527,16
u213069,45
u2130737,21
u2130743,71
u2130926,100
u2130985,26
u2131107,12
u2131179,9
u2131278,14
u2131336,42
u2131520,13
u2131548,88
u2131860,15
u2131892,22
u2131983,58
u2132116,20
u2132181,10
u2132217,52
u2132219,13
u2132334,12
u2132369,10
u2132410,8
u2132429,17
u213245,13
u2132489,34
u2132534,57
u2132590,20
u2132716,22
u2133048,12
u2133062,10
u2133458,8
u2133522,20
u2133547,16
u2133650,40
u2133689,31
u2133736,55
u2133778,8
u2133888,13
u2133925,9
u2133969,104
u2133979,9
u2133997,30
u2134164,34
u2134232,12
u2134235,10
u2134304,19
u2134311,8
u2134371,18
u2134413,10
u2134448,11
u2134496,18
u2134534,13
u2134552,25
u2134610,11
u2134643,29
u2134723,10
u2134767,102
u2134786,118
u2134831,19
u213491,9
u213492,7
u2134927,48
u2134974,24
u2135054,90
u2135079,15
u2135081,71
u2135125,72
u2135126,119
u2135245,21
u2135255,14
u2135275,30
u2135300,41
u213531,12
u2135565,18
u213566,27
u2135662,27
u2135776,13
u2135901,14
u2136024,7
u2136098,9
u2136118,24
u2136137,31
u2136189,61
u2136246,21
u2136321,10
u2136340,11
u2136346,16
u2136429,250
u2136444,38
u2136512,26
u2136748,12
u2136823,10
u2136857,43
u2136864,21
u2136882,24
u2137006,39
u2137109,80
u213711,24
u2137174,12
u2137195,13
u2137383,20
u2137462,8
u2137524,81
u2137634,85
u2137673,15
u2137813,46
u2137891,12
u2137920,44
u2137943,20
u2137958,14
u2138005,10
u2138061,49
u2138122,54
u2138130,10
u2138574,10
u2138687,22
u2138755,15
u2138779,11
u2138856,23
u2138908,17
u2138956,9
u2139006,15
u2139027,15
u2139030,30
u2139044,43
u2139052,12
u2139101,13
u2139191,32
u2139240,19
u2139453,9
u2139469,42
u2139510,24
u2139637,32
u2139669,16
u2139713,21
u2139866,11
u2139870,9
u2139949,12
u2140033,14
u214011,14
u2140173,22
u2140270,39
u2140307,78
u2140312,94
u2140327,9
u2140441,16
u2140527,38
u2140551,27
u2140562,21
u2140594,21
u214061,25
u2140822,50
u2140848,14
u2140871,32
u2141043,13
u2141189,11
u2141350,9
u2141376,16
u2141377,19
u2141403,16
u214143,10
u2141467,9
u214192,11
u2141937,10
u2141987,10
u2142040,82
u214215,10
u214217,53
u2142226,42
u2142246,15
u2142304,8
u2142328,85
u2142341,23
u2142548,24
u2142563,10
u2142610,43
u2142613,32
u2142658,23
u2142676,12
u2142680,13
u2142757,24
u2142872,6
u2142894,15
u214293,11
u2142949,35
u2142979,53
u2143110,60
u2143191,16
u2143211,10
u2143278,9
u2143282,35
u2143306,15
u2143456,33
u2143471,46
u2143558,9
u2143568,22
u2143677,37
u2143839,55
u2143953,11
u2144183,14
u2144184,14
u2144286,13
u2144324,14
u2144326,20
u2144378,16
u2144640,29
u2144696,19
u2144785,48
u2144871,11
u2144887,9
u2144951,9
u2145278,10
u2145309,14
u2145313,24
u2145398,17
u2145412,13
u2145428,10
u2145661,97
u2145666,37
u2145684,12
u2145793,62
u2146140,11
u2146203,20
u2146323,9
u2146384,9
u2146394,12
u2146416,19
u2146443,17
u2146451,32
u2146492,23
u2146565,19
u2146832,6
u2146892,13
u2146893,42
u2146905,73
u2146920,13
u2146995,8
u2147057,73
u2147075,34
u2147082,9
u2147099,41
u2147110,45
u2147139,28
u2147290,26
u2147387,18
u2147403,21
u2147481,21
u2147718,22
u2147752,14
u2147830,14
u2147878,22
u2147884,10
u2147905,13
u2147969,10
u2148065,26
u2148109,7
u2148144,15
u2148245,13
u2148278,11
u2148383,12
u2148504,11
u2148617,13
u214863,26
u2148780,18
u2148817,15
u2148854,15
u2148874,10
u2148941,17
u2149170,15
u2149190,27
u2149210,10
u2149339,11
u2149392,36
u2149419,19
u2149426,27
u2149519,11
u2149622,434
u2149653,13
u2149916,12
u2150057,10
u2150162,106
u2150164,8
u2150174,12
u2150438,77
u2150468,38
u215061,20
u2150643,109
u2150703,23
u2150727,57
u2150749,7
u2150785,22
u2150799,15
u2150807,7
u2150851,69
u2150943,24
u2150985,13
u2151056,105
u2151101,7
u2151166,24
u2151182,39
u2151257,33
u2151295,21
u2151320,7
u2151419,23
u2151433,22
u2151622,12
u2151635,48
u2151737,11
u2151776,50
u2151831,40
u2151864,31
u2152000,18
u2152024,54
u2152141,30
u2152156,23
u2152266,24
u2152312,18
u2152341,19
u2152344,10
u2152392,73
u2152417,22
u2152425,49
u2152452,13
u2152454,18
u2152571,47
u2152694,15
u2152825,24
u2153115,28
u2153146,10
u2153157,26
u2153168,12
u2153417,6
u2153469,24
u215357,12
u2153624,23
u2153809,9
u2153817,12
u2153838,19
u2153988,27
u2154021,23
u2154027,32
u2154109,21
u2154248,34
u2154288,68
u2154306,188
u2154439,10
u2154478,14
u2154487,37
u2154545,21
u2154650,16
u2154684,33
u2154709,14
u2154852,22
u2155029,11
u215503,20
u2155046,12
u2155475,30
u2155534,40
u2155596,13
u2155599,33
u2155656,25
u2155722,38
u2155746,17
u2155754,43
u215584,49
u2155890,25
u2155921,8
u215604,30
u2156091,9
u2156197,11
u2156224,17
u2156269,68
u2156291,69
u2156298,22
u2156304,7
u2156316,8
u215633,9
u2156412,10
u215643,21
u2156472,12
u2156530,60
u2156574,14
u2156676,9
u2156728,14
u2156756,7
u2156790,17
u2156885,13
u2156957,18
u2156970,40
u2157035,10
u2157207,32
u2157216,11
u2157401,17
u2157403,37
u2157536,18
u2157541,37
u2157545,30
u2157706,26
u2157736,17
u2157750,9
u2157757,33
u215781,21
u2158023,29
u2158057,15
u2158095,32
u215817,16
u2158171,14
u2158211,12
u2158322,69
u2158437,30
u2158541,57
u2158601,33
u2158668,27
u2158696,34
u2158708,71
u2158893,20
u2158912,8
u2158982,12
u2159247,31
u21593,13
u2159356,17
u2159484,66
u2159504,12
u2159571,32
u2159685,6
u2159702,22
u2159786,35
u2159822,32
u2159833,43
u2159846,26
u2159869,11
u2159906,26
u2159920,28
u2159985,18
u2160102,36
u2160129,17
u2160226,37
u2160546,13
u2160557,18
u2160561,28
u2160624,11
u2160674,33
u2160703,28
u2160728,28
u2160736,53
u2161023,17
u2161033,15
u216114,14
u2161191,8
u2161232,46
u2161701,11
u2161967,36
u2162200,8
u2162294,11
u2162305,20
u2162331,38
u2162518,13
u2162520,47
u2162578,33
u2162646,15
u2162681,22
u2162694,10
u2162753,22
u2162779,14
u2162797,15
u2162996,10
u2163061,25
u216323,15
u2163357,33
u2163359,8
u2163415,22
u2163474,16
u2163508,28
u2163565,16
u2163625,41
u2163642,11
u2163649,9
u2163652,16
u2163672,16
u2163678,18
u2163750,90
u2163772,27
u2164012,14
u2164080,44
u2164090,8
u2164262,19
u2164306,12
u2164344,82
u2164371,11
u216439,10
u2164458,16
u2164538,14
u2164571,16
u2164579,19
u2164641,49
u2164686,27
u2164713,19
u216473,10
u2164823,17
u2164835,10
u2164979,28
u2165069,19
u2165134,11
u2165211,27
u2165385,55
u2165551,14
u2165559,77
u2165714,34
u2165735,17
u2165776,38
u2165825,15
u2165832,33
u2165999,54
u2166153,107
u216616,19
u2166180,12
u2166223,17
u2166230,11
u2166341,28
u2166421,21
u2166462,131
u2166548,62
u2166549,34
u2166616,33
u2167009,20
u2167182,10
u2167205,9
u2167334,23
u2167340,61
u2167395,9
u2167442,24
u2167541,172
u2167655,9
u2167667,27
u2167739,9
u2167915,9
u2168021,9
u2168048,8
u2168316,43
u2168495,63
u2168516,12
u2168534,52
u2168614,59
u2168622,15
u2168702,15
u2168720,8
u2168921,16
u2168934,17
u2169050,25
u2169110,12
u2169127,9
u2169167,26
u2169196,19
u2169216,15
u2169231,24
u2169294,61
u2169324,11
u2169398,10
u2169424,118
u2169433,33
u2169637,15
u2169880,12
u2169988,27
u2170081,7
u2170173,35
u2170212,9
u2170218,15
u2170318,22
u21703979,13
u2170398,35
u2170546,16
u2170548,11
u2170633,13
u2170831,13
u2170836,14
u2170858,20
u2170860,15
u2170918,73
u2170983,34
u2171004,19
u2171008,22
u2171132,13
u2171232,12
u2171257,24
u2171295,53
u2171349,57
u2171450,52
u217151,50
u2171520,10
u2171584,29
u2171591,22
u217164,14
u2171733,9
u2171917,7
u2172097,17
u2172164,20
u2172211,30
u2172218,13
u2172232,15
u217239,11
u2172428,18
u2172468,119
u2172583,55
u2172639,13
u2172643,80
u2172673,15
u2172701,76
u2172811,12
u2172821,12
u2172863,86
u2172878,36
u2172885,37
u2172903,12
u2172938,15
u2173142,61
u2173155,92
u2173175,9
u2173235,40
u2173372,24
u2173438,37
u2173475,57
u2173478,52
u2173480,16
u2173503,56
u2173539,12
u217354,10
u2173547,14
u2173556,21
u2173585,113
u2173617,9
u2173706,44
u2173768,23
u2173787,61
u2173846,18
u2173950,33
u2173966,13
u217403,10
u2174047,14
u2174232,14
u2174260,47
u2174291,195
u2174323,19
u2174325,19
u2174327,51
u2174369,17
u2174382,40
u2174515,19
u2174560,13
u2174635,23
u2174643,31
u2174644,12
u2174675,70
u2174782,14
u2174791,97
u2174855,35
u2174996,18
u2175029,51
u217508,12
u2175117,30
u2175174,54
u2175325,25
u2175365,12
u2175491,16
u2175503,58
u2175542,16
u2175606,26
u2175623,113
u2175631,28
u217565,22
u2175872,24
u2175882,14
u2175891,17
u21759,12
u2175927,12
u2176126,106
u2176179,48
u2176236,16
u2176273,11
u2176324,71
u2176430,11
u2176433,28
u2176440,42
u217652,11
u2176622,10
u2176756,10
u2176838,9
u2176844,31
u2176874,10
u2176923,13
u2176944,13
u2176979,32
u2176990,28
u2177016,14
u2177080,61
u2177126,11
u2177181,25
u2177237,14
u2177328,13
u2177350,14
u2177413,72
u2177418,27
u2177440,13
u2177515,100
u2177735,7
u2177799,17
u2177815,30
u2177889,12
u2177970,10
u217800,27
u2178019,27
u2178045,65
u2178216,71
u2178223,9
u217823,11
u2178230,12
u2178243,49
u2178393,32
u2178432,22
u2178564,22
u2178596,37
u2178612,32
u217862,19
u2178652,39
u217866,25
u2178666,15
u2178709,9
u217875,31
u2178757,10
u2178920,9
u2178921,31
u2178943,8
u2179029,20
u217905,21
u2179102,10
u217914,22
u2179176,120
u2179186,14
u2179194,37
u217925,20
u2179313,38
u217932,8
u2179347,14
u2179351,9
u2179368,69
u2179397,33
u2179439,30
u2179620,13
u2179629,29
u2179756,17
u2179787,80
u2179938,38
u2180294,15
u2180452,15
u2180547,50
u2180583,7
u2180589,21
u2180666,8
u2180707,77
u2180731,9
u2180768,12
u2180884,14
u2180898,22
u2180917,13
u2181006,15
u2181103,9
u2181240,17
u218128,12
u2181300,19
u2181400,21
u2181428,21
u2181526,10
u2181592,42
u2181797,17
u2181980,11
u2182074,65
u2182116,18
u2182126,24
u218215,12
u218227,18
u2182431,10
u2182463,11
u2182513,37
u2182583,95
u2182610,58
u2182754,20
u2182761,39
u2182799,20
u218284,11
u218285,61
u2182921,92
u2183001,25
u2183117,12
u2183194,34
u2183276,41
u2183292,45
u218331,11
u2183342,14
u2183419,10
u2183480,21
u2183649,16
u2183844,27
u2183945,45
u2183954,38
u2183964,9
u2184035,27
u2184155,15
u2184308,21
u2184354,9
u2184357,13
u2184367,14
u2184386,10
u2184393,9
u2184437,30
u2184487,18
u2184564,18
u2184631,12
u2184648,53
u2184668,19
u2184681,9
u2184749,15
u2184772,21
u2184777,7
u2184809,34
u2184813,22
u2184948,13
u2185076,73
u2185126,11
u2185170,105
u2185248,48
u2185384,55
u2185546,34
u2185569,52
u2185611,12
u2185649,65
u2185668,12
u2185738,11
u2185911,18
u2186032,12
u2186338,12
u2186392,29
u2186455,15
u2186480,15
u2186486,19
u2186499,11
u2186557,31
u2186568,12
u2186581,13
u2186615,21
u218663,11
u2186668,18
u2186703,44
u2186711,33
u2186803,14
u2186808,18
u2186927,24
u2186930,8
u2186943,20
u2186957,6
u2187066,10
u2187155,17
u2187185,37
u2187219,16
u2187310,29
u218732,10
u2187401,10
u218746,12
u2187580,10
u2187586,22
u2187648,20
u2187662,24
u2187694,6
u2187761,6
u2187803,17
u2187807,33
u2187810,49
u2187821,10
u2187887,12
u2188020,48
u2188040,9
u2188060,37
u2188120,26
u2188186,12
u2188236,16
u2188273,32
u2188275,12
u2188410,32
u2188427,7
u2188571,14
u2188669,44
u2188695,28
u2188700,13
u2188762,18
u2188863,64
u2188886,31
u2189001,11
u2189090,17
u2189119,10
u2189397,14
u2189417,11
u2189464,64
u2189476,16
u2189503,24
u2189506,27
u2189544,28
u218958,46
u2189587,12
u2189618,11
u2189628,12
u2189693,10
u2189722,89
u2190016,72
u2190066,46
u2190085,36
u2190086,25
u2190232,10
u2190234,32
u2190402,12
u2190516,19
u2190529,77
u2190538,24
u2190599,12
u2190650,12
u2190656,32
u2190694,12
u2190737,21
u2190791,12
u2190856,38
u2190896,17
u2190924,11
u2190925,10
u2191149,14
u2191189,18
u2191193,10
u2191223,10
u2191224,21
u2191289,43
u2191352,15
u2191361,45
u2191366,13
u219140,7
u2191425,39
u2191673,12
u2191763,8
u2191903,16
u2192011,38
u2192015,7
u2192090,40
u2192376,27
u2192432,13
u2192461,14
u2192596,34
u2192674,25
u2192683,16
u2192746,17
u2192755,22
u2192773,14
u2192980,52
u2193160,18
u2193180,24
u2193216,54
u2193399,30
u2193482,11
u2193494,11
u2193512,21
u2193515,30
u2193570,9
u2193856,10
u2193908,21
u219407,20
u2194135,59
u2194138,10
u2194141,8
u2194145,13
u2194155,11
u2194171,8
u2194221,12
u219426,24
u2194484,49
u2194553,9
u2194652,46
u2194712,21
u2194787,30
u2194817,108
u2194861,27
u2194919,56
u2194974,17
u2195166,9
u2195201,9
u2195232,28
u2195264,14
u2195354,17
u2195471,16
u2195475,24
u2195518,78
u2195836,15
u2195838,17
u2195899,33
u219604,26
u2196046,37
u2196080,12
u2196133,14
u21963,10
u2196431,9
u2196499,12
u2196635,21
u2196821,24
u2196838,98
u2196851,29
u2197044,21
u2197126,10
u2197171,10
u2197306,10
u2197311,45
u2197376,16
u2197382,8
u2197416,26
u2197448,12
u2197540,46
u2197697,21
u2197828,109
u2197836,10
u2197932,15
u2198085,22
u2198153,16
u2198177,89
u2198207,14
u2198358,9
u2198395,7
u2198415,81
u2198423,12
u2198502,60
u2198512,10
u219855,44
u2198738,26
u2199011,46
u2199020,34
u2199025,29
u2199049,51
u219905,24
u2199052,13
u2199114,43
u2199152,16
u219916,18
u2199287,31
u2199292,17
u2199313,7
u2199378,22
u2199389,11
u2199454,21
u2199495,13
u2199509,8
u2199655,25
u2199657,10
u2199687,16
u2199767,267
u2199988,12
u2199998,15
u2200175,15
u220019,16
u2200237,15
u2200277,9
u2200306,21
u2200338,12
u2200388,32
u2200488,15
u2200590,33
u220081,14
u2200997,7
u2201156,68
u2201204,42
u2201344,10
u2201345,11
u2201383,25
u2201434,31
u2201573,17
u2201756,27
u2201778,11
u2201796,9
u2201847,8
u2201921,10
u2201946,24
u2201962,14
u2201988,42
u2202010,17
u2202014,29
u2202109,47
u2202154,18
u2202225,21
u2202242,93
u2202291,19
u2202324,13
u2202531,51
u2202577,48
u220260,14
u220265,14
u2202651,11
u2202666,11
u2202734,18
u2202752,32
u2202796,13
u2202871,13
u2202964,76
u2203021,19
u2203081,24
u2203111,19
u2203191,37
u2203233,41
u2203236,9
u2203247,18
u2203248,9
u2203276,24
u2203292,143
u2203308,18
u2203340,15
u2203464,14
u2203501,29
u2203514,13
u2203526,9
u2203591,14
u2203633,10
u2203664,17
u2203679,167
u2203689,11
u2203764,22
u2203838,38
u2203860,16
u2203911,9
u2203985,48
u2204013,24
u2204134,14
u2204141,12
u2204142,15
u2204302,17
u2204332,12
u2204352,30
u2204441,47
u2204588,9
u220476,44
u2204763,12
u2204827,16
u2204873,15
u2204909,17
u2204920,14
u2205013,22
u2205095,20
u2205126,12
u2205262,13
u2205350,11
u2205365,13
u2205433,24
u220545,12
u2205547,12
u2205583,8
u220574,9
u2205810,69
u2205901,29
u220605,23
u2206105,141
u2206151,30
u2206185,21
u220622,23
u2206262,14
u2206267,10
u2206443,20
u2206528,28
u2206655,16
u2206711,19
u2206728,9
u2206740,11
u2206989,24
u2206999,88
u2207036,16
u2207096,10
u2207117,10
u2207244,12
u2207310,15
u2207330,16
u2207421,19
u2207457,21
u2207464,13
u2207467,68
u2207482,20
u2207483,12
u2207602,23
u2207628,40
u2207644,25
u2207653,7
u2207661,15
u2207685,39
u2207754,39
u2207849,16
u2207860,35
u2207891,9
u2207895,35
u2207981,16
u220803,10
u2208098,21
u2208112,51
u2208280,23
u2208295,23
u2208501,36
u2208515,36
u2208578,18
u2208591,16
u2208606,11
u2208634,16
u2208645,53
u2208717,8
u2208742,12
u2208802,20
u220881,25
u2208875,13
u2208895,50
u2208901,26
u2209020,44
u2209052,51
u2209169,60
u2209195,134
u2209213,8
u2209245,16
u2209289,14
u220944,39
u2209462,16
u2209508,26
u2209547,20
u2209592,19
u2209670,6
u2209714,11
u2209756,12
u2209792,11
u2209813,15
u2209864,17
u2209865,50
u2209890,72
u2209928,26
u2210000,10
u2210076,35
u2210140,8
u2210157,20
u2210227,11
u2210360,39
u2210368,69
u221038,19
u2210425,27
u2210503,19
u221056,20
u2210623,20
u2210628,23
u2210814,32
u2210821,10
u2210967,36
u2210985,39
u2211070,12
u221125,13
u2211294,11
u2211346,12
u2211368,21
u2211388,11
u2211452,15
u2211472,21
u2211501,43
u2211575,14
u2211702,27
u2211718,21
u2211731,80
u2211740,60
u2211779,9
u2211802,19
u2211819,23
u2211965,27
u2211968,8
u2211974,21
u2212009,7
u2212022,26
u2212034,38
u2212043,22
u2212074,9
u2212097,19
u2212136,62
u2212232,18
u2212252,16
u2212292,20
u2212344,34
u2212345,19
u2212390,14
u2212440,125
u2212461,48
u2212470,37
u2212481,20
u2212836,12
u2212854,31
u2212933,12
u2213075,14
u2213118,45
u2213205,79
u2213214,20
u2213259,9
u2213449,49
u2213505,11
u2213586,27
u2213698,76
u2213755,14
u2213799,8
u2213808,43
u2213961,14
u2213964,25
u2214007,16
u2214076,9
u2214080,35
u2214118,48
u2214126,7
u2214150,7
u2214151,33
u2214201,43
u2214307,15
u2214342,20
u2214361,11
u2214435,11
u2214570,93
u2214603,13
u2214633,48
u2214657,26
u2214668,16
u2214676,12
u2214677,11
u2214870,8
u2214906,17
u2214944,40
u2214971,25
u2215005,19
u2215007,10
u2215048,24
u2215051,49
u2215105,18
u2215164,43
u2215169,61
u2215177,12
u2215213,16
u2215221,17
u2215278,16
u2215301,15
u2215453,27
u2215475,8
u2215495,84
u2215640,13
u2215703,72
u2215711,12
u2216002,10
u2216023,8
u2216058,35
u2216081,38
u2216111,11
u2216195,22
u2216217,23
u2216248,8
u2216297,14
u2216326,90
u221643,12
u2216430,22
u2216620,13
u2216767,37
u221680,13
u2216878,10
u2217129,47
u2217134,27
u2217173,6
u2217268,24
u2217269,24
u2217284,30
u2217300,49
u2217344,22
u2217455,31
u221746,15
u2217583,23
u2217633,15
u2217675,40
u221775,17
u2217789,61
u2217884,10
u2217886,50
u2217905,59
u2217936,17
u2217989,11
u2218119,10
u221820,8
u2218238,9
u2218278,131
u2218362,10
u2218445,64
u2218481,28
u2218580,46
u2218654,52
u2218679,18
u2218702,12
u2218745,11
u2218841,18
u2218893,25
u2218896,58
u2218910,44
u2218925,18
u2218973,25
u2219071,15
u2219321,50
u2219410,14
u2219415,9
u2219579,8
u2219587,85
u2219673,8
u2219690,30
u2219776,12
u2219781,24
u2219787,14
u2219879,17
u2219910,12
u2219915,21
u2219939,13
u2220022,22
u2220030,11
u2220049,30
u2220139,8
u2220281,7
u2220373,25
u2220400,22
u2220404,40
u2220518,16
u2220555,10
u2220568,22
u2220588,33
u2220592,48
u2220876,90
u2220938,13
u2220958,45
u2221171,10
u2221176,8
u2221188,14
u2221242,17
u2221258,16
u2221281,22
u2221346,11
u2221425,22
u2221447,11
u2221503,34
u2221579,9
u2221641,14
u2221765,12
u2221827,21
u2221865,18
u2221883,34
u2221961,15
u2221988,9
u2222070,28
u2222103,15
u2222108,12
u2222263,20
u2222271,9
u222233,10
u2222359,16
u2222402,9
u2222424,30
u2222443,13
u2222472,9
u2222480,20
u222255,18
u2222584,13
u2222623,13
u2222791,95
u2222827,54
u2223069,12
u2223098,13
u2223274,38
u2223364,18
u2223366,61
u2223441,17
u22235,9
u2223510,46
u2223567,47
u2223660,30
u2223668,42
u222367,10
u2223701,11
u2223737,20
u222377,7
u2223785,38
u2223790,22
u2223844,18
u2223855,22
u2223872,11
u2224052,23
u2224085,11
u2224222,17
u2224252,94
u2224400,33
u2224496,8
u2224575,17
u2224627,17
u2224674,26
u222477,27
u2224775,24
u2224779,38
u2224806,22
u2224830,18
u2224895,43
u2225110,31
u2225178,10
u2225189,51
u2225262,10
u2225274,21
u22253,21
u2225311,39
u2225336,30
u2225377,32
u2225556,42
u2225610,8
u2225624,22
u2225648,14
u2225704,22
u2225856,19
u2225859,25
u222587,25
u2225958,48
u2226000,12
u2226004,12
u2226050,11
u2226088,14
u2226130,13
u2226150,16
u2226238,38
u2226300,9
u2226352,47
u2226360,10
u2226521,15
u2226522,19
u2226664,18
u2226693,20
u222673,10
u2226748,28
u2226749,15
u2226997,15
u2227092,43
u2227095,19
u2227167,34
u22273,10
u2227402,21
u2227434,18
u222749,25
u2227502,13
u2227523,13
u2227545,18
u2227591,13
u2227656,22
u2227660,9
u2227724,12
u2227925,98
u2228021,15
u2228077,32
u2228087,11
u2228136,24
u2228213,13
u2228296,14
u2228302,17
u2228346,10
u2228354,16
u2228366,132
u2228503,34
u2228564,35
u2228662,15
u2228704,19
u2228786,16
u2228824,16
u2228843,19
u2229042,108
u2229224,78
u2229232,53
u2229274,16
u2229301,16
u2229350,79
u2229378,17
u2229480,11
u2229655,13
u2229665,38
u2229710,9
u2229720,45
u2229910,9
u223005,33
u2230159,11
u2230177,24
u2230347,52
u2230456,33
u2230512,19
u223052,10
u2230544,25
u2230551,12
u2230823,31
u2230847,71
u2230917,19
u2231011,13
u2231212,8
u2231372,8
u2231428,75
u2231461,31
u2231472,13
u2231557,11
u2231558,57
u2231641,15
u2231711,21
u2231784,30
u2231949,30
u223196,13
u223198,16
u2232038,29
u2232219,46
u2232325,70
u2232416,13
u2232571,12
u2232609,28
u2232685,68
u2232884,18
u2232897,11
u2232921,33
u2232940,12
u223298,11
u2233014,52
u2233059,7
u2233132,8
u2233182,26
u2233195,17
u2233245,36
u2233545,13
u2233584,15
u2233587,46
u2233612,52
u2233627,11
u2233684,151
u2233699,12
u2233794,20
u2233875,8
u2233914,40
u2234013,26
u2234045,9
u2234050,13
u2234097,30
u2234114,9
u2234117,13
u2234312,12
u2234349,30
u2234365,14
u2234377,39
u2234428,12
u223447,7
u2234490,16
u2234517,11
u2234523,137
u2234538,14
u2234599,38
u2234675,13
u2234715,65
u2234753,79
u2234866,17
u2234897,8
u2234989,15
u2235086,11
u2235101,35
u2235194,28
u2235223,33
u2235240,11
u2235358,32
u2235391,68
u2235399,23
u22354382,32
u2235459,18
u22354983,7
u2235674,11
u2235710,15
u2235750,12
u22358281,10
u2235987,8
u2235998,27
u2236057,16
u2236086,15
u2236186,22
u2236235,17
u223629,11
u2236376,22
u2236417,8
u2236463,21
u2236717,7
u2236775,8
u22368182,100
u2236825,71
u2236902,25
u2236946,19
u2237054,49
u2237091,38
u2237120,8
u22371406,25
u2237246,14
u2237252,12
u2237295,16
u2237392,15
u2237407,9
u2237564,10
u2237612,7
u2237691,15
u223784,32
u2237951,51
u2238027,22
u223834,9
u22383581,46
u2238369,11
u2238434,10
u2238570,29
u2238639,51
u2238643,11
u2239006,27
u2239037,14
u2239192,11
u2239249,15
u2239335,35
u2239366,27
u2239378,12
u2239571,8
u2239673,15
u2239715,15
u2239733,54
u2240012,13
u2240040,31
u2240156,14
u2240178,9
u224034,16
u2240346,19
u2240356,16
u2240451,9
u2240472,8
u2240538,12
u2240573,35
u2240619,19
u2240675,16
u2240680,18
u2240771,10
u224084,10
u2240849,24
u2240888,10
u2240939,27
u2240945,9
u2240946,11
u2240967,40
u2241109,10
u2241162,21
u2241196,14
u2241249,16
u2241337,110
u2241345,10
u2241396,12
u2241435,14
u2241459,13
u2241489,23
u2241531,11
u2241770,28
u224179,13
u2241859,6
u2241891,10
u2241957,11
u2242047,9
u224213,17
u2242161,23
u2242190,15
u2242274,41
u2242300,17
u2242339,11
u2242355,27
u2242428,29
u2242542,16
u2242616,22
u2242624,21
u2242705,24
u2242764,23
u2242800,14
u2242865,30
u2242955,30
u2243001,9
u2243037,35
u2243040,24
u2243146,48
u2243234,19
u2243268,34
u2243307,27
u2243343,22
u2243402,24
u2243437,11
u2243470,40
u2243545,25
u2243628,8
u2243632,9
u2243643,8
u2243723,12
u2243767,21
u2243797,7
u2243807,81
u2243815,30
u2243830,188
u2243867,40
u2243973,46
u2244034,15
u2244110,22
u224421,14
u2244405,18
u2244531,112
u2244546,10
u2244642,13
u2244669,86
u2244696,31
u2244791,28
u2244827,14
u2244835,9
u2244840,25
u2244892,27
u2244976,19
u2244977,34
u2245032,20
u2245255,13
u2245470,14
u2245502,18
u2245608,18
u2245672,19
u2245892,38
u2245917,113
u2245936,18
u2245987,85
u2245995,8
u224604,10
u2246261,16
u2246272,10
u2246651,8
u2246717,10
u2246732,79
u2246801,42
u2246989,14
u2247029,29
u2247071,40
u2247165,12
u2247179,106
u2247241,16
u2247255,8
u2247311,42
u2247349,12
u2247365,22
u2247372,31
u2247384,26
u2247477,14
u2247506,23
u2247531,55
u2247551,34
u2247573,125
u2247640,17
u22477157,24
u224783,10
u2247887,28
u2247890,35
u2248146,28
u2248235,24
u2248506,48
u2248726,34
u2248752,41
u2248778,11
u224879,12
u2248817,11
u2248820,17
u2248828,33
u2249029,38
u2249086,11
u2249221,12
u2249472,7
u2249521,37
u2249646,15
u2249827,42
u2250100,16
u2250201,14
u2250256,20
u2250267,33
u2250294,52
u2250523,13
u2250593,63
u2250684,48
u2250703,15
u2250723,13
u2250931,35
u2250951,32
u2250962,10
u2251033,9
u2251058,36
u2251248,13
u2251280,9
u2251287,30
u2251299,18
u2251308,59
u2251320,21
u2251346,78
u225151,9
u225157,18
u2251619,59
u2251645,14
u2251681,35
u2251724,18
u2251754,17
u225178,47
u2251806,11
u2251919,30
u2251968,14
u2251975,10
u2251991,9
u2252051,36
u2252143,22
u2252147,21
u2252194,13
u2252340,50
u22524079,10
u2252417,17
u2252446,17
u2252452,11
u2252549,16
u2252556,11
u2252575,18
u2252613,20
u2252678,31
u2252734,14
u2252775,11
u2252877,72
u2252924,109
u2253109,16
u2253195,29
u2253213,14
u2253216,12
u2253342,17
u2253371,11
u2253482,18
u2253498,11
u2253572,27
u2253619,16
u2253689,28
u2253718,12
u2253753,43
u2253824,18
u2253869,22
u2253893,37
u2254097,29
u2254103,32
u2254144,7
u2254152,35
u2254195,10
u2254223,10
u2254277,25
u2254286,37
u2254335,14
u2254411,11
u2254601,16
u2254603,22
u2254643,12
u2254651,12
u2254656,49
u2254717,13
u2254738,74
u2254743,162
u2254804,11
u2254859,47
u2254872,24
u2254892,47
u2254906,8
u2254912,13
u2255086,28
u2255146,102
u2255163,13
u2255177,11
u2255251,20
u2255259,19
u2255281,18
u2255282,29
u2255305,14
u2255352,12
u2255414,63
u2255473,26
u2255498,10
u2255622,9
u2255624,8
u2255678,20
u2255759,19
u2255762,9
u2255819,35
u2255867,22
u2255897,11
u2255930,214
u2255946,54
u2256100,47
u2256166,11
u2256194,28
u2256219,50
u2256386,24
u2256444,43
u2256457,17
u2256594,10
u2256633,41
u2256658,92
u225669,9
u2256723,15
u2256728,14
u2256806,49
u2256817,19
u2256857,26
u2256919,65
u2256939,15
u2256994,12
u2256997,10
u2257095,9
u2257209,39
u2257363,55
u2257381,41
u2257424,34
u2257429,32
u2257471,68
u2257497,16
u2257534,12
u2257554,15
u2257621,6
u2257759,13
u2257816,12
u2257910,41
u2257938,15
u2257996,67
u2258020,9
u2258072,14
u2258170,16
u2258265,12
u2258332,16
u225838,18
u2258411,19
u2258425,101
u2258489,7
u2258495,13
u2258659,54
u2258808,15
u2258849,15
u2258900,34
u2258944,109
u2259009,17
u2259065,16
u2259267,28
u2259351,18
u2259360,87
u2259381,40
u2259462,10
u2259464,17
u2259493,36
u225954,12
u2259613,50
u2259640,77
u2259687,19
u2259972,11
u2260001,20
u2260006,42
u2260029,22
u2260094,13
u2260096,10
u2260102,52
u2260121,22
u2260256,44
u2260264,12
u22603768,30
u2260387,18
u2260398,16
u2260468,16
u2260504,11
u2260569,19
u2260571,35
u2260661,58
u2260670,14
u2260673,18
u2260814,13
u2260856,18
u2260876,48
u2260960,17
u2261015,18
u2261119,9
u2261216,18
u2261529,44
u2261695,18
u2261699,14
u2261737,12
u2261809,39
u2261892,29
u2262030,29
u2262040,17
u2262044,14
u2262196,26
u2262239,36
u2262257,37
u2262284,9
u2262355,14
u2262375,16
u2262518,15
u2262538,13
u2262572,130
u2262590,12
u2262652,58
u2262665,12
u2262733,13
u2262745,37
u2262763,18
u2263008,22
u2263039,33
u2263118,29
u2263127,33
u2263151,14
u2263189,27
u2263199,11
u226323,13
u2263241,7
u2263261,47
u2263271,23
u2263279,47
u2263353,31
u226347,17
u2263510,21
u2263552,13
u2263556,21
u2263669,41
u2263829,68
u2263849,14
u2263866,13
u2263891,18
u2263905,38
u2263918,28
u226393,16
u2264023,8
u2264028,95
u2264080,42
u2264135,12
u2264219,38
u2264285,29
u2264306,19
u2264359,30
u2264378,16
u2264398,13
u2264508,36
u2264597,21
u2264606,28
u2264632,38
u2264695,70
u2264707,62
u2264748,26
u2264775,31
u2264806,29
u2264989,14
u2265244,187
u2265279,29
u2265395,40
u2265557,36
u2265581,19
u2265696,9
u2265712,27
u2265735,18
u2265914,70
u2266003,22
u2266094,23
u2266263,60
u2266341,14
u2266519,18
u2266587,15
u2266591,51
u2266670,28
u2266678,19
u2266687,34
u2266708,25
u2266735,15
u2266752,19
u2266829,13
u2266875,27
u2266926,40
u2266940,10
u2266965,21
u2267004,34
u2267130,12
u2267166,30
u2267249,26
u2267303,49
u2267305,17
u2267326,134
u2267393,19
u2267394,8
u2267419,25
u2267455,31
u2267527,14
u2267531,14
u2267538,9
u2267542,8
u2267603,11
u2267645,11
u2267678,42
u2267710,31
u2267730,12
u2267742,21
u2267799,58
u2267964,13
u2268037,79
u2268108,36
u2268117,25
u2268232,9
u2268308,13
u2268327,16
u2268338,38
u2268356,11
u2268443,11
u2268463,16
u2268472,22
u2268473,17
u2268487,8
u2268494,16
u2268675,10
u2268747,132
u2268810,8
u2268904,13
u2268926,112
u2268928,21
u2269033,13
u2269125,9
u2269236,30
u2269269,26
u2269476,16
u2269669,22
u2269675,37
u2269685,16
u2269704,29
u2269736,9
u2269742,15
u2269769,10
u2269776,35
u2269919,16
u2269972,9
u2269999,43
u2270191,14
u2270214,49
u2270222,22
u2270260,28
u2270362,20
u2270382,35
u2270414,17
u2270468,16
u2270494,61
u2270504,17
u2270556,7
u2270901,13
u2270964,11
u2270989,20
u2271044,11
u2271139,7
u2271165,36
u2271186,6
u2271264,25
u2271274,16
u2271277,10
u2271355,29
u2271356,37
u22713903,21
u2271399,10
u2271478,57
u227149,17
u2271507,9
u2271556,44
u2271578,9
u2271588,16
u2271623,13
u2271625,30
u227166,32
u2271671,18
u2271680,23
u2271744,8
u2271797,19
u2271866,66
u2272013,12
u2272089,12
u2272135,9
u2272140,78
u2272152,17
u2272324,29
u2272361,27
u2272463,12
u2272507,27
u2272528,26
u2272530,25
u2272571,21
u2272657,16
u2272667,45
u2272781,167
u2272782,15
u2272793,20
u2272798,24
u2272839,28
u2272866,44
u2272923,17
u2272941,14
u2273023,30
u2273042,20
u2273103,35
u2273151,13
u2273286,19
u2273357,10
u2273395,9
u2273414,20
u2273453,16
u2273461,30
u2273464,23
u2273496,16
u2273514,12
u2273557,8
u2273571,11
u2273609,21
u2273634,14
u2273692,18
u2273717,15
u2273732,49
u227377,14
u2273839,26
u2274047,75
u2274101,7
u2274189,24
u2274261,12
u2274353,10
u2274368,50
u2274425,15
u2274454,68
u2274529,47
u2274533,9
u2274638,10
u2274679,17
u2274697,23
u227472,8
u227477,9
u2274772,20
u2274923,9
u227494,16
u2274951,11
u2274956,8
u2275113,23
u2275225,12
u2275491,7
u2275572,19
u2275659,45
u2275811,16
u2275859,10
u2275998,15
u2276058,25
u2276083,30
u2276216,30
u2276245,22
u2276258,120
u2276450,18
u2276506,10
u2276517,16
u2276577,14
u2276673,12
u2276739,24
u2276741,21
u2276746,19
u2276801,36
u2276805,10
u2276812,17
u2276847,14
u2276903,100
u2277079,51
u2277154,39
u2277210,23
u2277218,30
u227723,42
u2277515,29
u2277561,52
u2277646,14
u2277666,21
u2277696,27
u2277758,25
u2277820,27
u2277842,26
u2277884,28
u2277936,34
u2277950,61
u2277983,12
u2278075,12
u2278095,14
u2278188,32
u2278263,15
u2278277,13
u2278280,9
u227830,29
u2278328,19
u2278376,25
u2278410,9
u2278501,26
u2278515,10
u2278618,24
u227866,12
u2278695,27
u2278711,34
u2278866,40
u2278874,8
u2278923,85
u2279109,15
u2279189,7
u2279192,25
u2279289,47
u22794429,14
u2279480,55
u2279564,36
u2279575,24
u2279606,26
u2279706,55
u2279708,13
u2279736,16
u2279756,10
u2279795,13
u2280112,49
u2280200,16
u2280281,48
u2280406,100
u2280415,21
u2280433,20
u2280552,10
u2280591,15
u2281200,56
u2281225,27
u2281296,11
u2281342,22
u2281371,13
u2281430,12
u2281434,13
u228150,14
u228152,20
u2281619,34
u2281625,24
u2281668,14
u2281876,13
u2282000,69
u2282058,38
u2282091,62
u2282132,31
u228234,52
u2282402,128
u2282406,10
u2282414,18
u2282501,8
u2282567,28
u2282646,58
u2282714,23
u2282830,13
u2282872,24
u228300,9
u2283095,13
u2283165,12
u2283166,23
u2283210,7
u2283217,13
u2283257,14
u2283291,15
u2283292,17
u2283320,14
u2283397,12
u2283470,10
u2283511,13
u2283703,63
u2283740,55
u2283752,10
u2283810,10
u2283852,16
u2284018,76
u2284022,19
u228406,22
u2284092,17
u2284162,16
u2284176,23
u2284245,36
u2284247,19
u2284311,15
u2284427,24
u2284455,10
u2284465,25
u2284484,24
u2284586,33
u2284669,12
u2284705,40
u2284727,14
u2284843,14
u228490,36
u2284974,22
u228498,37
u2285118,8
u22851853,17
u2285341,55
u2285385,20
u2285409,14
u228545,19
u2285481,65
u2285564,30
u2285577,13
u2285700,25
u2285713,16
u2285734,10
u2285816,26
u2285838,33
u2286043,92
u2286182,53
u2286230,21
u2286237,12
u2286358,12
u2286390,226
u2286403,12
u2286603,25
u2286617,23
u2286648,15
u2286689,15
u2286758,11
u2286764,15
u2286789,30
u2286810,16
u2286846,51
u2286937,14
u2286950,47
u2286982,16
u2287014,34
u2287099,37
u2287140,32
u2287224,15
u2287254,21
u2287410,7
u228757,41
u2287636,13
u2287675,27
u2287742,43
u2287777,17
u2287936,12
u228798,27
u22880,24
u2288012,10
u2288079,129
u2288103,19
u2288190,8
u2288324,11
u2288364,9
u2288405,14
u2288444,23
u2288624,13
u2288660,11
u2288662,12
u2288759,7
u2288769,7
u2288775,23
u2288783,16
u2288821,10
u2288960,18
u2289004,32
u2289128,12
u2289164,14
u2289207,120
u2289223,50
u2289283,16
u2289414,13
u2289466,13
u228951,15
u2289537,54
u2289598,36
u2289727,17
u2289951,14
u2290049,10
u2290148,15
u2290230,41
u2290252,23
u2290304,7
u2290308,53
u2290429,60
u2290443,31
u2290530,8
u2290567,15
u2290661,10
u2290675,14
u2290754,13
u229081,26
u2290903,10
u2291004,21
u2291049,25
u2291127,49
u2291266,6
u2291267,43
u2291283,27
u2291334,12
u2291431,53
u2291444,30
u2291534,9
u2291543,30
u2291567,16
u2291708,13
u2291786,56
u2291787,22
u2291844,11
u2291849,98
u2291869,22
u2291871,162
u2291897,13
u2291958,56
u2291961,15
u2292037,10
u2292064,19
u2292067,16
u2292110,18
u2292123,52
u2292134,37
u2292212,17
u2292255,14
u2292301,15
u2292304,31
u229248,9
u2292499,53
u2292519,20
u2292523,59
u229260,19
u2292635,18
u2292663,10
u2292696,25
u2292710,15
u2292838,8
u2292843,24
u2292906,16
u2292933,15
u2292982,6
u2292985,11
u2293007,39
u2293034,7
u2293246,41
u2293264,16
u2293335,117
u2293367,103
u22933924,7
u2293425,42
u2293507,49
u2293537,16
u2293556,8
u2293583,15
u2293692,78
u2293718,14
u2293747,13
u2293785,82
u2293833,64
u2293934,36
u229398,23
u2294043,39
u2294055,14
u2294078,23
u2294094,20
u2294095,110
u2294110,21
u2294175,8
u2294262,93
u2294306,30
u2294350,18
u2294372,23
u2294410,276
u2294500,65
u2294513,25
u2294532,13
u2294654,19
u2294728,39
u2294731,69
u2294735,20
u2294741,22
u2294764,11
u2294766,88
u2294768,10
u2294777,42
u2294826,12
u2294890,8
u2294982,35
u2294992,32
u2295036,9
u2295107,13
u2295135,57
u229515,17
u2295177,15
u2295243,20
u2295304,13
u2295327,28
u2295604,17
u229561,30
u2295703,14
u2295705,48
u2295709,21
u2295780,19
u2295802,24
u229581,15
u2295839,61
u2295860,21
u2295955,12
u2296048,59
u2296096,58
u2296114,22
u2296138,47
u2296150,16
u2296174,68
u2296224,22
u2296392,20
u2296533,20
u2296599,24
u2296642,16
u2296652,72
u2296707,7
u2296714,55
u2296730,9
u2296830,14
u2296840,25
u2296919,27
u2297147,16
u2297173,10
u2297186,8
u2297247,22
u229737,29
u2297441,15
u2297470,11
u2297505,29
u2297514,24
u2297600,32
u2297624,53
u2297665,42
u2297715,11
u2297736,12
u2297751,55
u2297782,68
u2297801,31
u2297813,11
u2297823,32
u2297885,63
u2297903,9
u2297915,10
u2297955,34
u2297966,14
u2298028,13
u2298099,12
u2298142,18
u2298230,6
u2298231,19
u2298299,22
u2298329,32
u2298370,100
u229846,10
u229857,25
u2298587,20
u2298598,63
u2298607,18
u2298614,42
u2298629,9
u2298649,15
u2298682,19
u2298714,30
u2298715,15
u2298731,15
u2298757,15
u2298776,110
u2298826,35
u2298849,139
u2298875,14
u2298900,8
u2298934,32
u2299003,57
u2299034,26
u2299057,97
u2299128,21
u2299184,51
u2299192,25
u2299236,6
u2299237,10
u2299294,110
u229937,17
u2299374,21
u2299393,16
u2299452,82
u2299457,20
u2299619,27
u2299665,29
u2299671,12
u2299733,8
u2299809,6
u2299898,93
u2299976,34
u2300021,22
u23002967,13
u2300308,58
u2300316,24
u2300586,32
u2300594,19
u2300748,27
u2300883,49
u2300899,22
u2300940,10
u2300965,10
u2300987,18
u230101,8
u2301095,9
u2301126,11
u2301180,19
u2301230,15
u2301336,40
u2301367,25
u2301532,18
u2301540,35
u2301617,19
u2301620,10
u2301657,35
u2301721,36
u2301786,19
u2301838,48
u2301853,11
u2302163,11
u2302178,82
u2302260,20
u2302438,10
u2302459,67
u2302528,13
u2302760,7
u2302798,161
u2302829,25
u2302860,31
u230293,12
u2303029,20
u2303078,13
u230313,8
u2303280,11
u2303334,10
u230338,16
u2303424,18
u2303558,18
u2303612,21
u2303627,74
u2303680,23
u2303688,13
u2303801,69
u230383,42
u2303833,18
u2303901,11
u2303918,25
u2303960,40
u2304039,44
u2304070,64
u2304112,13
u2304122,10
u2304154,87
u2304254,16
u2304285,42
u230446,44
u2304531,19
u2304545,10
u2304551,23
u2304925,13
u2304961,19
u2305227,13
u2305265,13
u2305287,21
u2305296,12
u2305416,9
u2305501,21
u2305700,10
u2305773,36
u2305807,28
u2305855,14
u2305894,23
u2305954,39
u230596,33
u2305997,66
u2306057,7
u2306166,16
u2306243,15
u2306420,27
u2306440,10
u2306509,10
u2306531,47
u2306536,15
u2306588,11
u2306699,8
u2306742,9
u230675,12
u2306798,27
u2306845,23
u2307073,12
u2307120,135
u2307353,23
u2307377,50
u2307470,32
u2307624,41
u2307672,19
u2307692,11
u2307764,13
u2307847,36
u2307894,18
u2307957,40
u2308061,13
u2308155,17
u2308282,15
u2308354,12
u2308361,21
u2308485,16
u23085373,13
u2308559,19
u2308567,10
u2308666,23
u2308699,9
u2308747,30
u2308748,18
u2308757,32
u2308813,10
u2308850,12
u2308894,38
u2308918,32
u2309119,20
u2309223,12
u2309248,12
u2309304,35
u2309307,40
u2309351,40
u2309362,45
u2309490,13
u2309509,9
u2309551,34
u2309641,16
u2309666,37
u2309718,8
u230972,20
u2309863,12
u2309898,23
u2309960,74
u2309997,14
u2310120,21
u2310147,20
u2310384,39
u2310625,16
u231071,14
u2310734,12
u2310787,46
u2310963,83
u2310976,27
u2311076,12
u2311134,9
u2311237,11
u231125,36
u2311259,28
u2311327,46
u2311402,23
u2311411,8
u2311416,16
u2311522,17
u2311565,13
u2311567,45
u2311700,18
u2311714,12
u2311814,23
u2311856,11
u2311863,94
u2311883,12
u2311897,13
u2311902,18
u2311931,32
u2311935,20
u2311963,11
u2311988,18
u2312012,89
u2312136,16
u2312157,41
u2312423,7
u2312494,14
u2312498,13
u2312501,37
u2312602,8
u2312623,12
u2312640,14
u2312644,19
u2312669,65
u2312698,16
u2312723,45
u2312807,24
u2312835,9
u2312856,47
u2312876,39
u2312898,21
u2313015,14
u2313054,9
u2313063,31
u2313072,20
u2313093,48
u2313213,20
u2313226,45
u2313281,9
u2313424,18
u2313476,12
u2313582,15
u2313590,16
u231367,7
u2313707,20
u2313720,69
u2313897,13
u2313935,13
u2314008,10
u2314009,23
u231408,17
u2314113,87
u2314147,47
u231420,13
u2314272,17
u2314398,15
u2314463,34
u2314478,24
u2314485,37
u2314489,21
u2314584,35
u2314621,21
u2314629,16
u2314632,13
u2314635,68
u2314678,19
u2314756,21
u2315042,22
u2315077,15
u231509,31
u2315126,16
u2315151,49
u2315173,41
u2315267,54
u2315337,76
u2315486,17
u2315532,8
u2315557,12
u2315615,13
u2315643,46
u231573,11
u2315759,48
u2315769,18
u2315920,8
u2316039,29
u2316145,8
u2316173,15
u2316229,14
u2316254,62
u23164104,14
u2316424,52
u2316440,13
u2316495,14
u2316510,24
u2316524,23
u2316558,36
u2316559,11
u2316569,111
u2316628,21
u2316632,45
u2316701,9
u2316722,27
u2316731,102
u2316735,60
u2316825,14
u2316856,28
u2316904,23
u2316949,28
u2316979,10
u2316993,13
u2317014,19
u2317054,15
u2317174,45
u2317194,15
u2317231,79
u2317264,31
u2317282,26
u2317314,23
u2317380,74
u2317440,11
u2317461,15
u2317495,37
u231753,11
u2317571,47
u2317577,25
u2317579,9
u2317606,14
u2317649,23
u2317650,57
u2317681,16
u2317686,33
u2317710,25
u2317989,79
u2318033,12
u2318144,10
u2318166,21
u2318180,15
u2318211,61
u2318237,33
u2318452,33
u2318484,13
u2318620,16
u2318827,18
u2318937,9
u2318941,48
u2319012,24
u2319042,25
u2319069,22
u2319095,9
u2319117,12
u2319160,24
u2319557,8
u2319577,10
u2319641,25
u2319661,29
u2319695,14
u2319704,35
u2319758,33
u23198,21
u2319990,22
u2320090,15
u2320158,23
u2320166,20
u2320340,11
u2320376,25
u2320380,22
u2320399,9
u2320412,14
u2320446,13
u2320466,9
u2320511,33
u2320532,10
u2320639,30
u232066,28
u2320692,9
u2320740,15
u2320790,79
u2320888,24
u2320968,20
u2320978,15
u2321313,16
u2321362,16
u2321455,14
u2321573,12
u2321588,26
u2321631,37
u2321721,18
u2321733,38
u2321766,97
u2321803,10
u2321816,24
u2321897,19
u2321942,14
u2322015,13
u2322109,36
u2322172,35
u2322356,10
u232255,15
u2322572,75
u232258,9
u2322612,21
u2322679,9
u2322713,20
u2322739,7
u2322758,33
u2322776,95
u2322994,11
u2323147,18
u2323218,11
u2323250,115
u232326,40
u2323283,14
u2323293,20
u2323295,45
u2323308,40
u2323331,23
u2323340,32
u2323454,19
u2323604,40
u232375,12
u2323858,11
u232391,14
u2324007,31
u2324052,31
u2324081,23
u2324154,18
u2324216,18
u2324229,19
u2324265,16
u2324298,10
u2324380,37
u2324388,14
u2324428,17
u2324491,13
u2324520,103
u2324634,91
u2324651,14
u2324724,17
u2324892,27
u2324970,19
u2324993,15
u2325175,7
u2325270,11
u2325302,14
u2325357,50
u2325379,9
u2325543,17
u2325628,26
u2325672,24
u2325679,27
u2325698,26
u2325699,9
u2325965,34
u2325985,7
u2326113,18
u232613,29
u232623,19
u2326331,10
u2326470,9
u2326582,19
u2326611,9
u2326629,15
u2326667,50
u2326813,35
u2326864,90
u2326876,28
u232696,16
u2326986,7
u2327095,19
u2327129,70
u232714,15
u2327200,42
u232721,10
u2327261,63
u2327342,47
u2327372,13
u2327404,19
u2327454,21
u2327532,28
u2327549,19
u2327588,12
u2327630,19
u2327644,58
u2327725,16
u2327760,20
u2327779,19
u2327797,12
u2328008,10
u2328114,20
u2328115,7
u2328181,15
u2328190,12
u2328223,12
u2328236,11
u2328275,14
u2328293,8
u2328424,38
u2328440,7
u2328508,9
u2328656,29
u2328705,12
u2328770,14
u2329031,14
u2329046,16
u2329083,11
u2329143,22
u2329238,47
u2329249,78
u2329263,14
u2329302,57
u2329336,18
u2329388,22
u2329399,61
u2329522,24
u2329561,30
u2329693,15
u232971,12
u2329865,12
u2329884,15
u2329936,14
u2330160,38
u2330200,36
u2330308,63
u2330331,12
u2330350,19
u2330382,84
u2330385,35
u2330432,17
u2330467,54
u2330472,30
u2330488,10
u2330519,15
u2330714,74
u233090,6
u2330957,7
u2331168,14
u2331206,17
u23312068,9
u2331242,21
u2331253,18
u2331477,41
u2331690,28
u2331816,20
u2331871,23
u2331913,21
u2331977,13
u2332008,36
u2332230,42
u2332245,50
u2332249,7
u2332377,10
u2332400,12
u2332467,14
u2332495,32
u2332558,8
u2332601,11
u2332723,17
u2332843,55
u2332844,70
u2332907,18
u2333001,26
u2333049,18
u233309,21
u233321,22
u2333237,27
u2333281,84
u233336,7
u2333430,11
u2333479,38
u2333530,12
u2333616,60
u2333642,16
u2333781,11
u2333946,36
u2333977,51
u233413,9
u2334130,65
u2334169,25
u2334203,8
u2334275,47
u233428,13
u2334347,12
u2334376,31
u2334455,16
u2334458,23
u2334533,13
u233471,8
u2334874,20
u2335187,79
u2335192,82
u2335347,28
u2335418,18
u233546,12
u2335533,12
u2335535,14
u2335549,29
u2335558,24
u2335727,18
u2335789,48
u2335831,21
u2335847,34
u2335937,10
u2336123,15
u2336163,14
u2336168,39
u2336199,12
u2336217,23
u2336222,26
u2336383,31
u2336427,27
u2336437,16
u2336450,39
u2336493,18
u2336535,37
u2336872,13
u2336974,35
u2337000,41
u2337066,11
u2337122,25
u2337223,9
u2337296,36
u2337389,56
u2337463,47
u2337534,8
u2337600,60
u2337752,40
u2337791,21
u2337881,21
u2337906,10
u2338050,105
u2338110,21
u2338117,19
u2338285,25
u2338321,110
u2338344,21
u2338376,36
u2338757,26
u233891,10
u2339009,14
u233907,13
u2339104,16
u2339123,44
u2339144,76
u2339169,17
u2339230,64
u2339437,17
u2339522,96
u233955,44
u2339617,36
u2339646,9
u2339834,62
u2339860,7
u2339877,11
u2339892,33
u2339895,9
u2339926,30
u2340009,9
u2340089,8
u2340098,9
u2340272,123
u2340298,9
u234037,17
u2340459,86
u234046,39
u2340490,26
u2340493,28
u2340508,9
u2340540,10
u2340594,48
u2340623,128
u2340637,40
u2340787,38
u2340879,16
u2340965,10
u2340967,30
u2340980,13
u234102,10
u2341049,19
u2341101,26
u2341158,13
u2341219,14
u2341228,22
u234127,13
u2341550,14
u2341596,47
u2341600,11
u2341639,54
u234169,27
u2341696,32
u2341738,11
u2341779,18
u2341792,155
u2341854,120
u2341863,11
u2342155,14
u2342211,10
u2342431,98
u2342578,19
u2342583,6
u2342594,41
u2342624,26
u2342640,33
u2342760,15
u2342776,21
u2342797,10
u2342822,85
u2342860,26
u2342904,19
u2342910,10
u2342961,43
u2343004,10
u2343155,38
u2343175,47
u2343300,16
u2343305,13
u2343438,17
u2343456,107
u2343466,83
u2343603,22
u2343674,19
u2343736,39
u2343816,12
u2343840,17
u2344076,27
u2344099,14
u2344123,11
u2344163,21
u2344214,74
u2344259,11
u2344273,112
u2344280,25
u2344309,11
u2344335,22
u2344380,11
u2344419,20
u2344495,42
u2344606,39
u2344651,9
u2344653,14
u2344669,8
u234471,101
u234487,12
u2344893,24
u2344933,39
u2344943,11
u2345028,7
u2345068,47
u2345297,10
u2345299,11
u2345333,19
u234550,20
u2345537,12
u2345576,46
u2345586,10
u2345623,18
u2345628,10
u2345668,8
u234568,22
u2345791,35
u2345887,35
u234598,20
u2346056,19
u2346117,23
u2346158,57
u2346164,12
u2346281,15
u2346380,15
u2346417,12
u2346473,10
u2346492,52
u2346523,15
u2346613,14
u2346646,11
u2346667,26
u2346695,10
u2346739,19
u234679,23
u2346838,24
u2346883,23
u2346949,7
u2347026,14
u2347034,7
u2347192,31
u2347194,28
u2347239,46
u2347291,7
u2347319,7
u2347370,9
u2347454,92
u2347498,54
u2347560,29
u2347614,97
u2347798,18
u2347807,31
u234781,10
u2347811,9
u2347865,8
u2348025,21
u234803,9
u2348165,32
u2348284,19
u2348410,21
u2348415,38
u2348443,32
u2348461,148
u2348462,53
u2348558,40
u2348599,15
u2348616,54
u2348647,46
u234869,7
u2348742,22
u2348835,33
u2348948,51
u234896,10
u2349059,38
u2349077,15
u2349138,152
u2349160,18
u2349173,10
u2349249,16
u2349271,44
u2349309,18
u2349343,50
u2349459,32
u2349468,35
u2349502,22
u234951,34
u2349596,86
u2349652,10
u2349711,29
u2349804,9
u2349834,32
u2349902,10
u2349958,111
u2349975,32
u2350028,58
u2350072,18
u2350132,15
u2350157,23
u2350185,12
u2350208,24
u2350210,11
u2350229,40
u2350337,10
u2350446,23
u235050,28
u2350515,29
u2350522,14
u2350541,28
u2350576,42
u2350578,9
u2350667,11
u2350678,39
u2350710,44
u2350757,15
u2350794,6
u2350832,91
u2350929,18
u2350947,28
u2350958,10
u2351002,32
u2351155,24
u2351215,36
u2351273,10
u2351332,11
u2351364,13
u2351375,17
u2351378,20
u2351531,8
u2351564,33
u2351645,43
u235167,9
u2351696,15
u2351698,12
u2351792,13
u2351829,15
u2351900,12
u235210,12
u2352133,10
u2352147,25
u2352191,26
u2352204,13
u2352221,23
u2352231,57
u2352259,10
u2352302,14
u2352340,17
u23524,37
u2352495,39
u2352536,7
u2352537,9
u2352707,27
u2352754,34
u2352924,38
u2352952,18
u2353020,64
u2353046,11
u2353296,10
u2353300,11
u2353317,25
u2353355,35
u2353378,8
u2353471,13
u2353507,16
u2353536,9
u2353571,32
u2353600,19
u2353613,26
u2353627,15
u2354117,9
u2354144,34
u235421,11
u2354405,22
u2354498,29
u2354622,16
u2354774,22
u2354960,17
u2355022,26
u2355049,9
u2355094,13
u2355289,22
u2355316,20
u2355445,10
u2355458,13
u2355500,40
u2355570,18
u2355586,16
u235568,13
u2355724,10
u2355829,68
u2355853,13
u2355868,32
u2355878,44
u2355880,23
u2355906,17
u2356066,10
u235607,13
u235611,25
u2356118,66
u2356149,73
u2356274,10
u2356434,39
u2356546,45
u2356560,19
u2356591,19
u2356716,23
u2356775,45
u2356821,40
u2357143,39
u2357156,19
u2357232,16
u235729,14
u2357294,74
u2357339,25
u2357340,9
u2357413,24
u2357625,47
u2357700,17
u2357713,25
u2357764,19
u2357777,30
u2357809,14
u2357900,21
u2357948,8
u2357959,6
u2357988,96
u2358082,12
u2358116,34
u2358122,33
u2358172,28
u2358175,65
u235821,39
u2358284,7
u2358301,7
u2358310,10
u2358404,51
u2358450,15
u2358454,12
u2358601,29
u2358627,9
u2358899,17
u2358949,37
u2359000,32
u2359201,23
u2359261,20
u2359378,9
u2359487,16
u2359515,18
u235964,10
u2359643,29
u2359844,22
u23600,19
u2360050,14
u2360136,50
u2360284,9
u2360305,40
u2360341,13
u2360386,25
u2360527,25
u2360561,30
u2360664,32
u2360666,16
u2360706,21
u2360710,11
u2360897,13
u2361054,23
u2361083,39
u2361123,13
u236113,11
u2361227,43
u2361233,33
u2361276,11
u2361292,17
u2361474,50
u2361536,23
u2361591,27
u2361607,8
u2361624,16
u2361820,20
u2361895,17
u2362020,18
u2362023,33
u2362132,39
u2362309,39
u2362336,18
u2362526,32
u2362536,33
u2362581,14
u2362611,38
u2362632,25
u2362640,24
u2362682,28
u2362703,18
u2362766,18
u2362777,46
u2362913,14
u2362915,20
u2362964,11
u2362970,11
u2362976,7
u2363027,51
u2363134,12
u2363240,12
u2363289,22
u2363311,15
u2363363,50
u2363549,9
u2363560,11
u2363604,12
u2363632,36
u2363637,13
u2363871,34
u2363952,61
u2364029,16
u2364082,9
u2364087,18
u2364090,27
u2364353,18
u2364371,11
u2364496,14
u2364510,11
u2364583,9
u236464,16
u236468,13
u2364703,36
u2364707,14
u2365138,27
u2365234,14
u2365260,17
u2365423,17
u2365537,10
u2365560,13
u2365611,63
u2365640,127
u2365651,23
u2365665,14
u2365725,43
u2365752,9
u2365777,13
u2365802,14
u2365835,43
u2365980,21
u2366097,21
u2366308,7
u2366409,33
u2366417,56
u2366418,32
u2366741,11
u2366755,63
u2366812,20
u2367059,79
u2367099,25
u2367117,26
u2367122,23
u2367237,15
u2367261,13
u2367499,31
u2367515,23
u2367520,23
u2367567,12
u2367618,23
u2367620,20
u2367627,40
u2367692,41
u2367909,13
u2367938,25
u2368380,23
u2368397,14
u2368595,9
u2368684,37
u2368749,9
u236886,12
u2368865,29
u2368936,17
u2369096,12
u2369138,13
u2369369,44
u2369377,33
u2369426,66
u2369454,12
u2369462,45
u2369464,25
u2369532,12
u2369648,37
u2369799,18
u2369880,16
u2369933,32
u2370005,17
u2370011,29
u2370012,9
u237007,13
u2370169,14
u2370260,36
u2370330,44
u2370376,13
u2370422,13
u2370444,15
u2370449,72
u237060,14
u2370604,29
u2370605,15
u2370627,16
u2370643,17
u2370799,29
u2370808,31
u2370826,15
u2370833,15
u2370846,59
u2370881,9
u2370997,15
u2371075,8
u2371105,15
u2371112,10
u2371144,10
u2371161,12
u2371283,19
u2371357,28
u2371382,10
u2371384,15
u2371403,16
u2371486,12
u2371669,28
u2371693,16
u2371731,54
u2371777,63
u2371829,10
u237190,18
u2371906,18
u2371931,17
u2372017,14
u2372025,22
u2372072,8
u2372094,15
u2372124,14
u2372244,109
u2372261,11
u2372268,88
u2372293,16
u2372314,20
u2372321,35
u2372441,12
u2372551,39
u2372577,17
u2372701,11
u2372702,17
u2372869,8
u2372939,58
u2372971,38
u2373009,9
u2373062,13
u2373139,9
u2373148,18
u2373243,83
u2373304,13
u2373318,13
u2373374,33
u2373503,58
u2373563,18
u2373682,23
u2373851,23
u237391,13
u2373960,48
u2373984,10
u2373993,11
u2374018,34
u2374046,21
u2374054,29
u2374156,94
u2374232,9
u2374274,28
u2374332,15
u2374342,20
u2374393,10
u2374438,17
u2374571,10
u2374600,10
u2374664,11
u2374698,11
u2374726,39
u2374742,15
u2374760,11
u2374781,23
u2374824,9
u2374863,57
u2374884,78
u2374924,47
u2374934,40
u2374968,16
u2374969,11
u2374982,83
u2375102,7
u2375191,39
u2375208,54
u2375248,15
u2375275,132
u2375284,15
u2375349,25
u2375399,14
u2375404,8
u2375492,11
u2375497,18
u2375641,65
u2375655,41
u237578,16
u2375794,30
u2375838,11
u2375855,22
u237588,12
u2375892,29
u237591,23
u237592,9
u2375920,22
u2375931,12
u2376085,11
u2376168,12
u2376187,21
u2376349,46
u2376405,16
u2376539,28
u2376581,16
u2376738,9
u2376791,20
u2376837,23
u237689,9
u2376897,29
u2376927,43
u2376928,64
u2376965,14
u2376966,9
u2377066,6
u2377136,11
u2377220,23
u2377241,20
u2377316,21
u2377344,24
u2377346,19
u2377378,43
u2377408,20
u2377419,14
u2377420,27
u2377484,39
u2377505,8
u2377606,54
u2377633,12
u2377668,20
u2377678,34
u2377682,17
u2378041,41
u2378073,13
u2378135,9
u2378220,8
u2378252,16
u2378266,17
u2378327,16
u2378333,26
u2378470,59
u2378518,17
u2378658,13
u2378792,8
u2378808,61
u2378912,45
u2379140,38
u2379142,9
u2379201,22
u2379205,51
u2379232,26
u2379234,21
u2379340,15
u2379412,37
u2379496,37
u2379498,14
u2379502,22
u2379645,18
u2379767,9
u2379906,14
u2379916,12
u2380012,19
u2380013,32
u2380017,20
u2380114,14
u2380363,111
u2380467,21
u238051,13
u2380533,33
u2380555,68
u2380886,13
u2380993,56
u2381058,17
u2381149,14
u2381168,19
u2381332,11
u2381343,33
u2381423,29
u2381441,109
u2381489,11
u2381491,13
u2381604,31
u2381669,54
u2381674,10
u2381755,87
u2381897,15
u2382093,88
u2382162,8
u2382180,20
u2382191,27
u2382238,27
u2382262,24
u2382345,155
u2382378,14
u2382457,20
u2382462,24
u2382603,26
u2382709,28
u2382725,16
u2382729,35
u2382731,49
u2382795,47
u2382860,35
u2382911,30
u2382923,28
u2382963,14
u2383056,11
u2383108,37
u2383111,24
u2383129,35
u2383206,20
u2383239,7
u2383255,27
u2383272,44
u2383374,9
u238339,12
u2383400,38
u2383594,26
u2383667,19
u2383766,14
u2383959,62
u238398,9
u2384027,9
u2384210,17
u238423,9
u2384268,101
u2384273,25
u2384280,19
u2384297,32
u2384352,38
u2384620,14
u2384621,20
u2384630,73
u2384635,10
u2384690,12
u2384710,68
u2384932,17
u2384971,10
u2384984,6
u2385088,19
u2385146,14
u2385235,24
u2385257,14
u2385438,32
u2385571,16
u2385582,18
u2385649,11
u2385694,8
u2385741,12
u2385749,12
u2385764,15
u238585,17
u2385889,87
u2385891,38
u2385895,9
u2385989,45
u2386044,19
u2386070,14
u2386095,267
u2386177,25
u2386289,15
u2386351,39
u2386391,22
u2386473,18
u2386560,23
u2386577,11
u2386621,7
u2386666,16
u2386678,17
u2386713,18
u2386745,31
u2386768,28
u2386821,93
u2386896,10
u2387083,17
u2387124,18
u2387134,54
u2387251,9
u2387428,80
u2387441,67
u2387449,8
u2387536,13
u2387548,30
u2387571,98
u2387645,12
u2387655,20
u2387674,23
u2387724,11
u2387749,14
u2387751,8
u2387764,9
u2387769,29
u238785,9
u2387887,13
u2387912,33
u2387918,13
u2388021,19
u2388037,24
u2388116,55
u2388163,17
u2388225,11
u2388229,87
u2388257,12
u2388307,11
u2388329,10
u2388387,35
u2388640,28
u2388676,32
u2388736,11
u2388749,13
u2388756,24
u2388897,48
u2388910,21
u2389037,8
u2389079,35
u2389108,13
u2389120,17
u2389137,10
u2389170,13
u2389258,15
u2389262,11
u2389278,49
u2389315,12
u2389355,39
u2389389,11
u2389420,61
u2389437,51
u2389456,10
u2389578,28
u2389618,23
u2389677,27
u2389752,18
u2389789,13
u238987,35
u2389979,11
u2390153,24
u2390201,35
u2390215,7
u2390328,10
u2390331,37
u239039,7
u2390413,8
u2390422,21
u2390498,14
u2390507,13
u2390572,11
u2390584,21
u2390609,18
u2390672,26
u2390719,40
u2390724,15
u2390874,21
u2390946,10
u2391049,7
u2391076,15
u2391093,14
u2391125,12
u2391202,14
u2391237,10
u2391275,48
u2391325,66
u2391404,29
u2391434,10
u2391798,21
u2391821,10
u2391839,54
u2391880,108
u2391918,16
u2391935,80
u239194,17
u2392030,16
u2392034,12
u2392086,15
u2392514,28
u2392543,42
u2392592,12
u2392690,13
u2392692,58
u2392695,15
u2392696,9
u2392793,11
u2392816,8
u2392824,23
u2392926,16
u2392967,28
u2393004,37
u2393274,21
u2393309,34
u2393402,14
u2393415,12
u2393460,12
u2393497,9
u2393548,12
u2393585,11
u2393764,12
u2393822,28
u2393875,20
u2393896,48
u2393907,22
u2393973,16
u2394037,10
u2394114,7
u2394136,37
u2394149,35
u2394335,30
u2394349,9
u2394353,17
u2394403,62
u2394424,26
u2394462,11
u2394575,18
u2394604,16
u2394683,43
u2394698,24
u2394722,20
u2394852,11
u2394927,41
u2394936,189
u2394991,7
u2395114,20
u2395175,19
u239526,24
u2395292,10
u2395346,92
u2395517,9
u2395526,38
u2395577,45
u239564,16
u2395678,18
u2395686,17
u2395691,14
u2395711,12
u2395923,27
u2395968,18
u2396001,83
u2396045,11
u2396149,33
u2396159,16
u2396178,35
u2396192,22
u2396247,60
u2396267,11
u2396278,26
u2396293,12
u2396480,14
u2396526,13
u2396681,10
u2396708,39
u2396830,15
u2396872,11
u2396980,37
u2396996,53
u239704,17
u2397078,15
u2397084,29
u2397130,11
u2397230,33
u2397276,66
u2397297,18
u2397298,41
u2397306,15
u2397334,17
u2397473,12
u2397699,23
u239781,13
u2397934,49
u2398185,16
u2398207,13
u2398295,9
u2398334,10
u2398494,18
u2398497,23
u2398570,12
u2398673,11
u2398781,17
u2398803,10
u2398845,109
u2398978,17
u2399083,23
u239913,9
u2399226,24
u2399237,10
u2399289,25
u2399294,43
u2399376,17
u2399435,8
u2399539,9
u2399559,19
u2399563,14
u2399707,11
u2399712,150
u2399899,19
u2399955,23
u2400009,58
u2400013,19
u2400030,31
u2400059,12
u2400168,13
u2400250,44
u2400288,14
u2400355,51
u2400647,43
u2400709,26
u2400807,24
u2400901,22
u2400957,62
u2400993,8
u2401014,34
u2401069,17
u2401073,48
u2401081,11
u2401252,10
u2401305,36
u2401372,34
u2401385,29
u2401439,14
u2401489,24
u2401534,15
u2401637,6
u2401698,19
u2401741,16
u2401781,46
u2401787,33
u2401813,10
u2402059,10
u2402087,54
u2402127,11
u2402335,26
u2402354,16
u240237,12
u2402391,28
u2402595,50
u2402652,76
u2402712,31
u2402735,40
u2402773,25
u2402786,36
u240279,24
u2402805,9
u2402934,22
u2403249,26
u2403251,43
u240341,14
u2403415,24
u240344,11
u2403464,32
u2403501,15
u2403558,21
u2403599,10
u2403652,9
u2403941,11
u2403968,41
u240418,10
u2404221,10
u2404231,29
u2404423,11
u2404473,29
u2404480,22
u2404502,33
u2404519,13
u2404574,29
u2404721,21
u2404935,37
u2404980,26
u2405040,21
u2405148,25
u2405218,64
u2405235,35
u2405393,66
u2405412,11
u2405427,48
u2405556,30
u2405570,14
u2405615,15
u2405663,106
u2405735,20
u2405740,7
u2405823,11
u2406056,39
u2406123,43
u2406205,29
u2406319,21
u2406340,10
u2406381,11
u2406649,50
u2406663,31
u2406721,20
u2406726,112
u2406745,25
u2406874,29
u2406891,9
u2407462,19
u2407595,12
u2407682,6
u2407689,15
u2407808,14
u2407815,27
u2407833,18
u2407936,19
u2407993,8
u2408070,9
u2408093,7
u2408121,14
u2408148,8
u2408178,29
u240825,10
u2408266,24
u2408331,23
u2408413,13
u2408556,35
u2408568,26
u2408595,6
u2408605,29
u2408776,11
u2408811,35
u2408829,14
u2408852,9
u2408866,19
u2408884,40
u2409113,27
u2409126,25
u2409197,8
u2409241,15
u2409351,42
u240943,13
u2409445,9
u2409461,19
u2409467,17
u2409541,18
u2409582,41
u2409817,24
u2409854,7
u2409859,8
u2409879,20
u2409988,10
u2410055,7
u2410062,12
u2410142,8
u2410199,15
u2410224,26
u2410309,10
u2410425,82
u2410460,15
u2410746,18
u2410879,13
u2411013,84
u2411190,36
u241125,11
u2411276,13
u2411280,11
u2411286,10
u2411360,18
u2411437,13
u241149,11
u2411573,16
u2411609,15
u2411696,74
u2411747,44
u2411828,86
u2412061,12
u2412089,11
u2412105,10
u2412120,13
u2412128,14
u2412171,63
u2412208,29
u2412349,13
u241236,17
u2412373,29
u2412442,17
u2412444,12
u241252,20
u2412522,18
u2412835,12
u2413045,8
u2413402,62
u241341,8
u241350,14
u2413586,37
u2413618,12
u2413746,42
u2413806,33
u2413844,52
u2413896,45
u2413938,55
u2413971,18
u2414033,10
u2414035,14
u2414108,13
u241421,54
u2414293,19
u2414429,11
u2414676,17
u2414696,23
u2414780,11
u2414791,8
u2414977,13
u2415178,28
u2415223,13
u2415308,100
u2415322,61
u2415353,32
u2415378,86
u2415505,8
u2415522,10
u2415624,23
u2415664,23
u2415734,10
u241579,13
u2415967,50
u2416015,16
u2416044,9
u2416187,20
u2416235,22
u2416267,21
u2416550,12
u2416678,23
u2416713,22
u2416746,43
u2416916,10
u2417123,19
u2417157,9
u2417191,12
u2417245,14
u2417301,15
u2417325,77
u2417336,27
u2417374,8
u2417521,19
u2417558,33
u2417589,12
u2417782,28
u2417843,8
u2417887,43
u2417992,18
u2418165,87
u2418281,50
u2418382,6
u2418409,13
u2418454,74
u2418607,12
u2418633,16
u2418704,14
u2418753,44
u2418758,21
u2418809,82
u2418901,16
u2419014,37
u2419160,22
u2419184,7
u2419512,11
u2419612,88
u2419636,13
u2419658,22
u2419726,18
u2419730,13
u2419741,22
u2419870,14
u2420022,21
u2420023,17
u2420052,18
u2420138,16
u2420355,12
u2420439,7
u2420463,18
u2420472,11
u2420495,15
u2420502,16
u2420505,17
u2420565,18
u2420608,10
u2420708,14
u2420779,22
u2420829,7
u2420866,18
u2420906,25
u2421039,24
u242110,10
u2421124,36
u2421136,31
u2421210,11
u2421245,11
u2421351,14
u2421572,13
u2421691,8
u2421759,15
u2421850,21
u2421878,29
u2421901,12
u2421997,40
u2422011,13
u2422032,16
u2422092,9
u2422119,86
u2422154,23
u2422221,12
u242234,12
u2422347,26
u2422357,13
u2422442,46
u2422484,17
u2422507,15
u242251,8
u2422520,9
u2422951,24
u2422984,18
u242300,17
u2423172,23
u2423237,11
u2423439,28
u2423549,15
u242356,9
u2423679,7
u2423713,11
u2423872,17
u2423995,32
u2424000,39
u2424005,20
u2424054,36
u242431,16
u2424315,10
u242441,17
u2424423,29
u2424512,10
u2424516,10
u2424542,58
u2424617,12
u2424842,13
u2424891,20
u2424903,58
u2424964,17
u2424973,21
u2425003,97
u2425011,58
u2425307,19
u2425372,20
u2425387,20
u2425591,13
u2425707,9
u2425735,18
u2425762,36
u2425772,24
u2425838,7
u2425995,26
u2426360,31
u2426382,36
u2426414,34
u2426445,73
u2426585,31
u2426780,10
u2426836,66
u2426939,36
u2426953,16
u2427120,27
u2427197,11
u2427267,12
u2427534,13
u2427556,35
u2427585,25
u2427636,47
u2427689,20
u2427756,54
u2427789,18
u2427830,18
u2427866,16
u242791,12
u2427949,20
u2427950,52
u2427999,12
u24280,15
u2428109,15
u2428130,29
u2428136,20
u2428148,24
u2428150,56
u2428253,7
u2428279,21
u2428370,118
u2428381,16
u242848,34
u2428509,47
u2428547,19
u2428672,20
u2428734,10
u2428743,26
u242876,22
u2428792,11
u2428799,14
u2428804,21
u2428807,9
u2428841,53
u2428848,10
u2428911,65
u2428947,13
u2429231,18
u242935,11
u2429373,16
u2429677,13
u2429698,39
u2429761,13
u242984,10
u2429849,38
u2429964,16
u243009,10
u2430104,11
u2430169,9
u2430194,27
u2430232,13
u2430267,20
u2430305,11
u2430339,9
u2430466,11
u2430578,14
u2430623,116
u2430692,12
u2430693,21
u2430831,17
u243092,15
u2430930,47
u2430979,10
u2431017,18
u2431105,23
u2431199,12
u2431229,15
u2431328,50
u2431373,36
u2431378,14
u2431400,42
u2431476,35
u2431524,13
u2431885,16
u2431971,14
u2432071,13
u2432087,10
u2432312,57
u2432319,10
u2432360,33
u2432389,11
u2432397,14
u2432438,24
u2432730,20
u2432836,57
u2432841,49
u2432869,80
u2432954,22
u2432963,20
u2433004,23
u2433025,57
u2433035,15
u2433095,26
u2433163,15
u2433220,10
u2433252,15
u2433283,9
u2433287,34
u2433389,66
u2433414,17
u2433422,16
u243348,10
u243355,9
u2433577,20
u2433626,25
u2433633,17
u2433638,58
u2433660,13
u2433692,24
u2433729,16
u2433781,16
u2433814,20
u2433853,25
u2433861,113
u2433884,35
u2433917,11
u2433942,13
u2433943,22
u2433983,22
u2434030,10
u2434135,59
u2434169,70
u243424,12
u2434354,14
u2434382,62
u2434411,15
u243448,7
u2434491,46
u2434502,7
u2434687,26
u2434705,81
u2434722,85
u2434784,22
u2435108,34
u2435137,7
u2435146,21
u2435215,23
u2435237,32
u2435297,17
u2435346,14
u2435396,48
u2435503,6
u2435534,24
u2435552,15
u2435565,12
u2435673,57
u2435722,17
u2435771,23
u2435812,13
u2435848,32
u2435901,24
u2435966,21
u2436070,22
u2436075,55
u2436077,41
u2436083,14
u2436189,32
u2436244,16
u2436248,22
u2436275,10
u2436355,10
u2436405,21
u2436567,86
u2436590,21
u2436595,80
u2436703,17
u2436706,11
u2436743,23
u243681,40
u2436902,12
u2436920,12
u2436965,10
u2436983,11
u2436994,12
u2437145,29
u2437226,24
u2437240,23
u2437252,9
u243729,31
u2437292,41
u2437387,11
u2437395,94
u2437408,35
u2437531,16
u2437710,14
u2437799,11
u2438017,28
u2438024,10
u2438089,13
u2438130,69
u2438247,9
u2438249,57
u2438313,104
u2438354,15
u2438417,39
u2438423,42
u2438509,9
u2438539,14
u243865,22
u2438792,19
u2438891,32
u2438992,12
u2438998,28
u2439159,24
u2439171,32
u2439217,9
u2439229,15
u2439334,27
u2439684,11
u2439697,19
u2439752,10
u2439835,17
u2439862,8
u2439897,31
u2439946,8
u2439981,14
u2439989,17
u2440050,15
u2440060,18
u2440168,34
u2440206,16
u2440212,25
u2440253,14
u2440273,19
u2440353,18
u2440354,29
u2440378,7
u2440426,10
u2440442,29
u2440462,20
u2440832,9
u2440852,62
u2440988,15
u2441061,14
u2441095,16
u2441109,10
u2441158,23
u2441338,13
u2441341,22
u2441526,22
u2441577,11
u2441649,9
u2441724,7
u2441893,10
u2441950,6
u2441990,34
u2442112,33
u2442125,48
u244215,28
u2442174,21
u2442226,15
u2442352,25
u2442404,31
u2442440,20
u2442475,13
u2442708,13
u2442888,18
u2442923,65
u2443122,16
u2443195,18
u2443268,11
u2443368,11
u2443381,6
u2443565,61
u2443566,14
u2443657,22
u2443766,9
u2443790,14
u2443856,18
u2443905,46
u2443913,29
u2443993,22
u2444000,10
u2444007,19
u2444335,10
u2444337,38
u2444512,10
u2444516,12
u2444520,82
u2444553,19
u2444558,19
u2444560,10
u2444617,13
u244464,22
u2444668,11
u2444706,10
u2444713,7
u2444733,11
u2444767,11
u2444951,23
u2444974,55
u2445294,30
u2445644,10
u244571,11
u2445730,22
u2445743,10
u2445867,47
u2445901,28
u2445982,24
u2446088,14
u2446121,10
u2446168,7
u2446195,24
u244621,35
u2446222,12
u2446281,13
u244631,12
u2446314,11
u2446318,18
u2446360,28
u2446365,15
u2446427,19
u2446451,17
u2446557,15
u2446617,11
u2446680,49
u2446713,24
u2446769,22
u2446804,22
u2446845,12
u2447143,41
u2447179,20
u2447185,9
u2447196,27
u2447253,19
u2447279,25
u2447301,10
u2447312,12
u2447382,14
u2447460,115
u2447494,11
u2447547,45
u2447662,9
u2447741,20
u2447811,15
u2447845,13
u2447855,13
u2447882,9
u2447885,12
u2448059,33
u2448076,11
u2448079,19
u2448114,62
u2448238,17
u2448243,55
u2448289,25
u2448441,29
u2448465,21
u2448488,19
u2448601,12
u2448730,29
u2448824,11
u2448869,16
u2448872,9
u2448902,73
u2448950,28
u244896,10
u2449084,32
u2449121,10
u2449149,20
u2449160,13
u244917,54
u2449172,28
u2449186,10
u2449412,42
u2449431,33
u2449517,37
u2449774,19
u2449878,52
u2449992,19
u2450055,18
u2450102,37
u2450175,32
u2450262,52
u2450267,26
u2450359,14
u2450368,14
u2450480,32
u2450488,22
u2450604,13
u2450744,10
u2450837,17
u2450989,37
u245108,38
u2451364,15
u2451374,15
u2451415,52
u2451622,16
u2451625,15
u2451658,64
u2451865,14
u2451909,7
u2451962,18
u2451998,24
u2452064,18
u2452117,22
u2452211,58
u2452318,15
u2452326,21
u2452387,11
u2452460,56
u2452668,10
u2452750,13
u2452813,22
u2452815,16
u2452880,31
u2452891,21
u2452903,12
u2452985,9
u2452990,15
u2453056,9
u2453065,13
u2453172,32
u2453193,15
u2453221,13
u2453238,9
u2453264,82
u2453435,29
u2453500,19
u2453566,11
u2453589,17
u2453642,8
u2453652,15
u2453697,15
u2453746,7
u2453924,9
u2454113,9
u2454216,35
u2454228,12
u2454241,11
u2454252,17
u2454410,13
u2454416,10
u2454462,17
u2454506,14
u245454,21
u2454595,47
u2454602,24
u2454676,12
u2454776,33
u2454877,9
u2454890,47
u2454957,11
u245508,27
u2455183,10
u2455349,19
u2455471,44
u2455473,23
u2455489,43
u2455687,43
u2455804,28
u2455932,30
u2455989,33
u2456094,9
u2456097,101
u2456217,23
u2456443,116
u2456449,10
u2456464,75
u2456612,7
u2456617,25
u2456670,42
u2456701,7
u2456709,29
u2456773,31
u2456867,81
u2456959,17
u245701,13
u2457096,16
u2457376,14
u245745,11
u2457561,54
u2457836,19
u2457892,18
u2457897,8
u2457935,83
u2457944,27
u2458080,17
u2458100,20
u2458122,25
u2458138,11
u2458166,57
u2458205,50
u245826,41
u2458440,9
u2458484,14
u2458502,16
u2458608,9
u2458615,34
u2458652,10
u2458669,8
u2458685,48
u2458815,23
u2458874,14
u2458917,13
u2458926,87
u2459016,54
u2459050,15
u2459123,17
u2459233,12
u2459275,10
u2459359,12
u245970,33
u2459703,18
u2459797,10
u2459811,15
u2459813,32
u2459987,42
u2460037,16
u2460108,9
u246017,33
u2460270,11
u2460299,10
u2460417,13
u2460581,39
u2460663,86
u2460733,16
u2460831,17
u2460908,37
u2461011,9
u2461103,10
u2461135,98
u2461198,20
u246120,21
u2461500,27
u2461513,23
u2461558,10
u2461656,84
u2461872,9
u2461919,32
u2461937,16
u2462025,12
u2462172,17
u2462191,57
u2462211,43
u2462323,18
u2462326,15
u2462342,24
u2462443,15
u246246,33
u2462466,23
u2462495,41
u2462535,21
u2462538,9
u246255,10
u2462638,7
u2462671,33
u2462690,26
u2462734,30
u2462870,25
u2462893,25
u2462915,15
u2463002,9
u2463118,21
u2463125,19
u2463130,20
u2463156,13
u2463160,38
u2463260,10
u2463321,8
u2463558,12
u2463764,12
u2463981,27
u2464053,15
u2464115,21
u246432,9
u2464378,9
u2464451,10
u246448,11
u2464578,14
u2464633,33
u2464692,13
u2464722,13
u2464742,12
u2464845,61
u2464850,23
u2464927,12
u2464948,17
u2464954,23
u2465077,27
u2465219,12
u2465250,9
u2465313,59
u2465428,31
u2465544,25
u2465553,29
u2465577,11
u2465587,15
u2465646,14
u2465657,8
u2465700,11
u246573,9
u2465771,19
u2465896,22
u2465904,24
u246605,12
u2466160,23
u2466214,14
u2466242,18
u2466261,152
u2466262,12
u2466531,16
u2466678,29
u2466702,11
u2466704,17
u2466731,24
u2466759,15
u2466857,22
u2466872,7
u2466936,14
u2466954,16
u2466955,18
u2466996,80
u2467106,15
u2467112,17
u2467376,33
u2467408,25
u2467464,22
u2467527,60
u2467644,13
u2467711,10
u2467854,76
u2467904,18
u2467976,13
u2468052,22
u2468073,13
u2468125,19
u2468302,14
u2468309,198
u246831,25
u2468436,34
u2468481,13
u2468529,80
u246854,14
u2468576,11
u2468636,11
u2468661,11
u2468779,22
u2468849,9
u2468886,13
u2468916,17
u2468986,13
u2469072,49
u2469136,26
u2469225,65
u2469252,12
u2469294,9
u2469305,9
u2469354,11
u2469424,15
u2469488,7
u2469569,14
u2469580,11
u2469738,12
u2470032,11
u2470063,15
u2470105,15
u2470255,108
u247034,43
u2470357,13
u2470396,24
u2470571,28
u2470674,20
u2470677,29
u2470721,12
u2470722,24
u2470809,12
u2470848,65
u2470893,19
u2470898,12
u2470945,13
u2470958,19
u2471023,7
u2471121,10
u2471129,28
u2471210,16
u2471211,12
u2471227,28
u2471277,38
u247129,13
u2471302,65
u2471315,38
u2471316,30
u2471372,19
u2471414,13
u2471500,21
u2471515,7
u2471537,14
u2471620,12
u2471687,15
u2471950,19
u2472083,47
u2472097,15
u2472117,12
u2472134,35
u2472187,38
u247231,7
u2472582,8
u2472641,33
u247268,18
u2472720,19
u2472819,7
u2472921,11
u2472929,87
u2473136,11
u2473203,37
u2473444,16
u2473468,45
u2473638,33
u2473787,26
u2473854,68
u2473893,49
u2473969,33
u2473999,20
u2474021,26
u2474047,15
u2474075,11
u2474100,42
u2474150,34
u2474234,10
u2474240,39
u2474256,43
u247429,18
u2474390,17
u247442,34
u2474420,47
u2474460,118
u2474533,14
u2474571,31
u2474628,7
u2474654,48
u2474662,37
u2474706,10
u2474873,29
u2474910,11
u2475110,8
u2475154,9
u2475177,29
u2475283,11
u2475318,29
u2475381,13
u2475488,14
u2475522,11
u2475525,11
u2475527,38
u2475615,28
u2475740,13
u2475883,37
u2476001,11
u2476154,19
u2476387,50
u2476402,12
u2476527,10
u2476682,214
u247669,21
u2476789,11
u2476810,26
u2476831,12
u2476888,56
u2476942,12
u247697,11
u2476977,21
u2477024,15
u247711,20
u2477151,12
u247717,13
u2477434,14
u2477514,24
u247756,14
u2477570,28
u247762,14
u2477627,16
u2477665,16
u2477668,18
u2477690,8
u2477790,14
u247784,11
u2478128,20
u2478139,11
u2478484,12
u2478540,22
u247856,35
u2478587,34
u2478634,22
u2478765,12
u2478776,10
u2478782,61
u2478848,18
u2478902,10
u2478990,7
u2479039,21
u2479072,7
u2479075,43
u2479142,13
u2479224,51
u2479271,27
u2479339,11
u2479392,25
u2479414,30
u2479424,42
u2479458,18
u2479607,37
u2479624,8
u2479705,10
u2479808,21
u2479812,15
u2479875,21
u2479913,56
u2479974,16
u2480013,17
u2480037,12
u248011,14
u2480179,61
u2480219,30
u2480247,33
u2480268,37
u2480381,27
u248040,16
u2480472,32
u248054,21
u2480676,17
u2480763,23
u2480930,8
u2480933,13
u2481007,22
u2481090,32
u2481111,8
u2481121,9
u2481351,82
u2481420,11
u2481485,19
u2481544,14
u2481547,24
u2481683,18
u2481764,8
u2481786,8
u2481814,24
u248184,18
u2481904,15
u2481919,32
u2481926,28
u2481927,20
u2481942,29
u2481988,14
u2481994,18
u2482036,10
u2482104,26
u2482312,25
u2482355,40
u2482410,30
u2482484,34
u2482567,56
u2482620,28
u2482651,51
u2482684,6
u2482689,31
u2482848,21
u2482998,12
u2483055,18
u2483059,31
u2483104,14
u2483198,18
u2483282,64
u2483376,18
u2483417,32
u2483430,18
u2483515,12
u2483783,19
u2483867,34
u2483898,33
u2483924,17
u2483949,7
u2483992,26
u2484120,25
u2484160,16
u2484179,58
u2484181,42
u2484262,17
u2484283,92
u2484325,25
u2484377,17
u2484505,8
u2484575,24
u2484639,26
u248466,32
u2484733,39
u2484762,16
u248484,11
u2485004,15
u2485112,17
u248531,27
u248534,11
u2485446,37
u2485448,24
u2485455,11
u2485576,6
u2485667,23
u2485722,9
u2485729,14
u2485795,16
u2485845,9
u2485893,19
u2485942,17
u2485956,55
u2485971,20
u2486037,82
u248619,24
u2486245,43
u2486258,9
u248626,31
u2486312,9
u2486326,27
u2486408,24
u248649,13
u2486569,35
u2486608,39
u2486632,26
u2486765,16
u2486792,17
u2486851,25
u2487073,7
u2487128,18
u2487142,17
u2487286,37
u2487366,28
u2487386,13
u2487390,14
u2487393,25
u2487394,7
u2487410,15
u2487418,9
u248751,11
u2487609,40
u2487685,28
u2487837,13
u248785,11
u2487957,15
u2488053,20
u2488106,21
u2488340,46
u2488373,19
u248841,10
u2488420,20
u2488446,10
u2488486,22
u2488511,16
u2488558,68
u2488584,108
u2488590,13
u2488652,14
u2488662,48
u2488675,10
u2488723,18
u248874,19
u2488799,20
u2488800,20
u2488848,30
u2488933,15
u2489036,63
u248906,16
u2489061,26
u2489139,13
u2489264,12
u248939,10
u2489512,24
u2489555,90
u2489567,20
u2489597,34
u248968,13
u2489734,22
u2489812,10
u2489826,9
u2489880,7
u248989,19
u2489944,14
u249005,19
u2490102,8
u2490342,10
u2490364,84
u2490395,10
u2490536,19
u2490699,29
u24908,27
u249081,9
u249126,13
u2491266,16
u2491330,19
u2491482,58
u2491594,9
u2491612,11
u2491642,22
u2491790,15
u2491814,17
u2491881,14
u249193,11
u2492083,10
u2492178,26
u2492213,12
u2492540,22
u2492646,30
u2492695,10
u2492836,23
u2492837,14
u2493120,13
u2493178,15
u2493242,43
u2493243,57
u2493278,15
u2493354,12
u2493376,15
u2493379,26
u2493459,45
u2493624,45
u2493696,9
u2493711,8
u2493718,51
u2493772,12
u2493806,21
u2493885,11
u2493936,17
u2493945,71
u2494034,40
u2494075,12
u2494090,13
u2494214,34
u2494273,21
u2494295,11
u2494329,15
u2494375,11
u2494525,26
u2494562,54
u2494599,46
u2494748,19
u2494888,55
u2495106,17
u2495208,21
u2495505,34
u2495600,11
u2495612,31
u2495621,8
u249565,20
u2495685,11
u249590,7
u2496088,18
u2496206,11
u2496241,11
u2496395,21
u2496463,35
u2496467,23
u2496517,11
u249662,40
u2496655,30
u2496743,13
u2496826,15
u249683,8
u2496833,21
u2496860,13
u2496971,45
u2496990,10
u2496992,20
u2497012,38
u249704,6
u249706,56
u2497140,14
u2497166,14
u2497247,13
u2497278,16
u249731,26
u2497339,16
u2497373,55
u2497594,12
u2497612,14
u249773,21
u2497732,10
u2497800,19
u2497870,9
u2497918,83
u2498127,7
u2498158,32
u2498201,42
u2498221,17
u2498257,29
u2498266,13
u2498320,22
u2498546,28
u2498569,15
u2498580,14
u2498645,64
u249870,11
u2498719,11
u2498787,65
u2498812,41
u2498865,14
u2498991,15
u2499120,12
u2499492,28
u2499530,47
u2499535,32
u2499609,22
u2499656,9
u2499657,42
u2499679,9
u2499795,15
u2499958,21
u249996,23
u2499993,26
u2500026,13
u250026,14
u2500441,33
u2500519,14
u2500523,20
u250061,39
u2500615,17
u2501186,10
u2501316,50
u2501344,22
u2501493,9
u2501540,90
u2501589,25
u2501597,15
u2501645,11
u2501666,19
u2501682,13
u2501696,9
u250170,10
u2501707,33
u2501719,9
u2501858,17
u2501988,39
u2501998,71
u2502011,9
u2502045,21
u250215,8
u2502203,20
u2502621,28
u2502668,24
u2502737,7
u2502761,36
u2502772,11
u2502838,20
u2502868,19
u2502960,18
u2503006,31
u2503031,25
u2503034,53
u250308,18
u2503118,13
u2503161,12
u2503188,32
u2503227,38
u2503236,47
u2503406,37
u2503680,14
u2503722,29
u250374,10
u2503742,15
u2503933,9
u2503977,50
u2504036,29
u2504102,47
u2504120,12
u2504144,12
u2504160,11
u2504178,14
u2504190,40
u2504205,33
u2504268,12
u2504373,31
u2504424,56
u2504622,54
u2504646,19
u2504669,13
u2504676,47
u250472,12
u2504753,8
u2504834,20
u2504923,52
u2505001,10
u2505083,32
u2505112,10
u2505130,15
u2505131,12
u2505179,37
u2505276,63
u2505304,28
u2505446,43
u2505453,14
u2505475,38
u2505552,83
u2505561,16
u2505636,10
u2505680,13
u2505690,63
u2505727,16
u2505813,27
u2505830,20
u2505876,75
u2505880,15
u2505910,23
u2505969,22
u2505990,17
u2505996,19
u2506025,44
u2506123,31
u2506142,14
u2506250,10
u2506291,14
u2506296,23
u2506302,13
u2506309,25
u2506325,15
u2506349,13
u2506446,12
u2506475,11
u2506563,33
u2506565,11
u2506712,10
u2506799,11
u2506807,7
u2506810,22
u2506843,12
u2506854,90
u2506874,11
u2506901,54
u2506940,6
u2506946,18
u2506976,19
u2506992,57
u250715,15
u2507200,20
u2507368,42
u2507370,15
u2507451,16
u2507556,44
u2507683,7
u2507690,14
u2507724,22
u2507742,18
u2507842,10
u2507875,8
u2507960,11
u2507991,34
u2508048,8
u2508142,61
u2508224,9
u2508386,27
u2508411,16
u2508415,16
u2508512,19
u2508521,13
u2508533,79
u2508545,11
u2508602,24
u2508658,18
u2508672,10
u2508697,11
u2508748,35
u250882,10
u2508834,13
u2508849,14
u2508912,16
u2508926,22
u2509018,46
u250907,13
u2509101,11
u2509131,16
u2509177,31
u2509188,9
u2509277,17
u2509287,19
u2509323,33
u2509520,23
u2509600,8
u2509608,24
u2509613,76
u2509626,27
u2509678,52
u250972,12
u2509758,30
u2509778,25
u2509801,15
u2509865,14
u2509942,18
u2510000,14
u2510017,25
u2510020,46
u2510057,73
u2510135,10
u2510157,8
u2510160,28
u2510193,44
u2510231,10
u2510252,53
u2510409,14
u2510435,10
u2510484,13
u2510515,11
u2510614,14
u2510619,75
u2510692,8
u251072,12
u2510739,30
u2510853,18
u2510858,19
u2510888,27
u2510944,10
u2511131,24
u2511143,14
u251127,10
u2511274,38
u2511275,72
u2511385,59
u2511403,12
u251142,29
u2511471,31
u2511607,15
u2511662,19
u2511757,10
u2511765,22
u2511865,20
u2511869,9
u2511955,19
u2511991,13
u2512008,14
u2512086,11
u2512214,14
u2512226,57
u2512235,60
u2512265,22
u2512284,98
u2512302,12
u2512423,14
u2512542,14
u2512589,109
u2512655,20
u2512702,16
u2512709,26
u2512767,114
u2512773,14
u2512898,14
u2512911,34
u2512960,65
u2512975,12
u2513079,9
u2513183,33
u2513184,10
u2513245,15
u2513316,26
u2513383,58
u2513474,17
u251348,29
u2513546,128
u2513603,14
u2513786,16
u2513826,7
u2513843,20
u2513863,10
u2513867,8
u2513871,104
u2513988,12
u2514159,23
u2514187,13
u2514248,15
u2514433,31
u2514778,11
u2514805,86
u2514845,15
u251486,13
u2514885,12
u2514912,17
u2514949,24
u2514976,18
u2515008,20
u2515027,9
u2515100,15
u2515121,11
u2515223,17
u2515236,31
u2515262,18
u2515339,9
u2515351,19
u2515374,20
u2515435,13
u2515442,37
u2515547,12
u2515570,79
u2515587,9
u2515625,18
u2515894,16
u2515912,9
u2515997,77
u2516123,31
u2516261,14
u2516263,9
u2516362,18
u2516438,20
u2516558,15
u2516636,15
u2516849,28
u2516888,20
u2516930,14
u2516968,52
u251709,12
u2517091,49
u2517094,28
u2517131,37
u2517146,7
u2517240,10
u2517246,6
u2517256,10
u2517290,13
u2517326,11
u2517370,15
u2517416,23
u2517494,9
u2517658,20
u2517682,20
u2517730,37
u2517813,17
u2517905,14
u2517923,14
u2517978,12
u2518049,9
u2518063,33
u2518220,12
u2518330,6
u2518361,16
u2518397,6
u2518446,12
u2518637,8
u2518641,38
u2518696,12
u2518716,23
u2518788,10
u2518823,13
u2518848,14
u2518853,16
u2518928,61
u2518969,12
u2518970,18
u2519125,21
u2519147,21
u2519227,22
u251923,7
u2519493,9
u2519565,21
u2519624,59
u2519698,20
u2519743,53
u2519794,27
u2519825,8
u2519881,37
u2519921,11
u2519922,13
u2520092,9
u2520099,13
u2520102,11
u2520192,14
u2520271,13
u2520369,30
u2520471,11
u2520485,35
u2520553,44
u2520577,12
u2520666,80
u2520730,14
u2520955,79
u252101,11
u2521048,20
u2521059,11
u2521064,19
u2521531,11
u2521534,19
u2521573,15
u2521580,39
u2521643,26
u2521726,32
u2521941,9
u2521981,33
u2522078,12
u252211,16
u252218,9
u2522251,32
u2522304,37
u2522476,11
u2522547,19
u2522692,12
u2522755,11
u2522809,15
u2522887,8
u2522966,13
u2522984,88
u2523121,11
u2523281,13
u2523611,16
u2523640,20
u2523685,18
u2523693,42
u2523700,22
u2523771,14
u2524073,9
u2524356,11
u2524381,13
u2524496,15
u2525067,10
u2525260,23
u2525615,10
u2525617,19
u2526094,25
u2526309,22
u2526327,15
u2526343,82
u2526349,18
u2526362,27
u2526396,73
u252641,14
u2526746,13
u2526790,25
u2526979,14
u2527018,39
u2527211,35
u252724,8
u2527315,47
u2527396,17
u2527406,17
u2527591,18
u2527882,11
u2527920,7
u2527936,20
u2528017,12
u252808,10
u2528083,24
u2528205,53
u2528392,20
u2528546,25
u2528652,30
u2528687,14
u2528708,29
u2528762,39
u2528763,34
u2528811,16
u2528877,9
u2528930,31
u2528945,40
u2529086,13
u2529095,16
u2529163,22
u2529495,9
u2529553,19
u2529566,12
u2529789,11
u2529886,13
u2529979,11
u2530022,10
u2530031,11
u2530125,15
u2530127,11
u2530233,20
u2530321,67
u253044,10
u2530553,31
u2530635,33
u2530716,16
u2530738,18
u2530957,12
u2531008,28
u2531090,27
u2531091,10
u2531187,61
u2531255,23
u253131,10
u2531351,40
u2531362,30
u2531490,32
u2531507,28
u2531566,29
u2531613,38
u253163,19
u2531736,31
u2531766,12
u253179,25
u2531818,16
u2531857,28
u2531922,48
u2532103,14
u2532171,51
u2532238,69
u2532488,15
u2532595,24
u2532742,14
u2532830,28
u2533235,17
u2533299,12
u2533351,14
u2533390,13
u2533661,11
u2533770,32
u2533782,32
u2533788,12
u2533837,34
u2533930,12
u2533983,36
u2533989,13
u2534058,14
u2534081,25
u2534488,77
u2534513,9
u2534533,16
u2534725,14
u2534741,21
u2534853,15
u2534918,46
u2534932,9
u2534974,13
u253504,63
u2535142,30
u2535242,17
u2535254,27
u253528,12
u2535307,19
u2535329,32
u2535456,6
u2535496,20
u2535566,31
u2535598,70
u2535697,67
u2535738,27
u2535741,22
u2535785,11
u2535947,13
u2535954,10
u2535982,68
u2536001,86
u2536089,56
u2536192,11
u2536203,12
u2536235,71
u2536407,15
u2536445,13
u2536448,70
u2536503,12
u2536552,26
u253669,14
u2536899,95
u2536932,14
u2537093,10
u2537286,6
u2537338,32
u2537585,29
u2537692,9
u2537756,17
u2537783,25
u2537913,10
u2537964,9
u2537982,20
u2538190,26
u2538251,13
u2538296,14
u2538300,33
u2538346,10
u2538557,17
u2538632,30
u2538765,11
u2538821,10
u2538979,6
u2538985,7
u2539162,10
u253928,14
u2539307,17
u2539359,10
u2539372,8
u2539383,8
u2539433,11
u2539516,10
u2539680,26
u2539701,12
u2539761,22
u2539762,11
u2539765,11
u2539878,35
u2539909,24
u2539910,13
u2539951,16
u2539954,7
u2539976,39
u2540023,11
u2540037,9
u2540089,11
u2540142,10
u2540143,11
u2540196,14
u2540279,19
u254031,15
u2540409,52
u2540437,22
u2540458,12
u2540512,9
u2540526,12
u2540544,162
u2540599,44
u2540688,13
u2540717,14
u2540767,23
u2540777,17
u2540801,17
u2540876,13
u2540960,12
u2541039,11
u2541047,22
u2541050,14
u2541161,91
u2541182,13
u2541207,55
u2541275,15
u2541504,13
u2541532,14
u2541694,17
u2541720,15
u2541788,16
u2541984,12
u2541992,19
u2541999,178
u2542108,40
u2542224,13
u254224,6
u2542247,18
u2542266,16
u2542318,18
u2542354,10
u2542406,17
u2542433,25
u2542638,16
u2542676,14
u2542799,11
u2542930,34
u2543042,14
u2543119,12
u2543159,17
u2543193,32
u2543306,17
u2543693,31
u254372,14
u2543826,15
u2544120,14
u2544136,9
u254415,10
u2544168,7
u2544281,32
u2544363,43
u2544397,8
u2544422,22
u2544430,22
u2544574,12
u2544671,10
u2544699,36
u2544716,13
u2544775,17
u2544912,34
u2544958,34
u2544996,15
u2545041,20
u2545064,46
u2545077,11
u254508,23
u2545119,27
u254516,15
u2545189,19
u2545223,24
u2545267,25
u2545292,36
u2545335,43
u2545380,13
u2545437,11
u2545496,28
u2545514,16
u2545749,75
u2545814,12
u2546037,43
u2546061,26
u2546154,54
u2546159,13
u2546281,148
u2546315,14
u2546378,12
u2546471,42
u2546598,14
u2546626,15
u2546860,17
u2546917,41
u2546932,47
u2546940,15
u2547229,28
u2547305,19
u2547541,14
u2548038,13
u2548223,19
u254829,9
u2548343,21
u2548366,9
u2548383,13
u2548417,8
u254844,14
u2548461,16
u2548469,13
u2548482,33
u2548926,26
u2549086,8
u2549144,11
u2549369,9
u2549556,15
u2549639,31
u2549692,24
u2549719,133
u2549859,43
u2549932,36
u2549947,16
u2549991,7
u2550164,15
u2550235,18
u2550391,28
u2550419,26
u2550619,27
u2550938,10
u2550968,15
u2550982,22
u2551010,17
u2551031,19
u255108,9
u2551122,14
u2551221,41
u2551416,13
u2551417,10
u255166,23
u2551690,48
u2551735,18
u2551845,17
u2552098,13
u2552130,26
u2552261,22
u2552332,12
u255238,55
u2552404,15
u2552487,18
u2552533,12
u2552550,15
u2552575,13
u2552625,13
u2552813,16
u2552840,21
u2552886,9
u2552903,30
u2553009,19
u2553105,8
u2553184,43
u2553235,54
u2553263,78
u2553268,15
u255330,25
u2553313,97
u2553484,37
u2553544,11
u2553719,19
u2553749,31
u255377,39
u2553837,10
u2553840,19
u255396,14
u2554039,51
u2554048,10
u2554109,30
u2554393,28
u255447,14
u2554711,13
u2554780,29
u2554794,17
u2554855,9
u2554919,20
u2555110,29
u2555206,29
u2555281,13
u2555285,13
u2555344,10
u2555448,16
u2555725,10
u2555751,28
u2555779,8
u2555834,17
u2555917,12
u2555936,52
u2556002,12
u2556056,13
u2556124,13
u2556137,25
u2556199,11
u2556268,35
u2556408,15
u2556412,27
u2556438,16
u255702,10
u255708,17
u255721,22
u2557232,16
u255728,7
u2557394,11
u2557433,33
u2557555,23
u2557640,8
u2557654,17
u2557731,12
u2557812,9
u2557883,42
u2557987,18
u255799,26
u2558051,14
u2558080,39
u2558139,12
u2558251,11
u2558323,12
u2558326,14
u2558343,16
u2558507,20
u2558628,14
u2558636,18
u2558819,57
u2558867,49
u2559190,14
u2559216,20
u2559290,22
u2559338,19
u2559357,10
u2559396,128
u2559469,13
u2559912,14
u2560105,9
u2560238,13
u256025,49
u2560293,33
u2560300,25
u2560310,17
u2560483,36
u2560583,22
u256121,13
u2561235,10
u2561533,13
u2561598,26
u2561704,50
u2561917,8
u2561961,19
u2561971,28
u2562048,11
u2562069,22
u2562144,17
u2562160,16
u2562166,13
u2562260,13
u2562326,12
u2562453,52
u2562527,20
u2562537,12
u2562551,21
u2562815,12
u256285,29
u2562942,40
u2563097,13
u2563140,16
u2563142,8
u2563241,31
u2563304,16
u2563335,37
u2563384,8
u2563492,20
u2563500,23
u2563521,32
u2563541,12
u2563590,47
u2563622,9
u2563747,96
u2563798,11
u2563838,149
u2564089,14
u2564293,9
u2564436,31
u2564496,24
u256456,9
u256457,15
u2564573,15
u2564650,16
u2564696,21
u2564860,52
u2564877,14
u2565185,22
u2565211,13
u2565252,20
u2565309,37
u2565401,34
u2565452,19
u2565536,10
u256575,12
u2565864,9
u2565890,47
u2566010,33
u2566041,19
u2566122,22
u2566188,18
u2566273,22
u2566327,10
u2566333,19
u2566391,19
u2566448,9
u2566508,14
u2566653,17
u2566775,14
u256688,10
u2566893,8
u2566951,11
u2566977,24
u2566995,21
u2567049,11
u2567213,14
u2567214,19
u2567311,21
u2567333,23
u2567802,12
u2567809,65
u2567943,10
u2568027,28
u2568071,7
u2568158,25
u2568341,48
u2568480,53
u2568608,10
u2568616,9
u2568770,9
u2568786,25
u2568797,13
u2568898,13
u2569046,19
u2569076,15
u2569101,32
u2569108,26
u2569315,9
u2569338,17
u2569361,9
u2569676,11
u2570121,10
u2570165,24
u2570178,13
u2570208,10
u2570399,27
u2570419,29
u2570482,13
u2570499,29
u2570519,11
u2570531,22
u2570617,30
u2570677,36
u2570713,35
u2570898,11
u2570958,33
u2571055,31
u2571065,31
u2571078,8
u2571113,27
u2571369,120
u2571420,22
u2571474,36
u2571637,23
u2571701,13
u2571728,14
u2572056,85
u2572065,12
u2572098,17
u2572652,11
u2572710,14
u2572725,14
u2572759,40
u2572775,83
u2572822,40
u2572910,18
u2572996,19
u2573018,19
u257316,16
u257322,9
u2573252,16
u2573405,16
u2573420,9
u2573544,35
u257381,8
u2574003,18
u2574098,10
u2574164,9
u2574213,12
u2574240,44
u2574273,33
u2574489,13
u2574537,19
u2574549,13
u2574584,6
u2574591,7
u2574621,19
u2574746,109
u2574806,114
u2574907,51
u2574989,13
u2575092,18
u2575318,13
u2575442,8
u2575554,64
u2575599,31
u2575871,16
u2576279,82
u2576426,16
u2576451,13
u2576538,24
u2576781,26
u2576886,12
u2576949,13
u2577044,77
u2577115,55
u2577267,24
u2577336,8
u2577355,127
u2577385,10
u257743,8
u2577480,59
u2577509,17
u2577614,31
u2577661,11
u2577702,14
u2577738,7
u2578089,53
u2578203,15
u2578207,11
u2578231,18
u2578445,8
u2578480,15
u2578493,33
u2578509,16
u2578637,18
u2578999,22
u2579175,35
u2579292,28
u2579303,35
u2579333,15
u2579391,9
u2579765,20
u2580359,9
u2580471,17
u2580499,9
u2580521,12
u2580654,46
u2580730,11
u2580731,18
u2580853,26
u2580946,33
u2580959,19
u2580990,27
u2581007,44
u258107,9
u2581092,10
u2581248,76
u2581302,26
u2581376,11
u2581390,14
u2581397,18
u2581440,24
u2581460,18
u2581532,34
u2581640,13
u2581800,16
u2581938,11
u2581964,17
u2582094,27
u2582095,8
u2582265,73
u258243,10
u2582480,34
u2582484,7
u2582536,13
u2582539,14
u2582653,28
u2582720,21
u2583005,10
u2583027,59
u258305,11
u2583136,12
u2583789,38
u2583909,24
u2584063,16
u2584116,20
u2584210,15
u2584215,17
u2584225,23
u2584428,53
u2584437,33
u2584461,9
u2584607,10
u2584759,6
u2584846,18
u258501,7
u2585098,14
u258511,11
u2585129,9
u2585244,8
u2585369,17
u2585393,14
u2585575,18
u258579,10
u2585946,34
u2586338,17
u2586601,14
u2586676,29
u2586901,12
u2587182,11
u2587353,28
u2587410,29
u2587453,13
u2587526,18
u2587597,18
u2587704,20
u2587862,19
u2587875,6
u2587906,13
u2587940,20
u2587982,8
u2588013,16
u2588108,11
u2588192,24
u2588198,18
u2588311,25
u2588420,45
u2588661,10
u2588711,13
u2588810,39
u2588849,7
u2588890,32
u258898,12
u2588995,80
u2589043,17
u2589048,11
u2589096,9
u2589150,11
u2589166,18
u2589380,14
u2589396,10
u2589483,20
u2589492,15
u2589594,60
u2589614,9
u2589801,18
u2589821,19
u2589972,6
u2590026,7
u2590150,12
u2590189,19
u2590195,7
u2590537,10
u2590554,50
u2590597,16
u2590646,13
u2590687,13
u2590781,33
u2590787,15
u2590823,18
u2590843,39
u2590845,13
u2590910,14
u2590932,19
u2590969,22
u2591040,12
u2591165,14
u259117,8
u2591390,68
u2591542,13
u2591568,38
u2591623,7
u2591662,12
u2591716,17
u2591795,35
u2591917,19
u2591920,6
u2592212,7
u2592533,11
u2592804,12
u2592825,12
u2592892,41
u2592933,11
u2593116,14
u2593269,13
u2593286,28
u2593518,19
u2593586,39
u2593589,10
u259363,16
u2593633,21
u2593796,61
u2593872,10
u2593879,14
u2593885,42
u2593988,15
u2594019,20
u2594027,19
u2594035,19
u2594157,12
u2594168,14
u2594282,17
u2594332,9
u2594340,10
u2594391,21
u2594483,14
u2594496,50
u259464,14
u2594649,136
u2594682,13
u2594771,14
u2594797,32
u2594930,10
u259498,10
u259499,10
u2595009,12
u2595117,11
u2595158,31
u2595167,14
u2595178,22
u2595635,18
u2595687,7
u2595749,33
u2595863,16
u2595871,9
u2595915,7
u2595928,29
u2595934,36
u2596025,23
u259603,17
u2596261,116
u259627,14
u2596415,24
u2596651,32
u2596704,12
u2596752,25
u2596754,21
u2596803,42
u2596991,31
u2597113,21
u2597114,13
u2597188,13
u2597252,16
u2597313,69
u2597417,19
u2597429,25
u2597441,71
u2597547,35
u2597557,13
u2597666,30
u2597679,28
u2597795,55
u2597822,14
u2597957,20
u2597997,15
u2598041,18
u2598073,26
u2598104,21
u2598118,15
u2598146,13
u2598171,47
u2598259,44
u2598288,20
u2598319,25
u2598348,11
u2598392,12
u2598423,10
u2598454,21
u2598522,19
u2598619,11
u2598652,13
u2598788,27
u259889,24
u2599029,18
u259909,14
u2599185,16
u2599292,41
u2599409,14
u2599451,14
u2599488,11
u2599672,28
u2599738,9
u2599770,40
u2599791,22
u2599807,15
u2599917,14
u2599926,15
u2599935,45
u2599952,7
u2599984,17
u2600043,16
u2600044,47
u2600053,11
u2600117,12
u2600138,74
u2600171,35
u2600231,22
u2600372,42
u2600539,21
u2600639,11
u2600648,14
u2600663,19
u2600929,44
u2600973,33
u2601038,8
u2601067,15
u2601112,29
u2601331,14
u2601388,10
u2601502,45
u2601515,63
u2601586,14
u2601602,24
u2601643,12
u260172,19
u260173,13
u2601774,22
u2601779,27
u2601962,10
u2602038,26
u2602084,20
u2602107,31
u2602226,18
u2602270,31
u2602276,26
u2602297,29
u2602307,11
u2602435,11
u2602508,14
u2602592,39
u260262,13
u2602774,13
u2603067,19
u2603221,15
u2603263,13
u2603386,11
u2603392,53
u2603562,14
u2603667,8
u2603692,27
u2603771,10
u2603790,13
u2603880,9
u2603909,63
u2603954,41
u2603981,13
u2604070,17
u2604267,12
u2604331,14
u2604529,12
u2604554,20
u2604681,23
u2604778,14
u2604828,8
u2604942,14
u2604966,25
u2605048,62
u2605107,10
u2605119,24
u2605189,40
u2605213,15
u2605306,9
u2605334,20
u2605594,34
u2605790,78
u2605943,13
u2605977,21
u2606006,61
u2606056,13
u2606139,15
u2606145,55
u2606188,61
u2606230,11
u2606251,20
u2606294,46
u2606298,7
u2606334,9
u2606555,33
u2606746,14
u2606770,13
u2607202,44
u2607270,14
u2607344,30
u2607370,10
u2607404,58
u2607470,17
u2607481,9
u2607532,7
u2607547,15
u2607558,19
u2607578,17
u2607597,35
u2607658,30
u2607770,48
u2607822,7
u260798,17
u2608024,32
u2608068,9
u2608206,25
u2608321,36
u2608350,35
u2608422,24
u2608576,9
u2608589,34
u2608727,11
u2608795,21
u2608915,21
u2608920,15
u2609051,14
u2609111,20
u2609183,15
u2609241,17
u2609279,33
u2609353,15
u2609451,56
u2609512,38
u2609677,59
u2609743,27
u2609750,17
u2609783,21
u2609870,8
u2609918,12
u2609953,12
u2610235,7
u2610245,15
u261034,8
u2610409,8
u2610444,10
u2610463,9
u2610509,20
u2610526,26
u2610629,9
u2610642,10
u2610649,15
u2610731,52
u2610917,15
u2610937,42
u2611053,21
u2611254,26
u2611273,17
u261142,15
u261147,19
u2611535,16
u2611819,16
u2611829,13
u2611911,23
u2611912,7
u261195,27
u261201,12
u2612069,16
u2612201,11
u2612202,18
u261235,28
u2612350,21
u2612382,18
u2612577,13
u2612602,41
u2612628,10
u2612668,10
u2612688,21
u2612723,16
u2612771,13
u261281,10
u2612823,14
u2612851,10
u2613051,17
u2613377,8
u2613473,41
u2613505,9
u2613660,44
u2613718,35
u2613777,39
u2613778,11
u2613862,24
u2613883,13
u2613934,19
u2613988,51
u2614107,41
u2614200,18
u2614266,53
u2614327,9
u2614334,45
u2614469,38
u2614604,27
u2614610,11
u2614627,11
u2614657,26
u2614713,12
u261483,20
u2615154,14
u2615258,17
u2615309,17
u2615311,49
u2615369,41
u2615521,24
u261558,14
u2615644,56
u2615747,18
u2615783,60
u2616211,23
u2616213,10
u2616215,14
u2616273,19
u261628,17
u2616296,24
u2616400,25
u2616510,7
u2616652,16
u2616746,15
u261692,12
u2616931,21
u2616945,29
u261697,13
u2617176,12
u2617204,11
u2617216,20
u2617581,17
u261759,16
u2617605,15
u2617687,12
u2617785,11
u2617855,10
u2617924,9
u2618024,20
u2618182,8
u2618198,9
u2618229,10
u2618299,22
u2618517,9
u2618611,21
u2618628,9
u2618644,15
u2618695,70
u26187,7
u2618709,19
u2618755,19
u2618848,48
u2618991,15
u2619246,18
u2619403,19
u2619488,43
u2619515,10
u2619541,27
u2619761,11
u2619868,11
u2619896,14
u2619910,11
u2619996,20
u2620085,21
u2620165,25
u2620180,38
u2620183,25
u2620193,32
u2620297,43
u2620301,31
u2620305,16
u2620640,19
u2620693,100
u2620714,37
u2620759,28
u2620854,50
u2620859,38
u2620902,9
u2621010,12
u2621050,14
u2621121,10
u2621176,18
u262125,25
u2621379,12
u2621408,43
u2621460,10
u2621488,7
u2621508,18
u2621539,18
u2621566,19
u2621659,13
u2621677,19
u2621708,22
u2621745,14
u2621783,24
u2621864,16
u2621901,57
u2621929,12
u2621959,17
u2621980,9
u2622037,16
u2622123,12
u2622300,13
u2622429,16
u2622440,15
u2622453,18
u2622501,11
u2622508,11
u2622796,18
u2622874,20
u2622958,16
u2623013,40
u2623043,21
u2623336,74
u2623346,54
u2623541,8
u2623745,9
u2623747,25
u2623763,59
u2623787,6
u2623800,22
u2623812,21
u2623815,36
u2623853,15
u2623892,22
u2623997,19
u2624218,10
u2624324,19
u2624340,17
u2624351,81
u2624440,31
u2624537,12
u2624555,10
u2624581,20
u2624588,22
u2624692,12
u2624696,27
u2624722,79
u2624833,29
u2624859,29
u2625018,19
u2625032,10
u2625118,11
u2625166,12
u2625276,26
u2625294,14
u2625305,19
u2625357,62
u2625437,67
u2625478,31
u2625497,14
u2625598,19
u2625676,18
u262570,15
u2625718,55
u2625725,11
u2625772,18
u2626027,21
u2626061,10
u2626204,11
u2626237,9
u2626568,18
u2626700,29
u2626758,18
u2626764,27
u2626771,17
u2626788,13
u2626822,12
u2626970,10
u2627050,70
u2627120,24
u2627176,75
u2627194,30
u2627214,13
u2627294,40
u2627304,9
u2627344,24
u2627345,10
u2627649,39
u262774,12
u2627825,54
u2627963,21
u2628162,12
u2628323,26
u2628336,46
u2628396,18
u2628513,18
u262866,21
u2628675,63
u2628713,10
u262873,13
u2628736,31
u2628805,25
u2628934,11
u2628976,8
u2628989,22
u262902,11
u2629051,24
u2629065,11
u2629075,101
u2629391,37
u2629395,24
u2629559,26
u2629579,15
u2629583,12
u2629801,26
u2629805,13
u2629815,35
u2629903,14
u2629910,50
u2629970,21
u2630052,54
u2630274,34
u2630299,21
u2630302,8
u2630319,11
u2630472,11
u2630495,13
u2630505,21
u2630567,7
u2630656,9
u2630658,14
u2630733,38
u2630736,24
u2630792,22
u2630861,24
u2630878,10
u2630901,39
u2630931,14
u2630967,21
u2631060,15
u2631259,50
u2631283,20
u2631290,41
u2631440,14
u263161,12
u2631626,21
u2631633,19
u2631680,60
u2631698,67
u2631705,31
u2631873,15
u2631919,32
u2631920,27
u2631927,32
u2632120,29
u2632160,26
u2632190,12
u2632223,12
u2632229,87
u2632276,13
u2632354,34
u2632613,8
u2632660,51
u2632754,17
u2632780,12
u2632951,38
u2632970,86
u2632978,15
u2633042,9
u2633067,21
u2633111,33
u2633159,41
u2633221,13
u2633243,49
u2633256,20
u2633259,13
u2633295,28
u2633305,22
u2633407,34
u2633429,17
u2633463,36
u2633538,10
u2633540,29
u2633650,27
u2633664,12
u2633721,10
u2633776,12
u2633818,14
u2633850,42
u2633902,26
u2633954,23
u2633965,29
u2634141,97
u263415,22
u2634167,28
u2634179,43
u2634189,30
u2634202,9
u2634222,21
u2634315,46
u2634417,17
u2634489,20
u2634530,28
u2634651,10
u2634772,17
u2634899,43
u263506,8
u2635169,18
u2635176,56
u2635296,88
u2635304,12
u2635338,14
u2635380,34
u2635392,24
u2635435,7
u2635440,10
u2635572,15
u2635580,26
u2635606,13
u2635851,36
u2635925,43
u2636049,21
u2636095,34
u2636107,14
u2636119,26
u2636158,12
u2636186,62
u26363,8
u2636482,16
u2636539,11
u2636573,11
u263667,16
u2636744,14
u2636803,52
u2636845,15
u2636990,22
u2637042,24
u2637137,12
u263714,16
u2637200,42
u2637212,14
u2637441,51
u2637519,61
u2637546,45
u2637598,31
u2637684,14
u2637871,51
u2638056,17
u2638134,24
u2638178,52
u2638213,23
u2638308,35
u2638319,13
u2638426,22
u2638437,45
u2638620,40
u2638679,10
u2638689,9
u263887,10
u2638886,13
u2638891,23
u2638926,24
u2638927,35
u2639039,21
u2639220,9
u2639223,25
u2639279,13
u263932,8
u2639399,18
u2639473,84
u2639519,22
u2639526,28
u2639702,72
u2639747,18
u2639762,47
u2639958,11
u2639998,11
u2640091,20
u2640103,48
u2640140,33
u2640242,7
u2640245,10
u2640253,13
u2640276,14
u2640311,59
u2640440,23
u2640636,15
u2640814,10
u2640816,35
u2640915,80
u2640936,11
u2641176,27
u2641214,9
u2641271,50
u2641472,74
u2641526,16
u2641672,36
u2641740,12
u2641822,46
u2641958,19
u2642006,7
u2642015,28
u2642174,48
u2642241,9
u2642304,17
u2642322,16
u2642363,23
u2642381,15
u2642415,12
u2642518,43
u2642542,39
u2642611,21
u2642801,18
u2642846,13
u2642878,13
u2642957,17
u2642962,17
u2643022,9
u2643082,19
u2643201,21
u2643303,10
u2643488,19
u2643535,14
u2643558,13
u2643612,36
u2643648,23
u2643988,38
u2644016,44
u2644146,14
u2644178,33
u2644406,23
u2644417,15
u2644430,12
u2644513,58
u2644582,52
u2644612,12
u2644650,17
u2644831,14
u2644869,16
u2644889,10
u2644967,13
u2645233,8
u2645263,13
u2645408,15
u2645518,16
u2645521,23
u2645544,10
u2645667,27
u2645682,12
u2645815,60
u2645861,21
u2645866,10
u2645892,22
u264606,12
u2646117,21
u2646159,9
u2646199,27
u2646232,13
u2646256,11
u2646282,19
u2646317,14
u2646325,58
u2646396,52
u2646407,17
u2646520,20
u2646559,25
u2646584,10
u2646598,15
u2646623,12
u264664,9
u2646674,35
u2646725,10
u2646736,14
u2646821,26
u2646825,9
u2646877,55
u2646948,32
u2647051,13
u2647098,10
u2647105,22
u2647140,10
u2647211,23
u2647296,19
u2647316,10
u264757,7
u2647579,18
u2647587,14
u2647619,7
u2647634,18
u2647673,17
u2647695,117
u2647736,28
u2647779,38
u2647945,15
u2647993,19
u2648007,53
u2648036,9
u2648037,9
u2648093,30
u2648124,10
u2648132,18
u2648183,31
u2648187,8
u2648224,41
u2648252,26
u2648285,9
u2648290,88
u2648294,24
u2648307,8
u2648358,56
u2648454,16
u2648524,24
u2648564,147
u2648569,22
u2648665,14
u2648730,10
u2648773,76
u2648904,39
u2648918,18
u2649000,22
u2649015,19
u2649156,13
u2649451,25
u2649470,24
u2649490,10
u2649598,13
u2649610,66
u2649689,36
u2649696,8
u2649750,11
u2649761,33
u2649818,22
u2649979,12
u2650109,10
u2650149,12
u2650273,15
u2650283,18
u2650284,19
u2650330,17
u2650398,30
u2650496,8
u2650594,42
u2650596,14
u2650651,105
u2650658,13
u2650663,28
u2650684,20
u2650757,26
u2650775,15
u2650888,96
u2650934,14
u2651109,19
u2651165,89
u2651299,15
u2651352,8
u2651549,41
u2651641,14
u2651783,13
u2651859,11
u2651877,15
u2652100,53
u265215,24
u2652335,8
u2652496,11
u2652756,11
u2652772,15
u2652823,11
u2652824,7
u2652858,25
u2652870,52
u2652947,22
u2652963,19
u2653035,12
u2653079,16
u2653130,14
u2653150,25
u2653222,75
u2653226,9
u2653294,13
u2653362,16
u2653459,28
u2653462,43
u2653689,55
u2653752,13
u2653781,14
u2653822,14
u2653849,34
u2653856,68
u2653987,20
u2654084,106
u2654492,87
u2654641,173
u2654676,12
u2654738,36
u265475,11
u2654820,42
u2655172,16
u2655177,31
u2655281,8
u2655379,22
u2655381,62
u265539,13
u265559,21
u2655702,7
u2655723,77
u2655814,11
u2656118,67
u2656149,19
u2656444,40
u265648,11
u2656823,11
u2656835,8
u2657024,9
u2657252,10
u2657414,26
u2657446,25
u2657574,43
u2657661,35
u2657723,103
u2657727,12
u2657736,10
u2657748,11
u2657750,10
u265779,16
u2657918,28
u2657991,23
u2658057,33
u2658312,24
u2658467,61
u2658468,17
u2658536,10
u2658560,35
u2658727,21
u2658753,11
u2658777,8
u2658812,13
u2658906,31
u2658948,20
u2658991,16
u2659038,24
u265912,22
u2659145,10
u2659341,36
u2659382,15
u2659464,11
u2659546,28
u2659547,15
u2659820,18
u2659947,10
u2659978,18
u2660033,7
u2660044,15
u2660143,47
u2660252,12
u2660297,10
u2660352,17
u2660385,23
u2660458,11
u2660519,16
u2660567,16
u2660854,15
u2660961,13
u2660963,12
u2661230,35
u2661232,64
u266126,36
u2661390,16
u2661480,36
u2661699,13
u2661710,20
u2661733,29
u2661739,14
u2661774,10
u2661987,12
u2661992,37
u2662199,19
u266223,8
u2662248,24
u2662295,9
u2662306,63
u2662340,9
u2662356,39
u2662387,14
u2662427,45
u266244,10
u2662633,52
u2662698,17
u2662745,8
u2662746,21
u2662820,19
u2662831,28
u2662855,16
u2662963,45
u2663046,28
u2663155,21
u2663321,20
u2663379,30
u2663433,8
u2663446,11
u2663451,12
u2663532,18
u2663545,10
u2663602,27
u2663670,21
u2663672,18
u2663804,11
u2663893,28
u2663942,30
u2664225,12
u2664268,42
u2664316,47
u266434,18
u2664401,12
u2664534,14
u2664685,28
u2664725,7
u2664801,13
u2664807,17
u2664826,9
u2664847,33
u2664862,9
u266492,10
u2665006,45
u2665039,17
u2665148,9
u2665237,9
u2665328,14
u2665383,12
u2665431,9
u2665487,30
u2665712,12
u2665722,39
u2665748,13
u2666078,7
u2666170,21
u266619,22
u2666193,18
u2666234,11
u2666241,16
u2666305,83
u2666386,21
u2666405,10
u2666421,9
u2666582,60
u2666698,13
u2666709,15
u2666828,14
u266702,12
u2667037,17
u2667053,12
u2667075,62
u2667114,15
u2667269,24
u2667326,18
u2667371,18
u2667599,10
u2667882,12
u2667916,21
u2668008,10
u2668060,90
u2668197,8
u2668261,14
u2668419,12
u2668434,25
u2668507,19
u2668543,14
u2668557,14
u2668579,39
u2668591,12
u2668694,15
u2668707,14
u2668741,15
u2668797,14
u2668870,12
u2668921,12
u2669004,21
u2669112,26
u2669296,21
u2669300,11
u2669556,11
u266957,21
u2669586,16
u2669917,16
u2669956,9
u2670232,158
u2670395,10
u2670526,22
u2670539,30
u2670570,41
u2670654,14
u2670664,42
u2670704,39
u2670728,10
u2670761,10
u2670836,29
u2670880,12
u2670897,14
u2670998,20
u2671278,19
u2671513,14
u2671541,12
u2671637,10
u2671750,53
u2671816,13
u2671833,33
u2671924,19
u2672056,22
u2672127,8
u2672136,7
u2672167,8
u2672404,26
u2672546,14
u2672559,24
u2672589,29
u2672615,41
u2672725,12
u267274,13
u2672753,26
u2672782,44
u267283,18
u2672866,21
u267296,19
u2673093,13
u2673111,21
u2673202,22
u2673203,105
u2673216,14
u2673222,12
u2673272,10
u2673572,20
u2673589,44
u2673715,13
u2673866,22
u2673918,11
u267401,9
u2674014,32
u2674059,16
u2674129,9
u2674135,10
u2674178,42
u2674217,21
u2674402,18
u2674405,24
u2674658,21
u2674747,16
u2674833,8
u2674939,10
u2674968,13
u2675123,27
u2675191,9
u2675266,9
u2675343,9
u2675523,16
u2675690,23
u2675753,22
u2675885,18
u2676010,14
u2676029,8
u2676163,13
u2676273,9
u2676274,8
u2676505,19
u2676683,9
u2676691,44
u2676700,21
u2676756,11
u2676810,14
u2677061,11
u2677231,23
u2677233,20
u2677239,21
u2677256,17
u2677277,13
u2677338,38
u2677347,25
u2677410,10
u2677602,18
u2677671,26
u2677762,13
u267777,19
u2677937,43
u2677988,15
u2678149,16
u267817,12
u2678212,8
u2678275,12
u2678321,8
u2678513,12
u2678790,36
u2678948,46
u2678997,18
u2679004,34
u2679046,18
u2679051,29
u2679053,11
u267909,11
u267914,19
u2679216,23
u2679348,15
u2679404,12
u2679406,12
u2679512,11
u2679552,28
u2679680,33
u2679719,21
u2680098,12
u2680284,10
u2680480,14
u2680534,31
u2680563,17
u2680645,48
u2680879,14
u2680888,11
u2680942,37
u2680965,8
u2681032,17
u2681075,15
u2681204,7
u2681306,15
u2681317,11
u2681529,11
u2681546,27
u2681687,14
u2681854,10
u2682028,14
u2682134,13
u2682148,12
u2682178,14
u2682465,14
u2682651,10
u2682838,9
u2682918,21
u2682953,24
u2682991,21
u2683031,12
u2683089,8
u2683183,18
u2683334,12
u2683347,9
u2683573,11
u2683921,72
u2684060,38
u2684158,15
u2684177,12
u2684200,8
u2684206,26
u2684422,17
u2684431,90
u2684499,28
u2684534,13
u2684600,16
u2684626,17
u2684916,19
u2684966,15
u268498,22
u2685107,17
u2685196,28
u2685292,11
u2685309,88
u2685435,19
u2685452,40
u2685494,8
u2685638,14
u2685771,12
u2685817,23
u2685883,10
u2685936,24
u2685951,16
u2685968,14
u2686057,12
u2686121,12
u2686126,24
u2686256,13
u2686263,12
u2686647,18
u2686674,13
u2686742,18
u2686789,31
u2686830,16
u2686857,36
u2686923,7
u2686957,21
u2687013,10
u2687038,41
u2687100,11
u2687139,35
u2687522,43
u2687675,13
u2687714,10
u2687855,7
u2687934,6
u2688072,21
u2688115,11
u2688135,15
u2688159,30
u2688171,31
u2688247,37
u2688249,27
u2688270,9
u2688515,6
u2688684,20
u2688715,10
u2688733,8
u2688751,15
u2688760,13
u2688923,18
u2689010,52
u2689054,8
u2689109,45
u2689179,40
u2689201,28
u2689237,22
u2689733,54
u2690016,70
u2690207,51
u269024,7
u2690244,10
u2690348,12
u2690425,14
u269055,30
u2690647,33
u2690690,11
u2690727,16
u2690843,11
u2690996,8
u2691040,10
u2691085,16
u2691171,10
u2691400,12
u2691446,16
u2691523,11
u2691545,67
u2691551,16
u2691714,19
u2691783,22
u2691816,12
u2691818,18
u2691840,18
u2691936,16
u2691948,18
u2692018,10
u2692039,19
u2692102,27
u2692106,17
u2692299,8
u2692355,27
u2692618,53
u2692684,11
u2692764,22
u2692830,8
u2692882,10
u2693005,9
u2693008,11
u2693151,11
u2693212,13
u2693336,19
u2693397,21
u2693473,48
u2693593,28
u2693594,24
u2693601,11
u2693653,46
u2693675,21
u2693733,20
u2693769,8
u2693797,7
u2693805,11
u2694069,16
u2694132,21
u2694147,17
u269423,33
u2694319,13
u2694410,17
u2694429,6
u2694475,8
u2694508,37
u2694686,13
u2694807,81
u2694846,22
u2694936,42
u2694951,21
u2695007,40
u2695113,18
u2695236,29
u2695284,28
u2695298,18
u2695344,26
u2695353,15
u2695364,16
u2695403,12
u2695513,9
u2695571,15
u2695858,47
u2695861,13
u2695894,11
u2696031,10
u2696155,47
u2696190,73
u2696238,21
u2696254,18
u2696477,59
u2696585,18
u2696655,14
u2696731,8
u2696817,26
u2697058,17
u2697088,14
u2697174,12
u2697244,11
u2697251,36
u2697449,43
u2697640,12
u2697719,26
u2697963,22
u2698035,27
u2698138,19
u2698310,12
u2698350,47
u2698471,11
u2698479,47
u2698481,15
u2698486,7
u2698599,17
u2698606,24
u2698836,19
u2698912,17
u2698955,13
u2699045,17
u2699059,19
u2699113,8
u2699124,13
u2699274,7
u269956,15
u2699644,17
u2699678,10
u2699679,46
u269969,11
u2699972,13
u2700048,10
u2700110,11
u2700161,8
u2700213,11
u2700304,11
u2700645,11
u2700654,11
u2700799,14
u2700952,58
u2701035,15
u2701048,43
u2701146,34
u2701242,39
u2701278,12
u2701325,13
u2701364,8
u2701367,17
u2701415,14
u2701457,16
u270154,14
u2701886,10
u270195,9
u2702103,21
u270211,27
u2702347,10
u2702464,20
u2702653,107
u2702728,31
u270283,10
u2703187,17
u2703393,11
u2703423,8
u2703518,10
u2703574,20
u2703830,10
u2703835,12
u2703911,24
u2703955,11
u2703977,11
u2704015,38
u2704044,26
u2704068,32
u2704071,31
u2704074,45
u2704204,20
u2704260,14
u270428,28
u2704298,31
u2704311,10
u2704313,23
u2704355,46
u2704370,10
u2704388,13
u270459,12
u2704643,13
u2704658,10
u2704717,10
u2704734,13
u270483,8
u2704833,12
u2704904,24
u2704943,14
u270495,11
u2705203,9
u2705309,9
u2705362,45
u2705418,12
u2705425,22
u2705443,12
u2705509,28
u2705622,18
u2705644,97
u2705658,19
u2705666,32
u2705686,10
u2705705,19
u2705707,17
u2705722,19
u2705740,26
u2705742,7
u2705746,11
u2705817,18
u2705872,10
u2706022,18
u270610,26
u2706222,23
u2706444,13
u2706464,12
u2706556,11
u2706611,11
u2706678,44
u2706718,23
u270681,15
u270698,21
u270706,14
u2707177,8
u2707249,10
u2707425,17
u2707488,9
u2707533,42
u2707696,11
u2707765,95
u2707857,11
u2707934,10
u2707972,8
u2708109,8
u2708187,11
u2708334,10
u2708347,54
u2708508,7
u2708735,30
u2708767,14
u2708770,21
u270883,12
u2708852,13
u2708862,81
u2708866,7
u2708986,23
u2709178,19
u2709194,10
u2709218,15
u2709325,13
u2709377,39
u2709570,11
u2709645,6
u2709722,10
u2709828,19
u2709846,12
u270990,19
u2710012,16
u2710097,28
u2710180,8
u2710284,23
u271063,17
u2710756,17
u2710772,9
u2710831,23
u2710878,16
u2710906,13
u2710921,26
u2710981,12
u2711060,29
u2711140,18
u2711188,18
u2711238,48
u271124,10
u271135,20
u271136,26
u2711447,17
u2711626,10
u2711777,12
u2711782,44
u2711920,24
u2712009,11
u271201,37
u2712115,11
u2712290,30
u2712319,16
u271233,13
u2712497,19
u2712652,23
u2712694,15
u2712703,48
u2712767,12
u2712856,20
u2712950,49
u2712975,8
u2713054,39
u2713214,8
u2713228,23
u2713242,16
u2713299,72
u2713308,6
u2713341,33
u2713364,22
u2713424,55
u2713452,13
u2713582,12
u2713603,36
u2713807,29
u2713834,16
u2713987,77
u2714006,12
u2714219,8
u2714222,31
u2714253,159
u2714286,8
u2714430,13
u2714435,14
u2714466,16
u2714689,38
u2714715,14
u2714727,29
u2714734,42
u2714837,12
u2714926,35
u2715170,12
u2715194,9
u2715386,28
u2715436,22
u2715444,10
u2715445,8
u2715493,15
u2715504,6
u2715595,52
u2715665,9
u2715791,10
u2715809,14
u2715824,21
u2715854,65
u2715887,10
u2716384,13
u2716462,12
u2716463,9
u2716504,13
u271665,9
u2716791,21
u2716842,59
u2716879,16
u2716888,31
u2716919,63
u2716975,30
u2717174,13
u2717278,21
u2717280,20
u2717387,27
u2717474,16
u2717478,63
u2717656,10
u271768,13
u2717729,19
u2717738,11
u2717779,40
u2717803,19
u2717999,42
u2718027,11
u2718171,30
u2718283,16
u2718331,43
u271843,28
u2718461,11
u2718497,23
u2718509,41
u2718609,7
u2718620,54
u2719138,11
u2719155,16
u2719231,50
u2719354,16
u2719414,14
u2719446,14
u2719494,31
u271953,17
u2719622,32
u2719883,19
u2719905,18
u2719911,10
u2719974,16
u2719980,16
u271999,13
u2720059,20
u2720089,33
u2720139,25
u2720145,7
u272017,24
u2720242,11
u2720441,16
u2720450,17
u2720487,11
u2720488,11
u2720607,33
u2720713,20
u2720866,15
u2720941,24
u272102,7
u2721100,46
u2721171,12
u2721314,21
u2721328,15
u2721343,26
u2721429,21
u2721430,12
u2721469,11
u2721530,13
u2721536,11
u2721552,10
u2721581,14
u2721608,6
u272175,20
u2721750,16
u2721797,56
u2721857,9
u2721952,13
u2722337,32
u2722365,9
u2722370,58
u2722372,60
u2722384,40
u2722460,54
u2722500,18
u2722507,10
u2722521,10
u2722564,17
u2722570,56
u2722630,21
u2722863,48
u2722880,39
u2722969,20
u2723017,68
u2723098,13
u2723126,16
u2723172,6
u2723267,11
u2723371,30
u2723397,17
u2723409,11
u2723445,10
u2723458,21
u2723509,12
u2723522,12
u2723548,18
u2723660,7
u2723662,55
u2723706,10
u272372,23
u272378,24
u2723790,20
u2723808,8
u2723816,66
u2723912,31
u2723941,10
u2723995,25
u2724010,19
u2724040,30
u272416,27
u2724477,17
u2724645,15
u2724835,11
u272486,24
u2724892,96
u2724899,15
u272490,10
u2724905,8
u2725111,39
u2725385,13
u2725470,36
u2725603,23
u272585,8
u2725907,22
u2725974,15
u2726016,12
u2726044,13
u2726075,23
u2726102,10
u2726225,32
u2726291,26
u2726322,16
u2726328,46
u2726363,28
u2726538,20
u2726665,30
u2726678,9
u2726685,40
u2726733,26
u2726808,7
u2726855,9
u2726946,14
u2727057,16
u2727117,54
u2727147,9
u2727149,25
u2727158,14
u2727257,14
u2727319,18
u2727375,11
u2727441,14
u2727448,10
u2727515,11
u2727633,21
u2727679,11
u2727815,16
u2727818,30
u2727951,27
u2728058,11
u2728128,26
u272833,10
u2728407,24
u2728566,31
u2728593,15
u2728628,52
u2728643,23
u2728683,15
u2728706,54
u2728773,11
u2728781,16
u2728787,11
u2728912,19
u272916,16
u2729166,18
u272918,14
u272925,14
u2729420,19
u2729508,22
u2729538,10
u2729573,15
u2729605,43
u2729713,23
u2729779,20
u2729948,57
u273007,21
u2730098,21
u2730148,164
u2730224,11
u2730291,34
u2730318,25
u2730431,9
u2730480,14
u2730483,10
u2730576,16
u2730577,31
u2730590,77
u2730663,12
u2730700,48
u2730722,19
u2730737,13
u273077,12
u2731036,11
u2731176,9
u2731189,25
u2731398,50
u2731434,16
u2731452,23
u2731541,38
u2731638,30
u2731766,24
u2731771,47
u2731782,37
u2731859,124
u2732076,12
u273217,20
u2732220,109
u2732373,13
u2732385,11
u2732390,16
u2732551,34
u2732606,10
u2732710,48
u2732748,26
u2732881,15
u2732921,15
u2732944,53
u2733000,15
u2733097,9
u2733165,21
u2733286,11
u2733354,17
u2733372,26
u2733379,12
u2733424,43
u2733638,17
u2733672,7
u2733841,19
u2733880,24
u2733983,18
u2734049,14
u2734050,28
u2734067,43
u2734092,18
u2734162,34
u2734172,14
u2734182,13
u2734192,9
u2734298,10
u2734399,14
u2734435,94
u2734455,16
u2734475,22
u2734481,48
u2734555,12
u2734579,17
u2734584,14
u2734615,16
u2734725,26
u2734747,64
u2734793,17
u2734999,31
u2735000,18
u2735044,9
u2735048,12
u2735066,10
u2735140,32
u2735200,29
u2735218,15
u2735537,10
u2735675,16
u2735784,30
u2735831,8
u2735847,8
u2735939,22
u2735972,59
u2735989,43
u2736040,18
u2736125,9
u2736127,40
u2736254,27
u2736344,26
u2736378,26
u2736438,13
u2736584,27
u2736594,11
u2736601,10
u273663,14
u2736667,10
u2736671,13
u2736746,27
u2736836,8
u2736877,24
u2737024,18
u2737148,9
u2737166,36
u273719,9
u2737199,8
u2737398,13
u2737423,19
u2737436,14
u2737668,17
u2737684,19
u2737686,39
u2738035,14
u2738145,16
u2738335,37
u2738336,14
u2738351,24
u2738520,17
u2738650,35
u2738655,17
u2738664,34
u2738707,46
u273876,15
u273879,9
u2738816,47
u2738873,14
u2738959,51
u2738984,16
u2739033,116
u2739065,14
u2739269,11
u2739292,35
u2739308,23
u2739317,31
u2739341,38
u2739404,75
u2739415,18
u2739418,23
u2739459,13
u2739470,18
u2739490,14
u2739492,28
u2739582,14
u2739706,12
u2739829,23
u2739875,19
u2739896,11
u2739899,16
u2739903,20
u2739934,11
u2740046,21
u2740074,13
u2740092,16
u2740119,15
u2740306,48
u274031,13
u2740505,11
u2740535,20
u2740568,13
u2740668,9
u2740708,8
u2740721,18
u2740782,12
u2740843,6
u2740878,43
u2740920,25
u2740940,21
u2741003,12
u2741019,24
u2741024,9
u2741058,87
u2741133,8
u2741148,13
u2741155,41
u2741181,40
u2741225,16
u2741319,27
u2741382,18
u2741550,11
u2741721,21
u2741744,15
u2741850,10
u2741864,32
u2741881,12
u2741961,11
u2742004,10
u2742099,15
u2742100,11
u2742109,24
u2742236,10
u2742248,7
u2742253,12
u2742255,14
u2742287,18
u2742433,30
u2742474,22
u2742529,37
u2742560,31
u2742754,27
u2742910,24
u274310,9
u2743206,12
u274321,12
u2743221,10
u2743461,19
u2743517,83
u2743538,14
u2743683,28
u2743740,25
u2743815,66
u2743888,10
u2743890,17
u2743930,8
u2743961,40
u2744063,14
u2744101,13
u2744147,14
u2744236,22
u2744549,15
u2744550,13
u2744579,18
u2744658,101
u2744688,11
u2744729,41
u2745012,31
u2745032,30
u2745056,20
u2745057,15
u2745131,9
u2745163,13
u2745173,43
u2745183,19
u2745319,12
u2745491,54
u274559,13
u2745670,19
u274573,9
u2745792,10
u2745804,26
u2745891,16
u2746096,6
u2746146,13
u2746225,17
u2746388,17
u2746511,13
u2746724,9
u2746747,53
u2746804,10
u2746868,35
u2746968,15
u274697,16
u2747051,10
u2747187,8
u2747220,14
u2747398,15
u2747620,17
u2747650,12
u2747704,31
u2747760,63
u2747784,26
u2747834,12
u2747857,10
u2747895,10
u2747943,15
u2748002,30
u2748089,12
u2748107,15
u2748220,18
u2748345,23
u2748444,13
u2748698,20
u2748724,15
u2748781,25
u2748804,11
u2748858,41
u2748859,11
u274889,21
u2748906,37
u2748963,18
u2749076,51
u2749119,19
u2749264,13
u2749357,8
u2749364,27
u2749434,17
u2749575,9
u2749811,10
u2749829,25
u2749851,17
u2749914,28
u2750071,16
u2750097,17
u2750116,7
u2750202,15
u2750355,116
u2750400,38
u2750429,18
u275044,11
u2750685,12
u2750901,10
u2750903,9
u2751003,18
u2751205,85
u2751638,11
u2751797,15
u2751852,18
u2751902,9
u2751919,19
u2751986,18
u2752047,180
u2752387,8
u2752587,13
u275263,19
u2753019,75
u2753093,10
u2753107,105
u2753236,34
u275332,17
u2753420,13
u2753533,27
u275354,17
u2753562,37
u2753586,24
u2753598,12
u2753663,8
u2753767,13
u2753864,11
u2753878,9
u2753892,9
u2753968,12
u2754029,12
u2754165,36
u2754191,10
u2754360,16
u2754593,17
u2754609,8
u2754612,9
u2754657,32
u2754844,38
u2754885,19
u2755059,33
u2755128,52
u2755129,81
u2755190,31
u2755244,13
u2755341,10
u2755415,65
u2755423,13
u2755600,20
u2755707,8
u275582,24
u2755841,11
u2755858,38
u2755892,18
u275592,11
u2755925,10
u2755971,16
u2756007,13
u2756068,29
u2756169,18
u2756334,14
u2756445,21
u2756495,11
u2756512,16
u2756547,12
u2756610,64
u2756690,10
u2756698,23
u2756731,7
u2756854,19
u2756967,19
u2757011,51
u2757282,16
u2757369,62
u2757452,13
u2757468,20
u2757536,23
u2757548,16
u2757631,8
u275769,12
u2757756,11
u2757768,34
u2757799,10
u2757809,25
u2757830,48
u2757928,23
u2757976,21
u2757989,20
u275822,8
u2758288,9
u2758489,34
u2758525,13
u2758529,18
u2758677,6
u2758798,12
u2758926,6
u2758935,12
u2759109,13
u2759168,13
u2759327,15
u2759438,28
u2759571,17
u2759712,10
u2759739,11
u2759793,9
u2759877,9
u2759914,17
u2760002,19
u2760221,14
u2760286,8
u2760501,11
u2760589,8
u2760606,8
u2760642,45
u2760645,15
u2760900,65
u2761298,16
u2761326,21
u2761385,29
u2761424,18
u2761473,12
u2761522,12
u2761626,139
u276165,8
u2761692,21
u276172,18
u2761750,22
u2761763,14
u2761794,17
u2761886,13
u2762004,22
u2762123,60
u2762168,49
u2762197,48
u2762364,9
u2762369,9
u2762473,21
u2762479,26
u2762576,14
u2762586,34
u2762715,24
u2762766,26
u2762841,12
u2762921,22
u2762949,14
u2763181,19
u2763210,10
u2763264,27
u2763292,96
u2763338,71
u2763389,44
u2763716,33
u2763802,11
u2763830,23
u2763870,13
u2763922,10
u2763926,28
u2763954,17
u2764005,12
u2764017,14
u2764060,14
u2764096,42
u2764112,34
u2764373,12
u2764450,53
u2764642,16
u2764660,32
u2764765,6
u2765009,50
u2765069,46
u2765104,51
u276525,19
u2765370,38
u2765570,44
u276565,6
u2765709,35
u2765740,8
u2765866,19
u2765878,32
u2765925,7
u2765970,21
u2766084,12
u2766182,11
u2766203,67
u2766236,27
u2766303,8
u2766442,14
u2766457,28
u2766467,39
u2766568,68
u2766659,9
u2766675,39
u2766709,9
u2766747,29
u2766791,31
u2766835,15
u276700,14
u2767097,14
u2767184,17
u2767415,16
u2767464,7
u2767466,9
u2767535,10
u2767557,31
u2767727,45
u276776,42
u2767808,37
u276788,25
u2767888,14
u2767948,17
u276799,18
u2768025,30
u2768061,148
u2768098,10
u2768161,9
u2768220,40
u2768241,16
u2768268,27
u2768273,59
u276831,14
u2768394,17
u2768398,25
u2768409,27
u2768430,17
u2768513,23
u2768522,33
u2768611,34
u2768639,9
u2768655,14
u2768866,21
u276894,13
u2769120,49
u2769129,13
u2769198,10
u2769245,17
u2769260,22
u2769321,28
u2769460,14
u2769555,8
u2769599,32
u2769622,26
u2769685,10
u2769692,45
u2769738,36
u2769797,15
u2769855,57
u2769927,27
u2769931,11
u2769939,24
u2769946,52
u2769985,52
u2770038,14
u2770072,9
u2770441,49
u277047,11
u2770525,12
u2770526,33
u2770592,33
u2770596,8
u2770742,10
u2770949,13
u2770967,24
u2770994,40
u2771008,17
u2771062,8
u2771286,43
u2771326,53
u2771437,43
u2771487,18
u2771514,9
u2771568,45
u2771587,23
u2771633,35
u2771688,74
u2771968,34
u2772067,12
u2772126,15
u2772231,19
u2772365,15
u2772422,23
u2772461,15
u2772694,26
u2772723,20
u2772818,13
u2772844,37
u2773034,16
u2773108,11
u2773152,33
u2773260,65
u2773574,26
u2773666,15
u2773731,44
u2773849,10
u2773916,17
u2773970,47
u2774056,13
u2774279,16
u2774386,13
u2774811,16
u2774860,17
u2774861,10
u2774911,26
u2775181,11
u2775226,20
u2775239,32
u2775543,12
u277555,15
u2775621,26
u2775685,17
u2775802,19
u2775857,10
u2775890,17
u2775988,11
u2776174,15
u277623,39
u2776288,21
u2776298,28
u2776318,27
u2776360,13
u277665,15
u277683,11
u2777161,9
u2777258,9
u2777293,19
u2777342,12
u2777398,13
u2777622,7
u2777747,49
u2777771,10
u277790,38
u2777950,31
u2778035,25
u2778213,51
u2778219,24
u2778245,10
u2778253,42
u2778369,36
u2778428,26
u2778467,12
u2778469,11
u2778508,53
u2778512,11
u2778548,49
u2778565,15
u2778606,44
u2778623,12
u2778642,11
u2778731,10
u2778855,35
u2778902,18
u2778910,16
u2779002,20
u2779033,64
u2779072,18
u2779100,10
u2779135,12
u2779232,19
u2779252,40
u2779376,15
u2779497,9
u2779657,11
u2779681,20
u2779688,40
u2779783,10
u2779858,9
u2779868,13
u2779873,15
u2779942,20
u2779999,17
u2780103,14
u2780114,37
u2780148,21
u2780161,14
u2780189,9
u2780225,12
u2780264,29
u2780408,15
u2780482,32
u2780517,15
u2780601,10
u2780631,13
u2780683,14
u2780726,64
u2780761,17
u2780769,11
u2780809,14
u2780883,20
u278103,12
u2781172,7
u2781331,13
u2781334,23
u278135,12
u2781417,17
u2781498,32
u2781581,28
u2781706,9
u2781737,30
u2781799,18
u2781861,10
u2781869,26
u2782007,8
u2782023,22
u2782048,14
u2782089,20
u2782147,12
u2782156,14
u2782216,56
u2782477,13
u2782548,13
u2782822,11
u2782884,40
u2782956,25
u278302,10
u2783046,48
u2783200,30
u2783463,66
u2783484,10
u2783519,16
u2783539,20
u2783577,19
u2783614,66
u2783794,20
u2783808,37
u2783815,17
u2783862,34
u2784042,78
u2784044,12
u2784127,9
u2784293,21
u2784307,15
u2784532,34
u2784615,9
u2784626,14
u2784725,107
u2784882,17
u2784919,11
u2784958,12
u2784997,15
u2785005,57
u2785067,23
u2785154,9
u2785200,15
u2785277,41
u2785344,29
u2785374,12
u2785380,12
u278550,12
u2785522,9
u2785547,15
u2785656,17
u2785670,7
u2785686,22
u2785730,9
u2785736,17
u2785912,41
u2785965,26
u2786127,27
u278615,31
u2786268,39
u2786300,38
u2786415,13
u2786427,21
u2786431,29
u2786440,7
u2786486,11
u2786553,10
u2786594,12
u2786666,16
u2786714,9
u2786759,35
u2786908,18
u2787062,23
u2787350,28
u2787459,37
u2787931,19
u278795,21
u2788051,51
u2788070,11
u278808,16
u2788149,17
u2788169,26
u2788198,57
u2788317,19
u2788376,38
u2788390,35
u2788782,16
u2788797,18
u2788848,17
u2788886,11
u2788928,22
u2789035,9
u2789036,11
u2789078,11
u2789200,16
u2789242,46
u2789395,28
u2789461,36
u2789488,13
u2789615,22
u2790064,6
u2790168,67
u2790243,10
u2790266,9
u2790309,16
u2790310,31
u2790348,16
u2790435,15
u2790533,24
u2790541,56
u2790729,9
u2790798,16
u2790895,18
u2790981,16
u2790990,11
u2791063,40
u2791199,19
u2791322,15
u2791407,16
u2791459,16
u279146,14
u2791499,81
u2791520,14
u2791524,39
u2791572,30
u2791615,7
u2791744,22
u2791968,25
u2792141,27
u2792195,23
u2792453,75
u2792464,19
u2792584,42
u2792614,15
u2792799,12
u2792862,9
u2793013,12
u2793034,64
u2793064,16
u2793073,18
u2793093,39
u2793109,23
u2793135,9
u2793136,11
u2793168,17
u2793307,38
u2793326,30
u279343,26
u2793514,27
u2793527,8
u2793659,12
u2793729,13
u2793798,29
u279386,12
u2793875,8
u2794004,22
u2794177,61
u2794187,10
u2794191,21
u2794236,7
u2794279,20
u2794330,34
u2794343,36
u2794488,33
u2794489,38
u2794493,49
u2794495,21
u2794564,32
u2794942,19
u2795127,16
u2795249,39
u279531,9
u2795340,10
u2795472,11
u2795538,13
u2795604,29
u2795651,29
u2795876,23
u2795983,12
u2796013,58
u2796055,26
u2796090,43
u2796143,19
u2796313,35
u2796328,19
u2796454,11
u2796582,17
u2796632,36
u2796653,9
u2796688,10
u2796738,19
u2796747,18
u2796769,16
u2796800,15
u2796951,15
u2796958,8
u2797116,12
u2797158,10
u2797272,17
u2797445,18
u2797509,39
u2797537,46
u2797589,33
u2797752,15
u2797761,30
u2797814,27
u2797865,16
u2797911,16
u2797996,16
u2797999,18
u2798126,18
u2798213,17
u2798273,12
u2798314,12
u2798341,19
u2798378,37
u2798441,9
u2798552,12
u2798573,23
u2798582,134
u2798593,38
u2798675,15
u2798746,13
u2798753,60
u2798890,19
u2798895,13
u2798948,12
u2798985,14
u2799009,16
u279908,15
u2799130,28
u2799326,11
u2799385,26
u2799399,31
u2799402,11
u2799459,36
u2799504,19
u2799571,19
u2799640,12
u2799648,37
u279969,28
u2799690,25
u2799765,14
u2799778,52
u2799796,16
u2799800,10
u2799880,37
u2799963,13
u2800000,12
u2800084,8
u2800167,17
u2800278,21
u2800358,12
u2800361,10
u2800403,14
u2800594,16
u2800640,13
u2800728,14
u2800804,50
u2800848,18
u2800853,23
u2800981,11
u2801052,34
u2801102,23
u2801131,38
u2801163,21
u2801317,7
u2801341,14
u2801384,17
u2801502,34
u2801532,18
u2801540,25
u2801558,11
u2801569,9
u2801597,107
u2801618,42
u2801680,33
u2801932,19
u2801972,9
u2801997,8
u2802011,8
u2802239,15
u2802335,18
u2802375,23
u2802661,16
u2802665,7
u2802841,26
u2802898,11
u2802980,23
u2802991,15
u2803069,52
u2803264,13
u2803291,47
u2803390,9
u2803508,20
u2803512,20
u2803564,8
u2803659,14
u2803660,32
u2803681,16
u2803682,10
u2803805,91
u2803856,16
u2803903,10
u2803937,15
u2803990,29
u2804044,9
u2804078,10
u2804140,13
u2804169,6
u2804176,39
u2804205,22
u2804353,12
u2804372,39
u2804521,34
u2804636,20
u2804698,8
u2804714,11
u2804773,31
u2804796,11
u2804805,14
u2804885,14
u2804989,23
u2805011,77
u2805057,11
u2805158,28
u2805188,50
u2805208,120
u2805231,20
u2805245,40
u2805352,11
u2805470,41
u2805493,9
u2805541,97
u2805568,98
u2805589,28
u2805633,17
u2805728,14
u2805758,33
u2805803,21
u2805919,27
u2805957,22
u2806011,27
u2806028,46
u2806238,26
u2806265,47
u2806345,52
u2806448,18
u2806481,54
u2806490,27
u2806564,45
u2806618,20
u2806800,22
u2806890,12
u2806915,14
u2807004,30
u2807038,12
u2807247,13
u2807428,19
u2807460,45
u2807516,10
u2807588,21
u2807685,14
u2807687,19
u2807720,54
u2807725,13
u2807762,50
u2807789,10
u2807854,22
u2807855,17
u2807909,8
u2807918,16
u280797,20
u2808033,7
u2808326,14
u2808354,45
u2808384,25
u280849,29
u2808641,22
u280868,9
u2808693,9
u2808761,24
u2808839,8
u2808937,58
u2809093,16
u280911,37
u2809190,11
u2809192,14
u2809206,12
u2809224,17
u2809226,8
u2809289,12
u2809298,10
u2809329,47
u2809366,31
u2809381,6
u2809514,22
u2809543,11
u2809599,9
u2809656,23
u2809706,12
u2809753,11
u2809855,16
u2809864,57
u2809867,36
u2809873,52
u2809957,10
u2810030,23
u2810192,31
u2810459,10
u2810485,27
u2810515,97
u2810522,19
u2810702,38
u2810772,18
u2810831,17
u2810946,68
u2810951,18
u2810954,19
u2811000,9
u2811114,18
u2811192,16
u2811207,10
u2811306,10
u2811335,13
u2811353,11
u2811611,10
u2811637,17
u281166,10
u281178,24
u2811796,10
u2811805,9
u2811850,33
u2811950,9
u2811958,9
u281205,9
u2812091,12
u2812123,22
u2812184,30
u2812237,23
u2812260,19
u2812336,14
u2812373,24
u2812456,55
u2812464,18
u2812520,19
u2812717,16
u281289,11
u2812959,51
u2813028,12
u2813066,13
u2813173,11
u2813392,29
u2813458,13
u2813493,6
u2813616,20
u2813726,38
u2813803,7
u2813804,15
u2813862,10
u2814041,50
u2814069,6
u2814211,39
u2814396,17
u2814495,19
u2814673,7
u2814798,18
u2814826,16
u2814863,46
u2815016,43
u2815019,15
u2815130,14
u2815185,19
u281528,25
u2815367,11
u2815420,27
u2815428,12
u2815501,21
u2815521,54
u2815549,10
u2815882,11
u2815944,11
u2816038,24
u2816054,12
u2816090,11
u2816126,22
u2816143,20
u2816200,46
u2816600,41
u2816661,19
u2816697,14
u281674,17
u2816748,23
u2816762,21
u2816816,9
u2816883,10
u2816934,36
u2816963,17
u2816972,10
u2817058,16
u2817103,19
u2817154,7
u2817216,27
u2817437,16
u281745,9
u2817467,10
u2817497,8
u2817565,53
u2817570,15
u2817582,14
u2817630,33
u2817708,8
u2817722,29
u2817750,24
u2817781,28
u2817816,11
u281790,12
u2817950,17
u2818017,35
u2818260,40
u2818427,12
u2818442,23
u2818565,37
u2818628,13
u2818653,20
u2818680,17
u2818708,81
u2818757,18
u2818818,10
u2818833,33
u2818845,11
u2818854,12
u2818942,23
u2818964,30
u2819077,14
u2819106,7
u2819225,15
u2819290,158
u2819355,33
u2819375,15
u2819440,20
u2819482,41
u2819517,37
u2819544,61
u2819556,44
u281957,31
u2819574,17
u2819615,17
u2819765,31
u2819794,28
u2819869,29
u2819875,18
u2819876,39
u2819879,24
u2819885,11
u2819995,15
u2820026,12
u282010,14
u2820186,15
u2820200,13
u2820252,23
u2820261,39
u2820262,23
u2820378,9
u2820415,15
u2820431,12
u2820473,8
u2820503,12
u2820601,35
u2820603,7
u2820621,9
u2820656,8
u2820914,19
u2821033,19
u2821147,18
u2821171,10
u2821192,74
u2821193,36
u282129,14
u2821318,13
u2821371,7
u2821385,13
u2821466,18
u2821477,26
u2821529,18
u2821577,14
u2821706,40
u2821792,212
u2821924,15
u2821927,21
u2821963,11
u2822101,61
u2822123,7
u2822201,11
u2822272,15
u2822697,32
u282275,11
u2822965,37
u2822995,24
u2823001,23
u2823037,25
u2823064,16
u2823085,14
u2823089,19
u2823190,7
u2823280,6
u2823341,48
u2823444,12
u2823473,12
u2823538,12
u2823607,24
u2823632,33
u2823703,32
u2823715,12
u2823761,28
u2823913,14
u2823951,15
u2823993,54
u2824008,55
u2824056,38
u2824097,9
u2824108,11
u282422,15
u282424,15
u2824283,16
u282442,12
u2824428,16
u2824438,10
u282451,14
u2824583,12
u2824678,10
u2824688,13
u2824713,15
u2824942,50
u2825125,10
u2825168,10
u2825549,17
u2825779,29
u2825967,36
u2825995,13
u2826388,15
u2826487,31
u2826590,10
u2826700,31
u2826769,27
u2826942,42
u2827230,13
u2827239,34
u2827268,52
u2827361,16
u2827443,30
u2827502,17
u2827516,9
u2827604,10
u2827612,19
u2827617,12
u2827851,13
u2827871,21
u2827907,25
u2828093,28
u2828104,38
u2828183,14
u2828345,10
u2828348,24
u2828471,25
u2828605,40
u2828674,92
u2828686,15
u2828748,13
u2828819,9
u2828880,28
u2828918,13
u2828922,46
u2829089,8
u2829164,13
u2829176,28
u2829312,14
u2829339,38
u2829478,52
u2829531,11
u2829614,34
u2829630,35
u2829717,20
u2829761,33
u2829776,6
u282978,25
u2829907,50
u2830277,13
u2830339,10
u2830424,14
u2830485,12
u2830493,16
u2830519,30
u283053,12
u2830736,46
u2830758,16
u2830789,52
u2830794,23
u2830876,20
u2830889,42
u2830954,38
u283105,21
u2831172,28
u2831188,15
u2831228,16
u2831432,10
u2831465,7
u2831488,30
u2831545,18
u2831648,13
u2831691,11
u2831749,57
u2831750,11
u2831812,21
u2831841,26
u2831882,14
u283190,10
u2831985,20
u2832113,21
u2832130,9
u2832182,23
u2832267,14
u2832303,30
u2832363,68
u2832475,14
u2832644,31
u2832794,11
u2832802,26
u2832856,17
u2832977,15
u2833035,10
u2833218,28
u2833251,22
u2833309,32
u2833387,11
u2833534,18
u2833604,51
u2833685,14
u2833783,9
u2833815,40
u2833915,14
u2833954,12
u2833994,39
u2834050,55
u2834066,9
u2834169,12
u2834239,26
u2834297,8
u2834300,20
u2834318,61
u2834427,15
u2834478,52
u2834515,9
u2834524,19
u2834557,17
u2834576,14
u2834664,10
u2834684,18
u2834754,18
u2834755,51
u2834828,9
u2834990,12
u2834992,67
u2835035,67
u2835050,14
u2835271,13
u2835388,7
u2835422,37
u2835480,16
u2835601,21
u2835626,21
u2835848,23
u2835898,12
u2835905,11
u2835931,14
u2836006,14
u283612,14
u2836154,17
u2836303,39
u2836770,12
u2836827,15
u2836969,12
u2837052,28
u2837057,21
u2837235,21
u2837241,38
u2837251,15
u2837367,37
u2837394,10
u2837487,58
u2837490,9
u283753,20
u2837544,26
u2837731,14
u2837763,39
u2837822,15
u2837852,71
u2837873,21
u2837905,19
u2837916,44
u2837978,10
u2838196,17
u2838335,11
u2838349,61
u2838603,16
u2838679,13
u2838687,20
u2838694,10
u2838892,13
u2838896,11
u2838966,18
u2839079,18
u2839113,17
u2839250,11
u2839268,15
u2839484,14
u2839520,19
u2839529,15
u2839542,33
u2839552,19
u2839753,24
u2839792,33
u2839903,19
u2839908,13
u2840018,26
u2840021,21
u2840023,15
u2840050,91
u284006,7
u2840071,14
u2840241,28
u2840505,96
u2840591,23
u2840600,12
u2840674,18
u2840714,17
u2840811,20
u2840842,7
u2840849,21
u2840876,16
u2840912,18
u2840947,29
u2840952,21
u2840996,33
u2841252,15
u2841415,13
u2841496,18
u2841512,10
u2841593,18
u2841598,27
u2841604,12
u2841686,16
u284171,13
u2841759,15
u2841765,18
u2841775,33
u2841847,28
u2841982,71
u284203,20
u2842034,30
u2842039,9
u2842102,12
u2842187,7
u2842223,20
u2842384,34
u2842402,13
u2842505,9
u2842600,26
u284261,12
u2842635,64
u2842653,18
u2842702,18
u284283,19
u2842945,34
u2842954,19
u2842958,18
u2842986,59
u2842994,12
u2843095,9
u2843120,25
u2843262,22
u284327,34
u2843444,13
u2843482,25
u2843638,11
u2843640,19
u2843871,8
u2843898,111
u2843930,10
u284399,18
u2844026,21
u2844072,50
u2844213,30
u2844263,8
u2844366,13
u2844630,16
u2844663,152
u2844720,43
u2844770,16
u2844796,21
u284525,12
u2845345,9
u2845505,18
u2845693,34
u2845698,19
u2845784,10
u2845912,17
u2845917,12
u2845978,10
u2846042,19
u2846071,14
u2846342,19
u2846355,10
u2846388,23
u284643,32
u2846663,19
u2846779,43
u2846805,54
u2846998,11
u2847665,10
u2847671,12
u2847751,31
u2847913,16
u2847919,22
u284794,54
u2848122,35
u2848154,9
u2848162,24
u2848344,15
u2848383,20
u2848426,16
u2848650,20
u2848761,15
u2848783,50
u2848785,36
u2848867,18
u2848967,9
u2849019,30
u2849058,32
u284906,33
u2849063,30
u2849186,14
u2849216,11
u2849322,15
u2849337,11
u2849347,10
u2849423,11
u2849506,9
u2849539,59
u2849676,12
u2849721,23
u2849745,13
u2849750,25
u2849827,56
u2849885,18
u2849915,13
u2850188,12
u2850336,9
u2850347,42
u2850382,8
u2850583,13
u2850613,17
u2850643,17
u2850855,39
u2850884,12
u2850979,13
u2851087,19
u2851198,18
u2851352,36
u2851392,20
u2851508,11
u2851578,66
u2851605,12
u2851627,11
u2851698,17
u2851722,10
u2851777,22
u285190,8
u2852066,25
u2852146,24
u2852262,18
u2852332,9
u2852339,14
u2852346,10
u2852355,10
u2852444,12
u2852624,12
u2852668,29
u2852911,22
u2852932,33
u2852953,28
u2852979,19
u2852982,27
u2853236,49
u2853332,18
u285336,16
u2853421,12
u2853587,11
u2853633,19
u2853642,10
u2853745,9
u2853754,12
u2853809,19
u2853869,7
u2853877,25
u2853959,18
u2854098,11
u2854352,7
u2854463,13
u2854523,119
u285459,13
u2854633,16
u2854720,15
u2854919,24
u2854950,62
u2854953,24
u285521,15
u2855509,15
u2855559,6
u2855565,42
u2855567,108
u2855996,12
u2856349,10
u285635,40
u285730,9
u2857316,11
u2857342,21
u2857391,50
u2857531,11
u2857627,16
u2857860,16
u2858025,11
u2858032,13
u2858080,10
u2858096,18
u2858237,26
u2858264,40
u2858698,9
u2858920,11
u2859077,16
u2859100,12
u2859459,17
u2859510,9
u2859554,19
u2859705,53
u2859773,17
u2859792,18
u2859890,30
u2860052,17
u2860069,15
u2860088,10
u2860267,13
u2860407,13
u2860445,13
u2860451,22
u2860456,16
u2860475,18
u2860519,28
u2860565,15
u2860572,20
u2860587,19
u286059,8
u2860638,13
u2860650,73
u2860765,13
u2860972,13
u286113,22
u2861311,55
u2861419,23
u2861606,11
u2861728,10
u2861847,21
u2861906,8
u2861993,11
u2862028,14
u2862047,14
u2862155,34
u2862172,14
u2862380,16
u2862489,24
u286305,12
u2863727,12
u286375,16
u2864039,29
u2864192,9
u2864266,13
u2864293,21
u286434,13
u2864468,26
u2864619,9
u2864637,25
u2864654,9
u2864725,12
u2864776,14
u2864893,14
u2864902,9
u2865004,16
u2865007,10
u2865064,13
u2865085,12
u2865236,11
u2865300,16
u2865365,8
u2865427,36
u2865585,33
u2865870,7
u2865892,15
u2865910,10
u2865925,10
u2866138,20
u2866212,6
u2866265,18
u2866368,8
u2866640,15
u2866695,17
u2866697,69
u2866781,8
u2866785,28
u2866832,20
u2867060,11
u2867975,42
u2867997,10
u2868237,13
u2868265,9
u2868315,8
u2868999,13
u286913,14
u2869288,50
u286932,8
u2869505,11
u2869549,17
u2869717,13
u2869744,58
u2869812,72
u2869901,12
u2870240,23
u2870521,47
u2870663,34
u287077,7
u2870812,20
u2870954,7
u2871012,16
u2871071,56
u287112,30
u2871492,19
u2871503,10
u2871504,10
u2871508,23
u2871514,40
u2871623,10
u2871691,29
u2871735,6
u2871757,36
u2871766,19
u2871834,8
u2871861,14
u2871870,14
u2871887,13
u2872044,9
u2872055,8
u2872085,35
u2872090,17
u2872249,57
u2872277,8
u28724,10
u2872444,22
u2872537,20
u287278,9
u287287,43
u2873011,9
u2873406,10
u2873407,29
u2873470,16
u2873592,84
u2873650,46
u2873742,13
u2873762,21
u2873952,31
u2874476,12
u2874736,11
u2874890,11
u2874921,8
u2875283,39
u2875312,11
u2875351,20
u2875419,83
u287548,19
u2875521,7
u2875596,27
u2875733,11
u2875769,23
u2875775,22
u2875886,21
u2875962,7
u2875983,14
u2876012,24
u2876038,13
u2876177,13
u2876291,10
u2876435,13
u2876657,15
u2876658,7
u2876678,35
u2876761,24
u2876933,8
u2877015,27
u2877037,8
u2877057,9
u2877070,11
u2877096,7
u2877110,18
u2877215,11
u2877234,29
u2877408,21
u2877413,12
u2877428,13
u2877450,30
u2877491,47
u2877541,12
u2878019,12
u2878049,10
u2878237,45
u2878246,8
u287827,22
u2878357,9
u2878490,23
u2878506,19
u2878615,6
u2878711,24
u2878732,24
u2878799,10
u2878815,28
u2878927,15
u2878930,13
u2879043,24
u2879062,25
u2879131,21
u2879250,62
u2879330,11
u2879380,11
u2879384,38
u2879429,19
u2879464,128
u2879658,14
u2879738,12
u2879815,13
u2879920,29
u2879962,15
u2880079,20
u2880160,15
u2880192,17
u2880230,11
u2880239,10
u2880436,19
u2880443,9
u2880523,9
u2880558,8
u2880565,11
u2880566,13
u2880572,35
u2880617,15
u2880668,8
u2880692,10
u2880775,9
u2880802,14
u2880954,10
u2881081,13
u2881152,21
u2881191,11
u2881209,35
u2881237,21
u2881251,17
u2881323,8
u2881392,13
u2881402,13
u2881475,9
u2881550,57
u2881554,15
u2881572,11
u2881573,13
u288158,11
u2881656,14
u2881729,70
u2881738,19
u288190,10
u2881901,12
u2881908,14
u2881912,9
u2881964,9
u2882023,9
u2882090,49
u2882118,15
u2882137,8
u2882260,15
u2882311,30
u2882379,18
u2882381,16
u2882411,28
u2882461,23
u2882506,14
u2882547,10
u2882687,25
u2882832,40
u2882956,16
u2883182,17
u2883408,35
u2883424,18
u2883472,44
u288348,12
u2883573,11
u2883632,9
u2883773,12
u28838,9
u288382,29
u2883889,36
u2884001,38
u2884077,25
u2884131,33
u2884148,8
u2884169,38
u2884212,18
u2884265,13
u2884271,18
u2884327,23
u2884543,21
u2885030,8
u2885512,10
u2885560,16
u2885960,26
u2886057,7
u2886177,27
u2886184,16
u2886323,10
u2886369,18
u2886479,27
u2886507,26
u2886691,30
u2887009,21
u2887056,8
u2887348,14
u2887609,12
u2887799,66
u2887870,22
u2887904,16
u2887976,11
u2887998,12
u2888115,33
u2888195,14
u2888286,9
u2888521,55
u2888637,8
u2888764,11
u2888768,56
u2888779,17
u2888862,26
u2888879,61
u2888908,14
u2888934,17
u2888935,13
u2888944,13
u2889049,65
u2889061,19
u2889109,12
u2889145,10
u2889165,16
u2889189,65
u2889272,18
u2889302,17
u2889313,48
u2889413,33
u2889594,45
u2889596,11
u2889600,52
u2889751,17
u2889760,15
u2889845,29
u2889974,21
u2890005,16
u2890067,10
u2890090,21
u2890125,19
u2890165,19
u2890243,9
u2890318,29
u2890372,11
u2890414,26
u2890453,25
u2890484,10
u2890504,24
u2890550,11
u2890557,16
u2890890,19
u2890947,34
u2891180,18
u2891305,15
u289156,12
u2891911,35
u2891923,18
u2891995,12
u2892103,56
u2892108,36
u2892113,15
u2892167,13
u2892209,21
u2892316,58
u2892399,16
u2892400,17
u2892420,48
u289254,27
u2892875,16
u2892916,26
u2892931,13
u2892966,7
u2893033,26
u289308,13
u2893080,6
u2893128,27
u2893197,19
u2893242,10
u2893328,43
u2893434,27
u2893435,15
u2893444,11
u2893483,18
u2893564,16
u2893647,10
u2893759,108
u2893882,9
u2893933,14
u2893942,62
u2893962,22
u2893995,13
u2894004,11
u2894009,22
u2894178,60
u2894268,17
u2894523,80
u2894577,22
u2894604,12
u2894615,18
u2894624,20
u2894684,10
u2894830,11
u2894885,11
u2895042,8
u2895178,14
u2895239,10
u2895291,16
u2895453,34
u2895496,6
u2895693,26
u2895703,13
u2895793,19
u2895796,8
u2895970,12
u2896178,18
u2896211,14
u2896374,52
u2896377,10
u2896424,8
u2896462,26
u2896605,7
u289677,12
u2896790,20
u2896848,22
u2896863,46
u2896948,32
u2897093,8
u2897099,18
u2897111,21
u2897149,13
u2897177,36
u289734,12
u2897396,25
u2897535,8
u2897567,18
u2897570,72
u2897655,124
u2897697,15
u2897741,18
u2897783,13
u2897792,10
u2898065,26
u2898093,20
u2898153,18
u2898183,14
u289823,12
u2898260,16
u2898425,21
u2898471,40
u2898482,49
u2898836,20
u2898875,11
u2898939,53
u2898979,15
u2898981,66
u2898989,43
u2898991,10
u2898995,15
u2899003,9
u2899024,26
u2899065,27
u2899095,12
u2899103,11
u2899167,8
u2899175,11
u2899203,85
u2899232,33
u2899247,19
u2899284,30
u2899343,16
u2899402,9
u289950,31
u2899516,37
u2899572,24
u2899618,16
u2899637,25
u2899699,43
u2899724,21
u2899784,13
u2899843,13
u2899862,27
u2899953,11
u289996,11
u2900474,24
u2900535,8
u2900662,88
u2900757,47
u2900758,34
u2900832,27
u2900857,129
u2900927,14
u2901030,17
u2901173,25
u2901317,49
u2901497,38
u2901532,29
u2901576,13
u2901709,13
u2901845,31
u2901866,12
u2901870,15
u2901887,9
u2901888,33
u2901935,52
u2901976,17
u2901981,14
u2901982,22
u2901985,31
u2902098,15
u2902105,14
u2902187,35
u2902226,23
u2902338,15
u2902345,26
u2902362,18
u290250,9
u2902561,20
u2902683,15
u2902772,18
u2903209,14
u2903237,30
u2903265,13
u2903317,8
u2903459,27
u2903543,17
u2903570,30
u2903604,23
u2903684,11
u2903756,33
u2903889,20
u2903900,11
u2903918,14
u2903971,22
u290403,18
u2904048,9
u2904221,17
u2904336,90
u2904396,15
u2904415,11
u2904500,28
u2904663,16
u2904726,24
u2904884,22
u2904915,12
u2905012,39
u2905070,31
u2905163,43
u2905325,15
u2905424,12
u2905733,35
u2905745,17
u2905757,14
u2905821,34
u2905926,35
u2905982,10
u2906068,17
u2906209,10
u2906254,17
u2906607,27
u2906631,58
u2906790,12
u2906912,17
u2907096,10
u2907138,6
u2907184,9
u2907203,8
u2907229,7
u2907272,47
u2907492,11
u2907557,10
u2907746,19
u2907748,7
u2907755,12
u2907825,13
u2907923,18
u2907939,9
u2907999,48
u2908075,17
u2908085,45
u2908129,15
u2908208,13
u2908392,11
u2908528,14
u2909094,12
u2909227,15
u2909318,9
u2909392,14
u2909411,27
u2909418,21
u2909471,48
u2909474,10
u2909483,32
u290951,19
u2909627,28
u2909632,8
u2909652,19
u2909850,23
u2909896,9
u2909928,11
u2909953,28
u2909967,10
u2909984,33
u2910015,32
u2910061,16
u2910211,22
u2910283,12
u2910284,8
u2910403,13
u2910521,44
u2910548,10
u2910556,25
u2910628,9
u2910717,24
u2910740,24
u2910753,18
u2910797,9
u2910833,10
u2910853,80
u2910953,28
u2911000,28
u2911012,15
u2911161,19
u2911336,50
u2911515,13
u2911521,11
u2911632,15
u2911670,14
u2911875,9
u2912045,31
u2912061,16
u2912072,8
u2912207,39
u2912217,24
u2912348,38
u2912380,9
u2912691,11
u2912861,15
u2912929,9
u2912956,37
u2913050,52
u2913065,14
u2913136,10
u2913184,45
u2913185,14
u291323,20
u2913343,41
u2913385,20
u2913402,10
u2913492,32
u2913563,12
u291359,11
u2913609,7
u2913885,10
u2913906,8
u2913921,26
u2913943,17
u2914043,77
u2914064,19
u2914151,10
u2914215,10
u2914274,13
u2914494,9
u2914512,8
u2914601,18
u2914631,87
u291464,26
u2914777,21
u2914841,19
u2914970,26
u2914981,53
u2915161,39
u2915312,23
u291545,15
u2915499,8
u2915725,44
u2915765,17
u2915879,10
u2915912,17
u2915922,27
u2915988,34
u2916013,33
u2916045,17
u2916141,10
u2916152,18
u291616,6
u2916162,14
u2916220,39
u2916240,109
u2916244,40
u2916328,9
u2916436,17
u2916493,21
u2916513,134
u2916577,11
u2916617,61
u2916661,15
u2916811,11
u2916885,22
u2916951,16
u2916953,22
u2917003,15
u2917086,19
u2917472,14
u2917569,11
u2917577,11
u2917603,32
u2917767,14
u2917795,20
u2917809,11
u2917882,14
u2918165,15
u2918174,20
u2918239,9
u2918640,43
u2918708,14
u2918743,15
u2918782,11
u2918783,15
u2918859,56
u2918975,7
u2918985,37
u2919057,32
u2919107,27
u291911,25
u2919125,9
u2919140,14
u2919186,11
u2919373,8
u2919403,25
u2919479,39
u2919495,14
u2919501,9
u2919530,17
u2919541,11
u2919591,54
u2919593,31
u2919629,21
u2919640,34
u2919680,8
u2919821,12
u2919849,20
u2919851,12
u2919859,10
u2919937,35
u2919988,52
u2920050,78
u2920072,10
u2920098,14
u2920202,13
u2920304,24
u2920436,9
u292044,8
u2920448,28
u2920477,25
u2920590,8
u2920664,19
u2920684,11
u2920697,7
u2920755,14
u2920767,160
u2920802,78
u2920815,10
u2920868,8
u2921174,65
u2921198,12
u2921248,10
u2921301,17
u2921373,9
u292149,15
u2921509,72
u2921524,9
u2921611,27
u292164,20
u2921722,41
u2921856,10
u2922009,16
u2922021,23
u2922229,26
u2922260,18
u2922359,22
u2922429,17
u2922458,18
u2922579,19
u2922588,6
u2922839,9
u2922860,13
u2922893,10
u2922919,12
u2922949,29
u2923172,23
u292325,10
u2923258,33
u2923272,17
u2923290,10
u2923394,18
u2923411,28
u292346,14
u2923608,43
u2923883,9
u2923890,17
u2923990,8
u2924011,8
u2924063,24
u2924219,13
u2924286,10
u2924365,13
u2924375,60
u2924403,11
u2924555,26
u2924608,30
u2924623,19
u2924706,34
u2924710,22
u2924806,36
u2924865,14
u2924900,40
u2924913,13
u2924917,8
u2924922,29
u2924965,13
u2925069,23
u2925096,11
u292522,13
u2925296,21
u2925346,16
u2925365,9
u2925374,10
u2925384,55
u2925398,14
u2925511,15
u2925698,15
u2925709,31
u2925754,32
u2925778,12
u2925958,9
u2926058,27
u292623,8
u2926432,12
u2926458,25
u2926475,14
u2926631,19
u2926678,14
u2926779,7
u2926851,53
u2927002,31
u2927102,26
u292711,33
u2927225,86
u2927242,26
u2927269,21
u2927276,33
u2927278,15
u2927328,8
u2927385,10
u2927396,15
u2927464,8
u2927565,24
u2927598,28
u2927604,25
u2927608,34
u2927643,12
u2927696,12
u2927724,42
u2927725,25
u2927741,11
u2927858,14
u2928071,37
u2928097,19
u2928177,12
u2928217,23
u2928280,27
u2928321,13
u2928451,17
u2928523,13
u2928607,13
u2928681,15
u2928757,10
u2928778,36
u2928792,17
u2928974,14
u2929024,19
u2929035,13
u2929065,12
u2929153,10
u2929291,49
u2929347,45
u2929471,48
u2929505,11
u2929512,15
u2929632,8
u292971,13
u2929824,15
u2929831,21
u2929837,18
u2929885,26
u2929905,14
u2929966,29
u2929998,17
u2930072,9
u2930078,9
u2930087,11
u2930198,13
u2930312,17
u2930380,21
u2930447,31
u2930479,11
u293053,16
u2930542,7
u2930587,16
u2930663,26
u2930678,19
u2930765,32
u2930808,23
u2930847,13
u2931031,60
u2931057,9
u2931118,16
u2931142,22
u2931217,14
u2931219,46
u2931308,13
u2931340,19
u293140,11
u2931425,16
u2931452,11
u2931464,44
u2931468,18
u2931482,49
u2931571,12
u2931575,7
u2931877,35
u2931923,43
u2932058,27
u2932093,33
u2932175,22
u2932182,19
u2932232,44
u2932374,31
u2932378,26
u2932530,25
u2932577,11
u2932675,10
u2932698,56
u2932722,32
u293274,14
u2932816,34
u2932860,13
u2932933,38
u2932935,9
u2933040,10
u2933052,11
u2933069,17
u2933111,49
u2933147,36
u2933158,9
u2933165,7
u2933190,12
u2933200,11
u2933228,21
u2933334,67
u2933364,9
u2933398,13
u2933532,30
u2933604,15
u2933726,16
u2933748,12
u2933833,17
u2933951,24
u2934060,24
u2934118,8
u2934208,20
u293421,7
u2934242,16
u2934573,16
u2934592,13
u2934635,15
u2934645,24
u2934889,11
u2935021,10
u2935056,13
u2935103,92
u2935268,21
u2935344,20
u2935360,16
u2935582,25
u2935596,17
u2935640,29
u2935648,10
u2935701,25
u2935849,39
u2935853,16
u2935857,12
u2935891,11
u2935993,15
u2936047,11
u2936134,15
u2936156,12
u2936207,8
u2936277,13
u2936294,35
u2936328,31
u2936462,8
u2936493,85
u2936553,8
u2936568,32
u2936601,30
u293663,18
u2936840,22
u293689,13
u2936974,24
u2936980,15
u2937011,15
u2937067,19
u2937090,33
u2937138,17
u293718,11
u2937224,12
u2937235,13
u293743,7
u2937618,27
u2937627,25
u2937628,13
u2937638,22
u2937722,11
u2937789,10
u2937808,14
u2937899,11
u2937993,31
u2938078,36
u2938162,30
u2938240,19
u2938319,80
u2938378,20
u2938669,13
u2938686,57
u2938708,10
u2938718,37
u2938738,15
u2938749,41
u293891,8
u2939004,16
u2939013,79
u2939174,11
u2939381,25
u2939418,55
u2939433,37
u2939443,9
u2939478,13
u2939736,10
u2939769,15
u2939801,32
u2939917,36
u2940035,9
u2940252,29
u2940279,24
u2940299,6
u2940335,33
u2940371,15
u2940424,10
u2940488,37
u2940498,42
u2940575,17
u2940657,19
u2940708,13
u294081,14
u2940840,55
u294091,12
u2940924,17
u2940971,13
u2941186,7
u2941203,17
u2941272,51
u2941297,12
u2941363,77
u294143,10
u2941520,18
u2941628,12
u2941631,40
u2941648,11
u2941658,9
u2941661,15
u2941821,21
u2941860,31
u2941878,21
u2941901,8
u2941994,13
u2942065,9
u2942132,13
u2942421,11
u2942424,41
u2942443,9
u2942466,28
u2942605,13
u2942693,7
u2942881,21
u2943275,7
u2943376,9
u2943382,9
u2943542,8
u2943548,30
u2943615,9
u2943779,13
u2943859,28
u2943891,10
u2944019,15
u2944028,13
u2944045,14
u2944165,9
u2944205,20
u2944209,7
u2944259,11
u2944317,22
u2944357,41
u2944363,28
u2944399,14
u2944861,12
u2944878,11
u2945182,13
u2945193,9
u2945275,11
u2945340,10
u2945450,35
u2945529,18
u2945554,28
u2945578,16
u2945580,25
u294563,15
u2945635,37
u2945700,8
u294581,28
u2946658,18
u2946728,31
u2946780,11
u2946996,23
u2947005,13
u2947077,15
u2947283,15
u2947366,21
u2947367,12
u2947438,41
u2947463,19
u2947531,20
u2947556,8
u2947565,12
u2947616,37
u2947633,10
u2947667,33
u2948018,56
u2948110,9
u2948177,20
u2948305,14
u2948505,51
u2948636,11
u2948649,32
u2948664,28
u2948667,37
u2948850,36
u2948879,15
u2948927,32
u2949263,15
u2949274,12
u294932,27
u2949342,8
u2949348,8
u2949410,19
u2949486,58
u2949513,43
u2949569,10
u2949649,11
u294965,13
u29498,9
u2950015,13
u2950025,27
u2950146,16
u2950285,19
u2950320,17
u2950334,18
u2950460,19
u2950648,11
u2950681,12
u2950683,7
u2950705,22
u2950748,11
u2950837,41
u2950911,38
u2951040,16
u2951087,15
u2951089,15
u2951110,26
u2951155,34
u2951177,19
u2951603,11
u2951688,42
u2951709,7
u2952085,9
u295227,63
u2952323,29
u2952344,17
u2952466,18
u2952541,22
u2952684,75
u2952719,18
u2952776,17
u2952844,17
u2953143,10
u2953161,101
u2953170,8
u2953193,51
u2953231,10
u2953428,10
u2953636,18
u2953674,43
u2953690,34
u2953822,11
u2953859,13
u2953963,26
u2953985,28
u2954003,42
u295406,24
u2954143,12
u2954507,7
u2954518,10
u2954588,29
u2954624,9
u2954635,17
u2954841,16
u2954912,10
u2954949,26
u2955086,20
u2955087,15
u2955151,60
u2955245,25
u2955338,76
u2955367,15
u2955376,13
u2955393,13
u2955402,20
u2955555,8
u2955605,17
u2955679,14
u2955687,13
u2955740,32
u2955751,8
u2955817,11
u2955844,14
u2955898,6
u2955908,19
u2956047,11
u2956065,11
u2956106,21
u2956142,7
u2956333,10
u2956572,45
u2956671,10
u2956717,19
u2956731,10
u2956816,34
u2956876,25
u2956964,17
u2956972,13
u2957026,37
u2957070,19
u2957098,27
u2957102,19
u2957212,11
u2957356,19
u2957358,24
u2957501,27
u2957514,10
u2957553,14
u2957580,13
u2957856,12
u2957887,11
u2957931,15
u2958086,18
u2958099,14
u2958196,17
u2958249,25
u2958354,10
u2958403,13
u2958559,20
u2958599,23
u2958631,22
u2958754,15
u2958758,71
u2958828,12
u2958846,100
u2959023,68
u2959028,38
u2959099,13
u2959134,16
u2959207,31
u2959260,18
u295933,42
u2959462,15
u2959496,24
u2959577,14
u2959626,15
u2959627,51
u2959657,30
u2959699,19
u2959708,7
u2959720,21
u2959741,8
u2959761,17
u2959771,39
u2959880,17
u2959987,18
u2960070,23
u2960090,99
u2960136,20
u2960138,31
u2960207,16
u2960339,7
u2960400,97
u2960471,9
u2960539,25
u2960619,45
u2960781,14
u2960901,114
u2961020,50
u2961280,23
u296131,15
u2961335,12
u2961369,23
u2961526,11
u2961573,19
u2961644,15
u2961827,27
u2961867,18
u2961937,21
u2962010,15
u2962218,12
u2962317,14
u2962333,22
u2962337,20
u2962716,42
u2962727,43
u2962858,14
u2962957,8
u2963005,73
u2963136,73
u2963175,12
u2963186,15
u2963226,10
u2963288,33
u2963341,12
u2963534,38
u2963633,19
u2963640,8
u2963641,37
u2963857,38
u2963893,61
u2964120,16
u2964179,8
u2964301,23
u2964319,72
u2964330,11
u2964334,11
u2964388,68
u2964490,21
u2964928,11
u2964972,23
u2965072,20
u2965078,13
u2965130,27
u2965135,20
u2965140,12
u2965230,82
u2965477,14
u2965485,7
u2965635,28
u2965692,11
u2965807,48
u2965839,15
u2965963,11
u2966079,30
u296618,17
u296619,13
u296638,16
u2966442,19
u2966684,11
u2966817,28
u2966882,13
u2966977,20
u2967009,11
u2967017,15
u2967029,10
u2967139,66
u2967151,17
u2967164,22
u2967348,17
u2967430,9
u2967474,12
u2967503,13
u2967519,65
u2967520,31
u2967525,16
u2967642,15
u2967648,47
u2967776,19
u2967877,17
u2967891,144
u2967955,27
u2967979,56
u2968034,13
u2968039,20
u2968160,30
u2968326,18
u2968528,13
u2968588,33
u2968612,12
u2968648,12
u2968769,23
u2968964,12
u2968999,16
u2969114,16
u2969142,12
u2969184,12
u2969249,61
u2969438,11
u2969558,11
u2969894,50
u2969918,12
u2969949,25
u2969950,73
u2970031,21
u2970154,88
u2970233,20
u2970320,15
u2970331,7
u2970426,7
u2970564,24
u2970608,16
u2970641,135
u2970672,32
u2970722,24
u2970858,14
u2970926,17
u2970990,26
u2971036,23
u2971068,16
u2971103,70
u2971430,11
u2971669,38
u2971767,12
u2971802,13
u2971886,20
u2971899,9
u2971913,19
u2971920,14
u2972125,40
u2972150,23
u2972177,18
u2972237,45
u2972247,18
u2972269,19
u2972327,36
u2972342,11
u2972573,22
u2972766,50
u2972773,58
u2972790,18
u2972870,21
u2972879,13
u2972915,14
u2972997,11
u2973029,27
u2973090,10
u2973198,22
u297324,21
u297329,16
u2973394,49
u2973431,14
u2973864,26
u2973892,21
u2974004,46
u2974426,10
u2974586,16
u2974599,32
u2974610,10
u2974834,35
u2974855,14
u2974856,16
u2975021,8
u2975054,15
u2975185,10
u2975187,19
u2975271,9
u2975323,12
u2975336,46
u2975464,21
u2975491,20
u2975542,22
u2975695,11
u2975965,14
u2976154,25
u2976299,11
u2976314,23
u2976454,10
u2976516,9
u2976622,70
u2976693,40
u2976726,6
u2976871,13
u2976944,13
u2977032,12
u2977057,7
u2977090,7
u2977153,52
u2977279,44
u2977436,34
u2977549,21
u2977616,11
u2977720,17
u2977781,11
u2977987,19
u2978003,14
u2978005,8
u2978140,52
u2978186,28
u2978224,21
u2978253,28
u2978263,25
u2978293,16
u2978474,12
u2978556,14
u2978728,33
u2978820,27
u2978853,12
u2978945,12
u2979135,86
u2979182,58
u2979413,13
u2979504,34
u2979514,14
u2979600,23
u2979631,42
u2979743,33
u2979900,21
u2979935,15
u2980179,41
u2980202,50
u2980244,40
u2980302,19
u2980367,19
u2980414,12
u298043,11
u2980440,12
u2980505,15
u2980513,32
u2980702,34
u2980704,11
u2980771,11
u2981148,40
u2981215,14
u2981247,18
u2981251,12
u2981453,14
u2981588,57
u2981599,10
u2981639,10
u2981655,14
u2981674,12
u2981676,27
u2981818,37
u2981855,10
u2981917,15
u2982036,13
u2982103,22
u2982124,14
u2982143,47
u2982304,15
u2982318,14
u2982549,12
u2982569,18
u2982577,17
u2982953,13
u2982966,19
u2983040,7
u2983158,14
u2983302,21
u2983332,42
u2983423,7
u2983632,12
u2983705,12
u2983727,15
u298385,12
u2983889,14
u2983949,55
u2984049,12
u2984101,43
u2984183,13
u2984259,10
u2984389,15
u298446,16
u2984521,39
u298463,10
u2984763,11
u2984832,14
u2984880,31
u2985057,13
u2985087,20
u2985234,14
u2985286,51
u2985338,8
u2985915,20
u2985935,11
u2985939,22
u2986015,30
u2986283,39
u298631,9
u2986321,16
u2986397,12
u2986420,47
u2986481,13
u2986605,16
u2986667,17
u2986682,54
u2986693,15
u2986749,9
u2986842,19
u2986880,8
u2986910,20
u2986919,18
u2986967,44
u2987010,10
u2987054,18
u2987087,16
u2987127,11
u2987154,28
u2987169,9
u2987197,6
u2987299,11
u2987415,18
u2987485,24
u2987537,47
u2987616,15
u2987703,16
u2987854,28
u2987910,9
u2987926,22
u2987978,17
u2988013,17
u2988161,79
u2988357,28
u2988587,19
u2988633,10
u2988768,34
u2988851,31
u2988909,11
u2988923,25
u2989007,10
u2989037,16
u2989054,18
u2989058,19
u2989617,16
u299012,12
u2990619,9
u2990679,22
u2990725,33
u2990731,8
u2991328,9
u2991448,19
u2991599,17
u2991724,27
u2991866,14
u2991931,35
u2992000,19
u2992183,25
u2992241,14
u2992382,52
u2992388,26
u2992433,18
u2992467,17
u2992715,21
u2992717,14
u2992775,14
u2992882,18
u2992932,10
u2992993,8
u2993012,35
u2993209,15
u299326,8
u2993263,9
u2993283,23
u2993409,21
u2993451,10
u2993474,17
u299348,25
u2993704,7
u2993761,11
u2993819,49
u2993824,14
u2993959,10
u2993967,30
u2994075,18
u2994169,7
u2994206,65
u2994371,52
u2994387,10
u2994406,12
u2994455,43
u2994460,17
u2994466,46
u2994489,12
u2994513,16
u2994535,32
u2994598,10
u2994635,11
u299464,10
u2994722,9
u2994887,9
u2995130,20
u2995183,14
u2995286,15
u2995309,19
u2995335,10
u2995345,9
u2995690,25
u2995871,17
u2995951,17
u2996006,56
u2996176,48
u2996231,81
u2996278,17
u2996295,50
u2996341,35
u2996372,10
u2996407,20
u2996453,25
u2996501,21
u2996541,10
u2996561,11
u2996572,10
u2996576,22
u299660,21
u2996630,13
u2996648,76
u2996663,30
u2996704,31
u2996746,12
u2996766,12
u2996785,51
u2996844,38
u2996863,23
u299687,10
u2996993,64
u2997086,12
u2997113,39
u2997139,12
u2997160,21
u2997248,19
u2997319,11
u2997321,38
u2997372,13
u299744,8
u2997460,11
u2997651,14
u2997660,8
u2997695,14
u2997728,10
u2997749,11
u2997758,81
u2997849,9
u2997972,18
u2998073,13
u2998156,45
u2998159,12
u2998168,13
u2998284,20
u2998300,9
u2998376,24
u2998443,61
u2998444,7
u2998548,18
u2998815,14
u2998858,23
u2999020,14
u2999022,43
u2999045,13
u2999221,23
u2999743,11
u2999917,10
u2999962,21
u3000046,17
u3000110,45
u3000194,13
u300026,10
u3000289,8
u3000391,11
u3000410,13
u3000415,20
u3000514,31
u3000521,30
u3000538,20
u3000620,20
u3000689,9
u3000691,16
u3000789,9
u3000796,30
u3000813,20
u3000904,21
u3001167,16
u3001501,19
u3001534,12
u3001669,12
u3001691,11
u3001705,9
u3001723,27
u3001762,76
u3001780,12
u3001876,24
u3001882,14
u3002068,21
u3002101,12
u3002110,9
u3002116,55
u3002298,32
u3002357,10
u3002403,16
u3002462,31
u3002498,24
u3002647,44
u3002688,9
u3002755,10
u300285,8
u3002925,46
u3002933,42
u3003004,24
u3003038,18
u3003460,15
u3003539,72
u3003593,30
u3003754,32
u3003874,12
u3003927,59
u3004003,77
u3004029,27
u3004191,8
u3004319,14
u3004403,13
u3004443,20
u3004501,29
u300452,18
u300456,12
u3004656,34
u3004754,16
u3004837,33
u3004880,11
u3004912,13
u3004959,27
u3004982,35
u3005026,7
u3005045,22
u3005144,23
u3005218,14
u3005292,15
u3005294,11
u3005491,16
u3005494,20
u3005535,16
u3005591,12
u3005699,26
u3005704,15
u3005774,46
u3005807,29
u3005841,21
u3005876,16
u3005894,45
u3005902,25
u3005996,12
u3006075,11
u3006113,93
u3006356,20
u3006369,24
u3006371,25
u3006586,8
u3006704,12
u3006931,21
u3007116,20
u3007143,19
u3007213,23
u300747,13
u3007509,11
u300761,13
u3007674,10
u3007856,14
u3007904,38
u300795,34
u3008130,16
u3008698,11
u3008739,45
u300882,9
u3008822,12
u3008830,23
u3008854,35
u3008981,12
u3009054,25
u3009096,35
u3009136,47
u3009138,17
u3009140,25
u3009143,21
u300916,13
u3009258,14
u3009300,88
u3009357,10
u3009376,18
u3009420,19
u3009433,9
u300944,34
u300961,10
u3009632,22
u3009643,9
u3009654,22
u3009704,42
u3009715,54
u3009740,9
u3009785,63
u3009854,48
u3009892,18
u3010411,44
u3010648,10
u3010663,13
u3010669,17
u3010746,12
u3010918,10
u3011013,29
u3011172,8
u3011181,6
u3011185,20
u3011234,29
u3011314,20
u301135,18
u3011357,20
u3011423,72
u3011460,35
u3011771,8
u3011842,18
u3011963,10
u3012098,12
u3012100,14
u3012147,12
u3012347,19
u3012368,14
u301245,26
u3012483,22
u3012634,24
u3012670,23
u3012801,15
u3012897,8
u3012909,16
u301291,18
u3012976,13
u3013023,25
u3013118,29
u3013137,9
u3013190,12
u3013206,49
u3013321,14
u3013366,11
u3013393,18
u3013423,16
u3013430,8
u3013462,48
u3013497,82
u3013678,8
u3013892,10
u3013910,54
u3013950,11
u301398,9
u3014037,28
u3014101,34
u3014182,23
u3014220,16
u3014243,21
u3014266,28
u3014276,10
u3014283,51
u3014367,9
u3014379,15
u3014403,9
u3014469,10
u3014501,21
u3014579,27
u3014617,13
u3014706,38
u3014799,25
u3014886,20
u3014892,10
u3014944,15
u3014956,14
u3014983,21
u3015060,10
u3015240,17
u3015255,16
u3015266,8
u3015367,14
u3015371,6
u3015396,26
u3015430,24
u3015455,14
u3015488,34
u3015532,11
u3015533,34
u3015604,41
u3015624,33
u3015652,30
u3015723,16
u3015847,9
u3015871,27
u3015907,10
u3015941,53
u3015959,79
u3015964,8
u3015995,43
u3016168,9
u3016224,12
u3016272,32
u3016432,15
u3016449,23
u3016459,13
u3016500,12
u3016616,59
u3016732,15
u3016755,34
u3016798,28
u3016799,8
u3016913,35
u3016916,13
u3016999,15
u3017104,16
u3017124,30
u3017287,29
u3017348,9
u301736,7
u3017555,14
u3017584,13
u3017604,99
u3017658,36
u3017682,50
u3017781,21
u3017784,32
u3017799,17
u3017876,11
u3017961,21
u3018075,8
u3018089,13
u3018263,27
u3018368,13
u3018371,22
u3018418,53
u3018502,37
u3018537,24
u3018595,37
u3018780,21
u3018877,15
u3018907,21
u3018928,20
u3018993,51
u3019010,11
u3019091,23
u3019166,12
u3019359,32
u3019372,30
u3019386,36
u3019426,10
u3019434,10
u3019564,30
u3019648,75
u3019790,11
u3019837,11
u3019865,17
u3019899,10
u3019936,9
u3019960,21
u301999,19
u3020073,9
u3020226,19
u3020240,10
u3020385,13
u3020405,19
u3020453,18
u3020476,12
u3020486,56
u3020526,31
u3020554,8
u3020624,8
u3020685,9
u302069,33
u3020728,12
u3020800,37
u3020827,51
u3020862,12
u3020944,11
u3021020,47
u3021110,22
u3021179,9
u3021189,8
u3021267,70
u3021354,16
u3021358,17
u3021467,17
u3021486,17
u302153,15
u3021738,13
u3021753,24
u3021951,23
u3022089,18
u3022097,31
u3022274,19
u3022318,85
u3022323,17
u3022328,14
u3022573,19
u3022654,56
u3022709,17
u3022773,31
u3022838,19
u3022946,32
u3023134,20
u3023200,130
u302328,13
u3023297,22
u302337,18
u3023462,19
u3023647,19
u3023718,6
u3023815,13
u3023860,7
u3024022,25
u3024289,16
u3024313,30
u3024379,25
u3024556,44
u3024575,26
u3024672,79
u3024833,18
u3024887,14
u3024934,13
u3025141,11
u3025227,21
u3025260,22
u3025395,30
u3025440,23
u3025521,10
u302562,12
u3025737,37
u3025967,8
u3025989,13
u3025998,13
u302608,34
u3026153,32
u3026171,32
u3026196,22
u3026204,22
u3026212,14
u3026458,65
u3026581,11
u302659,11
u3026614,14
u3026725,11
u3026828,27
u302686,14
u3026876,10
u3027091,10
u3027093,7
u3027211,14
u3027339,21
u3027431,15
u3027486,7
u3027523,9
u3027590,30
u3027658,18
u3027704,8
u3027790,19
u3027859,17
u3027946,17
u3028001,19
u3028075,10
u3028130,9
u3028132,17
u3028363,22
u3028551,24
u3028770,16
u3028853,18
u3028873,20
u3028907,22
u3028921,20
u3029082,22
u3029228,62
u3029236,21
u3029255,16
u3029416,8
u3029489,12
u3029506,13
u3029861,17
u3029901,12
u3030063,45
u3030144,36
u3030193,16
u3030377,11
u3030422,13
u3030461,33
u3030465,16
u303053,14
u3030547,6
u3030557,24
u3030690,29
u3030747,67
u303104,18
u3031042,15
u3031089,21
u3031150,13
u3031164,26
u3031257,20
u3031356,19
u3031450,18
u3031612,47
u3031663,9
u3031747,15
u303185,19
u3031923,15
u3031957,16
u3031998,31
u3032067,12
u3032199,16
u303220,9
u3032235,39
u3032239,28
u3032257,41
u3032452,95
u3032492,15
u3032530,9
u3032588,15
u3032698,10
u303277,17
u3032794,15
u3032857,22
u3032896,14
u3033040,47
u3033074,10
u3033134,26
u303323,11
u3033249,14
u3033325,10
u3033436,15
u3033501,14
u3033704,19
u3033729,7
u3033854,19
u303390,11
u3033938,7
u3033990,20
u3034016,24
u3034077,16
u3034089,34
u3034098,12
u3034198,8
u3034606,24
u3034732,26
u3034980,15
u3034985,21
u3035088,13
u3035161,14
u3035348,49
u3035389,16
u3035467,30
u3035666,10
u3035700,10
u3035796,13
u3035830,20
u3035877,18
u3035897,20
u3035920,8
u3035964,12
u3036090,28
u3036151,42
u3036389,11
u3036432,58
u3036577,18
u3036598,12
u3036658,13
u3036664,54
u3036730,8
u3036773,30
u3036813,11
u3036915,11
u3037267,17
u303727,12
u3037306,36
u3037323,9
u3037345,28
u3037391,11
u3037564,74
u3037567,13
u3037643,10
u3037830,23
u3038053,11
u3038181,14
u3038196,13
u3038377,10
u3038381,11
u3038668,13
u3038673,17
u3038746,10
u3038991,7
u3039021,13
u3039126,17
u3039306,28
u3039323,8
u3039576,7
u3039600,31
u3039671,10
u3039706,12
u3039727,12
u3039778,17
u3039802,18
u3039813,17
u3039863,24
u3040036,28
u3040044,24
u3040051,9
u3040129,34
u3040221,14
u3040270,8
u3040494,6
u3040507,13
u3040508,62
u304064,10
u3041223,16
u3041331,72
u3041378,7
u3041586,8
u304167,14
u3041684,11
u3041787,13
u3041834,31
u3041941,19
u304198,13
u3042088,75
u3042100,11
u3042113,19
u3042132,53
u3042199,8
u3042203,17
u3042234,21
u3042249,23
u3042440,12
u3042457,16
u3042478,80
u3042479,16
u3042658,30
u3042709,28
u304274,9
u3042956,83
u3042980,8
u3043247,6
u3043398,7
u3043518,29
u3043672,16
u304411,14
u3044184,16
u3044217,14
u3044302,8
u3044304,18
u3044415,13
u3044533,22
u3044577,29
u3044603,24
u3044686,30
u3044821,15
u3044956,13
u3044980,37
u3045004,35
u3045160,36
u304519,12
u3045359,16
u3045411,34
u3045440,62
u30455,11
u3045594,9
u3045690,10
u3045758,10
u3045816,24
u3045965,17
u3046120,16
u3046129,29
u3046166,15
u3046235,7
u3046327,17
u3046374,25
u3046565,14
u3046594,16
u3046612,14
u3046785,7
u3046802,19
u3046946,21
u3047007,22
u3047139,16
u3047269,15
u3047620,25
u3047666,12
u3047791,45
u3047845,14
u3048095,46
u3048270,19
u3048293,17
u3048306,13
u3048605,14
u3048632,10
u3048777,10
u3048782,20
u3048852,7
u3048912,10
u3048935,13
u3048999,16
u3049062,21
u3049334,24
u3049491,11
u3049577,10
u3049775,17
u3049790,23
u3049813,9
u3049896,10
u3049913,18
u3049979,27
u3050002,12
u3050121,9
u3050215,29
u305038,28
u3050426,48
u3050513,8
u3050676,15
u3050694,15
u3050795,25
u3050805,74
u3051206,12
u3051285,14
u3051297,35
u3051472,45
u30515,10
u3051541,33
u3051604,10
u3051725,15
u3051768,17
u3051794,15
u3051838,10
u3051895,32
u3051923,15
u3052053,21
u3052074,11
u3052234,13
u3052254,8
u3052270,11
u3052370,21
u3052371,37
u3052476,16
u3052484,8
u3052538,29
u3052569,14
u3052643,38
u3052674,16
u3052704,8
u3052791,21
u3052793,20
u3052843,49
u3052867,13
u3052908,18
u3052996,53
u3053061,13
u3053307,48
u305348,8
u3053532,11
u3053566,10
u3053671,10
u3053719,25
u3053739,31
u3054142,12
u3054168,11
u3054175,10
u3054180,13
u3054195,13
u3054385,17
u3054395,10
u3054502,16
u3054506,14
u3054596,10
u3054624,8
u3054855,10
u3054976,11
u305504,29
u3055070,15
u3055164,12
u3055197,94
u305520,48
u3055347,54
u3055363,21
u3055457,19
u3055501,16
u3055646,14
u3055651,9
u3055906,10
u3055933,21
u3056124,31
u3056408,50
u305659,10
u3056627,21
u305667,9
u3056684,38
u3056720,11
u3056768,9
u3056798,16
u3056875,27
u3057004,16
u3057027,29
u3057271,9
u3057294,13
u305752,9
u3057526,9
u3057580,13
u3057623,15
u3057866,19
u3057905,59
u3057910,17
u3057971,31
u3057991,12
u3058033,9
u3058174,10
u3058185,14
u3058226,10
u3058361,22
u305842,10
u3058562,39
u3058667,35
u3058763,9
u3058830,14
u3058873,11
u3059007,13
u3059082,7
u3059106,28
u3059126,9
u3059181,24
u3059196,10
u305921,20
u3059396,18
u3059400,12
u3059486,17
u3059496,39
u3059520,29
u3059534,10
u305958,16
u3059640,17
u305969,27
u3059713,11
u3059774,112
u3059799,46
u3059829,29
u3059835,10
u3059882,10
u3059938,18
u3060361,7
u3060428,11
u3060435,9
u3060555,17
u3060565,42
u3060572,13
u3060625,23
u3060635,27
u3060751,21
u3060753,13
u3060869,32
u3060917,13
u3061087,10
u3061100,8
u3061106,7
u3061173,7
u3061211,13
u3061326,11
u3061377,11
u3061380,13
u3061415,20
u3061484,29
u3061498,23
u3061555,12
u3061693,17
u3061702,15
u3061764,25
u3061777,14
u3061802,34
u3061872,18
u306188,9
u3061996,29
u3062028,15
u3062065,9
u3062163,10
u3062301,40
u3062399,23
u3062430,21
u3062768,9
u3062831,11
u3062853,18
u3062957,40
u3063060,14
u3063076,146
u3063119,9
u3063154,10
u3063194,12
u3063228,14
u3063230,17
u3063242,8
u3063243,11
u3063303,13
u3063445,18
u3063504,12
u3063510,14
u3063548,15
u306355,8
u3063636,9
u306370,13
u3063725,24
u3063842,12
u3064257,25
u3064351,29
u3064361,9
u3064365,26
u3064371,17
u3064479,11
u3064511,23
u306454,7
u3064645,43
u3064678,40
u3064742,10
u3065035,19
u3065155,14
u3065164,13
u3065179,13
u3065181,11
u3065240,13
u3065306,20
u3065486,9
u3065495,8
u3065596,14
u3065620,9
u3065638,19
u3065716,18
u3065733,27
u3065761,16
u3065786,8
u3065795,13
u3065823,38
u3065866,32
u3065941,19
u3066023,16
u3066031,27
u3066081,14
u3066191,17
u3066228,29
u3066237,24
u3066243,8
u3066302,9
u3066345,15
u3066410,9
u3066536,8
u3066563,16
u3066572,10
u3066738,27
u3067100,13
u3067113,24
u3067136,11
u3067222,6
u3067446,35
u3067487,22
u3067503,26
u3067504,11
u3067525,15
u3067569,12
u3067640,13
u3067654,7
u3067728,48
u3067762,9
u3067763,13
u3067774,8
u3067786,14
u3067823,28
u3067843,20
u3067924,18
u3067935,18
u306798,10
u3068136,21
u3068141,14
u306830,22
u3068383,8
u3068466,38
u3068548,31
u3068567,8
u3068620,15
u3068623,14
u306871,7
u3068721,16
u3068743,13
u3068773,14
u3068860,30
u3068898,10
u3068989,18
u3069234,28
u3069259,6
u3069281,13
u3069387,35
u3069415,7
u3069427,27
u3069621,11
u3069659,10
u3069690,31
u3069833,26
u3069852,9
u3069978,57
u3070181,25
u3070293,27
u3070385,17
u3070465,11
u3070503,49
u3070523,16
u3070669,22
u3070730,7
u3070797,9
u3070800,12
u3070822,10
u3070938,14
u3070939,8
u3070959,17
u3071095,9
u3071169,40
u3071189,27
u3071250,25
u3071303,12
u3071367,21
u3071368,97
u3071378,11
u3071511,14
u3071524,10
u3071569,52
u3071723,17
u3071783,20
u3071792,25
u3071894,10
u3072060,15
u3072073,20
u3072077,23
u3072103,16
u3072183,20
u3072207,13
u3072310,19
u3072394,17
u3072443,22
u3072541,25
u3072595,14
u3072618,17
u3072670,9
u3072721,59
u3072790,12
u3072924,17
u3073184,12
u3073272,40
u3073318,6
u3073439,16
u3073442,15
u3073518,19
u3073581,6
u3073636,60
u3073647,34
u3073825,10
u3073844,28
u3073869,13
u3073878,9
u3073881,10
u3073907,17
u3074155,16
u3074164,26
u3074190,40
u3074327,77
u3074349,31
u3074526,13
u3074545,22
u3074546,12
u3074566,59
u3074643,10
u3075012,12
u307521,31
u3075223,12
u3075280,8
u3075331,55
u3075555,25
u3075636,8
u3075762,18
u3075770,25
u3075788,15
u3075813,35
u3075887,17
u3075964,9
u3075972,12
u3076140,12
u3076240,9
u3076250,8
u3076277,21
u3076308,14
u3076488,63
u3076675,23
u3076896,9
u3076961,13
u3076970,15
u3077038,22
u3077218,16
u3077284,10
u3077458,11
u307758,10
u3077686,12
u3077802,9
u3077832,17
u3077875,12
u3077943,7
u3077966,75
u3077997,17
u3078010,29
u3078030,15
u3078201,36
u3078210,84
u3078230,17
u3078451,33
u3078542,63
u3078583,28
u3078611,44
u3078725,10
u3078919,23
u3078971,46
u3079070,10
u3079073,29
u3079119,14
u3079126,30
u3079144,14
u3079202,8
u3079212,12
u3079382,99
u3079389,45
u3079507,29
u3079562,19
u3079601,41
u3079634,13
u3079746,16
u3079926,38
u3080040,23
u3080162,7
u308018,14
u3080341,13
u3080385,16
u3080502,33
u3080520,11
u3080603,12
u3080625,22
u3080634,10
u3080662,14
u3080670,26
u3080671,14
u3080728,20
u3080739,23
u3080790,99
u308081,9
u3080990,11
u3081127,11
u3081272,12
u3081277,59
u3081353,52
u3081356,11
u3081516,21
u3081554,9
u3081645,17
u3081710,37
u3081770,12
u3081923,20
u3081981,66
u3082068,12
u3082099,11
u3082152,8
u3082283,23
u3082334,35
u3082335,37
u3082450,17
u3082455,12
u3082466,8
u3082568,18
u308258,19
u3082582,29
u3082595,21
u3082737,23
u3082744,12
u3082754,18
u3082766,19
u3082782,8
u3082851,10
u3082882,12
u3082920,36
u3082930,24
u3082976,21
u3083188,64
u3083412,7
u3083414,28
u3083430,26
u3083530,36
u308360,21
u3083635,35
u3083805,69
u3083949,11
u3083970,7
u3084075,41
u308418,9
u3084224,28
u3084643,15
u3084690,11
u3084739,62
u3084861,18
u3084895,27
u3085055,6
u3085119,49
u3085183,15
u3085221,8
u3085275,31
u3085328,21
u3085331,10
u3085365,25
u3085381,13
u3085452,10
u3085527,50
u308559,11
u3085590,7
u3085640,46
u3085771,15
u3085831,9
u3085855,23
u3086056,46
u3086059,11
u3086071,11
u3086222,11
u3086235,7
u3086244,68
u308630,10
u3086317,10
u3086353,67
u3086357,11
u3086418,7
u3086485,11
u3086487,79
u3086520,20
u3086592,28
u3086646,8
u3086807,43
u3086833,8
u3086849,18
u3086857,9
u3086961,14
u3087002,74
u3087042,10
u3087300,9
u308732,60
u3087386,9
u3087631,16
u3087670,7
u3087734,22
u3087821,42
u3087876,21
u3087877,17
u3087967,29
u3088057,53
u3088072,18
u3088194,19
u3088422,10
u3088545,35
u3088574,27
u3088668,34
u3088706,19
u3088826,11
u3089006,11
u3089014,14
u3089056,10
u3089115,31
u3089162,95
u3089173,15
u3089174,45
u3089233,35
u3089326,29
u3089327,12
u3089348,24
u3089359,13
u3089405,25
u3089422,27
u3089571,10
u3089585,14
u3089601,16
u3089680,22
u3089724,18
u3089736,56
u308975,16
u3089760,27
u3089887,42
u3089903,9
u3089907,11
u3089970,40
u3090059,32
u3090181,50
u3090243,19
u3090331,14
u3090412,24
u3090684,52
u3090728,21
u3090785,14
u3090865,67
u3090876,15
u3090889,31
u3090907,16
u3090919,7
u3090924,39
u3090939,22
u3090944,13
u3090999,12
u3091056,19
u3091135,15
u3091148,13
u3091291,17
u3091357,11
u3091383,8
u3091413,23
u3091461,35
u3091519,27
u3091605,50
u3091728,14
u3091748,9
u3091758,29
u3091835,13
u3091863,16
u3091876,17
u3092019,13
u3092196,28
u3092293,23
u3092333,15
u3092344,10
u3092464,49
u3092541,9
u3092644,96
u3092645,12
u3092724,30
u309278,17
u3092783,13
u3092788,16
u3092841,11
u3092964,8
u3093026,14
u3093029,13
u3093112,9
u3093137,11
u3093215,14
u3093265,24
u3093371,28
u3093402,40
u3093534,38
u3093568,15
u309357,38
u3093570,10
u309359,12
u3093614,22
u3093638,22
u3093667,36
u3093691,19
u3093705,11
u3093793,14
u3093879,9
u3093895,12
u3094181,20
u3094234,16
u3094243,17
u3094265,14
u3094274,31
u3094302,21
u3094415,22
u3094443,55
u3094491,13
u3094534,7
u3094586,16
u3094594,33
u3094670,9
u3094696,9
u3094703,33
u3094763,20
u3094811,32
u3094896,47
u3095021,9
u3095171,11
u3095271,11
u3095278,7
u3095451,11
u309549,7
u3095526,13
u3095527,32
u3095734,8
u3095748,11
u3095798,14
u3095923,12
u3096023,23
u3096436,14
u3096438,21
u3096501,14
u3096552,34
u3096576,19
u3096606,28
u3096620,13
u3096639,14
u3096721,9
u3096765,13
u309678,44
u3096780,11
u3096859,10
u3097019,21
u3097043,24
u3097049,10
u3097111,14
u3097340,9
u3097470,35
u3097512,8
u3097609,54
u3097621,23
u3097637,8
u3097834,47
u3097907,54
u3097991,6
u3098040,11
u3098094,13
u3098178,16
u3098261,15
u3098290,22
u3098317,20
u3098319,12
u3098350,17
u3098476,25
u3098499,13
u3098596,18
u3098627,7
u3098676,19
u3098808,12
u3098845,11
u3098864,35
u3098951,44
u3098980,17
u3099016,10
u3099069,19
u3099110,27
u3099233,12
u3099269,19
u3099294,29
u3099631,11
u3099699,13
u3099912,23
u3100095,33
u3100147,10
u310047,19
u3100474,17
u3100517,11
u3100557,9
u3100561,14
u3100601,51
u3100617,8
u3100801,30
u3100998,23
u3101089,65
u3101195,12
u3101234,17
u3101709,18
u3101738,13
u3101891,41
u3102008,19
u3102153,68
u3102185,27
u3102288,37
u3102376,14
u3102394,31
u3102436,11
u3102458,14
u3102627,28
u3102648,52
u3102657,21
u3102690,10
u3102711,10
u3102801,9
u3102867,74
u3102879,14
u3102902,35
u3102994,7
u3103033,23
u3103048,21
u3103064,20
u3103095,22
u3103204,20
u3103269,15
u3103295,11
u3103313,24
u3103431,9
u3103530,19
u310354,33
u3103574,13
u3103848,14
u3104182,11
u3104392,30
u3104393,14
u3104397,17
u3104418,35
u310444,9
u3104794,62
u3104860,13
u3104897,11
u3104912,13
u310516,19
u3105218,8
u3105313,13
u3105354,25
u3105428,42
u310543,10
u3105639,25
u3105716,20
u3105753,15
u3105797,18
u3105816,14
u310583,37
u3105838,14
u3105875,22
u3105970,27
u3106240,12
u3106259,13
u3106261,18
u3106291,31
u3106526,26
u3106712,34
u310714,11
u3107265,8
u3107298,34
u3107306,20
u3107436,20
u3107572,32
u3107604,12
u3107678,7
u3107792,15
u3107911,16
u3108097,11
u3108542,23
u310856,12
u3108599,15
u3108613,17
u3108759,11
u3108851,22
u3108870,19
u3108895,11
u3108999,12
u310901,10
u3109038,23
u3109108,37
u3109244,13
u3109296,16
u3109505,15
u3109592,42
u3109602,14
u3109690,12
u3109782,12
u3109798,15
u3110169,11
u3110230,22
u3110240,20
u3110249,16
u3110302,62
u3110314,53
u3110349,25
u3110372,11
u3110504,12
u3110506,7
u3110583,13
u3110632,13
u3110743,36
u3110820,37
u3110951,41
u3110982,35
u3111118,12
u3111190,12
u3111195,11
u3111199,15
u3111220,38
u3111327,15
u3111330,22
u3111408,12
u3111493,31
u3111520,16
u3111610,53
u3111851,8
u3112040,27
u3112051,14
u3112058,8
u3112070,11
u3112132,10
u3112155,12
u3112342,43
u3112364,20
u3112365,10
u3112368,12
u3112475,30
u3112899,17
u3112912,10
u3112927,78
u3113136,20
u3113169,21
u3113177,15
u3113757,13
u3114029,22
u3114052,12
u3114255,9
u311433,16
u3114371,32
u311449,13
u3114540,95
u3114996,10
u3115018,41
u3115275,16
u3115343,27
u3115352,11
u3115612,24
u3115647,45
u3115703,44
u3115718,7
u3115757,32
u311580,16
u3115808,15
u3115848,10
u3115908,14
u3115912,9
u3115992,20
u3116114,51
u3116146,9
u3116316,49
u3116432,27
u3116439,27
u3116465,15
u3116526,35
u3116623,13
u3116724,10
u3116874,12
u3117098,8
u311712,22
u3117148,15
u3117192,7
u3117361,7
u3117519,17
u3117640,14
u3117701,26
u3117784,33
u3117888,10
u3117999,45
u3118046,11
u3118110,17
u3118151,21
u3118277,14
u3118390,17
u3118467,34
u3118469,34
u3118526,13
u3118562,18
u3118704,9
u3118718,20
u3118729,35
u3118735,16
u3118950,12
u3119051,15
u3119074,23
u3119106,15
u3119222,43
u3119295,72
u3119351,7
u3119356,39
u3119364,21
u3119382,11
u3119670,21
u3119900,33
u3119978,23
u3119997,15
u3120015,37
u3120079,72
u312017,26
u3120189,12
u3120256,8
u3120315,42
u3120370,13
u3120637,55
u3120655,38
u3120795,22
u3120803,10
u3120923,27
u3120946,10
u3120964,10
u3121048,8
u3121099,9
u3121188,15
u3121304,16
u3121434,18
u3121458,39
u3121798,11
u3121849,14
u3121896,65
u3122002,17
u3122117,58
u3122120,17
u3122217,11
u3122233,21
u3122340,33
u3122375,52
u3122708,11
u3122978,17
u3123016,28
u3123024,20
u3123110,12
u3123115,12
u3123179,44
u3123207,14
u3123224,18
u3123416,11
u3123496,42
u3123536,35
u3123573,14
u3123638,12
u3123662,9
u3123726,12
u3123748,15
u3123787,28
u3123842,17
u3123854,19
u3123914,19
u3124023,16
u3124045,25
u3124064,18
u3124078,10
u3124105,23
u3124123,10
u3124197,24
u3124241,14
u3124279,10
u3124314,13
u3124395,11
u3124621,21
u3124725,9
u3124830,34
u3124832,12
u3125108,68
u3125262,27
u3125266,15
u3125356,64
u3125359,19
u3125387,72
u3125524,10
u3125623,10
u3125860,16
u3125870,8
u3125942,15
u3126204,11
u3126285,7
u3126309,31
u3126579,35
u3126588,21
u3126622,15
u3126694,28
u3126749,37
u3126941,8
u3127004,26
u312704,7
u3127045,23
u3127107,15
u3127242,12
u3127296,28
u3127405,37
u3127436,9
u3127496,17
u3127665,15
u3127672,21
u3127766,13
u3127855,16
u3127859,22
u3127862,23
u3127877,23
u3127922,30
u3127951,17
u3128108,21
u3128125,21
u3128180,11
u3128192,16
u3128302,19
u3128555,9
u3128595,26
u3128706,23
u3128741,9
u3128873,23
u3128875,9
u3128906,8
u3128936,23
u3128938,12
u3128950,16
u3128983,7
u3129028,12
u3129128,27
u3129173,35
u3129282,6
u3129348,11
u312949,19
u3129513,34
u3129629,36
u3129675,16
u3129702,23
u3129771,38
u3129824,12
u3129929,21
u3129944,45
u3129963,9
u3129980,12
u3130009,15
u3130074,19
u3130237,29
u3130295,17
u3130305,9
u313036,10
u313046,10
u3130588,18
u3130600,12
u3130660,14
u3130698,18
u3130725,13
u3130730,11
u3130885,23
u3131129,29
u3131183,12
u3131319,10
u3131494,25
u313153,10
u3131613,53
u3131640,16
u313169,31
u3131795,9
u3131797,17
u3131815,22
u3131835,9
u3131899,9
u313208,9
u3132083,14
u3132172,11
u3132212,24
u3132242,9
u3132304,9
u3132316,17
u3132475,13
u3132484,10
u3132801,11
u3132835,26
u3132920,32
u3132947,12
u3132974,14
u3133078,21
u3133154,11
u3133186,10
u3133203,36
u3133227,28
u3133235,9
u3133491,28
u3133554,9
u3133610,13
u3133706,11
u3133825,50
u3134120,15
u3134220,33
u3134238,37
u313425,27
u3134311,26
u3134370,33
u3134423,25
u3134428,32
u3134524,17
u3135050,29
u3135091,16
u3135110,15
u3135143,10
u3135212,14
u313536,10
u3135403,15
u3135506,17
u3135636,13
u3135665,11
u3135676,22
u3135876,13
u3136136,16
u3136166,36
u3136211,15
u3136397,11
u313645,11
u3136539,13
u3136593,22
u3136599,22
u3136603,20
u3136741,12
u3136771,12
u3136988,10
u3137100,9
u3137285,12
u3137494,17
u3137505,23
u3137551,9
u3137637,19
u3137698,16
u3137766,29
u3137820,17
u3137874,39
u3137900,21
u3137993,16
u3138056,17
u3138080,19
u3138091,11
u3138417,7
u3138674,22
u3138800,12
u3138814,27
u3138882,28
u3138945,73
u3138977,8
u3139115,101
u3139311,56
u3139401,16
u3139600,9
u3139764,14
u3139856,21
u3140031,15
u3140060,65
u3140083,41
u3140093,63
u3140138,24
u3140150,20
u3140187,16
u3140267,50
u3140568,22
u3140781,24
u3141008,29
u3141158,13
u3141406,16
u3141484,18
u3141591,29
u3141789,27
u3141869,9
u314197,8
u3142156,17
u3142445,16
u3142454,32
u3142558,12
u3142575,21
u314278,9
u3142848,47
u3142899,19
u3142940,10
u3143127,10
u3143147,8
u3143172,12
u3143182,15
u3143256,36
u3143258,19
u3143265,15
u3143286,8
u3143287,24
u3143312,36
u3143477,8
u3143542,38
u3143739,21
u3143833,8
u3144036,11
u3144175,9
u3144183,12
u3144359,7
u3144397,13
u3144460,48
u3144511,11
u3144549,9
u3144556,12
u3144635,34
u3144737,17
u3144962,12
u3144978,14
u3145082,14
u3145125,15
u3145128,9
u3145172,36
u3145242,13
u3145340,39
u3145544,18
u3145660,29
u3145862,59
u3145880,9
u3145918,20
u3146226,9
u3146269,61
u3146457,12
u3146649,13
u3146656,7
u3146737,9
u3146792,8
u3146840,22
u3146957,18
u3146977,10
u3147084,6
u3147190,18
u3147402,34
u3147424,31
u3147474,20
u3147479,45
u3147515,19
u3147561,10
u314762,17
u3147766,7
u3147797,13
u3147875,12
u314791,10
u314796,16
u314800,6
u3148022,24
u3148139,18
u3148150,47
u3148155,10
u3148271,41
u3148273,20
u3148353,13
u3148467,43
u3148496,12
u3148500,17
u3148511,11
u3148513,8
u3148540,11
u3148574,11
u3148605,11
u3148609,10
u3148686,9
u3148753,21
u3148760,14
u3148787,21
u3148859,32
u3149031,41
u3149065,22
u3149179,27
u3149225,38
u3149370,16
u3149371,16
u314946,23
u3149511,16
u3149573,20
u3149594,12
u3149605,8
u3149772,38
u3149899,24
u3149931,14
u3149952,38
u3150001,9
u3150094,49
u3150120,37
u3150252,35
u3150320,8
u3150368,18
u315043,16
u3150454,16
u3150462,15
u3150578,10
u3150580,38
u3150581,14
u3150789,22
u3150853,10
u3150962,24
u3151000,37
u3151007,14
u3151114,18
u3151164,13
u3151249,31
u3151285,9
u3151358,17
u3151389,17
u3151517,12
u3151600,8
u3151780,17
u3151804,31
u3151820,9
u3152179,19
u3152290,11
u3152477,61
u3152536,8
u3152643,25
u3152729,14
u3152743,15
u3152834,9
u3152871,10
u3153027,26
u3153075,8
u3153112,16
u3153147,8
u3153250,39
u3153280,58
u315341,23
u3153424,13
u3153523,14
u3153610,9
u3153690,12
u3153814,21
u3153823,9
u3154049,12
u3154068,23
u3154131,9
u3154134,14
u3154161,18
u3154198,24
u3154325,16
u3154344,12
u3154435,11
u3154809,12
u3154843,12
u3154897,16
u3154943,22
u315511,9
u3155146,32
u3155170,33
u3155173,39
u3155320,19
u3155353,14
u3155671,19
u3155730,11
u3155768,18
u3156097,10
u3156175,8
u315618,8
u3156198,55
u3156212,7
u3156379,17
u315639,9
u3156426,17
u3156435,10
u3156459,11
u3156471,27
u3156572,17
u3156715,24
u3156812,73
u3156835,13
u3156910,45
u3156996,57
u3157265,58
u3157266,34
u3157391,20
u3157486,17
u3157652,12
u3157674,15
u3157729,24
u3157995,12
u3158018,29
u3158190,16
u3158348,31
u3158372,17
u3158412,16
u3158422,11
u3158507,15
u3158519,33
u3158624,15
u315863,25
u3158731,7
u315877,18
u315881,10
u3158972,10
u3159082,7
u3159084,17
u3159168,12
u3159192,51
u3159203,33
u3159308,70
u3159473,11
u3159487,15
u3159848,24
u3159930,10
u3160028,19
u3160041,8
u3160067,7
u3160200,20
u3160205,11
u3160264,13
u3160354,14
u3160400,18
u3160475,10
u316049,9
u3160520,12
u3160537,46
u3160552,34
u3160588,23
u3160598,12
u3160649,10
u316070,16
u3160719,15
u3160781,13
u3160857,32
u3160859,9
u3160916,16
u3161251,11
u3161414,7
u3161431,10
u3161530,8
u3161531,15
u3161596,15
u3161660,7
u3161796,11
u3161874,15
u3161969,16
u3162081,22
u3162207,28
u3162300,13
u3162332,25
u3162335,13
u3162495,42
u3162505,19
u3162517,10
u3162520,28
u3162541,19
u3162555,8
u3162581,14
u3162790,17
u316283,16
u3162856,8
u3162897,12
u3162935,16
u3163024,12
u3163050,23
u3163164,8
u3163188,24
u3163240,15
u3163309,9
u3163329,31
u3163365,12
u3163391,11
u3163438,9
u3163501,11
u3163509,20
u3163848,8
u3163928,23
u316394,13
u3163954,10
u3164015,12
u3164030,7
u3164035,39
u3164094,16
u3164142,47
u3164163,14
u3164242,16
u3164367,23
u3164419,17
u3164420,13
u3164545,21
u3164572,15
u3164636,16
u3164752,21
u3164772,14
u3164812,55
u3164903,13
u3164943,11
u3164968,20
u3164969,15
u3165035,14
u3165067,51
u3165078,34
u3165176,65
u3165193,21
u3165229,10
u3165252,18
u3165275,18
u3165279,11
u316536,15
u3165447,25
u3165482,25
u3165581,17
u3165629,54
u3165830,15
u3165844,27
u3165894,87
u3165925,24
u3165931,30
u3165957,43
u3166061,27
u3166089,28
u3166178,13
u3166244,24
u3166308,22
u3166310,27
u3166327,11
u3166330,57
u3166373,15
u3166389,41
u3166401,13
u3166422,23
u3166432,10
u3166479,21
u3166661,25
u3166739,13
u3166847,18
u3166970,13
u3167014,14
u3167164,20
u3167308,30
u3167445,62
u3167477,53
u3167544,22
u3167549,66
u3167650,19
u3167694,42
u3167819,15
u3168156,18
u3168204,14
u3168251,63
u3168261,9
u3168330,10
u3168410,31
u3168518,27
u3168527,10
u3168568,22
u3168572,10
u3168702,11
u3168709,15
u3168851,10
u3168885,12
u3169037,12
u3169049,27
u3169050,26
u3169127,21
u3169184,39
u316927,11
u3169308,13
u3169323,16
u3169347,28
u3169457,52
u3169543,24
u3169630,29
u3169645,13
u3169680,16
u3169749,10
u3169884,38
u3170089,9
u3170110,16
u3170198,11
u3170299,14
u3170348,11
u3170405,10
u3170451,21
u3170465,20
u3170567,18
u3170607,10
u3170622,26
u3170641,13
u3170703,22
u3170733,28
u3170743,15
u3170793,27
u3170965,21
u3170984,15
u3170995,15
u3171044,36
u3171060,13
u3171157,51
u3171385,11
u3171615,39
u3171649,13
u3171686,22
u3171690,38
u3171739,21
u3171740,13
u3171851,29
u3171925,26
u3172095,29
u3172151,11
u3172171,12
u3172262,10
u3172305,21
u3172335,19
u3172337,32
u3172542,11
u3172688,23
u3172735,20
u3172743,11
u3172955,15
u3172962,16
u3173005,11
u3173018,12
u3173244,13
u3173269,31
u3173348,15
u3173370,15
u3173378,29
u3173484,10
u3173720,16
u3173728,10
u3173731,52
u3173804,12
u3173829,9
u3173859,26
u3173872,13
u3173983,22
u3174025,45
u3174028,19
u3174086,19
u3174148,13
u3174337,42
u3174386,11
u3174433,18
u3174546,9
u3174608,12
u3174650,24
u3174655,11
u3174775,16
u3174805,73
u3174946,12
u3174981,8
u3174993,18
u3175034,17
u3175044,43
u3175379,8
u3175396,12
u3175455,20
u3175631,23
u3175656,36
u3175674,21
u3175675,75
u3175718,16
u3175720,26
u3175756,11
u3175799,36
u3175803,17
u317582,14
u3175871,9
u3175878,9
u3175890,9
u3175938,7
u3176112,11
u3176205,17
u3176274,15
u3176359,24
u3176623,49
u3176668,35
u3176681,22
u317671,18
u3176889,11
u3176913,12
u3176925,22
u3176930,11
u3176975,26
u3177040,28
u3177114,32
u3177156,21
u3177275,13
u3177291,12
u3177322,19
u3177339,14
u3177392,9
u3177429,11
u3177447,55
u3177549,21
u317755,11
u3177615,16
u3177668,15
u3177729,53
u3178069,91
u3178190,13
u3178220,50
u3178266,10
u3178274,31
u3178276,66
u3178337,14
u3178376,36
u3178495,30
u3178543,10
u3178562,12
u3178704,18
u3178856,22
u3178911,38
u3179123,8
u3179193,12
u3179292,14
u3179333,15
u3179541,13
u3179599,18
u3179771,11
u3179898,9
u3179935,10
u3179964,8
u3179996,13
u3180042,9
u3180366,25
u3180395,13
u318048,33
u3180583,17
u3180602,10
u3180668,8
u3180803,37
u3180884,46
u3180938,10
u3180993,13
u3181041,23
u3181062,12
u3181109,10
u3181139,9
u3181157,13
u3181215,15
u3181227,16
u3181229,16
u3181246,23
u3181466,16
u3181472,23
u3181513,11
u3181963,22
u3182041,10
u3182096,32
u3182236,17
u3182262,21
u3182384,28
u3182505,22
u3182633,8
u3182672,10
u3182810,16
u3182819,10
u3182895,27
u3182949,30
u3183081,12
u3183281,21
u3183302,41
u3183357,14
u3183381,19
u3183399,18
u3183471,19
u3183474,19
u3183624,11
u3183634,10
u3183659,10
u3183795,13
u3183803,13
u3184415,13
u3184513,15
u3184562,24
u3184629,24
u3184696,10
u3184730,9
u3184791,10
u3184822,9
u3184824,8
u3184860,28
u3184902,9
u3185007,20
u3185141,6
u3185215,19
u3185304,16
u3185394,8
u3185495,14
u3185549,13
u3185573,18
u3185646,30
u3185678,10
u3185811,20
u3185908,32
u318597,23
u3186023,39
u3186093,57
u3186100,29
u3186159,14
u3186189,13
u3186223,13
u3186226,9
u3186227,13
u3186290,15
u3186423,26
u3186445,15
u3186508,9
u3186530,15
u3186610,20
u3186640,15
u3186668,11
u3186688,15
u3186762,15
u3186826,10
u3186859,11
u3186957,20
u3186972,13
u3187118,8
u3187130,11
u3187151,27
u3187238,14
u3187295,18
u3187301,8
u3187314,10
u3187349,22
u3187361,19
u3187422,14
u3187727,7
u3187826,24
u3188004,12
u3188134,13
u318814,8
u3188184,14
u3188218,27
u3188395,15
u3188430,27
u3188433,21
u318862,13
u3188736,48
u3188747,39
u3188791,11
u3188939,9
u3189046,8
u3189051,33
u3189174,15
u3189248,32
u3189288,23
u3189340,9
u3189363,31
u3189380,7
u3189392,29
u3189436,8
u3189462,11
u3189492,25
u3189500,17
u3189619,19
u3189679,8
u318972,9
u3189776,33
u3189842,7
u3189920,12
u3189933,12
u3189971,13
u3189997,19
u3190075,23
u3190238,15
u3190307,13
u3190345,11
u3190378,22
u3190664,9
u3190773,9
u3191060,16
u3191087,10
u3191112,42
u3191114,14
u3191133,13
u3191156,11
u3191219,31
u3191399,32
u3191415,15
u3191439,10
u3191521,20
u3191601,28
u319171,13
u3191767,28
u3191844,28
u3191856,10
u3192039,12
u3192089,13
u3192162,11
u3192254,14
u3192290,6
u3192466,31
u3192562,10
u3192657,28
u3192699,18
u3192756,39
u3192836,10
u3192864,13
u3192984,25
u3193165,11
u3193256,36
u3193395,13
u3193602,12
u319361,9
u3193861,59
u3193889,17
u3194126,17
u3194145,22
u3194164,18
u3194220,9
u3194259,10
u3194287,17
u3194406,7
u3194454,28
u3194459,15
u3194473,14
u3194481,27
u3194527,13
u3194562,18
u319460,10
u319491,13
u3195080,11
u3195141,14
u3195153,23
u3195194,28
u3195242,30
u3195290,24
u3195403,20
u3195493,46
u3195615,43
u3195628,7
u3195770,28
u3195795,16
u3195814,14
u3195882,16
u3195895,16
u3196009,20
u3196202,10
u319624,8
u3196249,24
u3196342,17
u3196347,50
u3196378,25
u3196425,28
u3196470,21
u3196544,18
u3196548,12
u319670,16
u3196725,32
u3197106,23
u3197127,35
u3197282,18
u3197435,35
u3197442,12
u3197521,17
u3197571,11
u3197708,49
u3197740,11
u3197743,78
u3197799,36
u3197908,31
u3197998,13
u3198019,6
u3198171,20
u3198215,9
u3198330,20
u3198719,43
u3198726,28
u3198822,33
u3198858,17
u3198896,32
u3199143,13
u3199162,17
u3199233,22
u3199275,7
u3199278,13
u3199368,8
u3199504,10
u3199586,7
u319961,24
u3199633,8
u3199673,27
u3199712,7
u3199768,23
u3199830,30
u3199849,16
u3199867,14
u3199893,13
u3200044,24
u3200126,20
u3200223,17
u3200302,22
u3200399,10
u3200440,9
u3200561,17
u3200745,11
u3200751,9
u3200760,9
u3200764,8
u3200880,18
u3200915,11
u3201081,18
u320111,13
u3201131,28
u3201178,106
u3201238,8
u3201248,49
u3201505,11
u3201524,37
u3201538,13
u3201552,9
u3201601,7
u3201745,15
u3201747,13
u3201792,9
u3201827,9
u3201889,13
u3201894,27
u3201959,10
u3201964,45
u3202048,7
u3202135,12
u3202245,37
u3202321,16
u3202365,30
u3202476,11
u3202765,9
u3202852,10
u3202864,14
u3202922,15
u3203126,24
u3203201,23
u3203211,13
u3203314,12
u3203354,7
u3203374,17
u3203476,9
u3203532,20
u3203695,14
u3203734,10
u3203772,21
u3203854,19
u320387,22
u3204033,22
u3204057,28
u320406,49
u3204105,24
u3204181,27
u3204303,9
u3204403,27
u3204439,21
u3204472,16
u3204732,22
u3204752,10
u3204786,11
u3204805,31
u3204854,19
u3204861,15
u3204976,40
u3204980,11
u3205035,27
u3205045,10
u3205063,34
u3205191,19
u3205361,9
u3205456,12
u3205459,15
u3205593,9
u3205595,12
u3205607,49
u3205703,19
u3205779,18
u3206049,19
u3206236,42
u3206237,24
u3206292,13
u3206418,13
u3206529,11
u3206602,13
u3206735,31
u3206826,13
u3206954,52
u3207043,36
u3207094,13
u3207153,15
u3207261,15
u3207293,8
u3207712,10
u3207805,12
u3207810,16
u3207972,17
u3208176,15
u320829,25
u3208351,6
u3208650,12
u3208875,9
u3208879,18
u3208944,12
u3209257,9
u3209274,10
u3209356,18
u3209514,12
u3209563,14
u3209617,12
u3209705,19
u3209753,14
u320981,10
u3210029,10
u3210033,11
u3210046,27
u3210099,46
u3210261,18
u3210467,14
u3210491,7
u3210567,13
u3210615,12
u3210689,24
u3210795,12
u3210910,17
u3211043,13
u3211165,64
u3211225,16
u3211736,30
u3211778,11
u3212155,8
u3212238,33
u3212273,18
u3212314,17
u3212333,8
u3212340,9
u3212372,11
u3212463,23
u3212643,11
u3212652,15
u3212680,13
u3212681,22
u3212710,11
u3212743,19
u321277,15
u3212812,20
u3212944,7
u3213134,19
u3213195,31
u3213226,15
u3213281,9
u3213382,22
u3213396,8
u3213423,18
u3213453,42
u3213458,29
u3213579,17
u3213597,13
u3213694,13
u3213805,18
u3213990,6
u3214088,29
u3214163,16
u3214213,8
u3214254,23
u3214491,9
u3214530,10
u3214542,13
u3214562,8
u3214673,16
u3214680,14
u3214685,11
u3214736,19
u3214947,14
u3214976,10
u3214991,16
u3215042,15
u3215123,15
u3215138,19
u3215261,8
u3215303,22
u3215390,12
u3215586,23
u3215705,11
u3215819,49
u3215861,34
u3215902,21
u3215929,68
u3216048,13
u3216122,30
u3216130,10
u3216144,10
u3216162,11
u3216250,50
u3216501,7
u3216537,28
u3216680,20
u3216836,19
u321686,9
u3216903,16
u3217006,19
u3217044,15
u3217246,9
u3217265,17
u3217339,16
u321741,13
u3217453,12
u3217459,23
u3217493,11
u3217823,35
u3217842,24
u3217879,11
u3217917,11
u3218213,12
u3218280,10
u3218290,10
u3218389,9
u3218403,23
u3218462,16
u321850,13
u3218596,12
u3218635,8
u3218666,17
u3218675,10
u3218789,27
u3218866,10
u3218890,33
u3218939,18
u3218971,10
u3218991,34
u3219238,14
u3219287,26
u3219413,34
u3219679,14
u3219777,13
u3219813,16
u3220127,10
u3220139,11
u3220207,14
u3220333,14
u3220373,14
u3220416,12
u3220445,20
u3220599,7
u3220793,9
u3220898,8
u322099,6
u3221082,13
u3221105,55
u3221273,15
u3221362,26
u32217,36
u3221924,11
u3221947,12
u3222044,16
u3222149,26
u3222314,41
u3222321,20
u3222329,28
u3222367,15
u3222424,16
u3222867,7
u3222911,14
u322294,10
u3223061,13
u3223299,10
u3223324,9
u322334,8
u3223366,49
u3223458,11
u3223520,10
u3223704,15
u3224018,7
u3224059,13
u322407,9
u3224179,19
u3224282,16
u322447,10
u3224510,17
u3224763,10
u3224786,8
u3224824,16
u3224830,18
u3224869,10
u3224871,15
u3224890,8
u3224979,33
u3225012,15
u3225154,8
u3225330,8
u3225554,9
u3225615,12
u3226035,21
u3226119,14
u3226236,11
u3226402,9
u3226426,27
u3226449,16
u3226646,7
u3226725,11
u3226837,11
u3226857,16
u3226869,13
u3227040,12
u3227171,16
u3227181,14
u3227199,13
u3227205,13
u3227400,14
u3227457,36
u3227873,19
u3228056,16
u3228307,7
u3228342,70
u3228470,10
u3228615,14
u3228782,8
u3228914,11
u3229116,35
u3229133,23
u3229135,32
u3229171,22
u3229349,8
u3229492,54
u3229599,10
u3229664,16
u3229679,15
u3230005,11
u3230070,10
u3230160,18
u3230288,20
u323034,10
u3231168,12
u3231179,13
u3231187,24
u3231403,23
u3231618,20
u3231650,17
u3231735,11
u3231811,17
u3231894,11
u3231959,13
u3231963,22
u323198,13
u3232012,9
u3232068,10
u3232092,10
u3232189,12
u3232193,13
u3232311,24
u3232328,23
u3232388,11
u323244,15
u3232536,22
u3232586,15
u3232680,20
u3232739,17
u3232861,15
u3232981,45
u3232999,14
u3233164,12
u3233220,16
u3233351,42
u3233359,24
u323347,13
u3233507,9
u3233562,31
u3233692,15
u3233708,13
u3233721,9
u3233929,9
u3234069,13
u3234208,10
u3234278,8
u3234432,24
u3234435,13
u3234615,19
u3234920,39
u3235097,24
u3235235,12
u3235298,19
u3235432,34
u3235449,22
u3235508,23
u3235541,9
u3235904,19
u3236133,92
u3236199,19
u3236350,15
u3236443,16
u3236536,53
u3236544,11
u3236673,38
u3236734,25
u3236971,24
u3237034,20
u3237051,15
u3237091,9
u3237101,14
u3237169,24
u3237278,17
u3237347,43
u3237401,9
u3237628,15
u3237809,11
u3237880,22
u3237922,12
u3237983,28
u3238022,16
u3238036,13
u3238107,18
u3238224,10
u3238227,17
u3238274,9
u3238328,18
u3238340,8
u3238361,63
u3238531,15
u3238661,9
u3238704,20
u3238828,9
u3238830,19
u3238888,12
u3239134,7
u3239264,27
u3239353,26
u3239420,10
u3239524,13
u3239577,74
u323964,11
u3239734,59
u3239796,11
u3239829,11
u3239869,47
u3239897,11
u3239939,24
u3239954,9
u3240020,13
u3240396,14
u3240564,10
u3240712,15
u3240750,26
u3240992,10
u3241065,9
u3241111,20
u3241359,9
u3241385,28
u3241586,25
u3241660,7
u3241685,20
u324173,12
u3241782,13
u324193,22
u3241984,13
u3242163,16
u3242576,14
u3242586,16
u3242875,17
u3243082,13
u3243202,20
u3243381,18
u3243386,20
u3243404,20
u3243416,22
u3243440,15
u3243633,8
u3243807,11
u3243810,9
u3243982,11
u3244072,16
u3244150,13
u3244202,11
u3244256,26
u3244351,33
u3244354,19
u3244516,9
u3244612,11
u3244672,38
u3244761,36
u3244774,58
u3244858,68
u3244877,21
u3244955,70
u3244963,23
u3245018,21
u3245140,11
u3245149,26
u3245254,20
u3245462,12
u3245479,12
u3245518,20
u3245548,15
u3245580,43
u324561,31
u3245810,10
u324591,14
u3245954,33
u3246192,35
u3246220,19
u324626,10
u3246388,14
u3246431,20
u3246511,12
u3246517,37
u3246588,15
u3246591,33
u324669,14
u3246721,25
u3246783,8
u3246967,10
u3247194,26
u3247310,8
u3247375,26
u3247514,18
u3247661,32
u3247662,11
u3247666,17
u3247823,38
u3247854,14
u3248032,12
u3248236,10
u3248276,13
u3248298,14
u3248299,36
u3248352,11
u3248413,12
u3248513,11
u3248526,10
u3248600,12
u3248713,10
u3248808,12
u3248816,33
u3248891,11
u3248897,19
u3248967,8
u3248975,10
u3249094,17
u3249233,47
u3249242,25
u3249312,28
u3249340,15
u3249375,25
u3249580,35
u3249638,25
u3249641,17
u3249741,9
u3249874,10
u3249887,23
u3249906,10
u3249945,14
u3249972,32
u3250045,8
u3250081,15
u3250111,30
u3250169,24
u3250171,55
u3250184,13
u3250247,53
u3250375,19
u3250388,20
u3250415,9
u3250420,13
u3250535,18
u3250537,11
u3250595,13
u3250767,16
u3250775,31
u3251008,58
u3251097,53
u3251152,9
u3251190,13
u3251291,11
u3251331,10
u3251395,79
u3251412,12
u3251641,11
u3251659,17
u3251662,20
u3251705,8
u3251709,18
u3251732,24
u3251780,18
u3251806,10
u3251807,15
u325188,9
u3251900,9
u3251994,11
u3251995,12
u3252078,20
u3252084,33
u3252122,18
u3252133,29
u3252337,56
u3252341,15
u3252458,44
u3252471,12
u3252528,10
u3252602,22
u3252807,12
u3252842,7
u3252959,13
u3252962,40
u3252967,12
u325299,9
u3253012,17
u3253052,9
u3253095,33
u3253130,12
u3253163,9
u3253165,24
u3253211,15
u3253230,10
u3253292,28
u3253418,26
u3253429,16
u3253452,26
u3253458,16
u3253475,32
u3253623,11
u3253786,13
u3253847,12
u3254020,7
u3254059,21
u3254129,26
u3254142,22
u3254147,12
u3254306,24
u3254374,14
u3254492,10
u3254521,35
u3254948,16
u3255016,8
u3255043,17
u3255081,12
u3255126,70
u325517,35
u3255197,11
u3255210,12
u3255296,29
u3255382,6
u3255506,51
u3255591,10
u3255644,14
u3255733,12
u325584,14
u3255876,7
u3255890,16
u3255904,22
u3255964,18
u3256197,15
u3256272,9
u3256288,65
u3256781,11
u3256911,19
u325719,9
u3257195,22
u3257266,30
u3257320,76
u3257331,18
u3257334,10
u3257362,8
u3257538,95
u3257642,12
u3257689,29
u3257701,53
u3257731,30
u3257746,49
u3257873,11
u3257918,14
u3258299,30
u325834,10
u3258342,10
u3258376,13
u3258405,17
u3258429,9
u3258564,12
u3258625,19
u3258663,16
u3258670,9
u3258701,9
u3258702,16
u3258762,13
u3258769,34
u3258799,19
u3258807,25
u3259194,17
u3259197,17
u3259419,8
u3259516,20
u3259547,31
u3259575,16
u325962,21
u3259649,18
u3259655,37
u3259760,16
u3259776,23
u3259784,17
u3259789,11
u3259823,10
u3259910,15
u3260148,15
u3260159,7
u3260173,15
u3260206,10
u3260279,22
u3260324,18
u3260351,22
u3260550,25
u3260700,11
u3260820,29
u3260832,23
u3260833,8
u3260942,52
u3260967,11
u326098,17
u3260991,14
u3261077,30
u3261116,32
u3261144,44
u326121,7
u3261491,9
u3261531,12
u3261578,35
u3261661,35
u3261677,14
u3261790,8
u3261875,16
u3261876,29
u3262111,17
u3262199,24
u3262218,14
u3262304,69
u3262351,42
u3262420,31
u3262527,10
u3262569,13
u3262570,10
u3262682,9
u3262802,7
u3262807,9
u3262850,16
u3262934,44
u3262961,8
u3262999,15
u3263025,9
u3263081,26
u3263130,13
u3263151,9
u3263201,39
u3263449,7
u3263472,9
u3263504,9
u3263515,28
u3263738,29
u3263843,24
u3264072,34
u3264255,9
u3264367,8
u3264371,49
u3264830,9
u3264900,23
u3265095,56
u3265116,29
u3265190,10
u3265274,12
u3265289,8
u3265316,64
u3265341,11
u32655,13
u3265535,15
u3265543,35
u3265662,45
u3265844,18
u3265880,26
u3265908,22
u3265992,19
u3266101,11
u3266223,11
u3266229,10
u326623,17
u3266288,9
u3266299,8
u3266583,7
u3266699,37
u3266849,21
u3266957,17
u3266969,9
u3267037,16
u3267247,13
u3267386,19
u3267409,15
u3267475,8
u3267779,23
u3267835,18
u3267879,22
u3267915,11
u3267979,11
u326807,11
u3268162,25
u3268375,12
u3268484,31
u3268492,33
u3268537,12
u3268538,18
u3268668,12
u3268679,9
u3268695,20
u3268809,24
u3269147,28
u3269154,24
u3269287,40
u3269356,9
u3269497,19
u3269583,57
u3269657,34
u3269661,10
u3269686,13
u3269713,13
u3269762,13
u3269865,19
u3269870,11
u3269890,10
u3270004,30
u3270089,14
u3270154,7
u3270258,7
u3270336,10
u3270349,17
u3270378,12
u3270458,16
u3270461,13
u3270477,27
u3270562,19
u3270634,7
u327066,9
u3270710,14
u3270799,12
u3271085,13
u3271098,21
u3271203,12
u3271303,12
u3271324,33
u3271397,20
u3271432,11
u3271470,15
u3271502,8
u3271540,11
u3271589,23
u3271749,21
u3271892,13
u3271966,23
u3271990,25
u3272078,30
u3272304,8
u3272393,28
u327255,12
u3272859,35
u3272941,28
u3272999,15
u3273032,13
u327304,13
u3273173,29
u3273288,23
u3273381,16
u3273476,15
u3273682,13
u3273746,17
u3273855,34
u3273967,18
u3274082,39
u3274101,6
u3274204,24
u3274241,45
u3274325,36
u3274410,14
u3274412,15
u3274478,52
u3274484,17
u3274589,29
u3274655,8
u3274672,57
u3274698,38
u327471,14
u3274863,9
u3274898,26
u3275029,84
u3275161,14
u3275259,16
u3275499,14
u3275613,39
u3275667,29
u3276042,24
u3276143,24
u3276256,23
u3276259,15
u3276342,10
u3276381,10
u3276461,15
u3276464,21
u3276507,15
u3276576,8
u3276647,8
u3276742,17
u3276799,15
u3276811,12
u3276822,25
u3276951,13
u3277159,24
u3277164,8
u3277296,49
u3277549,37
u3277621,9
u3277689,15
u3277734,11
u3277830,25
u3277849,12
u3277883,12
u3277984,9
u3278130,30
u3278230,26
u3278248,7
u3278272,9
u3278287,24
u3278566,11
u3278575,16
u3278611,17
u3278698,15
u3278699,8
u3278860,16
u327890,18
u3279063,19
u3279079,20
u327910,26
u3279207,26
u3279408,33
u327954,11
u3279781,25
u3279799,15
u3279883,13
u3279970,10
u3280022,32
u3280057,7
u3280080,17
u3280145,34
u3280201,9
u3280216,9
u3280263,10
u3280266,76
u328060,10
u3280613,11
u3280700,12
u3280767,15
u3280804,12
u3281035,11
u3281052,23
u3281061,9
u3281138,15
u3281304,37
u3281355,14
u3281365,20
u3281426,10
u3281509,18
u3281546,28
u3281609,8
u3281631,15
u3281635,14
u3281671,21
u3281685,17
u3281744,9
u3281882,9
u3281896,13
u3282016,27
u3282075,11
u3282172,15
u3282234,20
u3282277,23
u3282342,24
u3282356,7
u3282394,25
u3282496,10
u3282572,28
u3282646,10
u3282829,9
u3282979,22
u3282980,91
u3282983,10
u3283032,33
u3283152,16
u3283322,19
u3283342,12
u3283417,9
u3283442,24
u3283494,13
u3283513,11
u3283514,40
u3283533,13
u3283598,27
u3283685,26
u3283746,14
u3283783,27
u3283796,49
u3283804,23
u3283978,17
u3284089,11
u3284121,11
u3284124,26
u3284151,48
u3284203,9
u3284233,13
u3284249,20
u3284273,57
u3284641,18
u3284652,21
u328473,17
u328480,13
u3285072,11
u3285133,12
u3285150,6
u3285165,22
u3285181,24
u3285563,13
u3285630,12
u3285711,33
u3285731,56
u3285736,11
u3285747,11
u328581,14
u3286063,11
u3286149,9
u3286155,18
u3286170,12
u3286253,12
u3286372,19
u3286516,25
u3286637,19
u3286712,29
u3286747,15
u3286798,31
u3286950,33
u3287013,7
u3287030,33
u3287120,25
u3287238,26
u3287506,11
u3287547,50
u3287594,8
u3287600,7
u3287695,15
u3287736,15
u3287967,12
u3288179,14
u3288291,38
u3288433,10
u3288546,17
u3288593,15
u3288615,36
u3288636,15
u3288656,40
u3288722,14
u3288907,12
u3288954,38
u3288956,16
u3289014,8
u3289023,31
u3289025,19
u3289081,17
u3289116,10
u3289163,13
u3289224,43
u3289252,19
u3289269,17
u3289294,11
u3289311,36
u3289744,15
u3289762,61
u3289847,9
u3289901,28
u328993,13
u3289953,10
u3290025,40
u3290137,8
u3290182,10
u3290272,12
u3290283,43
u3290361,39
u3290364,26
u3290368,23
u3290373,23
u3290482,9
u3290609,17
u3290618,10
u3290806,28
u3290831,111
u3290940,50
u3290994,36
u329101,7
u3291176,10
u3291210,14
u3291221,15
u3291341,14
u3291381,29
u3291590,20
u3291691,14
u3291730,23
u3291970,21
u3292046,44
u3292080,39
u3292092,16
u3292108,14
u3292113,9
u329220,14
u3292269,15
u3292378,42
u3292380,12
u3292381,28
u3292477,42
u3292484,44
u3292503,11
u3292541,20
u3292564,19
u3292617,32
u3292636,14
u3292690,8
u3292704,15
u3292798,27
u329287,16
u3292922,14
u3292949,11
u3293197,11
u3293256,10
u3293363,26
u3293498,21
u3293631,18
u3293757,15
u3293864,11
u329414,11
u3294247,19
u3294292,15
u3294319,13
u3294459,14
u3294463,17
u3294471,9
u3294667,14
u3294938,34
u3295071,7
u3295152,11
u3295478,13
u3295547,15
u3295668,8
u3295755,28
u3295836,14
u3295933,20
u329604,16
u3296217,16
u3296236,10
u3296299,15
u3296391,17
u3296575,37
u3296628,24
u3296756,26
u3296949,24
u3297036,14
u3297069,10
u3297135,42
u3297176,10
u3297229,32
u3297323,13
u329733,34
u3297339,11
u3297401,11
u3297507,11
u3297692,29
u3297709,38
u3297744,16
u3297754,10
u329780,15
u3297856,19
u3297919,41
u3297948,16
u3297954,12
u3298028,11
u3298116,16
u3298231,15
u3298295,87
u3298314,10
u3298344,17
u3298662,36
u3298668,39
u3298963,31
u3299009,53
u3299159,10
u3299245,11
u3299335,27
u3299551,73
u3299609,6
u3299647,14
u3299946,20
u3300081,20
u3300148,63
u3300232,11
u3300269,23
u3300274,19
u3300294,35
u3300385,47
u3300624,8
u3300638,31
u3300794,17
u3300836,32
u3300904,11
u3300999,26
u3301020,16
u3301075,14
u3301186,13
u3301189,18
u3301337,27
u3301381,9
u3301390,13
u3301624,10
u3301728,11
u3301824,21
u3301833,12
u330188,17
u3301892,37
u3301943,17
u3301981,12
u3302067,35
u3302110,18
u3302142,7
u3302197,16
u3302213,26
u3302269,77
u3302382,8
u3302394,14
u3302414,18
u3302431,36
u3302561,7
u3302850,12
u3303175,8
u3303353,17
u3303382,24
u3303398,28
u3303849,15
u3303942,40
u3304031,25
u3304085,34
u3304101,19
u3304167,12
u3304193,17
u330436,12
u3304426,21
u3304490,10
u3304601,18
u3304638,33
u3304688,27
u3304883,11
u3305079,11
u3305104,14
u330564,9
u3305844,31
u3305901,16
u3305946,37
u3306044,50
u3306051,16
u3306123,16
u3306234,136
u3306279,11
u3306434,12
u3306466,7
u3306543,14
u3306805,11
u3307086,30
u3307203,12
u3307407,12
u3307425,31
u3307436,12
u3307492,9
u3307646,9
u3307679,27
u3307770,13
u3307940,9
u3307951,10
u3308039,13
u3308066,15
u3308292,15
u3308424,15
u3308527,20
u3308800,18
u3308870,14
u3308900,26
u3308968,32
u3309093,24
u3309108,39
u330929,22
u3309686,25
u3309821,11
u3310220,9
u3310269,11
u3310329,19
u3310347,9
u3310438,9
u3310561,16
u3310626,34
u3310739,17
u3310814,19
u3310850,14
u3310902,16
u3310986,14
u3311203,6
u3311480,43
u3311516,10
u3311636,12
u3311669,9
u3311737,13
u3311808,15
u3311819,56
u3311838,17
u3312036,11
u3312119,7
u3312289,15
u3312322,7
u3312325,16
u3312401,13
u3312421,8
u3312424,9
u3312428,24
u3312650,16
u3312691,12
u3312740,7
u3312820,35
u3313055,25
u3313083,11
u3313198,7
u3313403,32
u3313425,27
u331355,13
u3313645,10
u3313838,8
u331387,11
u3314006,27
u3314172,11
u3314196,15
u3314223,51
u3314249,11
u3314369,31
u3314370,36
u3314454,10
u3314494,10
u3314535,25
u3314643,13
u3314684,38
u3314765,19
u3314857,7
u3314895,13
u3315261,10
u3315337,11
u3315474,11
u3315513,9
u3315537,13
u3315726,9
u3315839,21
u3315888,21
u3315913,45
u3316002,10
u3316031,10
u3316174,25
u3316300,50
u3316348,21
u3316558,11
u3316815,19
u3317215,9
u3317295,11
u3317543,11
u3317593,22
u3317839,35
u3317850,21
u3317938,12
u3318004,22
u3318027,31
u3318106,25
u3318151,22
u3318285,19
u3318299,10
u3318347,17
u3318610,36
u3318615,18
u331868,8
u3318682,11
u3318858,43
u3318961,52
u3318994,20
u3319225,20
u3319270,25
u3319476,14
u3319637,19
u331967,15
u3319850,21
u3320020,14
u3320179,11
u3320363,14
u3320372,34
u3320503,14
u3320527,27
u3320590,8
u3320599,20
u3320685,16
u3320973,8
u3321013,10
u3321127,10
u3321227,17
u3321253,8
u3321596,13
u3321655,14
u3321752,12
u3321896,10
u3322016,10
u3322035,10
u3322054,79
u3322117,11
u3322252,9
u3322685,10
u3322686,12
u3322716,36
u3322792,13
u3322796,12
u3322846,9
u3322908,15
u3322967,21
u3323020,24
u3323062,14
u3323323,19
u3323344,13
u3323361,16
u3323507,39
u3323564,10
u3323670,8
u3324018,15
u3324138,12
u3324238,13
u3324286,11
u3324308,15
u3324378,30
u3324495,12
u3324616,12
u3324631,14
u3324659,34
u3324665,9
u3324702,25
u3324715,19
u3324751,13
u3324769,8
u3324880,13
u3324941,18
u3325138,20
u3325354,31
u332544,12
u3325510,6
u3325536,16
u3325600,79
u3325668,21
u3325810,11
u3325842,10
u3326055,7
u3326178,8
u3326245,10
u3326256,12
u3326344,30
u3326390,8
u3326545,12
u3326734,7
u3326813,21
u3326963,35
u332714,8
u3327297,15
u3327349,18
u3327355,68
u3327364,9
u3327394,7
u3327402,35
u3327546,49
u3327583,19
u3327698,9
u3327904,32
u3327948,9
u3328002,8
u3328061,12
u3328110,11
u3328204,19
u3328362,11
u3328506,9
u3328616,39
u3328849,14
u3328964,17
u3329344,34
u3329394,10
u3329428,17
u3329470,12
u3329569,13
u3329691,19
u3329763,10
u3329926,14
u3330055,13
u3330229,34
u3330314,21
u3330347,8
u3330376,12
u3330404,17
u3330417,9
u3330480,19
u3330546,17
u3330685,38
u3330689,7
u3330785,10
u3330879,11
u3330882,25
u3331308,18
u3331324,13
u3331514,12
u3331723,17
u333182,11
u3332029,10
u3332121,15
u3332128,23
u3332132,15
u3332143,21
u3332178,31
u3332297,12
u3332513,30
u3332558,14
u3332572,18
u3332622,39
u3332675,10
u3332736,17
u3332974,29
u3332978,11
u3333013,11
u3333121,10
u3333328,8
u3333336,8
u3333402,7
u3333443,20
u3333449,25
u3333547,17
u3333676,7
u3333746,9
u3333875,12
u3333918,18
u3334348,17
u3334389,17
u3334576,10
u3335031,12
u333510,10
u3335133,17
u3335189,8
u3335320,11
u3335698,58
u3335726,35
u3335811,8
u3335884,36
u3336098,9
u3336264,12
u3336364,7
u3336370,15
u3336420,22
u3336476,11
u3336655,24
u3336669,10
u3336702,21
u3337164,15
u3337237,10
u3337454,10
u3337576,15
u3337581,14
u3337615,10
u3337780,12
u3337844,27
u3337925,14
u333804,10
u3338291,32
u3338430,19
u3338662,24
u3338709,11
u3338851,22
u3338929,10
u3338961,22
u3339077,7
u3339216,29
u3339241,32
u3339475,19
u3339484,32
u3339598,12
u3339773,24
u3340092,23
u3340182,9
u3340217,11
u334022,25
u3340269,13
u3340324,10
u3340444,31
u3340452,13
u3340539,47
u3340568,20
u334061,10
u3340656,37
u3340697,13
u3340780,17
u3340842,26
u3341024,11
u3341026,10
u3341096,17
u3341105,15
u3341155,32
u3341186,12
u3341360,12
u3341415,38
u3341477,11
u3341541,21
u3341605,15
u3341650,15
u3341878,10
u3341889,14
u3342033,10
u3342055,17
u3342088,10
u3342229,64
u3342390,14
u3342451,12
u3342482,14
u3342604,33
u3342652,37
u3342740,8
u3342741,9
u3342791,23
u3343096,25
u3343297,15
u3343500,9
u3343694,13
u3343704,29
u3343832,8
u334388,6
u3343916,16
u3343959,9
u3344027,13
u3344066,28
u3344108,80
u3344150,9
u3344260,38
u3344392,17
u3344434,20
u3344502,16
u3344637,36
u3344666,11
u3344732,23
u3344784,52
u3344867,16
u3344900,17
u3345064,34
u3345131,49
u334527,19
u3345441,12
u3345480,30
u334576,7
u3346083,10
u334623,8
u3346567,7
u3346857,18
u3346881,12
u3346917,12
u3347123,41
u3347145,19
u3347328,16
u3347405,16
u3347431,10
u3347500,17
u334787,28
u3347903,10
u3348407,16
u334848,17
u334898,12
u3349229,20
u3349413,42
u3349755,25
u3350021,20
u3350083,24
u3350101,37
u3350275,27
u3350991,11
u3351113,30
u3351253,61
u3351369,20
u3351427,8
u3351799,7
u3351915,12
u3351965,21
u3351969,17
u3352446,9
u3352451,32
u3352549,15
u3352681,10
u3352982,14
u3353013,9
u3353037,20
u3353492,24
u3353993,16
u3354018,13
u3354050,17
u3354157,47
u3354166,20
u3354224,26
u3354280,12
u3354288,10
u3354327,22
u3354476,9
u3354562,14
u3354739,15
u3354824,35
u3354930,9
u3355093,12
u3355395,13
u3355508,7
u3355588,17
u3355836,14
u3355841,11
u3355924,35
u3356108,46
u3356176,15
u3356450,17
u3356581,10
u3356660,9
u3356661,13
u3356681,18
u3356737,15
u3356894,12
u3356901,11
u3356941,32
u3357049,22
u3357449,18
u3357551,39
u3357557,12
u3357670,9
u3357673,20
u3357833,9
u3357915,10
u3358222,9
u3358395,9
u3358552,12
u3358771,9
u335879,13
u3359083,19
u3359423,33
u335943,12
u3359447,13
u3359449,20
u3359576,8
u3359627,14
u3359698,15
u3359799,21
u3360135,7
u336032,21
u3360691,13
u3360753,14
u3360767,8
u3360943,17
u3361382,14
u336162,11
u3361655,10
u3361959,22
u3362319,10
u336235,17
u3362435,27
u3362530,21
u3362746,16
u3362844,24
u3362876,22
u3362970,17
u3362998,15
u3363000,75
u3363175,11
u3363200,7
u3363248,17
u3363264,12
u3363358,20
u3363447,26
u3363524,12
u3363584,10
u3363590,13
u3363773,14
u3363960,52
u3364064,19
u3364130,10
u3364196,8
u3364397,46
u3364435,18
u3364524,18
u3364554,14
u3364654,12
u3364656,12
u3364661,13
u3364729,9
u3364800,63
u336490,10
u3364942,20
u3365106,20
u3365472,36
u3365593,20
u3365993,23
u3366172,12
u3366178,9
u3366371,23
u3366617,19
u3366648,27
u336668,11
u3366692,18
u3366705,37
u3366763,11
u3366771,32
u336683,13
u3366881,15
u3367188,31
u3367321,23
u3367373,39
u3367447,16
u3367531,30
u3367565,14
u3367567,31
u3367618,12
u3367619,31
u3367628,17
u3367710,9
u3367762,42
u3367877,20
u3367928,55
u336805,19
u3368077,15
u3368121,17
u3368138,13
u3368208,13
u3368247,19
u3368362,25
u3368415,7
u3368680,53
u336909,12
u3369161,22
u3369295,53
u3369301,55
u3369312,35
u3369345,20
u3369457,15
u3369491,11
u3369605,13
u3369724,38
u3369787,26
u3369788,9
u3369845,15
u3369915,24
u3370549,10
u3370909,18
u3371519,8
u3371560,11
u3371836,15
u337192,12
u3371925,12
u3372020,17
u3372123,17
u3372229,12
u3372261,9
u3372277,16
u3372379,10
u3372484,15
u3372487,26
u3372522,45
u3372713,26
u3372910,42
u3372940,13
u3373012,10
u3373093,14
u3373150,19
u3373505,25
u3373590,25
u3373609,10
u3373620,18
u3373675,56
u3373781,7
u3373812,10
u3374095,8
u3374147,8
u3374337,12
u3374365,16
u3374565,38
u3374643,24
u3374722,10
u3374739,74
u3374742,47
u3374788,47
u3374813,15
u3374872,16
u3374983,53
u3374991,12
u3375668,15
u3375955,8
u337597,11
u3376001,11
u3376039,12
u3376237,15
u3376316,20
u3376438,12
u337645,11
u3376647,12
u337676,11
u3376873,13
u3376900,11
u3377194,21
u3377268,14
u3377284,15
u3377291,16
u3377309,19
u3377364,16
u3377449,8
u3377543,32
u3377581,22
u3377615,21
u3377666,25
u3377691,17
u3377755,26
u3377759,13
u3377789,13
u3377960,8
u3377972,6
u3377991,16
u3378085,15
u3378153,22
u3378202,26
u3378412,13
u3378428,14
u3378438,15
u3378442,14
u3378489,22
u3378560,16
u3378599,46
u3378608,52
u3378688,11
u3378702,49
u3378752,17
u3379098,9
u3379123,58
u3379202,9
u3379519,10
u3379604,14
u3379717,12
u3379732,8
u3379802,11
u3379902,14
u3380094,16
u3380099,12
u3380194,20
u3380262,17
u338040,17
u3380414,14
u3380804,10
u3380833,15
u3380891,9
u3381111,75
u3381155,17
u3381216,15
u3381287,7
u3381370,18
u3381549,11
u3381589,11
u338162,13
u3381624,11
u3381646,9
u3381780,19
u3381829,11
u3381997,12
u3382021,33
u3382063,11
u3382190,11
u3382506,11
u3382511,10
u3382702,7
u3383029,35
u3383030,11
u3383031,19
u3383063,22
u3383176,11
u3383277,12
u3383318,13
u3383370,72
u3383671,67
u3383784,14
u3383809,10
u3383845,10
u3384053,22
u3384099,12
u3384229,41
u3384393,72
u3384537,13
u338458,9
u3384593,24
u3384679,14
u3384821,11
u3384840,10
u3384922,26
u3385216,8
u3385333,9
u3385361,8
u3385512,12
u3385722,13
u3385727,6
u3385749,18
u3385781,7
u3385837,27
u3385941,19
u3385957,42
u3385979,8
u338609,13
u3386155,10
u3386224,15
u3386305,13
u3386395,15
u3386434,9
u3386454,10
u3386464,72
u3386526,13
u3386715,18
u3386983,23
u3387137,23
u3387304,15
u3387810,35
u3387996,118
u3388008,17
u3388075,31
u3388229,13
u3388235,13
u3388281,17
u3388309,21
u3388442,10
u3388608,14
u3388611,45
u3388705,10
u3388751,11
u3388856,13
u3389015,6
u3389249,10
u3389261,20
u3389277,9
u338931,10
u3389511,34
u3389538,16
u3389550,15
u3389762,27
u3390055,24
u3390664,38
u3390707,8
u3390710,11
u3390905,16
u3391009,18
u3391087,8
u3391120,26
u339138,9
u3391552,13
u3391722,61
u3391935,19
u3392027,18
u3392083,22
u3392159,13
u3392256,13
u3392303,12
u3392741,11
u3392842,24
u3392938,17
u3392997,11
u339320,12
u3393246,17
u339326,12
u3393440,11
u3393662,9
u3393671,14
u3393746,12
u3393754,19
u3393818,10
u3393873,11
u3393898,10
u3393972,13
u3394024,12
u3394110,20
u3394157,17
u3394267,22
u3394577,20
u3394591,14
u3394732,33
u3394739,14
u3394765,31
u3394833,18
u3394892,21
u3394943,11
u3394977,15
u3395329,21
u3395550,16
u3395663,19
u3395676,13
u3395704,7
u3395758,13
u3396144,60
u3396585,10
u3396778,17
u3396800,22
u3397021,18
u3397093,12
u3397534,18
u3397718,22
u3397771,22
u3397905,12
u3397983,14
u3398199,11
u3398240,9
u3398340,12
u3398500,30
u3398565,12
u3398875,13
u3399213,13
u3399301,23
u3399302,10
u3399354,50
u3399514,10
u3399539,22
u339954,14
u3399562,36
u3399599,80
u3399611,33
u3399672,15
u3399722,12
u3399779,15
u3399808,18
u3399876,11
u3400092,21
u3400131,31
u3400267,47
u3400562,28
u3400651,10
u3400695,13
u3400718,19
u3400764,8
u3400921,22
u3401017,21
u3401061,12
u3401118,8
u3401160,20
u3401224,25
u3401230,7
u3401263,22
u3401356,24
u3401401,14
u3401413,26
u3401452,51
u3401507,21
u3401558,67
u3401562,17
u3401730,25
u3401818,25
u3401985,11
u3402011,13
u3402057,13
u3402076,81
u3402156,22
u3402208,65
u3402248,24
u3402324,11
u3402396,15
u3402442,22
u3402488,22
u3402697,13
u3402718,27
u3402767,12
u3402790,7
u3402816,18
u3402827,24
u3402864,19
u3402973,19
u3403054,23
u3403092,12
u3403093,24
u3403112,15
u3403122,15
u3403212,14
u3403286,19
u340333,12
u3403453,27
u3403481,23
u3403554,9
u3403684,35
u3403784,22
u340381,9
u3403921,10
u3403966,11
u3404266,7
u3404399,15
u3404418,10
u3404441,31
u3404500,13
u3404551,10
u3404570,11
u3404583,13
u3404616,50
u3404725,13
u3404966,26
u3405167,59
u3405213,34
u3405216,10
u3405713,8
u3405728,11
u3405733,20
u3405825,12
u3405966,12
u3406012,10
u3406053,15
u3406061,28
u3406205,22
u3406744,17
u3407100,32
u3407143,23
u3407153,29
u3407240,11
u3407245,17
u3407303,7
u3407413,6
u3407433,20
u3407499,28
u3407553,16
u3407593,12
u3407680,11
u3407810,11
u3407867,29
u3407880,10
u340816,9
u3408187,17
u3408356,10
u3408446,31
u3408548,20
u3408632,23
u3408666,23
u3408733,28
u340880,13
u3408820,18
u3408899,34
u3408963,12
u3409124,9
u3409178,23
u3409180,21
u3409348,19
u3409391,26
u3409613,29
u3409750,28
u3409927,22
u3409932,26
u3409989,16
u3410003,12
u3410092,12
u3410209,11
u3410346,15
u3410384,6
u3410413,9
u3410465,77
u3410579,11
u3410695,44
u3411243,14
u3411327,24
u3411338,40
u3411391,11
u3411409,20
u3411425,17
u3411663,11
u3411685,9
u3411977,22
u3412189,28
u3412320,17
u3412464,13
u3412496,17
u3412556,31
u3412575,9
u341277,32
u3412866,18
u3412969,21
u3413252,13
u3413279,21
u3413333,14
u3413385,12
u3413462,9
u3413541,11
u3413655,64
u3413833,11
u3413892,48
u3413980,20
u3414370,21
u3414548,10
u341493,8
u3414986,18
u3415169,24
u3415445,25
u3415596,18
u3415627,11
u3415752,22
u3415756,15
u3416077,11
u3416224,11
u341653,21
u3416659,8
u3416705,21
u3416956,11
u3417153,22
u3417162,44
u341720,8
u3417288,11
u341751,14
u3417514,11
u3417749,10
u3417889,12
u3417903,19
u3418039,7
u3418245,29
u3418261,67
u3418334,15
u3418511,13
u3418653,16
u3419227,11
u3419291,11
u3419311,44
u3419437,10
u3419528,48
u3419692,21
u3419741,10
u3419763,14
u3419869,20
u3419887,26
u3419930,17
u3420310,30
u3420435,30
u3420455,12
u3420562,22
u3421176,17
u3421180,11
u3421339,10
u3421349,13
u3421446,24
u3421485,16
u3421556,13
u3421758,12
u3421817,23
u3421829,68
u3421917,16
u3421933,12
u3422099,56
u3422106,68
u3422108,16
u3422114,13
u3422272,13
u3422281,83
u3422285,8
u3422302,12
u3422360,9
u3422367,10
u3422373,13
u3422405,15
u3422426,32
u3422444,39
u3422536,29
u342268,8
u3422706,14
u3422983,11
u3423078,14
u3423085,10
u3423141,20
u3423226,38
u342327,28
u3423372,19
u3423383,11
u3423384,18
u342340,12
u3423422,32
u3423462,11
u3423476,26
u3423485,30
u3423753,14
u3423758,13
u3423860,15
u3423890,47
u3423912,18
u3424050,12
u3424063,9
u3424103,19
u3424280,11
u3424303,22
u3424322,11
u3424386,16
u3424392,13
u3424456,10
u3424462,12
u3424531,15
u3424607,11
u3424679,9
u3424715,45
u3424717,9
u3424723,11
u3424741,46
u342476,12
u3424833,14
u3425076,11
u3425113,14
u3425270,16
u3425348,33
u3425467,22
u3425527,8
u3425628,17
u3425650,69
u3426232,10
u3426289,8
u3426326,34
u3426419,28
u3426431,26
u3426583,17
u3426670,16
u3426688,24
u3426762,24
u3426883,7
u3426904,27
u3426986,13
u3427081,14
u3427120,29
u3427172,16
u3427238,19
u3427294,57
u3427335,13
u3427393,12
u3427436,10
u3427507,15
u3427552,20
u3427780,30
u3427844,22
u3428010,16
u3428018,9
u3428060,18
u3428070,14
u3428082,14
u3428153,21
u3428234,9
u3428309,28
u3428315,9
u3428398,12
u3428511,19
u3428548,11
u3428688,44
u3428768,15
u3428796,8
u3428819,12
u3428864,9
u3428907,39
u3428946,17
u3429050,10
u3429130,28
u3429168,15
u3429172,8
u3429189,15
u3429205,8
u3429240,29
u3429250,35
u3429357,21
u3429578,8
u3429608,9
u3429730,43
u3429762,21
u3429767,16
u3429963,41
u3430023,12
u3430195,12
u3430549,29
u3430661,11
u3430738,23
u3430781,17
u3430897,10
u3431007,26
u3431030,12
u3431035,17
u3431044,38
u3431066,29
u3431264,84
u3431266,9
u3431462,29
u3431490,10
u3431557,9
u3431731,11
u3431779,56
u3431840,34
u3431871,7
u3431921,16
u3431972,13
u3431985,13
u343206,11
u3432076,19
u3432108,10
u3432277,16
u3432371,16
u3432532,9
u3432561,31
u3432600,9
u3432619,9
u3432651,14
u3433373,15
u3433580,16
u3433659,14
u3433694,9
u3433819,9
u3433921,14
u343398,15
u3433984,22
u3433992,23
u3434007,11
u3434085,15
u3434264,26
u3434431,7
u343444,11
u3434478,32
u3434650,24
u3434659,8
u3434737,13
u3435041,22
u3435135,7
u3435191,9
u3435224,31
u3435238,32
u3435315,18
u3435330,18
u3435347,8
u3435563,16
u3435647,39
u3435741,11
u3435835,15
u3435839,12
u3435845,12
u3436220,13
u3436305,16
u3436489,36
u3436710,10
u3436786,15
u3436945,26
u3436985,38
u3437003,11
u3437025,13
u3437085,8
u3437153,38
u3437157,34
u3437236,24
u343736,17
u3437428,23
u3437590,23
u3437606,15
u343763,13
u3437876,10
u3437905,8
u3437956,11
u3438088,8
u3438239,15
u3438333,12
u3438343,41
u3438541,91
u3438593,16
u3438670,19
u3438825,12
u3438830,38
u3438964,12
u3438981,12
u3439150,39
u3439220,27
u3439284,13
u3439324,26
u3439378,11
u3439463,19
u3439556,18
u3439868,33
u3439957,85
u3440021,27
u3440101,40
u3440105,20
u3440134,20
u3440218,23
u3440491,33
u3440523,12
u3440600,56
u3440694,24
u3440723,25
u3440763,13
u3440778,53
u3440837,22
u3441132,10
u3441225,8
u3441434,25
u3441462,9
u344148,10
u3441505,23
u3441585,14
u3441609,12
u3441647,11
u3441688,13
u3441715,10
u3441866,12
u3441899,33
u344192,13
u3442019,12
u3442109,23
u3442219,18
u3442234,11
u3442413,16
u3442483,13
u3442556,6
u3442578,38
u3442632,13
u3442713,9
u3442814,16
u3442850,10
u3442891,30
u3443050,35
u3443162,15
u3443165,14
u3443308,17
u3443360,30
u3443397,20
u3443466,19
u3443527,16
u3443637,11
u3444131,15
u3444295,35
u3444549,34
u3444628,10
u344469,10
u3444959,18
u3445151,13
u3445261,25
u3445349,13
u3445367,34
u3445392,15
u3445425,7
u3445429,68
u3445464,19
u3445466,9
u3445490,26
u3445643,30
u3445666,12
u3445797,16
u3446049,23
u3446286,28
u3446297,19
u3446312,12
u3446543,7
u3446553,21
u3446628,12
u344664,10
u3446650,9
u3446706,16
u3446739,14
u3446769,25
u3446819,20
u3446848,19
u3446904,22
u3446964,9
u344708,10
u3447082,18
u3447186,9
u3447199,23
u3447368,19
u3447506,25
u3447581,14
u3447636,31
u3447656,24
u3447673,13
u3447773,39
u3447811,18
u3447913,46
u3448088,17
u3448130,25
u3448146,11
u3448188,9
u3448243,20
u3448274,12
u3448291,7
u3448374,56
u3448426,12
u3448452,20
u3448471,55
u3448480,19
u3448482,14
u3448509,25
u3448510,22
u3448605,22
u3448617,24
u3448626,19
u3448681,20
u3448720,10
u3448771,15
u3448804,8
u3448809,11
u3448823,14
u3448913,21
u3448995,8
u3449006,30
u3449147,17
u3449156,39
u3449239,18
u3449326,20
u3449382,18
u3449498,78
u3449741,18
u3449878,8
u3449880,10
u3450192,15
u3450339,7
u3450472,14
u3450485,11
u3450550,10
u3450626,10
u345081,11
u3450810,21
u3450958,16
u3450982,18
u3450991,8
u3450995,9
u3451178,40
u3451217,16
u3451222,27
u3451225,9
u345155,7
u3451651,13
u3451680,8
u3451749,26
u3451789,11
u3451797,17
u3451806,15
u3452029,26
u3452128,11
u3452205,11
u3452327,72
u3452358,54
u3452376,12
u3452489,18
u3452702,10
u3452811,17
u3452865,44
u345287,13
u3452908,36
u3453041,19
u3453124,21
u3453193,10
u3453295,10
u3453369,13
u3453373,19
u3453386,19
u3453579,23
u3453683,10
u3453694,10
u3453860,7
u3453964,13
u3454109,14
u3454125,41
u3454449,32
u3454537,24
u3454629,30
u3454701,13
u3454860,8
u3455033,20
u3455064,24
u3455077,8
u3455196,21
u3455721,14
u3455730,44
u3456513,8
u345682,9
u3456832,15
u3456892,12
u3457198,16
u3457241,53
u345743,12
u3457468,16
u3457550,20
u3457715,17
u3457895,10
u3457909,29
u3458535,22
u3458574,19
u3458637,9
u3458840,10
u3458955,16
u3458971,14
u3459078,10
u3459101,10
u3459123,23
u3459146,13
u3459152,9
u3459213,12
u3459243,19
u3459563,14
u3459835,16
u345984,9
u3459989,19
u3460139,11
u3460165,10
u3460169,12
u3460176,14
u3460197,12
u3460391,24
u3460541,24
u3460723,16
u3460863,12
u3461150,28
u3461161,19
u3461199,14
u3461200,17
u3461412,17
u3461432,34
u3461481,10
u3461582,10
u3461745,17
u3462012,18
u3462359,7
u3462427,65
u3462458,33
u3462698,23
u3462711,10
u3462714,10
u3462730,13
u3462788,7
u3463234,11
u3463268,10
u3463404,10
u3463411,18
u3463422,13
u3463501,19
u3463767,18
u3463788,13
u3463818,14
u3463951,11
u3463957,9
u3463996,7
u3464095,15
u3464120,9
u3464478,10
u346481,7
u3464825,13
u3465250,12
u3465268,53
u3465388,10
u3465777,10
u3465864,11
u3465987,14
u3466117,7
u3466195,8
u3466298,32
u3466318,25
u3466393,8
u3466423,12
u3466433,16
u3466479,9
u3466799,16
u3467025,12
u3467443,30
u3467569,12
u3467767,11
u3467776,13
u3468075,16
u3468207,13
u3468244,12
u3468285,16
u3468357,14
u3468453,12
u3468974,16
u3468976,11
u346899,11
u3469014,10
u3469201,11
u3469383,14
u3469704,19
u3469711,14
u3469712,10
u3469735,17
u3469812,8
u3469886,10
u346994,15
u3469953,12
u3470178,11
u3470370,19
u3470377,21
u3470534,26
u3470631,10
u3470727,19
u347078,15
u3470834,18
u3470929,21
u3471135,13
u3471285,16
u3471671,10
u3472317,15
u3472323,16
u3472331,31
u3472480,66
u3472720,12
u3472973,14
u3473118,10
u3473218,12
u3473233,16
u3473239,12
u3473244,12
u3473401,13
u3473416,25
u3473452,58
u3473512,72
u3473625,16
u3473651,16
u3473822,15
u3473865,15
u3473965,11
u3474011,35
u347412,6
u3474125,10
u3474165,29
u3474235,27
u3474296,37
u3474563,12
u3474576,10
u3474583,13
u3474709,15
u3474715,10
u3474754,8
u3474992,22
u3475022,32
u3475117,38
u3475142,13
u347521,14
u3475221,34
u3475266,12
u3475272,8
u3475298,11
u3475337,6
u3475374,54
u3475444,33
u3475453,13
u3475499,13
u3475555,14
u3475628,14
u3475704,21
u3475737,50
u3475755,72
u3475765,12
u3475786,17
u3475968,10
u3476080,29
u3476157,8
u3476168,18
u347620,12
u3476427,34
u3476752,8
u3477020,9
u3477168,26
u3477494,22
u3477541,11
u3477582,17
u3477593,11
u3477669,9
u3477729,42
u3477802,18
u3477890,15
u3477929,15
u3477978,8
u3478231,40
u3478247,15
u3478309,18
u3478315,10
u3478531,15
u3478807,11
u3478894,9
u3479263,14
u3479532,11
u3479798,6
u3479918,12
u3480258,13
u3480285,33
u3480673,23
u3480676,9
u3480796,34
u3480845,16
u3480846,39
u3480959,10
u3481051,15
u3481119,9
u3481167,28
u3481299,9
u3481311,11
u3481389,8
u3481507,32
u3481641,22
u3481715,9
u3481737,14
u3481770,9
u3481888,29
u3482056,11
u3482267,50
u3482291,33
u3482323,11
u3482390,15
u3482490,35
u3482495,6
u3482507,16
u3482511,20
u3482529,11
u348262,14
u3482663,39
u3482703,17
u3482745,6
u3482801,29
u3483086,31
u3483199,9
u3483209,45
u3483259,8
u3483309,54
u348341,24
u3483421,12
u3483479,16
u3483720,11
u3483821,32
u3483960,55
u3484009,17
u3484269,15
u3484300,12
u348454,12
u3484564,32
u3485458,75
u3485495,16
u3485570,10
u3485614,21
u348580,15
u3485882,12
u3485913,11
u3485949,12
u3486106,12
u3486204,16
u3486225,8
u3486477,10
u3486558,9
u3486648,17
u3486748,9
u3486928,13
u3487175,58
u3487681,75
u3487864,16
u3487885,14
u3488010,12
u3488222,12
u3488303,20
u3488624,9
u3489061,23
u3489598,17
u3489899,19
u3489943,19
u3490289,8
u3490415,20
u3490631,9
u3490702,12
u3490738,12
u3490780,34
u3490885,18
u349096,10
u3490988,14
u3491012,13
u3491066,33
u3491098,102
u3491165,52
u3491299,9
u3491390,11
u3491782,22
u3492151,12
u3492299,16
u3492497,17
u3492994,24
u3493257,7
u3493295,12
u3493385,11
u3493533,8
u3493536,7
u3493591,28
u3493607,9
u3493742,12
u3493931,13
u3494012,7
u3494035,12
u3494038,9
u3494043,14
u3494143,29
u3494238,25
u3494246,17
u3494295,26
u3494456,10
u3494814,11
u3494852,13
u3494982,33
u3494984,9
u3495235,29
u3495370,17
u3495517,11
u3495549,13
u3495679,14
u3495713,6
u3495734,31
u3495917,11
u3495986,13
u349600,31
u3496073,18
u3496111,15
u3496144,17
u3496467,7
u3496492,16
u3497011,10
u3497159,9
u3497186,14
u3497235,13
u3497318,26
u3497389,9
u3497403,21
u3497564,8
u3497668,15
u3497683,9
u3497716,9
u3498003,25
u3498149,18
u3498301,11
u3498356,11
u3498536,13
u3498557,24
u3498638,23
u3498650,58
u3498705,8
u3498761,22
u3498790,11
u3498836,9
u3498886,19
u3498900,6
u3498930,25
u3498950,10
u3498975,12
u3499016,8
u3499046,33
u3499172,10
u3499179,15
u3499371,25
u3499394,25
u349957,8
u3499571,20
u3499654,14
u3499821,27
u3499832,10
u3499928,13
u3499955,26
u3500086,28
u3500090,16
u3500416,15
u3501060,58
u3501194,146
u3501260,75
u3501428,9
u3501465,21
u350154,15
u3501549,8
u3501560,42
u3501728,12
u3502057,13
u3502119,16
u3502162,11
u3502163,10
u3502484,11
u3502808,22
u3502919,29
u3503046,64
u3503126,10
u3503356,16
u3503358,20
u3503366,73
u3503398,16
u3503408,16
u3503438,62
u3503449,9
u3503474,18
u3503478,18
u3503496,16
u3503513,12
u3503641,21
u3503767,40
u3503993,9
u3504041,40
u3504090,12
u3504130,13
u3504186,52
u3504344,16
u3504366,7
u3504425,10
u3504483,9
u3504752,25
u3505176,15
u3505265,19
u350532,12
u3505572,9
u3505859,9
u3505951,13
u3506343,6
u3506624,9
u3506807,16
u3506945,18
u3507096,17
u350819,21
u3508214,12
u3508267,15
u3508275,9
u3508361,13
u3508547,10
u3508561,15
u3509091,8
u3509449,28
u3509450,13
u3509504,11
u3509525,12
u3509653,7
u3509668,24
u3509670,16
u3509733,13
u3510071,9
u3510073,16
u3510095,18
u3510306,13
u3510322,14
u3510347,20
u3510363,10
u351046,16
u3510480,23
u3510485,10
u3510628,13
u3510645,19
u3510657,18
u3510718,23
u351086,15
u3510973,41
u3510980,13
u3511080,13
u3511095,9
u3511186,23
u3511367,12
u3511634,12
u3511753,17
u351176,16
u3512546,18
u3512614,7
u3512699,19
u3512733,17
u3512791,21
u3512896,31
u3512954,11
u3512991,21
u3513006,10
u351301,15
u3513076,8
u3513111,22
u3513182,20
u3513185,90
u3513226,13
u3513300,15
u3513327,17
u3513760,24
u3513974,47
u3514259,16
u3514322,16
u3514383,16
u3514505,14
u3514554,9
u3514681,10
u3514718,13
u3514743,10
u3514959,14
u3515030,8
u3515466,43
u3515725,11
u3515876,15
u3515886,22
u3515917,57
u3516026,13
u3516108,36
u3516397,10
u3516400,11
u3516659,16
u3516685,11
u3516747,12
u3516860,36
u3516886,9
u3516962,11
u3516965,7
u3517100,13
u3517128,20
u3517137,11
u3517253,9
u3517307,26
u3517349,19
u3517435,19
u3517533,20
u3517691,12
u3517820,12
u3517865,17
u3517922,15
u3517998,13
u3518029,29
u3518030,59
u3518070,13
u3518078,32
u3518145,11
u3518271,10
u3518556,20
u3518610,11
u3518757,11
u3518835,32
u3518949,20
u3519019,10
u3519038,9
u3519376,11
u3519404,18
u351956,9
u3519726,8
u3519733,12
u3519821,9
u3519855,12
u3519993,21
u3519995,17
u3520268,19
u3520286,36
u3520522,27
u3520673,23
u3521062,29
u3521109,14
u3521472,11
u3521490,9
u3521586,7
u3521948,23
u3521982,13
u3522022,13
u3522086,7
u3522180,10
u3522287,9
u3522394,31
u3522397,25
u3522466,30
u3522647,20
u3522767,18
u3522918,24
u3523003,18
u3523027,10
u3523147,21
u3523359,16
u3523361,45
u3523437,34
u3523443,15
u3523506,11
u352356,9
u3523598,33
u3523646,22
u3523763,29
u3524058,18
u3524090,28
u3524175,17
u3524203,12
u3524242,36
u3524332,10
u352450,17
u3524585,16
u3524625,22
u3524689,27
u3524706,23
u3524708,21
u3524807,25
u3524812,16
u3524828,30
u3524873,6
u3524907,8
u3524923,14
u3524929,13
u3525093,46
u3525167,19
u3525200,18
u3525210,19
u3525236,19
u3525250,10
u3525296,37
u3525384,16
u3525433,33
u3525482,13
u3525489,11
u3525562,22
u3525613,23
u352570,10
u3525809,11
u3525942,12
u3525945,12
u3525958,9
u3525977,27
u3526042,12
u3526162,14
u3526177,24
u3526206,89
u3526226,12
u3526262,17
u3526414,56
u3526439,11
u3526484,11
u3526602,54
u3526762,23
u3526779,13
u3526942,25
u3527022,14
u3527049,39
u3527055,13
u352741,14
u3527479,23
u3527480,19
u3527521,19
u3527557,13
u3527611,51
u3527693,10
u3527700,9
u3527866,7
u3527887,16
u3528063,41
u3528239,10
u3528347,29
u3528420,10
u3528490,7
u3528588,14
u3528621,8
u3528682,13
u3528748,18
u3528867,17
u3529112,10
u3529179,9
u3529443,10
u3529517,21
u3529800,18
u3530001,12
u3530137,7
u3530202,16
u3530204,10
u3530245,21
u3530431,16
u3530501,15
u3530526,14
u3530598,27
u3530796,8
u3530864,39
u3530868,16
u3531294,20
u3531303,14
u3531358,18
u3531407,13
u3531519,18
u3531614,28
u3531648,19
u3531693,16
u3531827,26
u3531961,40
u3532289,9
u3532298,23
u3532372,8
u3532391,17
u3532515,32
u3532676,18
u3532960,12
u3533103,11
u3533109,12
u3533203,8
u3533375,35
u3533571,11
u3533628,19
u3533775,12
u3533966,15
u3534718,16
u3534913,20
u3535120,10
u3535335,18
u3535352,59
u3535400,13
u3535568,24
u3535580,9
u3535832,14
u3535957,10
u3536087,32
u3536175,15
u353631,18
u3536540,11
u3536638,16
u3536795,42
u3536836,51
u3536981,12
u3537023,9
u3537211,11
u3537256,13
u3537422,22
u3537999,40
u3538037,19
u3538043,11
u35381,10
u3538137,12
u3538138,34
u3538199,19
u3538341,14
u3538791,11
u3538819,19
u3538940,49
u3539205,13
u3539244,11
u3539298,17
u3539365,45
u3539454,10
u3539473,9
u353961,11
u353975,9
u3539795,9
u3539833,11
u3539836,11
u3540010,23
u3540083,20
u3540214,12
u3540221,10
u3540223,15
u354028,23
u3540357,14
u3540814,32
u3540874,18
u354093,10
u3541037,10
u3541106,6
u3541326,15
u3541431,13
u3541611,10
u3541905,25
u3541985,65
u3542081,31
u3542150,27
u3542233,16
u3542264,21
u3542435,19
u3542501,7
u3542515,15
u3542745,17
u3543004,11
u3543192,7
u3543250,25
u3543554,13
u3543800,23
u3543857,8
u3544020,17
u3544089,54
u3544123,8
u3544174,13
u3544750,11
u3544753,12
u3545115,33
u3545167,18
u354544,9
u3545501,12
u3545508,18
u3545642,9
u3545715,38
u3545976,28
u3546018,18
u3546267,48
u3546306,16
u3546380,13
u3546402,25
u3546460,14
u3546491,10
u3547098,11
u3547107,12
u3547201,26
u3547247,12
u3547488,18
u354755,10
u3547553,12
u3547621,19
u3547649,15
u3547676,18
u3547764,8
u3547964,45
u3548075,12
u3548210,9
u3548244,13
u3548249,12
u3548803,17
u3548811,20
u3548935,16
u3548942,11
u3548980,25
u3549103,14
u3549161,19
u3549176,13
u3549199,18
u3549200,11
u3549263,14
u3549265,25
u3549274,31
u3549341,32
u3549536,19
u3549559,34
u3549592,21
u3549669,11
u3549751,15
u3549754,20
u3549861,18
u3550176,21
u3550296,32
u3550302,17
u3550436,9
u3550492,48
u3550556,22
u3550679,15
u3550691,37
u3550799,17
u355082,13
u3550834,12
u3550875,13
u3551116,7
u3551218,23
u3551271,39
u3551390,10
u3551486,14
u3551494,24
u355151,14
u355155,12
u3551566,46
u3551694,16
u3551724,15
u3551943,10
u3552136,11
u3552159,18
u3552169,23
u3552270,12
u3552457,19
u3552586,19
u3552638,19
u3552700,18
u3552880,10
u3552951,27
u3552971,37
u355315,15
u3553390,12
u3553714,9
u3553837,20
u3553917,15
u35540,10
u3554013,36
u3554091,10
u3554098,59
u3554109,11
u3554238,28
u3554608,22
u3554691,20
u355470,11
u3554700,10
u3554777,15
u3554780,9
u3554854,10
u3554870,11
u3554897,17
u3554901,55
u3555015,22
u3555027,9
u3555291,55
u3555408,9
u3555509,26
u3555534,14
u3555670,25
u3555680,23
u3555701,9
u3555781,15
u3555882,10
u3555901,13
u3555931,107
u3555942,10
u355626,17
u3556321,10
u3556510,12
u3556692,26
u3556883,8
u3556889,13
u3557009,10
u3557062,19
u3557087,10
u3557145,26
u3557280,17
u3557373,7
u355751,19
u3557606,15
u3557750,10
u3557868,9
u3557992,16
u355801,8
u3558066,38
u3558097,12
u3558106,8
u3558123,9
u3558275,11
u3558355,12
u3558426,19
u3558458,9
u3558462,10
u3558486,12
u3558525,13
u3558697,11
u3558887,43
u3558997,15
u3559017,18
u3559046,22
u3559120,15
u3559216,7
u3559344,13
u3559439,9
u3559452,13
u3559549,10
u3559601,7
u3559655,13
u3559686,17
u3559802,8
u3559809,17
u3559908,12
u3559949,19
u3560009,7
u3560204,13
u356034,12
u3560485,28
u3560543,53
u3560567,13
u3560705,11
u3560793,13
u3560818,16
u3560858,10
u3560867,13
u3560890,12
u3560927,16
u3560942,28
u3561064,12
u3561252,16
u3561495,11
u3561512,46
u3561540,31
u3561692,13
u3561711,12
u3561803,34
u3561804,10
u3562255,9
u3562267,19
u3562358,33
u3562819,11
u3563079,21
u3563139,13
u3563197,10
u3563313,28
u3563423,11
u3564267,28
u3564358,26
u3564605,8
u3564632,15
u3564663,16
u3564673,9
u3564694,19
u3564882,24
u3565382,21
u3565744,16
u3565919,32
u3565978,15
u3565984,19
u3566061,23
u3566290,13
u3566303,20
u3566361,15
u356640,11
u3566400,13
u3566494,24
u3566557,18
u3566643,43
u3566793,51
u3567030,25
u3567124,16
u3567145,19
u3567158,17
u3567195,12
u3567292,12
u3567502,10
u3567562,16
u3567764,17
u3567834,11
u3567881,8
u35680,17
u3568371,33
u3568520,7
u3568604,13
u3568649,10
u3568885,17
u3568947,8
u3568982,15
u3569110,18
u3569219,24
u3569300,63
u3569411,9
u3569507,12
u3569524,10
u3569594,18
u3569721,10
u3569822,7
u3569843,12
u3569868,21
u3569966,29
u3570005,9
u3570024,12
u357008,11
u3570108,11
u3570195,10
u3570216,15
u3570241,16
u3570380,26
u3570505,27
u3570665,18
u357071,24
u3570838,22
u3570879,42
u3571056,18
u3571194,30
u3571321,25
u3571633,14
u3571669,23
u3571693,11
u3571726,25
u3571997,8
u3572121,60
u3572178,53
u3572302,32
u3572324,10
u3572363,38
u357240,11
u3572496,24
u3572563,12
u3572573,16
u3572615,18
u3572638,20
u3572953,8
u3573079,21
u3573159,15
u3573309,22
u3573370,10
u3573422,22
u3573425,16
u3573441,8
u3573468,19
u3573650,11
u3573866,17
u3574035,15
u3574062,22
u3574386,24
u3574424,17
u3574449,8
u3574693,24
u3574735,18
u3574767,9
u3574772,13
u3574918,35
u3574950,38
u3574963,19
u3575017,14
u3575089,17
u3575127,7
u3575413,20
u3575485,17
u3575488,14
u3575549,18
u3575637,29
u3575815,19
u3575971,14
u3575989,19
u3576153,47
u3576247,43
u3576268,14
u3576342,9
u3576380,12
u3576554,17
u3576866,15
u3577002,38
u3577215,10
u3577285,17
u3577310,24
u3577689,28
u3578055,14
u3578080,13
u3578104,13
u357830,12
u3578465,26
u3578664,25
u3578782,15
u3578851,13
u3578949,74
u3579037,18
u3579058,25
u3579420,16
u3579471,42
u3579546,13
u3579573,13
u3579618,12
u3579948,28
u3580150,22
u3580286,16
u3580288,19
u3580315,11
u3580342,9
u3580416,7
u3580428,13
u3580697,19
u3580880,12
u358100,9
u3581115,17
u3581190,8
u3581245,28
u3581259,13
u3581276,10
u3581290,11
u3581320,11
u3581415,10
u3581607,21
u3581640,21
u3581687,14
u3581738,21
u3581784,9
u3581843,33
u3582069,14
u3582074,22
u3582081,31
u3582125,27
u3582199,14
u3582205,19
u3582338,17
u3582482,14
u3582506,13
u3582604,8
u358270,16
u3582726,8
u3582868,64
u3582957,22
u3582958,10
u3582966,11
u3582998,9
u3583007,12
u3583136,8
u3583232,10
u3583445,20
u3583454,7
u3583588,14
u3583692,12
u3583748,9
u3583879,28
u3583940,12
u3583986,28
u3583987,16
u3584020,20
u3584417,7
u3584443,8
u3584513,19
u3584645,88
u3584677,16
u3584682,29
u3584782,11
u358480,13
u3585024,58
u3585156,42
u3585173,14
u3585190,40
u3585287,19
u3585321,17
u3585330,10
u3585336,15
u3585358,16
u3585590,13
u3585659,34
u358568,13
u3585714,15
u3585808,16
u3585863,13
u3585892,28
u3586129,15
u3586146,9
u3586371,12
u3586377,18
u3586468,8
u3586587,15
u3586653,13
u3586657,19
u3586690,13
u3586696,7
u3586742,48
u3586803,10
u3586851,15
u3586861,11
u3586967,39
u3587009,25
u3587106,11
u3587134,10
u3587147,23
u3587192,16
u3587203,30
u3587507,33
u3588051,9
u3588061,11
u3588132,33
u3588261,7
u3588296,15
u3588304,14
u3588332,31
u3588404,9
u3588420,30
u3588431,11
u3588473,10
u3588504,16
u3588556,17
u3588680,29
u3588691,39
u3588789,12
u3588939,7
u3588959,12
u3588994,10
u3589009,15
u3589011,22
u3589112,23
u3589114,16
u3589783,21
u3589896,14
u3590009,12
u3590234,6
u3590271,18
u3590492,12
u3590765,14
u3590880,15
u3591007,12
u359121,9
u3591376,24
u3591531,19
u3591626,42
u3591640,12
u3591756,10
u3591866,10
u3591918,40
u3592049,18
u3592186,30
u3592237,8
u3592277,18
u3592279,26
u3592596,16
u359264,16
u3592676,8
u3592724,23
u3592798,58
u3592802,12
u3592883,16
u3592911,16
u3592917,8
u3592984,16
u3592990,17
u3593016,28
u35931,22
u3593156,19
u3593185,7
u3593197,18
u3593214,50
u3593325,38
u3593533,17
u3593662,27
u3593675,10
u3594077,20
u3594272,30
u3594297,13
u3594302,13
u3594536,10
u3594834,36
u3594950,10
u3595017,24
u3595052,24
u3595059,15
u3595159,15
u3595291,51
u3595296,37
u3595393,60
u3595577,10
u3595603,22
u3595794,12
u3595839,7
u3596005,10
u3596054,9
u3596311,9
u359636,11
u3596403,14
u359657,26
u3596685,13
u3596833,19
u3596862,17
u3596870,20
u3597166,10
u3597222,12
u3597297,21
u3597464,17
u3597490,19
u3597589,19
u3597666,25
u359768,14
u3597922,9
u3597940,9
u3597943,12
u3598001,10
u3598038,25
u3598222,12
u3598243,12
u3598562,24
u3598590,12
u3598732,10
u3598910,21
u3598950,8
u3598984,58
u3599093,38
u359910,11
u3599111,15
u3599147,13
u3599295,16
u3599669,11
u3599752,12
u3600040,13
u3600152,16
u3600168,10
u3600406,13
u3600462,17
u3600691,12
u3600720,13
u360094,20
u3601225,12
u3601303,12
u3601439,10
u360151,24
u3601667,9
u3601681,11
u360170,11
u3601830,11
u3601836,13
u3602109,26
u3602153,18
u3602196,12
u3602365,10
u3602406,14
u3602412,9
u3602643,13
u3602651,18
u3602710,21
u3602942,15
u3602948,51
u3602970,10
u3603127,10
u3603363,17
u3603574,18
u3603638,19
u3603749,14
u360428,17
u3604300,19
u3605244,11
u3605273,15
u3605370,14
u3605716,11
u3605867,11
u360613,17
u3606285,20
u3606305,14
u3606464,11
u3606520,48
u360699,17
u3607052,14
u3607478,13
u3607528,10
u3607908,28
u3608119,16
u3608157,22
u3608247,16
u3608359,14
u3608502,9
u3608621,10
u3608626,59
u3608731,13
u360875,15
u3608938,10
u3608977,14
u3609075,15
u3609278,9
u3609592,9
u3609655,29
u3609666,18
u3609784,9
u3609874,12
u3609928,20
u3609939,20
u3609943,33
u3609969,22
u3610033,7
u3610099,42
u3610241,14
u3610564,8
u3610595,22
u361067,10
u3610976,9
u3610988,26
u3611006,69
u3611068,16
u3611069,16
u3611099,16
u361119,25
u3611208,11
u3611470,38
u361167,15
u3611793,18
u3611845,13
u3612086,18
u3612251,13
u3612447,17
u361250,15
u3612684,47
u3612816,8
u3612884,27
u3612955,13
u3613103,22
u3613146,10
u3613185,32
u3613204,10
u3613289,8
u3613567,20
u3613668,20
u3613679,29
u3613694,15
u3613905,16
u361397,15
u3613972,42
u3614402,55
u3614685,10
u3615012,13
u3615013,10
u3615085,36
u361552,10
u3615749,12
u3616146,12
u3616167,15
u3616204,32
u3616295,15
u3616379,13
u3616387,14
u3616705,16
u3616830,11
u3616867,11
u3617028,12
u3617075,28
u3617605,20
u3617859,32
u3617864,13
u3618076,23
u3618082,36
u3618158,14
u3618172,18
u3618238,20
u3618256,24
u3618373,41
u3618488,15
u3618593,11
u3618659,35
u3618698,10
u3618805,16
u3618834,16
u3618894,8
u3619024,22
u3619330,27
u3619370,22
u3619546,6
u3619786,26
u3619918,25
u3619951,19
u3620016,21
u3620043,9
u3620139,24
u3620142,23
u3620170,34
u3620418,9
u3620504,19
u3620533,22
u3620945,12
u3621063,14
u3621153,29
u3621203,13
u3621417,16
u3621470,50
u3621577,10
u3621755,7
u3621945,52
u3622082,31
u3622216,16
u3622543,16
u3622753,11
u3622786,8
u3622787,14
u362282,7
u362323,19
u3623423,9
u3623461,26
u362362,12
u3623712,10
u3623833,9
u3623870,23
u3623926,22
u362395,12
u3624054,39
u3624088,11
u3624205,10
u3624313,8
u3624357,12
u362445,14
u3624458,18
u362450,20
u3624559,10
u3624598,15
u3624713,8
u3624839,11
u3625103,14
u362513,9
u3625135,16
u3625250,11
u3625355,10
u3625405,7
u3625461,6
u3625819,20
u3625887,25
u3625935,10
u3626058,10
u3626291,9
u3626622,12
u3626678,11
u3626986,9
u362723,7
u3627333,20
u3627346,33
u3627503,21
u3627758,10
u3627783,38
u3627875,11
u3628250,13
u3628257,11
u3628366,12
u3628466,13
u3628495,32
u3628611,9
u3628716,15
u3628736,17
u3628754,8
u3628762,42
u3628772,29
u3628921,18
u3629199,8
u3629225,20
u3629272,11
u3629273,14
u3629387,33
u3630240,14
u3630253,16
u3630425,13
u3630567,12
u363067,12
u3630909,10
u3631059,12
u3631091,27
u3631200,10
u3631206,14
u3631272,13
u3631349,12
u3631350,11
u3631648,34
u3631819,48
u3631929,27
u3632076,78
u3632280,14
u3632513,13
u3632740,17
u3633042,13
u3633069,14
u3633463,12
u3633513,22
u3633529,11
u3633547,15
u3633555,13
u3633658,91
u3633866,11
u3633993,8
u3634017,15
u3634031,24
u3634106,28
u3634683,30
u3634857,14
u3634932,21
u3635016,24
u3635300,16
u3635455,10
u3635684,48
u3635772,24
u3635874,8
u3636071,19
u363617,12
u3636189,14
u3636285,15
u3636382,29
u3636385,46
u3636425,49
u3636478,15
u3636571,36
u3636786,12
u363688,7
u3636923,11
u3636993,15
u3637023,11
u3637147,17
u3637155,17
u3637157,7
u3637214,14
u3637215,17
u3637265,21
u3637332,12
u3637598,14
u3637624,11
u3637843,36
u3637888,27
u3637935,14
u3637969,20
u3638004,7
u363804,9
u3638321,18
u3638480,11
u3638632,43
u3638713,10
u3638932,44
u3638985,12
u3639186,36
u3639205,19
u3639251,16
u3639317,11
u3639349,19
u3639356,14
u3639422,27
u3639426,13
u3639502,13
u3639520,8
u3639608,9
u3639761,40
u3639886,8
u3639934,20
u3640081,13
u3640327,27
u3640404,21
u3640473,9
u3640489,13
u3640651,15
u3640674,9
u3640765,38
u3640769,19
u3640907,11
u3641051,23
u3641170,9
u3641200,10
u3641303,9
u3641377,42
u3641398,15
u3641455,14
u3641660,15
u3641930,16
u3642024,8
u3642136,11
u364225,11
u3642261,26
u3642468,19
u3642670,8
u3642776,8
u3642925,41
u3643007,13
u3643161,14
u3643218,15
u3643220,17
u3643690,49
u3643716,13
u3643756,16
u3643813,13
u3643828,17
u3643917,9
u3643933,49
u3643970,9
u3644015,13
u3644191,9
u3644334,18
u3644406,14
u3644494,39
u3644564,41
u3644767,18
u3644816,11
u3645769,11
u3645856,10
u3645867,14
u3645908,24
u3646095,27
u3646182,11
u3646525,37
u3646601,17
u3646613,7
u3646841,21
u3646842,22
u3647026,10
u3647189,15
u3647274,14
u364759,8
u3647895,12
u3648006,15
u3648037,18
u3648078,25
u3648151,15
u3648396,34
u3648411,13
u3648471,14
u3648621,25
u3648630,12
u3648666,10
u3648708,11
u3648813,30
u3648817,8
u3648880,24
u3649071,13
u364912,14
u3649154,19
u3649245,8
u3649348,12
u3649412,15
u3649540,10
u3649574,27
u3649643,12
u3649652,25
u364975,11
u3649856,13
u3649993,7
u3650060,10
u3650239,16
u3650251,21
u3650318,12
u3650329,8
u3650781,18
u365084,13
u3650869,9
u3650941,11
u3651005,8
u3651271,28
u3651551,10
u3651718,11
u3651787,15
u3651788,11
u3651793,19
u3651924,11
u3652240,25
u3652364,22
u3652373,40
u3652426,24
u3652486,25
u3652530,8
u3652539,27
u3652558,16
u3652563,19
u3652591,18
u3652666,20
u3652707,68
u3652789,16
u3652856,12
u3653114,16
u3653149,16
u3653188,11
u3653197,16
u3653285,12
u3653433,32
u3653626,19
u365371,10
u3653782,25
u3653837,38
u3653893,10
u3654124,9
u3654680,15
u3654822,14
u365549,19
u3655554,12
u3655780,8
u3655824,10
u3655873,21
u3656588,26
u3656647,21
u3656701,15
u3656792,19
u3657073,9
u3657090,17
u3657121,39
u3657234,17
u3657294,17
u3657579,6
u3657636,32
u3658102,32
u3658154,28
u3658192,20
u3658261,33
u3658444,12
u3658647,10
u3658687,12
u3659094,28
u3659228,41
u3659306,22
u3659642,12
u3659677,9
u3659688,16
u3659818,16
u3660351,8
u3660502,13
u3660539,10
u3660717,11
u3660916,11
u3660956,11
u3661343,9
u3661413,7
u3661518,10
u3661519,15
u3661648,30
u3661734,15
u3661774,10
u3661804,10
u3661807,12
u3661880,52
u3661928,21
u3661953,25
u3661991,50
u3662285,15
u3662298,10
u366232,18
u3662335,27
u366248,12
u3662539,8
u3662617,9
u3662932,16
u3662945,13
u3663001,16
u3663010,24
u3663083,9
u3663091,22
u3663092,11
u3663114,14
u3663120,45
u3663179,11
u3663382,60
u3663407,20
u3663431,13
u3663528,17
u3663565,12
u3663786,18
u3663822,13
u3663841,16
u3663866,12
u3663883,19
u3664019,14
u3664057,45
u3664525,24
u3664747,10
u3664761,10
u3664784,22
u3664850,27
u3664894,21
u3665201,20
u3665263,8
u3665273,17
u3665290,11
u3665561,9
u3665638,10
u3665719,10
u3665789,10
u3665844,16
u3666101,14
u3666125,11
u3666188,32
u3666651,16
u3666719,15
u3666772,58
u3666818,9
u3666850,11
u3666912,12
u3667129,28
u3667189,9
u3667241,14
u3667277,44
u3667552,15
u3667556,22
u3667584,11
u3667747,27
u3668095,12
u3668205,13
u3668249,11
u3668481,15
u3668614,11
u3668707,9
u3668799,31
u3668844,29
u3668912,34
u3668923,9
u3668987,20
u3669307,18
u3669445,10
u3669458,15
u3669492,10
u3669575,10
u3669665,15
u3669733,19
u3670110,11
u3670237,18
u3670466,15
u3670491,12
u3670675,18
u3670741,13
u367090,19
u3671000,15
u3671276,14
u3671662,14
u3671687,21
u3671727,20
u3671733,48
u3671738,9
u3671742,12
u3671884,23
u3671922,48
u3672108,15
u3672142,19
u3672262,18
u3672465,24
u3672581,14
u3672690,29
u3672710,16
u3672719,13
u3672773,14
u3672863,57
u3672877,13
u3673067,15
u3673167,36
u3673226,17
u3673304,15
u3673314,60
u3673348,8
u3673351,33
u3673372,18
u3673384,44
u3673428,16
u3673478,12
u3673493,56
u3673522,40
u3673631,13
u3673638,14
u3673702,62
u3673760,17
u3673836,24
u3673875,34
u3673880,34
u3673936,18
u3673978,30
u3674017,11
u3674063,28
u3674065,21
u3674093,9
u3674105,24
u3674118,43
u3674223,16
u3674333,9
u3674367,6
u3674416,10
u3674850,8
u3674858,12
u3674944,19
u3674987,32
u3674990,14
u3675172,18
u3675181,12
u3675319,8
u3675442,12
u3675515,14
u3675628,14
u3675649,12
u3675672,19
u3675699,44
u3675804,10
u3675880,10
u367595,29
u3676013,24
u3676042,19
u3676118,11
u3676163,8
u367620,17
u3676226,19
u3676372,8
u3676523,15
u3676592,12
u3676744,40
u3677450,13
u3677462,10
u3677548,13
u3677767,21
u3677892,14
u367816,31
u3678208,17
u3678417,32
u3678609,19
u3678684,22
u3678741,19
u3678829,26
u3679069,9
u3679182,35
u3679339,12
u367935,13
u3679429,14
u367993,12
u3680019,9
u3680107,15
u3680133,21
u3680140,9
u3680409,21
u3680411,9
u3680461,17
u3680607,23
u3680664,34
u3680692,15
u3680743,19
u3680766,19
u3680790,28
u3680802,23
u3680870,17
u3680939,20
u3681036,13
u3681128,8
u3681139,25
u3681172,8
u3681260,40
u3681286,9
u3681292,39
u3681411,16
u3681630,11
u3681706,31
u3681826,11
u3681897,14
u3681928,13
u3681933,20
u3681940,9
u3682029,39
u3682113,14
u3682176,13
u3682243,15
u3682280,13
u3682394,24
u3682445,30
u3682573,13
u3682698,22
u3682782,11
u3682840,10
u3682866,27
u3682905,110
u3682981,11
u3683078,11
u3683157,8
u3683209,8
u368376,11
u3683786,11
u3683787,22
u3683820,15
u3683926,23
u3683947,27
u3684160,26
u3684286,21
u3684328,9
u3684384,15
u3684385,27
u3684407,8
u3684538,65
u3684548,49
u3684593,11
u3684624,10
u3684760,22
u3684791,11
u3684800,19
u3684916,15
u3685117,21
u3685169,28
u3685345,7
u3685453,10
u3685507,13
u3685812,7
u3686150,7
u3686157,26
u3686213,32
u3686357,14
u3686453,9
u3686470,9
u3686476,24
u3686578,11
u3686779,12
u3686855,13
u3686965,13
u3687022,11
u3687032,40
u3687201,12
u3687370,9
u3687439,25
u3687467,39
u3687474,13
u3687621,33
u3687907,23
u3688035,14
u3688367,15
u3688477,29
u3688534,7
u3688708,24
u3688897,46
u3688952,13
u3688970,74
u3689017,23
u3689218,9
u3689346,11
u3689362,20
u3689379,13
u3689530,20
u3689543,48
u3689652,12
u3689653,12
u3689737,62
u3689853,7
u3690013,10
u3690084,11
u3690170,13
u3690250,20
u3690307,25
u3690320,26
u3690353,21
u3690373,12
u3690566,8
u3690576,29
u3690673,12
u3690866,7
u3690874,12
u3690915,11
u3690921,15
u3691106,21
u3691121,10
u3691189,16
u3691275,22
u3691309,17
u369132,8
u3691400,16
u3691444,11
u3691469,11
u3691518,13
u3691610,10
u3691640,34
u3691877,12
u3691908,13
u3691986,17
u3692122,13
u3692249,22
u3692344,12
u3692412,9
u3692434,14
u3692479,15
u3692575,12
u3692612,10
u3692833,61
u3692881,15
u3693013,16
u3693109,51
u3693202,8
u3693299,7
u3693314,11
u3693318,25
u3693376,28
u3693431,15
u3693437,45
u3693455,21
u3693468,29
u3693525,25
u3693568,6
u3693569,68
u3693745,12
u3693788,26
u3693842,10
u3693960,8
u3694026,28
u3694085,9
u3694603,12
u3694630,31
u3694639,16
u3694658,14
u3694661,13
u3694795,16
u3695107,20
u3695187,25
u3695319,12
u3695595,12
u3695728,33
u369577,14
u3695941,14
u3695970,9
u3696238,14
u3696250,7
u3696329,32
u3696374,13
u3696439,25
u3696527,10
u3696643,6
u3696663,8
u3696789,11
u3696902,15
u3696903,15
u3697160,8
u3697249,14
u3697291,11
u3697501,14
u3697822,18
u3698009,14
u3698123,19
u3698405,24
u3698527,53
u3698880,9
u3698900,22
u3699117,16
u3699273,78
u3699316,16
u3699401,9
u3699519,12
u3699542,9
u3699902,33
u3699947,15
u3700238,22
u3700637,16
u3701191,19
u3701338,23
u3701768,6
u3701869,39
u3701880,16
u3702302,12
u3702349,27
u3702371,8
u3702460,11
u3702768,34
u3702830,9
u3702882,18
u3703082,18
u3703198,34
u3703292,16
u3703304,21
u3703505,22
u3703602,22
u3703631,21
u3703667,13
u3703719,21
u3703870,17
u3703949,30
u3703974,8
u3704001,11
u3704009,9
u3704028,9
u3704082,48
u37041,14
u3704118,9
u3704183,9
u3704557,10
u3704835,13
u3704894,27
u3705249,13
u3705301,18
u3705549,13
u3705550,14
u3706034,9
u3706043,11
u3706146,13
u3706159,11
u3706323,22
u3706371,27
u3706615,14
u3706681,21
u3706959,24
u3707387,8
u37074,8
u3707556,18
u3707694,30
u3708023,8
u3708253,32
u3708316,9
u3708650,24
u3708804,22
u3708825,6
u3708998,21
u3709086,22
u3709090,23
u3709171,16
u3709238,13
u3709475,17
u3709529,9
u3709665,22
u3709847,8
u3709954,22
u370996,13
u3710176,35
u3710374,9
u3710458,11
u3710528,14
u3710545,13
u3710557,12
u3710780,14
u3710781,13
u3710845,27
u3711062,12
u3711151,19
u3711450,38
u3711748,10
u3711801,17
u3711867,10
u3712087,16
u3712143,19
u3712399,24
u3712480,20
u3712820,26
u3713010,21
u371302,7
u3713082,11
u3713240,35
u3713275,42
u3713313,9
u3713345,19
u3713357,35
u3713435,9
u3713525,16
u3713550,11
u3713987,20
u3714123,10
u3714259,15
u371432,13
u3714395,55
u3714397,15
u3714400,15
u3714538,8
u3714545,15
u3714581,12
u3714655,32
u3714667,14
u3714691,12
u3714709,19
u3714746,14
u3715009,31
u3715051,13
u3715080,10
u3715253,22
u3715324,16
u3715329,11
u3715613,6
u3715615,18
u3715635,26
u3715674,25
u3715756,13
u3715791,10
u3715825,9
u3715866,10
u3715982,7
u3716034,12
u3716188,19
u3716300,20
u3716656,10
u3716729,51
u3717019,18
u3717365,20
u3717517,13
u3717558,10
u3717759,14
u3717863,8
u371788,12
u3717896,13
u371795,11
u3718255,44
u3718359,9
u3718412,10
u3718504,13
u3718528,32
u3718548,17
u3718614,20
u3718724,22
u3718841,11
u3718996,10
u3719238,36
u3719343,14
u3719383,12
u3720058,12
u3720090,12
u3720103,20
u3720234,42
u3720236,16
u3720342,15
u3720402,17
u3720516,18
u3720549,34
u372078,17
u3720948,12
u3721079,31
u3721107,12
u3721305,35
u3721455,17
u372146,11
u3721548,8
u3721681,16
u3721757,13
u3721762,14
u3721856,12
u3721972,12
u3721998,11
u3722166,14
u3722175,15
u3722179,12
u3722196,19
u3722208,10
u3722270,7
u3722465,12
u3722533,11
u3722542,12
u3722547,40
u3722694,52
u3722754,23
u3723297,28
u3723489,10
u372381,15
u3723910,21
u3724010,13
u3724046,8
u3724075,16
u3724164,28
u3724324,18
u3724327,15
u3724497,14
u3724498,16
u3724502,13
u3724575,17
u3724613,11
u3724635,8
u3724640,8
u3724758,13
u3724825,20
u3724867,26
u3724922,11
u3725020,19
u3725071,43
u3725079,19
u3725117,13
u372523,11
u3725421,10
u3725461,12
u3725541,65
u3725599,18
u372581,11
u3725945,26
u3726005,22
u3726006,19
u3726057,16
u3726103,37
u3726338,43
u3726382,18
u3726576,13
u3726757,8
u3726967,20
u3727013,16
u3727015,11
u3727082,51
u3727105,9
u3727299,12
u372759,12
u3727759,20
u3727804,13
u3727818,9
u3727986,37
u3728045,12
u3728117,46
u3728135,18
u3728163,22
u3728174,20
u372826,12
u3728298,10
u3728323,31
u3728373,8
u3728506,12
u3728758,15
u3728919,12
u3729556,8
u3729728,18
u3729786,14
u3729802,8
u3729857,16
u3729943,21
u3730067,17
u3730353,36
u3730441,31
u3730515,24
u3730598,17
u3730603,20
u3731075,12
u3731135,26
u3731235,20
u3731407,67
u3731499,11
u3731652,10
u3731844,27
u3732103,19
u3732181,9
u3732222,8
u3732391,13
u3732471,20
u3732503,17
u373260,24
u3732624,26
u3732635,16
u3732840,10
u3732936,9
u3733038,11
u3733212,14
u3733213,14
u3733230,11
u3733235,18
u3733341,14
u3733437,15
u3733460,18
u3733466,23
u3733524,23
u3733572,17
u3733809,16
u3734061,9
u3734098,11
u3734131,11
u3734206,13
u3734208,20
u3734230,11
u3734496,11
u373452,13
u3734536,16
u3734564,12
u3734654,11
u3734661,13
u3735173,34
u3735220,17
u3735238,30
u3735464,12
u3735493,14
u373589,16
u3735976,15
u3736099,11
u3736139,13
u3736325,28
u3736569,18
u3736606,19
u3736726,17
u3736761,9
u3736803,23
u3737123,7
u373796,12
u3738128,14
u3738164,12
u3738465,11
u3738660,7
u3738934,24
u3738995,27
u3739067,20
u3739126,26
u3739134,13
u3739280,40
u3739283,11
u3739297,11
u3739335,11
u3739526,22
u3739565,18
u3739582,20
u3739622,9
u373969,18
u3739721,14
u3739735,12
u3739942,11
u3740015,15
u3740140,11
u3740163,13
u3740198,98
u3740357,31
u374052,16
u3740832,27
u374105,10
u3741191,23
u3741461,12
u3741485,33
u3741529,14
u3741630,40
u3741963,7
u3742020,45
u3742043,8
u3742104,10
u3742498,9
u3742533,12
u3742538,35
u3742641,15
u3742747,11
u3742774,25
u3742889,12
u3742990,10
u3743154,9
u3743259,23
u3743368,17
u3743412,13
u3743800,17
u3743889,10
u3743949,42
u3744178,17
u3744198,15
u3744314,15
u3744411,17
u3744429,17
u3744492,32
u3744594,20
u3744763,9
u3744806,15
u3745032,15
u3745403,9
u374541,14
u3745479,60
u3745484,15
u3745568,11
u3745741,19
u3745744,14
u3745747,16
u374579,16
u3745855,24
u3745929,11
u3745975,23
u3746708,10
u3746774,9
u3747081,18
u3747190,23
u3747281,9
u3747456,27
u3747573,12
u3747574,15
u3747577,14
u3747597,15
u3747626,21
u3747674,39
u3747760,10
u3747966,17
u3748072,27
u3748116,14
u3748552,6
u374861,13
u3748665,24
u3748695,12
u3748731,17
u3749089,25
u3749095,42
u3749123,10
u3749153,44
u3749284,14
u3749307,14
u3749313,7
u3749619,9
u3749669,14
u3749721,34
u3749789,29
u3749942,25
u3750001,10
u3750114,7
u3750248,46
u3750280,10
u375064,17
u3751010,7
u3751018,25
u3751131,12
u3751453,27
u3751537,11
u3751671,11
u3752646,13
u3752838,22
u3752857,36
u3753202,11
u3753281,55
u3753340,15
u3753357,12
u3753650,12
u3753775,40
u3753868,24
u3753898,29
u3753988,11
u3754294,12
u3754372,26
u3754471,15
u3754497,31
u3754832,22
u3754891,7
u3755073,6
u3755102,14
u3755352,26
u3755401,12
u3755426,13
u3755481,30
u3755505,17
u3755519,17
u3756007,18
u3756037,6
u3756213,18
u3756264,14
u3756703,10
u3756719,101
u3756802,9
u3756950,49
u3757009,8
u3757059,14
u375724,13
u3757414,9
u3757916,18
u3758175,19
u3758248,18
u3758315,20
u3758368,13
u3758462,19
u3758527,17
u3758541,12
u375860,11
u3758616,15
u3758690,13
u3759200,6
u3759720,29
u3759789,19
u3759949,8
u3759984,20
u3760027,32
u3760040,27
u3760184,14
u3760729,15
u3760744,30
u3761137,7
u3761150,8
u376148,8
u3761483,14
u3761631,10
u3761891,28
u3762301,35
u3762363,16
u3762373,21
u3762379,7
u3762440,8
u3762529,17
u3762556,17
u3762588,46
u3762656,22
u3763028,26
u3763125,12
u3763260,20
u3763312,33
u3763473,22
u3763479,13
u3763513,14
u3763520,13
u3763627,36
u3763719,11
u3763782,25
u3763951,21
u3764139,31
u3764200,13
u3764359,9
u3764424,17
u3764510,32
u3764529,39
u3764552,14
u3764568,7
u3764687,11
u3764708,24
u3764734,15
u3764901,10
u3764962,13
u3765201,17
u3765224,19
u3765357,38
u3765422,24
u3765569,7
u3765775,24
u376578,28
u3765826,19
u3765938,14
u3765948,13
u3765971,13
u3766011,50
u3766254,24
u3766278,11
u3766282,31
u3766332,15
u3766478,24
u3766747,20
u3766993,7
u3767211,60
u3767306,21
u3767548,16
u3767681,12
u3767696,17
u376778,16
u3767963,25
u3767966,69
u3768046,27
u3768129,13
u3768152,20
u3768272,39
u3768455,36
u3768835,27
u3768876,14
u3768898,11
u3768935,31
u3768939,20
u3768971,18
u3769201,7
u3769258,11
u3769371,14
u3769446,54
u3769569,20
u3769853,12
u3770138,23
u3770156,16
u3770164,37
u3770327,10
u3770451,9
u3770535,25
u3770561,36
u3770590,16
u3770827,17
u377091,15
u3771046,30
u3771121,11
u3771159,28
u3771498,18
u3771623,19
u3771656,14
u3771663,17
u3771697,12
u3771748,29
u3772151,8
u3772165,14
u3772256,9
u3772381,16
u3772449,22
u3772506,10
u3772537,35
u3772595,11
u3772631,38
u3772826,6
u377308,10
u3773275,35
u3773343,23
u3773372,21
u3773835,12
u3774004,33
u3774361,12
u3774373,23
u3774377,20
u3774567,10
u3774682,16
u3774931,7
u3774990,8
u3775008,11
u3775153,9
u3775190,26
u3775337,12
u3775470,13
u3775650,8
u3775732,13
u3775926,17
u3776154,15
u3776214,17
u3776285,26
u3776327,22
u3776406,23
u3776741,17
u3776967,26
u3776988,8
u3777170,12
u3777200,11
u3777234,9
u3777337,7
u3777517,11
u3777663,15
u3777728,10
u3777737,10
u3777943,17
u3778030,21
u3778182,41
u3778483,18
u3778511,17
u3778601,13
u377861,25
u3778610,18
u377863,16
u3778692,9
u3778809,12
u3778929,12
u3779056,19
u3779079,15
u3779170,30
u3779331,11
u3779391,14
u3779495,10
u3779640,15
u3779923,12
u377998,7
u378005,10
u3780071,12
u378008,13
u3780096,33
u3780099,11
u3780138,43
u3780149,20
u3780172,9
u3780546,70
u3780739,19
u3780923,27
u3780942,29
u3780965,26
u3781054,21
u3781253,12
u3781299,10
u3781350,13
u3781798,11
u3781957,8
u3782032,15
u3782425,24
u3783002,16
u3783021,26
u3783279,13
u378361,22
u3783676,6
u3783711,8
u3783727,22
u3783803,57
u3783860,18
u3784000,24
u3784125,18
u3784653,25
u3784672,13
u3785047,8
u3785120,15
u3785136,11
u3785139,56
u3785147,19
u3785209,27
u3785254,18
u3785257,13
u378528,14
u378532,21
u3785563,13
u3785605,7
u3785783,11
u3785856,14
u3786216,18
u3786515,13
u3786685,11
u3786808,21
u3786908,8
u3787013,20
u3787121,10
u3787373,19
u3787401,27
u3787565,11
u3787597,13
u3787680,20
u3787685,24
u3787739,54
u3787763,36
u3787789,9
u3787980,16
u3788059,12
u3788073,21
u3788299,39
u3788318,36
u3788580,17
u3788669,16
u3788744,27
u3788904,9
u3788987,9
u3789006,8
u3789091,20
u3789114,18
u3789176,11
u3789431,10
u378952,9
u3789572,12
u3789717,12
u3789752,32
u3789780,14
u3789891,22
u3789914,13
u3790082,7
u3790122,11
u3790249,20
u3790301,8
u3790325,16
u3790454,8
u3790613,21
u3790624,34
u3790701,17
u3790723,7
u3790750,12
u3790785,15
u3790853,10
u3790898,8
u3791026,8
u3791275,20
u3791387,14
u3791452,18
u3791479,21
u3791558,25
u3791582,12
u3791668,9
u3792299,15
u3792584,32
u3792694,19
u3792940,10
u3793453,18
u3793606,10
u379400,16
u3794013,20
u3794088,20
u3794299,32
u3794417,15
u3794903,26
u3794915,8
u3794961,14
u3795145,16
u3795344,24
u3795496,31
u3795627,6
u3795639,9
u3795762,7
u3796173,24
u3796341,6
u3796450,8
u3796492,21
u3796581,9
u3796700,13
u3796709,9
u3796711,12
u3796907,8
u3797021,38
u3797101,13
u3797150,22
u3797292,10
u3797703,15
u3797751,15
u3797792,7
u3797799,13
u3797982,46
u3798236,13
u3798340,11
u3798364,21
u3798527,23
u3798601,16
u3798630,14
u3798645,15
u3798745,14
u3798747,25
u3798953,13
u3798993,28
u3799062,21
u3799090,12
u3799124,14
u3799159,18
u3799287,29
u3799314,9
u3799542,7
u3799590,16
u3799786,15
u3799911,15
u3800050,9
u3800232,8
u3800347,37
u3800389,28
u3800484,17
u3800516,30
u380067,9
u3800674,10
u380077,11
u3800807,9
u3801217,25
u3801381,21
u3801434,16
u3801496,19
u3801500,51
u3801563,9
u3801669,10
u3801937,27
u380212,18
u3802129,12
u3802236,33
u3802318,11
u380253,13
u3802537,13
u3802548,51
u3802762,46
u3803200,13
u3803223,11
u3803251,12
u3803289,6
u3803316,13
u3803370,22
u3803440,19
u3803507,20
u3803815,16
u3803830,11
u3803947,16
u3804180,17
u3804230,17
u3804301,14
u3804325,10
u3804337,25
u3804354,12
u3804488,10
u3804490,20
u3804827,9
u3804889,10
u3805028,11
u3805034,17
u3805706,23
u3805831,13
u3805899,32
u3805914,13
u3806057,17
u3806362,11
u3806678,13
u3806716,12
u3806828,23
u3806841,22
u3807351,17
u3807920,14
u3807925,14
u3808013,51
u3808290,42
u3808518,22
u3808557,16
u3808821,14
u3809212,12
u3809463,22
u3809825,16
u3810080,11
u3810224,20
u3810313,34
u3810472,12
u381048,9
u3811127,6
u3811184,13
u3811233,9
u3811278,35
u3811575,12
u381171,12
u3812148,7
u3812422,12
u3812787,9
u3812951,34
u3813037,21
u3813089,10
u3813200,31
u3813341,32
u3813361,30
u3813776,15
u3813965,6
u3814080,22
u3814088,11
u3814218,15
u3814241,24
u3814450,12
u3814574,36
u3814795,11
u3814855,11
u3814870,13
u3814943,10
u3815059,7
u3815232,17
u3815345,15
u3815375,35
u3815409,23
u3815447,11
u3815798,38
u381585,8
u3816239,20
u3816266,19
u3816341,17
u3816401,11
u3816425,27
u3817028,9
u3817365,24
u3817540,10
u381757,13
u3817605,11
u3817736,14
u3817749,34
u3817786,20
u381826,14
u3818293,25
u3818354,16
u3818421,27
u3818435,15
u3818483,22
u3818505,27
u3818546,48
u3818704,11
u3818725,13
u3818742,12
u3818766,17
u3818967,28
u3819348,19
u3819375,16
u3819426,12
u3819516,16
u3819530,25
u3819532,9
u3819637,22
u3819671,35
u3819723,37
u3819736,16
u3819940,12
u3819962,67
u3820234,14
u3820444,9
u3820712,16
u3820770,17
u3821118,11
u3821812,10
u3821864,10
u3821875,9
u3821876,48
u3821961,17
u3822060,17
u3822123,21
u3822147,14
u3822215,17
u382238,9
u3822441,33
u3822482,14
u3822595,6
u3822607,15
u3822653,11
u3822727,26
u3823023,21
u3823160,33
u3823431,14
u3823617,10
u3823737,12
u3823768,15
u3823801,12
u3823824,16
u3824051,41
u3824096,13
u3824168,11
u3824233,7
u3824243,15
u3824557,12
u3824584,12
u3824675,8
u3824739,13
u3824835,20
u3824951,6
u3825020,21
u3825065,92
u3825426,10
u3825526,7
u3825550,9
u3825605,10
u3825861,14
u3825957,21
u3825959,9
u3825994,8
u3826064,18
u3826166,38
u3826282,13
u3826371,18
u3826887,34
u3826926,12
u3827360,13
u382748,19
u382758,12
u3827659,8
u3827682,24
u3827774,11
u3827902,9
u3827986,16
u3827999,7
u3828002,19
u3828441,31
u3828517,18
u3828550,13
u3828665,16
u3828753,14
u3828942,27
u3829010,23
u3829044,15
u3829108,23
u3829109,17
u3829311,13
u3829357,28
u3829460,22
u3829471,16
u3829521,16
u3829652,22
u3829768,14
u3829785,17
u3829877,21
u383007,20
u3830477,19
u3830544,20
u3830609,8
u3830611,20
u3830654,23
u3830728,7
u3830866,15
u3830902,17
u3830961,11
u3831097,9
u383115,9
u3831152,10
u3831191,44
u3831213,23
u3831303,16
u3831316,14
u3831337,34
u3831346,45
u3831510,34
u3831571,13
u3831778,21
u383179,21
u3831803,12
u3832299,12
u3832323,37
u3832577,12
u3832771,31
u3832904,16
u3832919,32
u3832958,27
u3833090,9
u3833268,42
u3833350,8
u3833368,85
u3833423,17
u3833557,12
u3833606,31
u3833613,33
u3833653,21
u3833749,19
u3834007,25
u3834015,9
u3834047,8
u3834254,13
u3834282,11
u3834295,14
u3834653,17
u3834995,9
u3835091,28
u3835191,15
u3835198,12
u3835314,10
u3835342,11
u3835344,20
u3835417,11
u3835432,10
u3835553,12
u3835609,10
u3836909,24
u3836934,10
u3837154,8
u3837173,12
u3837178,23
u383737,10
u3837490,13
u3837514,12
u3837515,7
u3837634,14
u3837710,13
u3837715,17
u3837735,19
u3837739,55
u3837832,18
u3837872,31
u3837933,16
u3838046,10
u3838161,12
u3838258,11
u3838300,9
u3838418,32
u3838430,34
u3838521,31
u3838540,38
u3838548,18
u3838578,15
u3838615,29
u3838901,21
u3839017,14
u3839030,12
u3839114,11
u3839181,18
u3839318,24
u3839360,15
u3839477,22
u3839479,22
u3839657,49
u3839695,13
u3839736,57
u3839993,8
u3840028,16
u3840191,82
u3840202,9
u3840218,10
u3840220,8
u3840233,50
u3840256,13
u3840295,54
u3840307,34
u384046,24
u3840525,18
u3840542,11
u3840562,14
u3840752,22
u3840809,52
u3841041,16
u3841098,7
u3841155,9
u3841188,29
u3841267,45
u3841272,8
u3841424,12
u3841453,20
u3841529,15
u3841575,14
u3841609,10
u3841650,14
u3841668,41
u3841715,15
u3841720,45
u3841749,30
u3841959,52
u3842026,18
u3842075,7
u3842219,9
u3842337,35
u3842381,12
u3842414,16
u3842522,17
u3842592,19
u3842713,14
u3842875,10
u3842910,10
u3842933,26
u3842944,9
u3843077,17
u3843135,18
u3843156,12
u3843171,12
u3843348,20
u3843377,46
u3843403,8
u3843549,12
u3843691,8
u3843971,12
u3843991,13
u3844002,22
u3844158,10
u3844233,16
u3844549,16
u3845355,10
u384536,24
u3845452,18
u384556,7
u3845607,19
u3845999,23
u3846260,7
u384645,12
u3846526,18
u3846657,10
u3846666,13
u3846748,23
u3846752,9
u3846823,7
u3846863,37
u3847042,11
u3847087,11
u3847160,17
u3847167,38
u3847327,30
u3847413,19
u3847623,18
u3847660,7
u3847939,19
u3848136,16
u3848330,10
u3848470,7
u384893,13
u3848961,14
u3849037,43
u3849718,13
u3850200,15
u3850289,19
u3850391,20
u3850452,8
u3850465,9
u3850523,9
u3850811,8
u3851123,16
u3851141,20
u3851145,14
u3851317,7
u3851349,32
u3851460,13
u3851512,19
u3851573,12
u3851625,15
u3851666,16
u3851718,30
u3852079,7
u3852661,37
u3852708,8
u3852714,18
u3852927,18
u3852931,8
u3852948,14
u3853407,38
u3853435,16
u3853570,8
u3853917,7
u3853999,8
u3854000,12
u3854095,11
u3854197,20
u3854322,8
u3854389,20
u3854415,48
u385444,7
u3854458,27
u3854487,8
u3854547,8
u3854847,26
u3855089,19
u3855104,30
u3855145,37
u3855222,9
u3855272,28
u3855280,10
u3855308,16
u3855444,17
u3855529,9
u3855886,9
u3856047,47
u3856111,25
u3856127,16
u3856280,16
u3856336,7
u3856339,12
u3856549,21
u3856793,17
u3856984,14
u3857082,20
u3857090,9
u3857272,13
u3857322,11
u3857446,9
u3857473,27
u3857628,15
u3857671,12
u3857720,22
u3857747,9
u3857911,9
u3858088,23
u3858231,25
u3858300,21
u3858307,19
u3858337,8
u3858352,13
u3858356,20
u3858439,22
u3858568,35
u3858576,7
u3858638,25
u3858772,14
u3858938,44
u3858940,25
u3859311,13
u3859430,9
u3859438,16
u3859731,9
u3859770,80
u3859822,11
u3860016,18
u3860213,38
u3860259,11
u3860359,29
u3860461,20
u3860569,30
u3860716,17
u3860873,30
u3860999,20
u3861160,15
u3861391,15
u3861426,17
u3861527,20
u3861533,22
u3861547,8
u3861599,73
u3861607,49
u3861661,82
u3861762,14
u3861776,34
u3861789,12
u3861804,12
u3861822,25
u3861958,22
u3862444,20
u3862513,37
u3862680,35
u3862723,8
u3862954,19
u3862974,17
u386299,10
u3863064,45
u3863079,13
u3863093,37
u3863299,22
u3863389,9
u3863477,16
u3863876,23
u3863918,18
u3864239,11
u3864369,18
u3864446,11
u3864453,23
u3864461,12
u3864553,8
u3864811,9
u3865165,44
u3865173,23
u3865194,13
u3865346,21
u3865365,13
u3865544,6
u3865739,9
u3865815,22
u3865817,16
u3865818,17
u3865875,9
u3865885,33
u3865921,28
u3865923,14
u386606,21
u3866174,9
u3866196,8
u3866215,10
u3866799,10
u3866846,14
u3866863,25
u3866894,31
u3866954,11
u3867003,24
u3867007,27
u3867422,16
u3867434,8
u3867456,9
u3867485,19
u3867513,12
u3867536,40
u3867705,42
u3867800,6
u3867806,43
u3867982,50
u3867996,10
u3868046,32
u3868107,12
u3868199,21
u3868288,11
u3868323,39
u3868443,10
u3868458,25
u3868480,16
u3868522,9
u3868590,9
u3868649,8
u3868685,11
u3868837,20
u3868838,12
u3868862,8
u3868999,9
u3869071,11
u3869098,7
u3869161,19
u3869176,12
u3869430,40
u3869450,11
u3869472,18
u3869692,15
u3869742,15
u3869938,13
u3870005,11
u3870008,11
u3870231,15
u3870568,7
u3870589,16
u3870634,12
u3870642,18
u3870687,18
u3870795,37
u3870808,45
u3870979,15
u3871074,23
u3871113,15
u3871139,13
u3871359,10
u3871454,48
u3871617,11
u3871633,38
u3871732,9
u3871841,14
u3871904,8
u3872001,10
u3872359,43
u3872727,14
u3872828,31
u3872835,22
u3872882,11
u3872929,9
u3872986,13
u3873083,13
u3873408,15
u3873626,19
u387376,10
u3873773,23
u3873979,12
u3874113,15
u3874278,25
u3874321,21
u3874335,11
u3874363,20
u3874387,12
u3874453,17
u3874659,36
u3874682,12
u3874721,11
u3874741,15
u3874763,20
u3874797,14
u3874946,13
u3874956,19
u3874963,12
u3874975,19
u3875088,12
u3875124,24
u3875245,19
u3875253,22
u3875339,13
u3875355,11
u3875390,13
u3875408,14
u3875551,19
u3875603,18
u3875633,40
u3875771,17
u3875794,12
u3875967,13
u3876023,39
u3876037,15
u3876097,25
u3876149,13
u3876159,9
u3876371,22
u3876482,10
u3876486,12
u3876519,9
u3876642,15
u3876836,14
u3876837,12
u3876950,20
u3876961,9
u3877062,14
u3877096,9
u3877126,6
u3877166,23
u3877237,12
u3877243,23
u3877346,18
u3877389,34
u3877477,10
u3877657,15
u3877707,22
u3877880,24
u3877918,15
u3877930,8
u3878028,11
u3878308,10
u3878385,10
u3878428,22
u3878533,16
u3878656,14
u3878773,18
u3878878,27
u3878939,7
u3879144,28
u3879296,13
u3879304,19
u3879488,11
u3879489,47
u3879553,17
u3879697,14
u3879705,12
u3879798,11
u3879941,41
u3879976,14
u3880032,10
u3880036,13
u3880218,21
u3880364,16
u3880399,12
u3880794,12
u3880975,39
u3880978,12
u3881014,12
u3881021,12
u3881026,45
u3881137,14
u3881193,38
u3881211,25
u3881219,33
u3881242,11
u3881307,14
u3881353,17
u3881394,29
u3881409,10
u3881531,15
u3881553,11
u3881560,12
u3881689,8
u3881799,14
u3881828,12
u3881947,7
u3881949,18
u3882035,9
u3882039,9
u3882186,12
u3882189,14
u3882203,44
u3882225,10
u3882361,28
u3882893,9
u3883101,9
u3883121,13
u3883138,8
u3883139,13
u388338,9
u3883523,10
u3883707,13
u3883758,23
u3883771,40
u3883815,14
u3883893,83
u3883920,15
u3883939,10
u3883965,20
u3884022,10
u388413,10
u3884319,16
u3884467,13
u3884591,17
u3884781,101
u3884868,49
u3884908,11
u3884995,10
u3885160,55
u3885370,17
u3885652,16
u3885732,36
u3885817,16
u3886021,25
u3886356,12
u3886403,12
u3886504,15
u3886539,9
u3886649,14
u3886669,14
u3886738,34
u3886761,11
u3886815,18
u388709,9
u3887127,14
u3887150,19
u3887364,31
u3887438,9
u3887492,8
u3887502,9
u3887602,13
u3887616,36
u3887673,28
u3887823,12
u3887843,8
u3887924,21
u388859,10
u3888761,11
u3889084,13
u3889303,17
u3889324,17
u3889457,26
u3889458,36
u3889557,16
u3889658,13
u3889713,12
u3890132,20
u3890138,24
u3890191,24
u389021,14
u3890264,8
u3890331,8
u3890427,8
u3890428,73
u3890514,22
u3890632,10
u3890641,15
u3890661,14
u3890791,22
u3890862,18
u3891004,9
u3891189,48
u3891197,20
u3891209,8
u3891367,13
u3891831,8
u3891838,13
u3891949,22
u3892335,31
u389254,14
u3892618,22
u3892671,15
u3892702,8
u3892882,27
u3892894,77
u389308,9
u3893188,17
u3893199,14
u3893217,11
u3893320,11
u3893362,18
u3893571,12
u3893719,17
u3893740,13
u3893917,8
u3894002,8
u3894098,10
u3894250,10
u3894675,8
u389495,25
u3895048,16
u3895195,11
u3895557,10
u3895696,18
u3895785,28
u3896031,26
u3896265,13
u3896477,16
u3896507,11
u3896605,13
u3897052,17
u3897191,9
u3897235,13
u3897263,14
u3897546,8
u3897701,28
u3897925,10
u3897998,22
u3898012,12
u3898204,24
u389826,16
u3898328,10
u3898669,14
u3898670,13
u3898690,52
u3899423,88
u3899434,13
u3899636,9
u3899752,13
u3899774,35
u3899776,13
u3899778,9
u3899937,27
u3900016,36
u3900080,16
u3900264,16
u3900275,43
u390029,15
u3900319,9
u3900418,10
u3900423,18
u3900676,11
u3900747,12
u3900811,17
u3901030,9
u3901091,14
u3901138,36
u3901184,23
u3901702,12
u3901802,7
u3901863,15
u3901873,13
u3901969,10
u3901979,42
u390202,10
u3902029,21
u3902275,12
u3902292,12
u3902301,38
u3902303,24
u3902368,34
u3902393,18
u3902545,17
u3902620,11
u3902691,28
u3902733,11
u3902813,10
u3902831,11
u3902841,10
u3902854,30
u3903162,13
u3903462,9
u3903624,16
u3903677,13
u3903709,18
u3903777,10
u3903824,23
u3903837,10
u3903852,13
u3903896,20
u3904125,34
u3904462,14
u3904514,12
u3904722,43
u3904726,12
u3904840,21
u3904848,12
u3904884,6
u3904887,10
u3905055,10
u3905287,33
u3905349,21
u3905502,23
u3905553,8
u3905567,49
u390558,7
u3905815,21
u3905832,33
u3906081,13
u3906452,14
u3906695,11
u3906748,11
u3906762,29
u3906802,7
u3907049,20
u3907066,14
u3907369,26
u3907481,41
u3907549,19
u3907747,15
u3907819,27
u3907930,26
u3907942,20
u3907985,33
u3908046,12
u3908087,24
u3908311,8
u3908332,14
u3908546,10
u3908620,11
u3908662,19
u3908860,14
u3909012,36
u3909209,35
u3909252,16
u3909275,12
u3909416,33
u3909459,14
u3909519,21
u3909603,26
u3909624,12
u3909655,16
u3909962,9
u3910256,20
u3910355,17
u3910639,18
u3910739,19
u3910750,13
u3910768,24
u3910775,19
u3910895,16
u3910937,30
u3911065,11
u3911342,19
u3911502,15
u3911906,24
u391203,16
u391205,8
u3912196,15
u3912937,9
u3912982,19
u3913260,9
u3913731,17
u3913746,13
u3913841,31
u3913868,12
u3914021,10
u3914022,8
u3914148,12
u3914317,21
u3914319,10
u3914715,9
u3914733,37
u3914792,7
u3914910,24
u3915084,18
u3915170,13
u3915174,14
u3915379,10
u3915462,10
u3915469,13
u3915531,19
u3915561,21
u3915595,20
u3915659,11
u3915716,9
u3915849,12
u3915881,42
u3915904,13
u391591,13
u3915921,10
u3915976,7
u3915978,36
u3916168,8
u3916195,7
u3916210,37
u3916305,29
u3916336,15
u3916453,26
u3916470,7
u3916484,14
u3916542,18
u3916650,27
u3916705,35
u3916709,8
u3916949,12
u3916976,42
u3916981,10
u391711,12
u3917176,19
u3917194,11
u3917258,17
u3917412,7
u3917423,18
u3917457,16
u3917593,14
u3918000,27
u3918190,7
u3918237,18
u3918704,22
u3918953,10
u3918974,40
u3918999,12
u3919018,7
u3919148,9
u3919250,19
u3919303,51
u3919378,27
u3919620,24
u3920039,16
u3920049,22
u3920118,11
u3920203,56
u3920229,16
u3920240,27
u3920310,12
u392038,10
u3920684,10
u3920780,8
u3920831,30
u3920953,23
u3920987,11
u3920993,17
u3921000,20
u3921139,34
u3921237,16
u3921269,9
u3921354,28
u3921370,20
u3921399,17
u3921420,10
u3921482,15
u3921483,7
u3921515,8
u3921524,11
u3921605,10
u3921631,12
u3921669,9
u3921695,10
u3921735,27
u3921749,11
u3921772,8
u3921784,8
u3921863,25
u3921954,11
u3922020,20
u3922031,12
u3922135,28
u3922366,9
u3922610,11
u3922615,22
u3922805,9
u3922820,14
u3922878,12
u3922902,6
u3923048,6
u3923306,7
u3923326,24
u3923346,12
u3923461,10
u3923504,8
u3923641,43
u3923695,8
u3923777,10
u3923792,26
u3923833,21
u3924487,9
u3924490,24
u3924604,16
u3924702,36
u3924721,58
u3924840,9
u3924889,10
u3925031,51
u3925335,15
u3925719,13
u3925930,16
u3926183,10
u3926204,6
u3926312,10
u3926539,20
u3926833,8
u3926986,34
u3927287,10
u3927503,15
u3927685,15
u3927711,13
u3927725,43
u3927904,13
u3927905,15
u3928022,23
u3928135,11
u3928233,15
u3928583,15
u3928900,48
u3928955,29
u3929267,16
u3929283,19
u3929308,13
u3929342,16
u3929349,13
u3929380,20
u3929469,15
u3929528,33
u3929537,48
u3929576,8
u3929785,10
u3930027,8
u3930131,12
u3930187,10
u3930473,12
u3930926,22
u3931099,26
u3931181,10
u3931305,16
u3931439,23
u3931508,25
u3931822,15
u3931909,9
u3931928,9
u3932016,16
u3932060,7
u3932070,13
u3932108,28
u3932213,27
u3932420,27
u393255,9
u3932587,38
u3932630,25
u3932734,8
u3932791,13
u3932793,14
u3932931,12
u3933010,24
u3933116,19
u3933128,15
u393318,10
u3933200,11
u3933292,15
u3933315,41
u3933424,10
u3933616,12
u3933841,7
u3933873,21
u3934019,16
u3934026,12
u3934248,8
u3934251,35
u3934455,40
u3934470,14
u3934643,13
u393466,8
u3934718,20
u3934839,17
u3934851,8
u3934864,18
u3935088,16
u393517,25
u3935209,12
u3935351,13
u3935355,7
u3935507,13
u3935685,28
u393571,9
u3936023,15
u3936090,14
u3936397,35
u3936458,11
u3936525,9
u3936539,12
u3936559,26
u3936575,12
u3936589,18
u3936604,9
u3936641,18
u3936672,20
u3936755,14
u3936756,22
u3936792,13
u3936898,21
u3936969,13
u3937063,12
u393710,13
u3937132,19
u3937160,10
u3937312,18
u3937351,15
u3937502,82
u3937914,16
u393795,24
u3937969,10
u3937973,13
u3938193,7
u3938255,14
u3938336,16
u3938437,10
u3938547,11
u3938552,11
u3938888,34
u3938968,92
u3938988,10
u3938990,80
u3939012,17
u3939043,21
u3939093,11
u3939321,12
u3939528,7
u3939622,23
u3939631,20
u3940047,7
u394005,11
u3940096,7
u3940203,26
u3940810,23
u3941133,22
u3941461,22
u3941503,16
u3941752,12
u3941767,13
u3941851,10
u3941880,26
u3942378,8
u3942398,14
u3942710,10
u3942733,16
u3942746,25
u3942748,23
u3942829,19
u3942860,16
u3942876,13
u3942886,32
u3942969,15
u3943034,16
u3943087,11
u3943094,14
u3943104,12
u3943201,11
u3943209,19
u3943228,14
u3943230,13
u3943281,15
u3943457,8
u3943459,8
u394391,8
u3944062,16
u3944277,23
u3944278,39
u3944303,23
u3944362,13
u3944527,12
u3944754,29
u3944829,15
u3944894,8
u3945374,9
u3945381,17
u3945439,13
u3945614,9
u3945806,12
u3945917,11
u3945970,14
u3945990,22
u3946056,17
u3946103,41
u3946615,24
u3946674,26
u3946675,16
u3946725,10
u3946817,17
u3946839,9
u3946854,29
u3946894,15
u3947003,11
u3947065,26
u3947313,18
u3947318,29
u3947329,26
u3947350,13
u3947357,40
u3947381,12
u3947465,10
u3947478,13
u3947489,14
u3947523,11
u3947553,15
u3947584,9
u3947636,31
u3947747,14
u3947875,8
u3948196,15
u3948207,11
u3948280,12
u3948287,36
u3948309,7
u3948341,20
u3948350,11
u3948528,32
u3948547,8
u3948633,9
u3948666,13
u3948847,16
u3948944,13
u3948989,10
u3949023,10
u3949077,19
u3949185,19
u3949302,21
u3949493,12
u3949628,13
u3949681,11
u3949687,10
u3950197,31
u3950250,8
u3950252,12
u3950266,26
u3950361,9
u3950390,50
u3950771,26
u3950988,14
u3951129,28
u3951199,12
u3951218,7
u3951236,27
u3951242,9
u3951268,22
u3951277,13
u3951370,15
u3951569,16
u3951686,12
u3951973,12
u3951983,11
u3952006,20
u3952088,11
u3952265,21
u3952306,42
u3952311,9
u3952587,16
u3953014,13
u3953054,18
u3953135,10
u3953551,12
u3953690,12
u3953703,9
u3953885,17
u3953993,9
u3954158,7
u3954195,8
u3954221,19
u3954444,6
u3954478,23
u3954563,34
u3954682,13
u3954708,9
u3954828,33
u3954994,9
u3955021,11
u3955055,12
u3955114,22
u3955181,12
u3955241,29
u3955906,21
u3955918,13
u3956033,21
u3956134,14
u3956173,20
u3956244,16
u3956389,14
u3956418,33
u3956623,10
u3956906,55
u3956911,13
u3957004,31
u395702,14
u3957091,11
u3957369,7
u3957518,17
u3957917,12
u3958146,15
u3958207,33
u3958266,36
u3958462,35
u3958467,12
u3958474,14
u3958492,15
u3958504,14
u3958598,13
u3958701,21
u395876,11
u3958893,11
u3959051,20
u3959250,20
u3959306,27
u3959400,38
u3959506,11
u3959536,19
u3959544,10
u3959584,11
u3959677,13
u3959788,13
u3959875,11
u3959899,14
u3960023,16
u3960047,11
u3960072,8
u3960077,11
u3960215,14
u3960257,23
u3960517,21
u3960535,7
u3960602,41
u3960709,17
u3960838,13
u3960984,27
u3960988,23
u3961012,14
u3961162,10
u3961213,9
u3961271,21
u3961348,29
u3961462,47
u3961542,44
u3961678,17
u3961742,9
u3961781,8
u3961832,7
u3961951,8
u3962051,7
u3962158,28
u3962186,7
u3962304,42
u3962379,8
u3962489,8
u3962735,13
u3962847,26
u3962982,18
u3963399,13
u3963503,14
u3963846,9
u3963905,9
u3964143,19
u396424,12
u3964344,12
u396435,16
u3964541,13
u3964544,28
u3964603,23
u3964707,33
u3964744,30
u3964925,14
u3965148,14
u3965197,18
u3965200,15
u3965286,42
u3965385,15
u3965538,16
u3965545,37
u3965685,16
u3965715,11
u3965730,12
u3965762,11
u3965846,8
u3965939,18
u3965988,14
u3966077,13
u3966136,15
u3966558,28
u3966727,13
u3966745,11
u3966953,14
u3966970,10
u3967046,11
u3967066,40
u3967107,11
u396728,8
u3967353,10
u3967360,12
u3967766,23
u3967800,8
u3967885,9
u3967890,48
u3967894,23
u3967916,13
u3967991,15
u3967998,15
u3968011,42
u3968079,71
u3968184,16
u3968192,25
u3968233,8
u3968566,11
u3968610,17
u3968698,10
u3968786,11
u3968878,16
u3968934,22
u3969071,30
u3969145,14
u3969198,11
u3969354,9
u3969375,29
u3969381,37
u3969383,15
u3969639,9
u3969681,10
u3969799,10
u3969929,27
u3969974,26
u3970092,34
u3970128,11
u3970144,16
u3970175,44
u3970185,16
u3970252,19
u3970336,15
u3970388,15
u3970456,17
u3970461,23
u3970514,24
u397057,17
u3970641,14
u3970652,8
u3970660,16
u3970751,15
u3970823,8
u3970932,7
u3970953,23
u3971027,11
u3971172,9
u397121,8
u3971262,6
u3971279,9
u3971287,11
u3971418,23
u3971501,11
u3971551,18
u3971569,8
u3971850,10
u3971853,18
u3971987,20
u3972030,29
u3972034,11
u3972052,9
u3972147,17
u3972354,21
u3972355,11
u3972590,17
u3972632,28
u3972646,10
u3972669,14
u397271,22
u3972731,15
u3972813,23
u3973090,18
u3973193,45
u3973375,19
u3973477,11
u3973545,11
u3973569,19
u3973596,12
u3973669,13
u3973712,10
u3974250,9
u3974329,37
u3974612,46
u3974687,13
u3974716,15
u3975048,15
u3975135,23
u3975282,17
u3975301,33
u3975331,15
u3975490,9
u3975663,29
u3975815,35
u3975827,13
u3975869,12
u3975985,13
u3976049,28
u3976083,29
u3976094,11
u3976468,28
u3976638,22
u3976756,11
u397707,12
u3977416,21
u397751,9
u397754,10
u3977686,9
u3977947,15
u3977974,10
u3978040,14
u3978064,28
u3978119,9
u3978189,25
u3978240,12
u3978499,12
u3978812,40
u3979285,11
u3979901,12
u3980031,25
u3980231,91
u3980272,9
u3980368,18
u3980493,8
u3980512,18
u3980678,12
u3980706,16
u3980941,12
u3980972,7
u3981244,11
u3982007,14
u3982363,15
u3982550,19
u3982921,10
u3982994,10
u3983031,13
u3983046,13
u3983101,14
u3983235,23
u3983260,12
u3983576,9
u3983833,10
u3983867,13
u3984043,9
u3984236,9
u3984298,10
u3984350,10
u3984596,7
u3984655,14
u3984752,12
u3985111,16
u3985274,7
u3985373,8
u3985719,7
u3985808,12
u3986105,11
u3986111,26
u3986144,19
u3986336,18
u3986554,10
u3986566,26
u3986789,11
u3986829,23
u3986845,22
u3986936,27
u3987000,34
u3987046,14
u398710,8
u3987172,22
u3987188,12
u3987333,9
u3987430,21
u3987646,12
u3987833,9
u3987847,11
u398796,13
u3988127,17
u3988128,11
u3988140,8
u3988212,6
u3988402,42
u3988512,7
u3988540,10
u3988792,13
u3988936,8
u3988945,15
u3988959,14
u3988995,14
u3989252,8
u3989427,8
u3989445,10
u3989461,11
u3989485,12
u3989587,25
u3989592,34
u3989596,22
u3989625,12
u3989643,12
u3989669,23
u3989672,13
u3989798,16
u3989816,14
u3990182,21
u3990222,25
u3990260,13
u3990353,7
u3990359,13
u3990592,11
u3990822,56
u3991060,13
u3991068,13
u3991308,10
u3991310,19
u3991353,25
u3992004,21
u3992245,20
u3992484,6
u3992544,13
u3992554,26
u3992619,16
u3992650,10
u3992693,11
u3992694,20
u3992717,15
u3992784,10
u3992899,16
u3992989,9
u3992995,9
u3993026,30
u3993046,9
u3993077,14
u3993206,25
u3993275,7
u3993492,10
u3993656,13
u3993702,15
u3993707,64
u3993795,8
u3993812,21
u3993958,33
u3994048,12
u39942,9
u3994414,19
u3994489,11
u3994948,15
u3995156,29
u3995254,6
u399527,17
u3995422,11
u3995478,19
u3995488,46
u3995580,9
u3995589,10
u3995665,16
u3995719,18
u3996277,31
u399641,11
u3996552,10
u3996746,34
u3997115,13
u3997210,18
u3997396,18
u3997675,23
u3997895,21
u3998037,11
u3998087,9
u3998094,16
u3998147,29
u3998241,12
u3998325,10
u3998433,24
u3998585,16
u3998643,16
u3998660,11
u3998757,13
u3998831,12
u3998843,10
u399897,23
u3999182,40
u3999187,21
u3999257,24
u3999855,13
u3999978,21
u40,16
u4000058,15
u4000072,6
u4000081,12
u4000198,12
u4000210,11
u4000231,13
u4000304,13
u4000338,37
u4000446,9
u4000643,22
u4000691,9
u4000755,9
u400078,20
u4000953,18
u4000994,12
u4000996,9
u4001130,8
u4001627,28
u4001632,21
u4001700,11
u4001716,32
u4001717,10
u4001782,10
u4001796,16
u4001815,8
u4001917,21
u4001986,31
u4002040,20
u4002073,10
u4002385,12
u4002404,41
u4002439,14
u4002567,36
u4002586,14
u4002625,16
u4003071,15
u4003129,24
u4003376,12
u4003501,13
u4003898,9
u4003908,16
u4003955,8
u4004002,33
u4004236,16
u4004252,21
u4004280,21
u4004348,23
u4004403,9
u4004531,16
u4004646,20
u4004809,6
u4004946,24
u4005103,11
u4005494,12
u4005533,15
u4005652,8
u4005693,12
u4005733,13
u4005881,30
u4005984,10
u4006114,21
u4006474,19
u4006605,17
u4006648,10
u4006770,10
u4006785,17
u400721,26
u4007392,20
u4007396,11
u4007402,19
u4007504,13
u4007633,12
u4007688,35
u4007701,13
u4007829,25
u4007881,29
u4008058,9
u4008136,11
u4008141,8
u4008227,19
u4008274,7
u4008333,14
u4008828,39
u4008937,10
u4008982,22
u4009067,11
u4009117,18
u4009136,13
u4009367,12
u4009426,12
u4009453,11
u4009500,10
u4009522,14
u4009560,14
u4009564,41
u4009758,17
u4009862,31
u4009874,12
u4010016,9
u401015,13
u4010209,15
u4010237,10
u4010312,11
u4010349,7
u4010465,8
u4010538,12
u4010556,18
u4010576,27
u4010584,16
u4010589,10
u4010666,20
u4010696,11
u4010786,11
u401110,7
u4011267,13
u4011377,13
u4011390,13
u4011429,12
u4011519,17
u4011590,12
u4011733,31
u4011827,20
u4011860,85
u4012099,8
u4012140,51
u4012328,6
u4012338,19
u4012373,15
u4012378,24
u4012421,11
u4012540,30
u4012559,11
u4012624,26
u4012934,9
u4012951,7
u4013032,34
u4013141,17
u4013169,13
u4013182,12
u4013329,20
u4013462,21
u4013474,10
u4013491,10
u4013499,11
u4013693,20
u4013757,15
u4013959,16
u4013982,15
u4014011,14
u4014030,9
u4014115,48
u401413,17
u4014384,13
u4014559,19
u4014674,20
u4014756,45
u4014905,17
u4014918,24
u4015027,8
u4015096,13
u4015315,15
u4015413,24
u4015464,27
u4015469,19
u4015521,10
u4015560,21
u4015662,53
u4015785,19
u4015869,27
u4015889,10
u4015987,11
u4016229,8
u4016372,14
u4016378,30
u401653,10
u4016542,21
u4016597,13
u4016657,13
u4016676,12
u4016721,19
u4016807,10
u4016843,21
u4017108,26
u4017138,12
u4017142,20
u4017190,8
u4017215,9
u4017230,8
u4017579,10
u4017710,17
u4017712,44
u4017795,29
u4017930,14
u4018064,13
u4018069,10
u4018111,17
u4018294,19
u4018381,11
u4018435,11
u4018549,15
u4018696,27
u4018839,11
u4019119,14
u4019200,13
u4019488,11
u4019493,16
u4019615,12
u4019676,13
u4019774,10
u4019859,11
u4020265,20
u4020404,8
u4020478,27
u4020623,12
u4020738,11
u402078,9
u4020847,12
u4020986,17
u4021087,31
u4021233,12
u4021285,9
u4021375,14
u4021423,12
u4021538,19
u4021854,10
u4021856,12
u4022314,39
u4022376,13
u4022417,13
u4022436,22
u4022437,14
u4022550,15
u4022598,16
u4022641,15
u4022705,18
u4022903,17
u4022984,12
u4023099,7
u4023149,8
u4023159,11
u4023255,21
u4023277,9
u4023328,15
u4023402,18
u4023483,20
u4023497,12
u4023706,17
u4023771,12
u4023773,15
u4023887,10
u4024402,62
u4024670,13
u4024701,15
u4024924,38
u4024931,19
u4025172,13
u4025304,16
u4025350,13
u4026259,8
u4026374,11
u4026433,18
u4026483,15
u4026505,34
u402655,11
u402665,10
u4027043,11
u4027237,18
u4027258,7
u4027391,33
u4027446,9
u4027468,44
u4027482,21
u4027810,15
u4027921,12
u4027955,38
u4028032,12
u4028135,6
u4028167,8
u4028480,49
u4028489,14
u4028621,9
u4028729,28
u4028801,12
u4028927,11
u4029007,36
u4029080,8
u4029097,10
u4029105,19
u4029173,11
u4029215,16
u4029229,17
u4029295,14
u4029352,7
u4029478,14
u4029481,17
u4029531,28
u4029540,22
u4029724,11
u4029771,11
u4029772,41
u4029849,17
u4029907,9
u4029981,16
u403003,11
u4030175,21
u4030235,16
u4030434,21
u4030493,7
u4030585,28
u4030596,14
u403060,17
u4030850,31
u4030905,11
u4030971,15
u4031025,12
u4031179,24
u4031215,13
u4031232,22
u4031354,34
u4031467,7
u4031584,33
u4031614,15
u4031737,9
u4031765,11
u4031790,11
u4031813,21
u4032197,10
u4032551,12
u4032558,17
u4032795,12
u4032819,8
u4032877,7
u4032894,14
u4032988,8
u4033031,17
u4033036,19
u4033124,18
u4033257,89
u4033339,15
u4033378,8
u4033452,15
u4033558,13
u4033560,7
u4033663,26
u4033691,20
u4033893,7
u4033979,9
u4034113,16
u4034131,13
u4034133,42
u4034238,17
u4034343,19
u4034526,10
u4034660,16
u4034776,18
u4034806,53
u4034945,19
u4035078,12
u4035176,16
u4035218,17
u4035316,9
u4035343,10
u4035379,14
u4035389,20
u4035397,42
u4035445,19
u4035692,12
u4035724,14
u4035822,13
u4035836,12
u4035866,22
u4035904,12
u4036023,11
u4036193,18
u4036212,41
u4036481,16
u4036504,9
u4036540,16
u4036585,9
u4036849,15
u4036975,36
u403720,12
u4037413,9
u4037708,10
u4037837,9
u4037929,12
u4037943,21
u4038259,16
u4038406,12
u4038419,33
u4038777,27
u403895,20
u4039145,10
u4039185,30
u4039352,12
u4039426,30
u4039530,13
u4039602,12
u4039629,9
u4039714,15
u4039770,9
u4039787,17
u4039810,12
u4039812,18
u404016,13
u4040339,14
u4040498,21
u4040574,16
u4040650,20
u4040679,16
u4040751,11
u4040825,48
u4040979,9
u4041267,10
u4041343,61
u4041369,9
u404139,14
u4041410,26
u4041426,10
u4041586,14
u4042094,15
u4042138,39
u4042634,17
u4042652,16
u4042715,19
u4042832,20
u4042835,38
u4042880,9
u4043039,12
u4043321,14
u4043344,14
u4043384,13
u4043414,9
u4043487,11
u4043651,43
u4043667,13
u4043703,16
u4043792,9
u4043821,13
u4043884,8
u4043892,27
u4043953,9
u4044054,9
u4044110,15
u4044117,37
u4044143,8
u4044406,15
u404442,8
u4044523,20
u4044546,24
u4044853,6
u4044874,8
u4044916,9
u4045023,31
u4045033,32
u4045084,12
u4045137,18
u4045276,27
u4045563,11
u4045582,11
u4045654,11
u4045708,8
u4045810,12
u4045842,30
u4045999,13
u4046217,16
u4046331,9
u4046340,25
u4046363,11
u4046435,31
u4046450,8
u4046509,16
u4046525,8
u4046602,9
u4046660,19
u4046701,9
u4046738,18
u4046938,7
u4046990,18
u404713,10
u4047200,12
u4047424,32
u4047526,37
u4047612,16
u4047686,22
u4047690,16
u4047699,7
u4047796,25
u404802,8
u4048030,23
u4048047,19
u4048216,16
u404849,12
u4048511,40
u4048518,21
u4048648,15
u4048683,32
u4048912,12
u4048990,15
u4049006,23
u4049030,21
u4049062,9
u4049126,11
u4049230,42
u4049395,15
u4049490,22
u4049562,21
u4049605,11
u4049769,13
u4049852,17
u4049891,10
u4049959,9
u4050018,18
u4050083,11
u4050226,14
u4050246,8
u4050555,8
u4050600,12
u4050611,26
u4050705,18
u4050723,12
u4050846,12
u4050849,11
u4050923,17
u4051130,12
u4051245,9
u4051343,38
u4051434,22
u4051569,24
u4051581,19
u4051637,10
u4051727,63
u4051734,17
u4051768,15
u4051791,9
u4051796,13
u4051828,32
u4051904,21
u4051980,14
u4051989,7
u4051993,11
u4052080,12
u4052413,11
u4052452,17
u4052533,65
u4052539,10
u4052689,26
u4052715,14
u4052746,10
u4052789,13
u4052870,13
u4052981,77
u4053016,19
u4053043,11
u4053143,7
u4053173,9
u4053490,9
u4053653,13
u4053737,12
u4054059,11
u4054079,25
u4054266,29
u4054374,38
u405441,10
u4054565,20
u4054622,14
u4054672,12
u4054827,15
u4054912,12
u4054917,10
u4055062,13
u4055228,21
u4055271,30
u4055341,10
u4055346,12
u4055493,23
u4055627,11
u4055637,24
u405567,12
u4055772,25
u4055791,16
u4055816,38
u4055845,14
u4056106,11
u4056170,15
u4056214,9
u4056275,11
u4056380,48
u4056587,12
u4056969,25
u4057211,10
u4057512,14
u4057651,14
u4057670,15
u4058255,11
u4058407,11
u4058453,36
u4059014,11
u4059140,20
u4059439,30
u4059446,14
u4059744,28
u4060062,13
u4060171,10
u4060321,19
u4060943,9
u406131,8
u4061348,12
u4061448,14
u4061695,12
u4061701,9
u4061979,20
u4062110,11
u4062393,19
u4062646,10
u4062664,11
u4062762,16
u4062825,21
u4063025,10
u4063078,16
u4063118,14
u4063227,9
u4063643,31
u4063651,16
u4063810,8
u4063830,9
u4063843,11
u4063864,15
u4063975,17
u4063976,13
u4064002,8
u4064136,10
u4064230,22
u4064235,11
u4064475,9
u4064545,16
u4064600,24
u4064712,9
u4064756,16
u4064782,25
u4064812,8
u4065029,9
u4065075,36
u4065319,28
u4065545,11
u4065583,11
u4066008,9
u4066240,6
u4066331,26
u4066421,46
u4066440,12
u4066535,13
u4066549,8
u4066560,9
u4066744,12
u4066780,34
u4066788,29
u4066846,12
u4066863,24
u4066935,9
u4066949,39
u4066954,16
u4066998,30
u4067030,28
u4067185,20
u4067222,21
u4067258,47
u4067541,9
u4067734,13
u406807,8
u4068142,34
u4068286,12
u4068307,18
u4068324,11
u4068625,25
u4068732,26
u4068889,13
u4068901,18
u4069079,11
u4069140,8
u4069324,29
u4069423,7
u4069879,37
u4069882,46
u4069921,25
u4069951,21
u4070055,11
u4070057,16
u4070123,22
u4070226,20
u4070305,27
u4070472,11
u4070486,45
u4070742,10
u4070854,12
u407102,13
u4071178,19
u4071204,12
u4071287,8
u4071544,22
u4071599,11
u4071731,8
u4071756,11
u4071765,16
u4071780,14
u4071836,72
u4071852,16
u4072300,14
u4072325,12
u4072379,24
u4072401,12
u4072587,32
u4072704,10
u4072719,43
u4073013,17
u4073081,29
u4073128,16
u4074264,24
u4074405,15
u4074570,9
u4074699,24
u4074715,35
u4075202,8
u4075373,7
u4075431,18
u4075432,33
u4075548,12
u4075680,28
u4075975,10
u4076216,58
u4076376,10
u4076439,14
u4076692,20
u4076780,13
u4076913,28
u4077245,14
u4077530,18
u4077597,31
u4077657,16
u4077725,14
u4077730,12
u4077770,13
u4077782,13
u4077788,25
u4077803,18
u4077865,29
u4078093,16
u4078176,9
u4078299,12
u4078550,16
u4078586,17
u4079661,7
u4079990,7
u4080089,27
u4080394,36
u4080702,21
u4080787,9
u4081169,19
u4081398,22
u4082016,16
u4082085,10
u4082189,21
u4082345,7
u4082562,15
u4082592,35
u4082622,39
u4082624,20
u4082731,8
u4082760,12
u4082856,14
u4082904,8
u4082924,31
u4083020,24
u4083047,9
u4083345,14
u4083397,11
u4083424,8
u4083436,44
u408346,10
u4083534,10
u4083565,8
u4083574,14
u4083780,16
u4083841,25
u4083903,10
u4084069,10
u4084192,10
u4084325,10
u4084419,10
u4084505,10
u4084627,7
u4084635,10
u4084644,19
u4084726,11
u4084737,9
u4084823,19
u4084897,21
u4085046,12
u4085078,62
u4085232,20
u4085267,13
u408527,11
u4085579,19
u4085638,8
u408581,13
u4085981,9
u4086424,18
u4086740,9
u4086819,13
u4086847,19
u4087647,10
u4087769,8
u4087779,12
u4087813,12
u4088128,10
u4088672,16
u4088692,8
u4088825,10
u4089003,12
u4089620,11
u4089991,17
u4090206,16
u4090313,30
u4090337,24
u4090381,35
u4090588,31
u4090632,21
u4090698,13
u4090737,9
u4090866,13
u4090948,51
u4091098,14
u4091508,10
u4091539,14
u4092592,16
u4092698,10
u4092721,15
u4092924,8
u4092955,9
u4093096,11
u4093255,10
u4093274,15
u4093361,9
u4093367,8
u4093591,17
u4093716,13
u4093782,20
u4093818,34
u4094024,8
u4094434,16
u4094572,12
u4094691,30
u4094794,11
u4094879,13
u4095268,15
u4095339,17
u4095418,14
u4095439,18
u4095482,29
u4095600,9
u4095675,10
u409578,13
u4095875,22
u4096004,11
u4096028,32
u4096077,14
u4096158,29
u4096219,8
u4096230,44
u4096528,15
u4096544,8
u4097378,10
u4097506,9
u4097601,19
u4097753,9
u4097827,24
u4097873,9
u4097884,11
u4097900,14
u4097948,20
u4098226,23
u4098296,23
u4098741,22
u4098839,38
u4098929,13
u4099630,18
u4099647,8
u4099812,27
u4099952,26
u4100027,25
u4100028,14
u4100055,10
u4100065,9
u4100113,16
u4100240,16
u4100255,38
u4100257,34
u4100276,21
u4100302,37
u4100315,13
u4100353,11
u4100469,10
u4100656,22
u4100736,11
u4100890,12
u4100999,27
u4101948,16
u4102122,13
u4102156,13
u4102605,13
u4102609,35
u4103047,7
u410315,15
u4103195,15
u4103328,12
u4103385,10
u4103404,17
u4103606,7
u4103682,23
u4103712,13
u4103779,9
u4103909,25
u4104188,17
u410421,14
u4104231,12
u4104248,13
u4104256,45
u4104358,29
u4104365,9
u4104506,23
u4104607,9
u4104721,21
u4104914,9
u4105060,13
u4105201,23
u410562,7
u4105648,13
u4105728,14
u410620,13
u4106250,12
u4106447,17
u4106622,12
u4106781,17
u4106809,10
u4107102,13
u4107371,36
u4107412,20
u4107514,14
u4107727,32
u4107730,13
u4107789,12
u4107871,13
u4107899,21
u4107973,9
u4108106,17
u4108199,11
u4108204,20
u4108253,12
u4108286,16
u4108354,14
u4108377,12
u4108468,65
u4108469,12
u4108571,11
u4108655,17
u4108757,13
u4108841,21
u4109054,10
u4109125,24
u4109177,17
u4109183,14
u4109256,18
u4109570,21
u4109709,14
u4109723,16
u4109746,19
u4109793,12
u4109849,43
u4110099,6
u4110155,7
u4110174,20
u4110214,27
u4110303,7
u4110568,30
u4110581,16
u411060,12
u4110736,13
u4110837,7
u4110869,19
u4110894,14
u4110971,10
u4111102,22
u4111147,15
u4111148,10
u4111324,15
u4111355,9
u4111718,24
u4111889,20
u4111959,12
u4112034,10
u4112192,8
u4112222,13
u4112281,6
u4112330,19
u4112333,18
u4112416,14
u4112489,13
u4112617,16
u4112675,8
u4112680,32
u4112692,11
u4112695,9
u4112767,13
u4113278,13
u4113496,14
u4113724,10
u4114102,20
u4114160,13
u4114309,8
u4114504,26
u4114580,9
u4114774,12
u4114958,14
u4115109,10
u4115216,12
u4115223,8
u4115235,6
u4115363,13
u4115377,14
u4115760,16
u4116148,24
u4116245,21
u4116258,9
u4116328,18
u4116355,50
u4116451,10
u4116656,14
u4116672,24
u4116778,34
u4116786,10
u411682,13
u4116860,13
u4117003,24
u4117341,12
u4117389,11
u4117705,11
u411780,17
u4117947,10
u4118023,11
u4118103,10
u4118156,33
u4118208,24
u4118228,10
u4118430,14
u4118505,26
u4118529,9
u4118744,12
u4118790,31
u4118843,11
u4118878,24
u4119257,23
u4119382,28
u4119495,13
u4119565,14
u4119634,11
u4119722,8
u4119823,23
u4119910,18
u4119924,24
u4119926,20
u4119962,14
u4120014,20
u4120115,11
u4120150,8
u4120272,9
u4120447,23
u4120462,15
u4120476,16
u4120512,15
u4120536,93
u4120581,23
u4120636,11
u4120652,28
u4120875,10
u4121026,18
u4121056,11
u4121105,11
u4121284,11
u4121493,9
u4121494,14
u4121578,22
u4121674,26
u4121758,39
u4121760,15
u4121842,22
u4121847,17
u4122070,17
u4122157,36
u4122379,15
u4122507,14
u4122594,15
u4122650,9
u4123253,15
u4123382,17
u4123521,10
u4123607,37
u4123652,9
u4123669,20
u4123802,13
u4124057,18
u4124167,20
u4124189,14
u4124386,19
u4124497,17
u4124943,26
u4125085,13
u4125087,20
u412560,13
u4127531,10
u4127655,10
u4127738,20
u4127797,37
u4127926,12
u4128038,12
u4128125,30
u4128794,13
u4128800,21
u4129148,10
u4129389,10
u4129396,10
u4129467,9
u4129488,11
u4129851,12
u4129911,13
u4129969,19
u4130081,27
u4130109,10
u4130178,17
u4130238,15
u4130339,14
u4130384,8
u4130642,17
u4130715,9
u4130825,19
u4131059,8
u4131083,8
u4131106,10
u4131654,6
u4131956,13
u413196,7
u4131962,32
u4132015,10
u4132138,7
u4132290,20
u4132539,16
u4132905,15
u4132954,16
u4132972,14
u413313,8
u4133481,20
u4133829,13
u4133846,10
u4133939,14
u4133944,11
u413405,18
u4134074,21
u4134190,8
u4134436,36
u4134721,14
u4135179,12
u4135351,24
u4135357,16
u4135789,10
u4135828,11
u4136039,7
u4136064,23
u4136210,11
u4136320,21
u4136393,9
u4136459,8
u4136585,12
u4136595,9
u4136798,10
u4136829,10
u4136839,8
u4136969,13
u4137067,26
u4137160,10
u4137181,7
u4137472,9
u4137485,119
u4137631,32
u4137797,22
u4137819,9
u4137937,8
u4138035,22
u4138213,29
u4138277,9
u4138536,13
u4138561,11
u4138695,11
u4138703,30
u4138708,11
u4138752,21
u4138777,14
u4138797,13
u4138840,15
u4138877,9
u4138914,8
u4138961,11
u4138974,6
u4139049,31
u4139218,20
u4139223,38
u4139232,26
u4139256,12
u4139311,31
u4139352,13
u4139521,12
u4139609,9
u4140077,9
u4140391,12
u4140403,8
u4140602,9
u4140608,12
u4140814,31
u4141036,17
u4141039,81
u4141082,16
u4141136,37
u4141245,13
u4141330,36
u4141388,9
u4141456,20
u4141531,8
u4141607,24
u4141662,10
u4142122,11
u4142216,10
u4142285,11
u4142314,19
u4142512,28
u4142633,10
u4142782,10
u4142856,11
u4142979,17
u4143096,11
u4143136,12
u4143150,18
u414320,13
u4143265,13
u4143298,11
u4143339,11
u4143375,23
u414353,15
u4143821,14
u4144002,11
u4144004,29
u4144069,22
u4144100,15
u4144188,12
u4144234,12
u4144524,7
u4144586,11
u4144629,17
u4144710,15
u4144984,14
u4145494,19
u4145567,12
u4145591,19
u4145609,27
u4145623,28
u4145632,16
u4145753,16
u4145835,10
u4145942,17
u4145963,20
u4145983,27
u4146017,14
u4146036,34
u4146195,19
u414633,26
u4146335,12
u4146510,14
u4146562,19
u4146856,17
u4146903,16
u4147292,17
u4147382,39
u4147405,14
u4147729,15
u4147780,28
u4147877,8
u4147935,32
u4148081,16
u4148156,14
u4148182,15
u4148246,7
u4148632,9
u4148667,11
u4148680,15
u4148719,17
u4148960,9
u4148980,17
u414904,7
u4149228,17
u4149533,10
u4150501,12
u4150644,7
u4150885,14
u4150973,10
u4151014,26
u4151029,25
u4151057,10
u4151204,12
u4151257,25
u4151442,14
u415153,7
u4151790,11
u4152009,19
u4152288,13
u4152619,11
u4153562,11
u4154435,25
u4154662,11
u4155003,18
u4155052,10
u4155096,30
u4155225,22
u4155279,29
u4155607,20
u415602,8
u4156197,11
u4156206,22
u4156272,23
u4156541,37
u4156543,20
u4156568,15
u4157016,18
u4157045,24
u4157191,22
u4157713,6
u4157795,8
u4158323,16
u4158691,11
u4158707,14
u4158890,9
u4158933,9
u4158985,9
u4159278,17
u4159353,14
u4159380,22
u4159582,6
u4159862,18
u4159943,28
u4160020,13
u4160131,34
u4160197,23
u4160211,11
u4160249,8
u4160271,20
u4160272,10
u4160410,15
u4160603,7
u4160868,9
u4160882,23
u4161005,7
u4161042,11
u4161221,7
u4161938,7
u4161968,7
u4162071,14
u4162115,15
u4162258,18
u4162299,19
u4163016,10
u4163110,12
u4163235,13
u4163520,8
u4164351,10
u4164475,33
u4164541,10
u4164855,18
u4164926,15
u416519,9
u4165416,14
u4165442,28
u416561,16
u4165814,12
u4166224,16
u4166275,14
u4166406,12
u4166533,9
u4166689,15
u4166751,8
u4166829,17
u416684,10
u4166966,14
u4167144,11
u4167147,21
u4167244,16
u4167278,10
u416732,15
u4167489,12
u4167606,10
u4167753,18
u4167769,30
u4167906,14
u4167925,26
u4167943,15
u4167980,34
u4168013,8
u4168039,9
u4168041,48
u4168089,9
u4168118,18
u4168373,11
u4168711,10
u4169100,17
u4169180,9
u4169353,14
u4169433,10
u4169523,12
u4169667,11
u4169672,44
u4169737,10
u4169752,12
u4169807,12
u4169920,14
u4169989,12
u4170013,20
u4170188,14
u4170249,32
u4170435,16
u4170471,14
u4170595,19
u4170783,11
u4170840,9
u4171102,14
u4171103,12
u417113,13
u4171380,15
u4171572,19
u4171593,13
u4171856,13
u4171987,12
u4171990,9
u4172156,12
u4172207,16
u4172324,32
u4172369,12
u4172397,14
u4172523,20
u4172845,11
u4173212,7
u4173284,16
u4173576,11
u4173600,9
u4173768,8
u4173793,79
u4174051,28
u4174083,25
u4174191,24
u4174737,17
u4174942,7
u4175116,8
u4175376,7
u4175659,45
u4175825,15
u4175961,38
u4176057,10
u4176446,40
u4176489,9
u4176492,12
u4176510,13
u4176589,16
u4176622,15
u4176975,27
u4177182,22
u4177230,8
u4177253,8
u4177257,13
u4177321,7
u4177373,21
u4177630,13
u4177634,7
u4177645,10
u4177691,17
u4177708,42
u4177756,19
u4177778,8
u4177942,28
u4178010,9
u4178175,14
u4178179,8
u4178260,13
u4178542,38
u4178809,38
u4178940,14
u4179101,14
u4179242,28
u4179366,9
u4179434,17
u4179511,19
u4179524,19
u4179622,12
u4179929,17
u4179999,18
u4180080,7
u4180296,11
u4180644,27
u4180745,18
u4180860,9
u4180863,15
u4181117,10
u4181119,19
u4181172,12
u4181229,10
u4181272,8
u4181415,8
u418157,11
u4181587,8
u4181725,13
u4181884,16
u4181911,27
u4181944,28
u4182498,25
u418250,6
u4182782,16
u418283,12
u4182900,12
u4183060,8
u4183132,15
u4183279,53
u4183530,18
u4183641,24
u4183912,19
u4183915,19
u4184064,9
u4184129,13
u4184303,15
u4184304,27
u4184329,11
u4184410,22
u4184553,10
u4184984,9
u4185009,14
u4185029,21
u4185195,31
u4185580,15
u4185598,25
u4185721,12
u4185869,11
u4186656,12
u4186661,41
u4186856,20
u4186922,20
u4186973,12
u4187186,21
u4187188,16
u4187238,15
u4187250,15
u4187284,50
u4187295,9
u4187306,23
u4187364,9
u4187500,11
u4187550,19
u4187652,20
u4187736,13
u4187891,22
u4187977,11
u4188029,19
u4188135,14
u4188137,14
u4188531,9
u4188718,16
u4188806,45
u4188881,15
u4188950,8
u4188955,20
u4189250,12
u4189534,12
u4189676,7
u4189794,16
u4190218,11
u4190244,16
u419027,15
u4190578,26
u4190591,19
u4190645,12
u4190970,18
u4191039,9
u4191084,8
u4191173,11
u4191200,11
u4191287,10
u4191299,8
u4191335,11
u4191425,16
u4191450,10
u419153,21
u4191665,16
u4191670,27
u4191720,20
u4191733,11
u4191830,12
u4191867,14
u4191874,17
u4192098,18
u4192535,18
u4192601,14
u4192727,20
u4192884,17
u4192902,12
u4193040,13
u4193911,13
u4193961,14
u4194265,17
u4194429,14
u4194697,11
u4194880,8
u4194960,33
u4195189,24
u4195285,21
u4195299,32
u4195396,8
u4195675,13
u419577,34
u4195849,11
u4195851,9
u4196063,30
u4196185,7
u4196660,16
u4196689,14
u4196872,9
u4197555,34
u4197686,15
u4197790,30
u4198103,19
u4198105,7
u4198148,17
u4198408,23
u4198529,18
u419857,12
u4198629,16
u4198757,29
u4198797,14
u4198958,14
u4199131,12
u4199443,8
u4199472,11
u4199498,15
u4199613,7
u4199671,27
u4199929,8
u4200040,9
u4200333,14
u4200370,9
u4200450,18
u4200459,68
u4200725,22
u4200823,42
u4200854,13
u4201182,25
u4201207,19
u4201228,26
u4201323,12
u420150,18
u4201700,7
u4201918,11
u4201950,32
u4202192,9
u4202215,23
u4202422,16
u4202777,11
u4203115,19
u4203118,6
u4203328,9
u4203440,9
u4203609,10
u4203625,17
u4203757,9
u4203781,11
u4203826,15
u4203829,11
u4203833,24
u4204068,14
u4204150,14
u4204165,12
u420427,14
u4204386,24
u4204455,24
u4204475,11
u4204655,11
u4205165,7
u4205339,10
u4205644,20
u4205711,11
u4205948,15
u4205952,23
u4206043,10
u4206462,20
u4206681,9
u4207504,23
u4207778,11
u4207863,10
u4208001,42
u4208042,16
u4208091,12
u4208315,14
u4208410,11
u4208449,7
u4208572,11
u4208597,17
u4208688,9
u4208723,16
u4208864,15
u4208944,9
u4209099,8
u4209105,17
u4209185,13
u4210238,22
u4210266,15
u4210325,8
u4210401,12
u4210535,11
u4211033,18
u4211330,17
u4211777,10
u4211922,22
u4211961,8
u4211965,20
u4212070,15
u4212084,17
u4212768,13
u4212891,15
u4212924,17
u4213307,10
u4213329,24
u4213464,17
u4213546,11
u4213554,12
u4213556,7
u4213599,18
u4213725,21
u4213812,11
u4214030,18
u4214446,15
u4214566,9
u4214767,12
u4214795,11
u4215123,12
u4215268,7
u4215296,18
u4215618,22
u4215881,10
u4216453,19
u4216636,20
u4216718,9
u4216729,18
u4216927,7
u4217128,20
u4217142,23
u4217241,18
u4217581,9
u4217591,12
u4217594,8
u4217772,23
u4217812,15
u4217814,15
u4217875,31
u4217965,10
u4218006,28
u4218203,40
u4218229,13
u4218602,16
u4218650,20
u4218863,11
u4219044,9
u4219511,10
u4219622,16
u421975,10
u4219762,12
u4219785,22
u4219832,16
u4219883,24
u4219917,16
u4219968,10
u4219988,31
u4220246,24
u4220311,15
u4220570,15
u4220813,7
u4220818,12
u4220847,10
u4220865,7
u4220926,18
u4220927,11
u4220935,13
u4220950,33
u4221020,15
u4221029,10
u4221081,25
u4221430,13
u4221434,18
u4221504,57
u4221568,11
u4221628,11
u4222020,9
u4222136,9
u4222460,15
u4222465,19
u4222598,17
u4222632,22
u4222655,11
u4222681,28
u4222722,20
u4222723,12
u4222805,13
u4222823,10
u4222824,15
u4222946,25
u4223082,37
u4223095,10
u4223245,7
u422348,14
u4223486,7
u4223492,17
u4223646,13
u4224162,8
u4224370,14
u4224380,14
u4224693,24
u4224710,19
u4224718,25
u4224767,11
u4224915,34
u4224996,36
u4225097,12
u4225179,7
u4225265,10
u4225363,8
u4225436,11
u4225445,12
u4225532,10
u4225565,45
u4225665,11
u4225734,18
u4225778,57
u4225913,14
u4226262,10
u4226301,11
u4226703,7
u4227063,39
u4227089,24
u422713,9
u4227197,11
u4227258,24
u4227266,30
u4227483,38
u4227550,10
u4227693,9
u4227727,10
u4227805,17
u4228102,11
u4228228,10
u4228400,26
u4228635,11
u4228698,14
u4228703,14
u4228723,7
u4228904,25
u4229018,13
u4229114,17
u4229435,18
u422964,9
u4229643,12
u4230103,14
u4230339,12
u423043,10
u4230555,10
u4230613,13
u4230669,11
u4230688,10
u4230814,9
u4230866,11
u4230870,16
u4230933,25
u4230937,12
u4230952,7
u4230971,9
u4231000,13
u4231070,13
u4231113,34
u4231205,13
u4231403,17
u4231411,12
u4231448,14
u4231651,14
u4231654,12
u4231714,10
u4231761,19
u4231797,8
u4232073,64
u4232076,12
u4232147,14
u4232246,14
u4232337,24
u4232341,25
u4232476,16
u423248,13
u4232567,8
u4232624,9
u4232652,8
u4232722,11
u4232802,7
u4232852,10
u4232866,8
u4232947,11
u4232965,17
u4233060,11
u4233071,16
u4233101,26
u4233489,10
u4233516,8
u4233542,14
u4233625,21
u4234115,20
u4234121,15
u4234140,10
u4234187,11
u4234261,17
u4234308,14
u4234402,14
u4234547,21
u4234633,19
u4234637,12
u4234649,20
u4234858,51
u4234936,16
u4234951,13
u4234960,12
u4234961,10
u4234965,13
u4235042,13
u4235192,19
u4235251,12
u4235301,29
u4235376,6
u4235401,13
u4235727,25
u4235831,8
u4235922,9
u4235945,11
u4236000,10
u4236191,9
u4236199,57
u4236224,11
u4236237,42
u4236239,48
u4236275,28
u4236288,9
u4236346,8
u4236349,33
u4236484,21
u4236591,14
u4236607,8
u4236614,29
u4236622,15
u4236673,46
u4236695,12
u4236700,37
u4236723,11
u4236873,15
u4236945,33
u4236983,16
u4237090,27
u4237310,12
u4237498,12
u4237525,12
u4237543,11
u4237633,28
u4237638,28
u4237745,13
u423777,12
u4237813,27
u4237826,9
u4237917,36
u4237930,32
u4238003,13
u4238073,28
u4238176,18
u4238530,10
u4238771,8
u4238803,24
u4238963,40
u4239148,15
u4239185,10
u4239188,9
u4239414,57
u4239530,41
u4239550,12
u4239573,9
u4239593,8
u4239630,20
u423964,12
u4239657,9
u4239688,30
u4239696,8
u4239942,12
u4240117,13
u4240339,11
u4240415,17
u4240681,10
u4240745,7
u4240923,9
u4241089,7
u4241143,11
u4241230,16
u4241245,9
u4241404,8
u4241471,11
u4241561,22
u4241645,27
u424165,9
u4241753,11
u4241775,8
u4241780,17
u4241839,14
u4241879,15
u4241961,15
u4241962,15
u4241970,10
u4242160,21
u4242299,12
u4242349,8
u4242643,8
u4242678,38
u4242906,9
u4243026,16
u4243210,9
u4243476,8
u4243616,27
u4243656,26
u4243709,47
u4243777,11
u4243809,11
u4243811,8
u4244059,18
u4244207,28
u4244358,22
u4244398,27
u4244406,9
u4244547,23
u4244551,26
u4244566,32
u4244567,6
u4244568,28
u4244607,11
u4244743,11
u4244868,18
u4245057,12
u4245084,13
u4245219,60
u4245230,20
u4245248,10
u4245424,47
u4245621,9
u424593,16
u4245958,12
u4245979,16
u4246062,36
u4246063,14
u4246087,7
u4246171,13
u4246848,16
u4247164,11
u4247571,8
u4247590,37
u4247682,14
u4248032,11
u4248059,12
u4248107,8
u4248272,10
u4248340,18
u4248398,17
u4248541,15
u4248622,11
u4248653,19
u4248708,9
u4248730,38
u4248749,13
u4248858,10
u4249096,11
u4249213,16
u4249215,25
u4249295,50
u4249309,9
u4249435,13
u4249492,14
u4249590,24
u4249714,20
u4249833,11
u4250341,28
u4250380,27
u4250418,27
u4250431,60
u4250448,12
u4250520,10
u4250591,12
u4250870,48
u4250906,18
u4251060,21
u4251135,18
u4251198,12
u4251223,9
u4251267,11
u4251407,11
u4251550,8
u4251552,18
u4251678,14
u4251733,6
u4251803,15
u4251809,10
u4251873,18
u4251917,20
u4251923,11
u4252279,10
u4252281,19
u4252290,9
u4252396,11
u4252427,11
u4252528,8
u4252639,19
u4252642,9
u4252647,15
u4252724,32
u4252833,22
u4252839,15
u4252936,11
u4252962,11
u4253202,16
u4253205,16
u4253255,12
u4253876,10
u425388,9
u4253973,35
u4254070,11
u4254142,12
u4254250,26
u4254641,19
u4254779,8
u4255408,20
u425544,12
u4255472,42
u4255638,6
u4255709,20
u4255767,7
u4255877,11
u4255984,11
u4256002,17
u4256045,21
u4256114,40
u4256143,42
u4256173,22
u4256197,22
u4256300,14
u4256458,15
u4256718,21
u425680,16
u4256828,9
u4256843,23
u4256900,26
u4256902,9
u4256989,10
u4257101,35
u4257189,12
u4257206,6
u4257250,19
u4257302,33
u4257345,10
u4257347,13
u4257368,12
u4257400,12
u4257582,14
u4257588,15
u4257738,26
u4257797,9
u4257944,13
u4258226,17
u4258233,9
u4258322,21
u4258460,23
u4258614,14
u4258777,13
u4258995,18
u4259062,9
u4259108,8
u4259167,10
u4259235,26
u4259242,11
u4259264,59
u4259276,12
u4259280,17
u4259333,14
u4259360,15
u4259442,13
u4259486,29
u4259581,21
u4259620,10
u4259645,13
u4259782,13
u4260650,22
u4260673,16
u4260745,15
u4260818,27
u4260930,17
u4260957,8
u4260980,9
u4260990,13
u4261265,26
u4261285,7
u4261303,27
u4261371,11
u4261454,9
u4261495,8
u4261569,26
u4261779,9
u4261862,39
u4261887,25
u4262098,26
u426212,12
u426273,14
u4262753,12
u4262863,9
u4262922,15
u4263019,14
u4263134,7
u4263366,14
u4263760,15
u4263870,27
u4263996,11
u4264039,11
u4264121,13
u4264141,12
u4264224,10
u4264322,18
u4264399,18
u4264488,15
u4264541,23
u4264583,29
u4264599,6
u4264602,13
u4264677,13
u4265056,20
u4265127,19
u4265231,17
u4265285,12
u4265307,12
u4265332,10
u4265366,15
u426537,18
u4265390,33
u4265409,11
u4265467,15
u4265481,13
u4265650,13
u4265709,64
u4265713,15
u4265727,9
u4265754,20
u4265830,23
u4265864,20
u4266267,12
u4266489,15
u4266687,16
u4266774,7
u4266787,17
u4266809,14
u4266823,15
u426688,8
u4266929,8
u4266966,15
u4267118,19
u4267194,19
u4267254,14
u4267373,33
u4267474,40
u4267637,12
u4267727,15
u4267941,13
u4268479,9
u426864,12
u4268643,20
u4268770,9
u4268823,15
u4268883,12
u4268999,13
u4269288,6
u4269291,15
u4269828,9
u4270263,8
u4270974,9
u4271213,10
u4271253,12
u4271485,11
u4271833,10
u4272013,9
u4272053,17
u4272117,10
u4272174,11
u4272320,24
u4272331,23
u4272841,11
u4273291,9
u4273435,19
u4273579,11
u4273708,8
u4273820,22
u4273977,10
u4274072,7
u4274205,10
u4274215,14
u4274286,23
u4274294,14
u4274637,10
u4274649,17
u4274668,13
u4274807,25
u4274901,21
u4275100,15
u4275156,9
u4275170,11
u427534,11
u4275433,9
u4275696,9
u4275742,8
u4275834,16
u4275848,16
u4275865,13
u4275868,10
u4276109,18
u4276150,12
u4276174,6
u4276181,14
u4276307,7
u4276466,18
u4276525,10
u4276661,32
u4276727,20
u4277406,13
u4277686,27
u4277762,12
u4277925,23
u427805,10
u4278283,15
u4278307,10
u4278467,35
u4278475,19
u4278481,9
u4278637,15
u4278775,15
u4278804,15
u4279253,26
u4279317,10
u4279751,15
u4279773,7
u4279819,9
u4279909,10
u4279910,14
u4280044,7
u4280280,15
u4280503,26
u4280642,8
u4280663,9
u4280806,26
u4280926,16
u4280945,23
u4281060,21
u4281098,11
u4281209,9
u4281249,11
u428133,14
u4281357,11
u4281385,13
u4281423,11
u4281486,30
u4281704,20
u4281921,11
u4282069,10
u4282116,25
u4282199,38
u4282210,11
u4282431,14
u4282469,37
u4282519,15
u4282608,17
u4282739,14
u4283081,16
u4283090,8
u4283137,35
u4283582,11
u4283634,7
u4283671,34
u4283923,22
u4284192,13
u4284213,12
u4284266,8
u4284327,30
u4284381,30
u4284396,21
u4284445,10
u4284450,7
u4284786,15
u4284872,13
u4285016,31
u4285251,9
u4285305,11
u4285332,9
u4285360,17
u4285469,49
u4285592,17
u428578,23
u4285911,22
u4286049,12
u4286086,12
u4286091,17
u4286170,8
u428649,12
u4286811,13
u428691,9
u4287357,14
u4287746,14
u4287760,18
u4287783,18
u4288186,7
u4288231,13
u4288479,21
u4288628,40
u4288722,69
u4289091,19
u4289096,10
u4289291,18
u4289376,34
u4289395,9
u4289493,9
u4289541,8
u4289585,14
u4289834,10
u4289837,8
u428989,18
u4290231,9
u429058,29
u4290625,17
u4290750,13
u4290782,42
u4290936,13
u4291015,22
u4291143,13
u4291328,15
u4291446,18
u4291489,14
u429168,15
u4291697,10
u4291723,8
u4291740,24
u4292016,11
u4292380,12
u429245,8
u4292545,7
u4292591,9
u4292628,12
u4292733,11
u4292774,14
u4292918,44
u4292920,14
u4293156,21
u4293285,15
u4293345,13
u4293353,20
u4293918,26
u4293994,9
u4294176,13
u4294192,16
u4294301,14
u4295017,9
u4295065,11
u4295173,31
u4295280,14
u4295315,15
u4295555,9
u4295620,15
u4295621,19
u4295898,27
u4296069,13
u4296283,11
u4296320,7
u4296592,13
u4296728,11
u4296985,15
u4297513,8
u4297742,15
u429784,12
u4297917,15
u4298055,12
u429808,16
u4298206,14
u429826,7
u4298262,15
u4298489,10
u4298632,15
u4298662,19
u4298941,9
u4299088,25
u4299336,8
u429945,10
u4299617,27
u429984,20
u4300030,17
u4300151,29
u4300152,9
u4300299,20
u4300314,11
u4300732,15
u4301204,9
u4301290,12
u4301524,12
u4301558,14
u4301666,31
u4302075,11
u4302146,13
u4302166,22
u430217,14
u4302228,12
u4302444,47
u4302474,15
u4302547,12
u4302557,7
u4302861,14
u4303208,17
u4303281,24
u4303379,12
u4303422,16
u4303634,12
u4303735,10
u4303770,10
u4303789,12
u4303866,30
u4303922,11
u4303935,21
u4304074,10
u4304129,19
u4304449,35
u4304557,14
u430501,17
u4305130,23
u4305141,9
u4305624,13
u4305966,9
u4305999,10
u4306003,9
u4306021,15
u4306485,19
u4306638,14
u4306650,10
u4306706,20
u4306709,15
u4306768,14
u4306808,7
u4306852,13
u4306998,24
u430705,11
u4307193,9
u4307198,9
u4307235,20
u4307300,11
u4307408,23
u4307422,9
u4307504,19
u4307549,8
u4307581,23
u4307701,11
u4307803,8
u4307826,15
u4307895,8
u4307913,10
u4307915,46
u4307958,19
u4308235,39
u4308380,31
u4308382,18
u4308422,12
u4308482,14
u4308538,17
u4308608,19
u4308673,29
u4308915,9
u4308921,12
u4308973,14
u4309000,20
u4309651,7
u430979,14
u4309942,8
u4310503,15
u4310565,11
u4310665,9
u4310909,9
u4311037,18
u4311166,12
u4311192,11
u4311195,10
u4311250,8
u4311328,14
u4311480,20
u4311734,14
u4311876,14
u4311901,13
u4312074,9
u4312079,22
u4312174,21
u4312193,7
u4312259,18
u4312276,10
u4312440,7
u4312934,20
u4313069,12
u4313504,10
u4313686,12
u4313756,8
u4313864,11
u4313919,26
u4313951,12
u4314045,8
u4314107,22
u4314122,9
u4314165,11
u4314293,36
u431440,12
u4314426,10
u4314630,20
u4314929,8
u4314991,15
u4315089,14
u4315176,20
u4315197,13
u4315428,9
u4315639,21
u4316059,11
u4316191,16
u4316349,21
u4316643,12
u4316777,11
u4316817,21
u4317050,10
u4317061,13
u4317089,14
u4317193,9
u4317201,8
u4317219,81
u4317256,20
u4317432,26
u4317666,14
u4317685,17
u4317697,31
u4317742,22
u4317855,30
u4317910,25
u4317977,37
u4318281,14
u4318556,33
u4318612,10
u4318660,26
u4318743,24
u431887,12
u4319171,17
u4319222,15
u4319266,13
u4319271,12
u431936,11
u4319463,13
u4319584,23
u4319707,9
u4319884,12
u4319957,13
u4319971,13
u4319999,18
u4320108,15
u4320148,13
u4320152,15
u4320334,12
u4320423,12
u4320498,31
u4321152,18
u432120,11
u4321345,11
u432136,9
u4321648,12
u4321904,9
u4322106,19
u4322327,7
u4322354,16
u4322472,28
u4322642,16
u4322680,28
u4322726,11
u432276,9
u4322771,18
u4322841,17
u4322924,6
u4322954,11
u4322955,13
u4322994,23
u4323007,11
u4323114,8
u4323305,13
u4323483,12
u4323541,26
u4323695,9
u4323832,14
u4323857,13
u4324588,35
u4324709,16
u4324731,9
u4324793,17
u432486,12
u4324970,18
u4325200,9
u4325241,10
u4325364,22
u4325428,11
u4325461,12
u4325513,8
u4325538,11
u4325668,12
u4325672,14
u4325759,41
u4325971,9
u4325977,16
u4325990,21
u4326084,22
u4326145,30
u4326154,14
u4326237,27
u4326496,10
u4326668,12
u432669,16
u4326816,14
u4326835,26
u4326869,14
u4326917,9
u4326977,19
u4327139,10
u4327389,9
u4327409,20
u4327421,22
u4327634,8
u4327704,10
u4327708,31
u4327729,15
u4327775,8
u4327830,16
u4328057,9
u4328264,24
u4328374,7
u4328391,12
u4328548,14
u4328583,20
u4328610,20
u4328699,20
u4328860,20
u4328957,15
u4329054,26
u4329077,12
u4329134,25
u4329187,33
u4329243,12
u4329269,12
u4329387,11
u4329633,17
u4329717,11
u4329736,12
u4329911,25
u4330268,15
u4330405,8
u4330427,20
u4330976,9
u4331101,11
u433115,27
u4331328,7
u4331353,20
u4331391,11
u4331605,8
u4331703,19
u4331710,11
u4332122,15
u4332304,25
u4332332,8
u4332357,10
u4332943,20
u4333107,18
u4333285,9
u4333397,21
u4333407,18
u4333503,21
u4333691,34
u4333725,19
u4333832,19
u4333924,9
u4333946,14
u4334141,11
u4334205,23
u4334323,12
u4334396,23
u4334814,15
u4335203,14
u4335352,73
u4335425,17
u4335426,11
u4335432,10
u4335491,11
u4335569,14
u4335618,8
u4335630,19
u4335652,15
u4335699,33
u4335705,12
u4335762,23
u4335868,17
u4336022,10
u4336044,14
u4336125,38
u4336153,21
u4336230,13
u4336368,26
u4336398,14
u4336496,10
u4336778,13
u4336795,24
u4336799,9
u4336878,21
u4336992,12
u4337052,11
u4337204,16
u4337209,13
u4337386,8
u4337574,18
u4337607,27
u4337726,14
u4337908,26
u4337921,12
u4337958,12
u4338012,40
u4338043,15
u4338077,56
u4338089,12
u4338134,12
u4338398,9
u4338493,54
u4338735,48
u4338769,7
u4339180,16
u4339490,6
u4339582,11
u4339661,16
u4339717,43
u4339755,10
u4339802,11
u4340299,19
u4340378,18
u4340643,26
u4340797,55
u4340804,10
u4340903,8
u4340946,26
u4340981,12
u4341029,10
u4341331,11
u4341658,32
u4341757,36
u4341802,15
u4341934,41
u4341977,11
u4341983,18
u4341995,12
u4342078,17
u4342181,17
u4342232,26
u4342493,10
u4342652,15
u4342655,15
u4342975,25
u4343466,11
u4343753,20
u4344313,10
u4344344,10
u4344387,11
u4344934,8
u4345046,11
u4345125,14
u4345182,12
u4345260,23
u4345283,13
u4345494,11
u4345618,8
u4345621,33
u4345638,8
u4345725,20
u4345781,12
u4345951,12
u4346274,21
u4346280,14
u4346309,9
u4346319,12
u4346460,10
u4347040,7
u4347198,13
u4347220,14
u4347245,23
u4348177,11
u4348205,10
u4348256,10
u4348382,17
u4348589,20
u4348995,11
u4349080,13
u4349170,13
u4349240,10
u4349498,9
u4349816,9
u4349855,14
u4349875,13
u4349917,20
u4350017,11
u4350091,28
u4350215,11
u4350255,10
u4350305,8
u4350528,7
u4350558,19
u4350618,27
u4350952,11
u4351123,8
u4351175,16
u4351715,27
u4352048,13
u4352139,16
u4352196,8
u4352417,17
u4352484,18
u4352491,38
u4352501,12
u4352693,13
u4352811,11
u4352823,7
u4353020,10
u4353139,15
u4353266,9
u4353385,17
u4353471,11
u4353492,17
u4353609,9
u4353779,24
u4353859,10
u4353873,25
u4353986,14
u4354043,15
u4354123,17
u4354167,15
u4354186,29
u4354326,12
u4354445,23
u4354558,10
u4354663,14
u4355168,10
u4355316,18
u4355442,20
u4355478,10
u4355496,10
u4355559,41
u4355612,13
u4355829,16
u4356011,10
u4356093,14
u4356176,18
u435632,9
u4356380,13
u4356442,15
u4356477,16
u4356696,27
u4356792,49
u4356809,15
u4356836,19
u4356927,7
u435695,12
u4357022,8
u4357081,14
u4357082,30
u4357179,13
u4357240,19
u4357382,10
u4357772,24
u4357942,21
u4358028,6
u4358323,19
u4358329,16
u4358399,40
u4358518,10
u4358546,18
u435855,12
u4358565,13
u4358702,28
u4358791,10
u4359095,8
u4359252,13
u4359368,12
u4359657,14
u4359706,10
u4359826,16
u4359947,23
u4360189,7
u4360266,15
u4360639,10
u4360681,9
u4360869,19
u4360892,16
u4361168,44
u4361266,10
u4361464,28
u4361473,11
u4361574,11
u4361647,7
u4361783,7
u4361788,12
u4361798,8
u4361901,10
u4362001,16
u4362370,9
u4362375,30
u4362427,27
u4362458,9
u436247,15
u4362585,8
u4362636,13
u4362702,8
u4362886,25
u4362916,8
u4362986,14
u4363088,19
u4363162,10
u4363216,11
u4363288,22
u4363323,11
u4363468,10
u4363585,20
u4363839,13
u4363853,7
u4364044,14
u4364128,47
u4364223,39
u4364437,11
u4364515,13
u4364632,13
u4364711,12
u4364840,14
u4364908,16
u4365079,9
u4365093,9
u4365201,10
u4365202,13
u4365239,12
u4365275,15
u4365404,15
u4365462,34
u4365488,12
u4365510,12
u4365518,16
u4365537,32
u4365615,11
u4365791,12
u4365845,15
u4366648,7
u4366728,22
u4366823,10
u4366881,54
u4367021,19
u4367322,23
u4367517,8
u4367648,9
u4367692,15
u4367737,9
u4367781,34
u4367871,16
u4367872,9
u4367883,11
u4368095,14
u4368124,17
u4368326,17
u4368386,9
u4368402,18
u4368656,13
u4368835,7
u4369089,20
u4369334,22
u4369690,13
u4369761,12
u4369777,20
u4369850,9
u4369959,17
u4370076,11
u4370090,64
u4370152,17
u4370183,16
u4370189,24
u4370241,14
u4370354,15
u4370410,20
u4370454,13
u4370515,11
u4370736,20
u4371205,15
u4371215,32
u4371494,27
u4371651,13
u4371787,13
u4371838,23
u4371858,29
u4371903,9
u4372016,8
u4372048,11
u4372129,9
u4372325,20
u4372920,28
u4372969,9
u4373532,18
u4373533,29
u4373551,15
u4373610,21
u4373631,15
u4373647,24
u4373819,11
u4374189,13
u4374238,28
u4374315,9
u4374350,10
u4374544,19
u4374643,21
u4374770,11
u437494,13
u4374940,25
u4375028,8
u4375086,12
u4375133,17
u4375259,10
u4375333,15
u4375350,9
u4375485,7
u4375510,11
u4375633,12
u4375699,12
u4375958,109
u4376011,17
u4376054,9
u4376234,20
u4376566,7
u4376765,10
u4377118,18
u4377204,11
u4377287,17
u4377375,15
u4377395,15
u4377491,11
u4377492,8
u4377657,11
u4378114,10
u4378142,11
u4378224,24
u4378228,9
u4378346,10
u4378397,9
u4378716,26
u4378787,12
u4378800,13
u4379311,15
u4379338,25
u4379587,17
u4379833,11
u4379862,19
u4379922,12
u4380094,16
u4380436,16
u4380556,13
u4380648,8
u4380814,12
u4380988,24
u4381045,15
u4381117,24
u4381215,10
u4381269,12
u4381273,22
u4381340,13
u4381421,16
u4381582,11
u4381586,20
u4381655,11
u4381718,13
u4381730,29
u4381872,20
u4381978,13
u4382128,29
u4382151,21
u4382250,19
u4382330,17
u4382478,23
u4382484,10
u4382628,23
u4382883,10
u4383272,9
u4384032,11
u4384169,13
u438449,11
u4384566,26
u4384645,20
u4384945,14
u4384986,12
u4385004,13
u4385011,29
u4385142,12
u438549,19
u4385576,14
u4385682,12
u4385838,19
u4385889,47
u4385924,31
u4385962,10
u4386151,37
u4386170,18
u4386189,24
u4386254,26
u4386394,22
u4386665,19
u4387209,13
u4387259,19
u4387407,14
u4387780,8
u4387869,26
u4387900,15
u4388459,21
u4388525,22
u438859,12
u4388611,15
u4388991,17
u4389001,12
u4389222,11
u4389279,22
u4389504,7
u4389800,15
u4389834,10
u4390105,11
u4390655,14
u439084,15
u4390934,9
u4391214,21
u4391226,31
u4391381,11
u4391455,8
u4391492,7
u4391667,12
u4391765,21
u4391889,9
u4392060,13
u4392090,19
u4392111,6
u4392356,11
u4392426,8
u4392477,45
u4392500,15
u4392547,13
u4392814,19
u4393096,8
u4393229,18
u4393339,12
u4393343,23
u4393581,20
u4393613,27
u4393631,7
u4393704,18
u439371,9
u4393733,11
u4393841,10
u4393860,14
u4394015,20
u439405,35
u4394223,12
u4394296,12
u4394309,10
u4394327,22
u4394395,10
u4394496,21
u4394591,24
u4394614,17
u4394622,11
u4394633,9
u4394665,10
u4394741,24
u4394964,46
u4394979,13
u4395070,17
u4395277,16
u4395417,23
u4395424,49
u4395581,21
u4395608,18
u4395619,9
u4395620,38
u4395729,19
u4395863,14
u4395873,11
u4395880,9
u4395952,14
u4396101,41
u4396131,19
u4396176,39
u4396272,11
u4396301,15
u4396334,13
u4396406,17
u439649,10
u4396575,8
u4396647,15
u4396715,9
u4396763,11
u4396792,23
u4396858,10
u4396874,23
u4397011,14
u4397018,14
u4397062,9
u4397125,7
u4397260,21
u4398044,18
u4398296,10
u4398350,14
u4398395,23
u4398452,9
u439849,13
u4398674,10
u4398757,8
u4398808,9
u4398900,9
u4398942,12
u4399189,15
u4399268,21
u4399308,8
u4399462,17
u4399469,26
u4399762,20
u4399832,19
u4400205,12
u4400236,21
u4400342,15
u4400635,14
u4400703,19
u4400776,12
u4401289,18
u4401367,13
u4401502,8
u4401608,20
u4401609,16
u440207,8
u4402435,17
u4402506,15
u4402769,9
u440295,9
u4403100,17
u4403208,15
u4403375,10
u4403386,10
u4403515,13
u4403554,12
u4403571,22
u4403627,13
u4403793,11
u4403906,19
u4403940,14
u4404048,30
u4404178,19
u4404218,11
u4404262,13
u4404341,32
u4404382,11
u4404445,12
u4404555,10
u4404623,17
u4404876,47
u4404887,15
u4404965,12
u4405105,10
u4405118,24
u4405169,16
u4405170,10
u4405204,27
u4405274,8
u4405437,8
u4405546,11
u4405868,7
u4405937,10
u4406079,27
u4406240,10
u4406625,22
u4406702,25
u4406737,27
u4406755,11
u4406766,16
u440679,8
u440684,22
u4406864,18
u4406934,8
u4407041,12
u4407225,16
u4407250,13
u4407359,15
u4407533,28
u4407624,9
u4407681,47
u4407801,8
u4408233,14
u4408279,19
u4408415,13
u4408460,10
u4408475,18
u4408541,8
u4408595,21
u4408927,8
u4409005,30
u4409016,9
u4409144,22
u4409290,11
u4409320,10
u4409373,11
u4410025,19
u4410176,6
u4410434,32
u4411777,8
u4411822,14
u441200,19
u4412048,31
u4412051,34
u4412066,9
u4412084,8
u4412165,10
u4412379,12
u4412527,9
u4412557,14
u4412848,10
u4413094,15
u4413256,18
u4413428,16
u4413441,7
u4413900,14
u4414078,13
u4414088,10
u4414470,31
u4414606,13
u4414645,19
u4414706,18
u4414739,19
u4415098,8
u4415120,11
u4415677,11
u4415805,18
u4416027,10
u4416516,22
u4416638,21
u4416671,10
u4416739,10
u4417232,49
u4417560,16
u4417789,22
u4417848,23
u4418021,26
u4418047,12
u4418140,12
u4418289,18
u4418435,14
u4418824,28
u4419146,21
u4419158,34
u4419170,10
u4419334,15
u4419693,8
u4419761,9
u4419809,12
u4420052,12
u4420058,7
u4420109,26
u4420309,17
u4420498,37
u4420728,9
u4420747,42
u4420801,15
u4420918,11
u4420957,12
u4421114,9
u4421244,15
u4421251,14
u4421376,9
u4421618,8
u4421642,27
u4421743,11
u4422006,8
u4422176,23
u4423037,15
u4423666,14
u4423697,10
u4423892,14
u4424308,7
u4424887,21
u4425100,14
u4425128,19
u4427310,36
u4427491,44
u4427844,18
u4427898,10
u4427906,17
u4427972,15
u4428276,7
u4428280,13
u4429557,17
u442958,12
u4429871,14
u4429975,37
u4429977,14
u4430034,23
u4430068,17
u4430126,16
u4430507,10
u4430533,14
u4430558,17
u4430640,14
u4430691,18
u4430771,24
u4430974,21
u443117,12
u4431338,12
u4431671,38
u4431755,11
u4431932,24
u4432088,10
u4432395,12
u4432659,42
u4433027,67
u4433082,20
u443322,14
u4433321,53
u4433540,9
u4433960,16
u4434064,11
u4434150,12
u4434217,16
u4434518,17
u4434586,21
u4434594,9
u4434782,9
u4434872,15
u4434902,12
u4435010,10
u4435083,15
u4435251,13
u4435531,9
u4435887,30
u4436354,15
u4436575,18
u4437058,18
u4437268,12
u4437314,15
u4437322,19
u4437375,13
u4437739,12
u4437864,49
u4437969,28
u4438023,22
u4438026,16
u4438082,11
u4438277,22
u4438362,38
u4438412,16
u4438520,11
u4438694,12
u4438978,23
u4439080,31
u4439153,10
u4439335,15
u4439461,7
u4439575,8
u4439580,12
u4439632,69
u4439756,17
u4440000,58
u4440043,17
u4440058,32
u4440100,11
u4440459,23
u4440498,9
u4440831,8
u4440997,25
u4441034,11
u4441048,36
u4441319,7
u4441355,14
u4441572,35
u4441648,25
u4441763,18
u4441981,21
u4442006,13
u4442039,17
u4442380,21
u4442661,8
u4442820,15
u4442836,43
u4442928,29
u4443024,13
u4443029,13
u4443102,17
u4443315,22
u4443368,19
u4443465,9
u4443523,10
u4443554,9
u4443580,16
u4443784,29
u4443883,28
u4444315,20
u4444405,14
u4444600,45
u4444638,8
u4444723,12
u4444762,13
u4444940,15
u4444993,8
u4445019,10
u4445484,13
u4445681,18
u4445883,11
u4445892,9
u4445917,13
u4446137,10
u4446258,12
u4446609,21
u4446742,12
u4446749,10
u4446893,16
u4446928,29
u4446973,13
u4447232,11
u4447343,22
u4447394,21
u4447416,14
u4447685,14
u4447722,13
u4447799,15
u4447842,16
u444830,14
u4448381,21
u4448457,13
u4448880,10
u4450452,36
u4450623,15
u4450635,14
u4450683,14
u4451134,15
u4451295,14
u4451363,15
u4451475,12
u4451844,7
u4452279,18
u4452464,14
u4452604,22
u4452638,14
u4452654,21
u4452731,27
u4452902,12
u4452919,11
u4453308,23
u4453499,7
u4453589,26
u4453834,14
u4454049,37
u4454058,39
u4454064,14
u4454133,14
u4454146,7
u4454179,12
u4454403,15
u4454434,10
u4455086,6
u4455090,12
u4455193,15
u4455250,14
u4455486,9
u4455570,32
u4455577,23
u4455931,11
u4456056,37
u4456156,11
u4456407,10
u4456630,7
u4456634,8
u4456767,13
u4457098,7
u4457299,17
u4457626,11
u4457813,17
u4457961,15
u4457976,16
u4458329,10
u4458584,8
u4458889,7
u4458890,12
u4458921,9
u4459131,12
u4459204,12
u4459223,19
u4459237,10
u4459331,13
u4459384,10
u4459606,17
u4460222,13
u4460473,10
u4460478,38
u4460552,11
u4460638,9
u4460694,13
u4460736,13
u4461142,14
u4461316,21
u4461563,8
u4461616,28
u4461854,17
u4461944,39
u4462578,23
u4462806,9
u446290,10
u446302,8
u4463027,10
u4463463,10
u4463581,20
u446369,7
u4463718,23
u4463779,12
u4463815,18
u4463987,14
u4464090,23
u446447,15
u4465038,16
u4465151,12
u4465345,11
u4465795,13
u4465887,16
u4465953,10
u4466085,23
u4466508,9
u4466721,13
u4466905,10
u4467392,12
u4467421,16
u4467966,17
u4468118,13
u4468229,34
u4468448,12
u4468451,7
u4468494,22
u4468497,18
u4468574,12
u4468616,21
u4468686,19
u4468713,11
u4468761,15
u4469042,14
u4469083,18
u4469096,10
u4469315,12
u4469422,12
u4469452,9
u4469698,12
u4469738,13
u4469808,44
u4469863,17
u4469868,18
u4469888,9
u4470018,24
u4470244,48
u4470251,14
u4470321,19
u4470404,24
u4470661,12
u4470678,8
u4470715,16
u4470780,7
u4471070,13
u4471095,25
u447112,9
u4471334,16
u4471684,6
u4471771,13
u4471840,11
u4471921,38
u4471937,15
u4472025,11
u4472072,13
u4472159,12
u4472180,11
u4472253,15
u4472298,24
u4472403,13
u4472703,9
u4472834,23
u4473328,9
u4473440,13
u4473685,19
u4473768,29
u4473866,9
u4473961,12
u4474029,11
u4474516,66
u4474669,16
u4474715,13
u4474866,29
u4474975,9
u4475039,15
u4475379,12
u4475539,35
u4475589,11
u4475671,16
u4475827,10
u4476247,10
u4476274,13
u4476337,10
u4476406,11
u4476589,11
u4476669,8
u4476787,19
u4477022,11
u4477263,25
u4477488,6
u4477491,26
u4477510,16
u4477548,20
u4477549,7
u4477733,35
u447784,12
u4477851,30
u4477911,11
u4477918,9
u4477933,21
u4478129,15
u4478241,28
u4478368,13
u4478439,13
u4478444,12
u4478711,27
u4478746,24
u4478865,13
u4479099,16
u4479150,37
u4479256,12
u4479274,15
u4479294,9
u4479519,12
u4479635,17
u4479638,59
u4479763,17
u4479946,12
u4479965,8
u4480026,10
u4480288,9
u4480311,24
u4480319,19
u4480378,17
u4480550,16
u4480565,9
u4480603,20
u4480633,10
u4480681,20
u4481092,11
u4481392,28
u4481449,39
u4481457,16
u4481523,10
u4481594,46
u4481649,13
u4481879,15
u4481922,17
u4482404,21
u4483167,7
u4483244,11
u4483426,9
u4483640,15
u4484164,13
u4484451,15
u4484539,41
u4484599,13
u4484684,16
u4484714,11
u4484875,8
u4484930,9
u4485135,25
u4485181,12
u4485221,15
u4485325,13
u4485340,7
u4485425,9
u4485458,27
u4485636,31
u4485652,25
u4485668,8
u4485780,7
u4485820,23
u4485869,8
u4486608,20
u4486618,13
u4486878,15
u4487110,7
u4487155,46
u4487365,13
u4487743,16
u4487781,33
u4487834,10
u4487871,12
u4487882,11
u4488034,11
u4488046,33
u4488153,19
u4488217,9
u4488316,19
u4488322,6
u4488337,18
u4488414,19
u4489056,10
u4489142,19
u4489382,15
u4489665,12
u4489867,14
u4490131,8
u4490181,11
u4490273,12
u4490654,17
u4490660,16
u4490753,18
u4491005,14
u4491089,10
u4491174,11
u4491277,12
u4491542,13
u4491547,30
u4491750,8
u4491900,10
u4492133,16
u4492544,15
u4492626,14
u4492714,30
u449272,12
u4492724,10
u4492746,13
u4492876,20
u4492932,10
u4493079,10
u4493526,8
u4493533,6
u4494066,13
u4494212,18
u4494223,11
u4494226,39
u4494445,80
u4494549,11
u4495119,12
u4495180,20
u4495266,19
u4495274,10
u4495345,17
u4495350,9
u4495353,11
u4496711,11
u4496788,15
u4496915,22
u4496949,15
u4497017,43
u4497039,11
u4497171,42
u4497248,9
u4497923,13
u449898,11
u4499182,20
u4499575,10
u4499878,15
u4499926,11
u4500091,14
u4500319,21
u4500421,18
u4500426,12
u4500476,13
u4500566,10
u4500891,9
u4500970,17
u4501004,13
u4501083,12
u4501088,31
u4501158,7
u4501171,17
u4501177,8
u4501221,43
u4501316,12
u4501348,11
u4501396,19
u4501496,10
u4501796,14
u4501910,30
u4501941,12
u4501943,11
u4502013,13
u450211,13
u4502204,7
u4502264,44
u4502293,14
u4502376,19
u4502679,15
u4502804,11
u4503002,8
u4503211,9
u4503282,10
u4503338,12
u4503340,40
u4503765,9
u4503954,11
u4504164,6
u4504322,7
u4504349,27
u4504551,8
u4504590,12
u4504619,15
u4504730,9
u4504926,10
u4505020,10
u4505063,9
u4505144,9
u4505234,20
u4505316,16
u4505439,17
u4505497,8
u4505601,24
u4505683,10
u4505949,16
u4505976,59
u4505986,11
u4506200,10
u4506295,8
u4506356,54
u4506402,16
u4506589,15
u4506655,87
u450703,11
u4507344,8
u4507351,19
u4507375,21
u4507720,36
u4507993,17
u4508043,51
u4508143,17
u4508228,25
u4508457,16
u4508913,13
u4509859,23
u4510318,15
u4510336,12
u4510544,14
u4510603,46
u4510643,15
u4510742,10
u4510896,9
u4511139,12
u4511629,9
u4511649,18
u451197,12
u4512763,33
u4512777,13
u451318,10
u4513451,13
u4513484,12
u4513526,8
u4513676,7
u4513869,11
u4514023,14
u4514161,12
u4514286,17
u4514294,26
u4514297,20
u4514708,16
u4514732,11
u4514874,22
u4515077,10
u4515253,12
u4515429,8
u4515787,23
u4515796,28
u4515813,18
u4515841,15
u4515904,17
u4515982,23
u4516103,9
u451626,12
u4516315,14
u4516340,17
u4516405,14
u4516424,35
u4516468,11
u4516540,14
u4516667,20
u4516748,19
u4516760,21
u4516947,18
u4517429,17
u4517666,55
u4517685,58
u4517759,9
u4518067,16
u4518162,20
u4518693,22
u4518716,11
u4518731,18
u4518754,18
u4518776,20
u4518853,19
u4518979,16
u4518983,18
u4519170,8
u4519529,13
u4519603,10
u4519953,25
u452000,11
u4520153,12
u4520380,10
u4520561,14
u4520853,11
u4520920,7
u4521414,15
u4521972,12
u4522289,12
u4522336,12
u4522395,16
u4522498,13
u4522707,25
u4522921,25
u4523613,12
u4523680,8
u4523701,50
u4523823,21
u4523856,11
u4524156,10
u4524969,22
u4524995,13
u4525113,29
u4525127,10
u4525170,8
u4525180,23
u4525182,14
u4525202,10
u4525568,20
u4525690,11
u4525697,13
u4525761,10
u4526344,44
u4526348,15
u4526655,10
u4526955,8
u4527297,8
u4527522,10
u4527659,16
u4527867,9
u4527955,12
u4528542,32
u4528620,9
u4528938,12
u4529295,10
u4529381,7
u4529578,11
u4529968,12
u4530023,28
u453004,14
u4530175,15
u4530231,25
u4530256,12
u4530299,15
u4530333,10
u4530383,14
u4530528,11
u4530635,37
u4530664,27
u4530691,10
u4530947,10
u4531054,21
u4531084,20
u4531180,11
u4531251,14
u4531296,16
u4531313,7
u4531394,11
u4531909,10
u4531986,14
u4532319,11
u4532419,14
u4532476,11
u4532599,13
u4532611,13
u4532911,7
u4533105,21
u4533124,14
u4533265,12
u4533366,25
u4533485,27
u4533718,8
u4533851,27
u4534089,17
u4534434,12
u4534452,18
u4534628,12
u453467,16
u4534795,14
u4534855,10
u4534863,8
u4535057,13
u4535266,14
u4535537,21
u4535749,12
u4536089,7
u4536166,11
u4536198,18
u4536200,11
u4536406,19
u4536552,9
u4536627,12
u4536885,11
u4537508,11
u4537583,11
u453788,11
u4538168,25
u4538233,12
u4538282,14
u4538360,9
u4538376,10
u4538421,19
u4538609,32
u4538624,13
u4538649,16
u4538747,9
u4538796,23
u4538827,25
u4538923,14
u4539325,13
u4539535,31
u4539735,7
u4539936,17
u4539963,11
u4540096,10
u4540201,18
u4540528,18
u4540568,10
u4540878,12
u4540942,11
u4541314,14
u4541344,9
u4541541,14
u4541555,13
u4541795,11
u4541891,30
u4541892,19
u4541965,11
u4542006,82
u4542078,13
u4542110,19
u4542434,18
u4542444,13
u4542446,9
u4542461,13
u4542595,13
u4542727,14
u4542909,8
u4542933,12
u4543042,16
u4543141,17
u4543290,15
u4543350,14
u4543489,19
u4543575,11
u4543645,16
u4543697,12
u4543831,12
u4544063,26
u4544102,24
u4544124,10
u4544273,18
u4544280,14
u4544695,13
u4544960,9
u4545186,36
u4545481,29
u4545645,25
u4545783,23
u4545799,23
u4545866,38
u4546097,13
u4546104,14
u4546518,6
u4546555,22
u4546667,19
u4546672,20
u4546842,17
u4547103,15
u4547419,12
u4547499,11
u4547567,9
u4547665,25
u4547735,16
u4547841,15
u4547896,20
u4548246,13
u4548514,15
u4548533,23
u4548750,20
u4548871,14
u4548998,14
u4549055,32
u4549165,10
u4549299,22
u4549360,11
u4549415,9
u4549439,11
u4549840,8
u4549888,12
u4549993,11
u4550006,18
u4550050,15
u4550054,10
u4550756,9
u4550791,35
u4550854,17
u4550893,11
u4551072,28
u4551305,11
u4551849,10
u4551958,32
u4552455,16
u4552570,9
u4552679,22
u4552961,13
u4552973,22
u4553002,24
u4553184,14
u4553224,8
u4553233,14
u4553234,15
u4553693,9
u4553937,12
u4554102,8
u4554176,31
u4554290,7
u4554317,18
u4554402,13
u4554526,24
u4554616,15
u4554622,18
u4554869,12
u4554950,12
u4554999,13
u4555237,13
u4555375,20
u4555426,12
u455560,11
u4555606,14
u4555838,7
u4556239,15
u4556613,29
u4556669,11
u4556762,10
u4556924,22
u4557617,11
u4557730,20
u4557759,15
u455778,10
u4558652,28
u4558701,42
u4558943,18
u4559154,11
u4559393,10
u4559453,28
u4559466,16
u4559709,24
u4559866,16
u4560120,7
u4560133,13
u4560169,11
u4560236,9
u4560765,16
u4560798,9
u4560814,17
u4560842,14
u4560978,11
u4561363,25
u4561704,18
u4561726,11
u4561760,20
u4561918,12
u4562014,17
u4562147,14
u4562168,13
u4562203,9
u4562634,19
u4562838,9
u4563000,14
u4563115,18
u4563147,10
u4563243,7
u4563258,10
u4563474,11
u456355,7
u4563562,9
u4563598,9
u4563616,13
u4563872,12
u4563905,9
u4563984,6
u4564161,12
u4564231,9
u4564392,28
u4564557,16
u4564716,10
u456486,9
u4565005,9
u4565018,11
u4565441,23
u4565534,15
u4565603,8
u4565640,22
u4565758,14
u4565843,11
u4565887,9
u4566035,12
u4566394,11
u4566606,11
u4566693,38
u4567054,18
u4567357,7
u4567485,26
u4567639,11
u4567818,10
u4567851,8
u456796,11
u4568037,22
u4568048,13
u4568979,17
u4569058,12
u4569255,15
u4569410,7
u4569499,29
u4569870,13
u4569908,12
u4569921,24
u4570184,15
u4570250,8
u4570288,11
u4570644,12
u4570755,14
u4570826,22
u4570831,13
u4570879,15
u4570899,10
u4571005,8
u4571054,13
u4571528,10
u4571682,10
u4571798,11
u4571925,14
u4572156,11
u4572196,10
u4572403,11
u4572436,41
u4572594,10
u4572776,11
u4572974,7
u4573144,12
u4573417,26
u4573642,11
u4573811,13
u4574037,9
u4574118,12
u4574368,12
u4574411,15
u4574460,10
u4574482,9
u4574526,9
u4574552,15
u4574655,23
u457468,9
u4574745,13
u4575128,9
u4575191,9
u4575231,32
u4575316,25
u4575341,11
u4575368,11
u4575443,18
u4575456,32
u4575502,8
u457552,8
u4575541,8
u4575554,9
u4575610,6
u4575686,9
u4575849,16
u4576075,19
u457608,13
u4576170,13
u4576233,12
u457627,12
u4576295,13
u4576297,7
u4576413,8
u4576427,19
u4576928,38
u4577159,14
u4577166,10
u4577377,21
u4577546,11
u4577938,24
u4578112,12
u4578155,12
u4578672,11
u4579050,13
u4579071,12
u4579115,25
u4579144,31
u4579177,12
u4579184,11
u4579220,18
u4580192,7
u4580199,29
u4580474,9
u4580559,27
u4580565,18
u458077,10
u4580777,21
u4580872,31
u4580964,10
u4581280,34
u4581438,8
u4581518,16
u4581663,12
u4581665,11
u4581679,11
u4581758,39
u4581852,9
u4581910,6
u4582519,12
u4582893,11
u4582929,17
u4583235,21
u4583264,13
u4583894,14
u4583910,11
u4584120,15
u4584137,10
u4584179,17
u4584468,11
u4584807,20
u4584808,9
u4584845,9
u4584908,16
u4584991,23
u4585088,14
u4585192,8
u4585230,18
u4585241,11
u4585297,29
u4585347,10
u4585759,12
u4585940,18
u4586157,40
u4586619,13
u4587031,34
u4587058,9
u4587161,11
u4587166,15
u4587449,8
u4587461,9
u4587479,11
u4587570,21
u4588135,13
u4588164,10
u4588208,19
u4588570,8
u4588780,13
u4588849,14
u4588988,23
u4589065,6
u4589377,21
u4589638,10
u4589727,14
u4589996,19
u4590096,8
u4590148,8
u4590455,29
u4591301,14
u4591412,10
u4591462,21
u4591484,13
u4591905,9
u4592159,13
u4592183,13
u4592197,21
u4592213,26
u4592247,13
u4592263,10
u4592578,18
u4592926,39
u4592999,38
u4593248,8
u4593278,11
u4593280,27
u4593342,18
u4593428,14
u4593945,28
u4594040,12
u4594177,9
u4594265,11
u4594295,9
u4594403,15
u4594412,30
u4594560,8
u4594608,12
u4594755,18
u4594837,14
u4594975,10
u4595485,12
u4595535,16
u4595621,34
u4595700,8
u4595741,17
u4595805,9
u4595886,10
u459603,36
u4596031,16
u4596048,9
u4596329,11
u4596759,16
u4596814,25
u4597010,16
u4597084,19
u4597086,16
u4597157,14
u4597236,21
u4597276,10
u4597355,8
u4597383,9
u4597399,12
u4597636,11
u4597783,36
u4597847,14
u4597880,34
u4597885,21
u4598236,10
u4598248,11
u4598502,15
u4598565,16
u4598677,14
u4598686,12
u4598703,7
u4598724,12
u459889,15
u4599039,17
u4599043,7
u4599054,19
u4599361,25
u4599375,7
u4599409,10
u4599585,20
u4599591,10
u459988,11
u4599988,9
u4600155,12
u4600457,15
u4600539,26
u4600573,15
u4600635,10
u4600853,40
u4600889,50
u4600927,9
u4601084,16
u4601141,16
u4601163,13
u4601267,14
u4601418,12
u4601646,13
u4601856,10
u4602070,9
u4602135,13
u4602203,13
u4602223,6
u4602418,13
u4602493,45
u4602520,7
u460271,16
u4602779,11
u4602980,34
u4603297,17
u4603493,19
u4603950,16
u4604214,31
u4604215,12
u4604217,9
u4604224,30
u4604353,21
u4604428,25
u4604603,78
u4604682,15
u4604799,36
u4604933,12
u4604962,16
u4605165,12
u4605404,21
u460552,18
u4606008,15
u4606275,35
u4606399,18
u4606820,16
u4606826,12
u4606830,13
u4607292,18
u4607336,20
u4607629,10
u4607691,11
u4607761,11
u4607950,7
u4608001,10
u4608376,8
u460838,10
u4608777,26
u4608844,22
u4609085,29
u4609170,23
u4609176,11
u4609273,9
u4609521,11
u4609622,13
u4609905,14
u4610638,8
u4611116,32
u4611175,11
u4611658,16
u4611734,11
u4612050,20
u4612105,10
u4612161,10
u4612296,10
u4612317,8
u4612534,11
u4612950,13
u4613363,12
u4613468,32
u4613782,17
u4613980,24
u4614197,10
u4614216,14
u4614294,19
u4614382,30
u4614393,16
u4614484,14
u4614548,9
u4614636,12
u4614773,14
u4614833,36
u4614931,14
u4614934,8
u4614959,9
u4614986,22
u4615621,8
u4616376,9
u4616516,9
u4616726,31
u4616895,15
u4617052,16
u4617652,17
u4617794,16
u4617888,7
u4618210,18
u4618472,13
u4618502,25
u4618568,15
u4618964,23
u4619022,36
u4619188,9
u461928,14
u4619423,9
u4619922,9
u4619984,13
u462005,10
u4620112,10
u4620440,24
u4620676,13
u4620710,9
u4621156,13
u4621173,15
u4621194,11
u4621311,23
u4621320,12
u4621605,16
u4621615,17
u4621653,16
u4621703,14
u4621855,12
u4621893,12
u4621909,11
u4622098,17
u4622264,15
u4622431,28
u4622657,9
u4622719,14
u4622726,14
u4622741,7
u4623041,9
u4623086,14
u4623166,10
u4623240,15
u4623759,32
u4623998,14
u4624023,20
u4624305,13
u4624463,11
u4624699,7
u4624873,10
u4624938,36
u4624954,23
u4625180,11
u4625646,9
u4625754,8
u4625867,10
u4626032,64
u4626087,34
u4626185,10
u4626188,19
u4626250,14
u4626369,23
u4626810,26
u4627112,12
u4627160,13
u462717,9
u4627228,9
u4627244,25
u4627245,13
u4627428,9
u4627472,15
u4627533,21
u4627540,11
u4627571,14
u462761,7
u4627750,9
u4627820,12
u4627834,10
u4627852,38
u4628247,8
u4628356,18
u4628363,10
u4628512,13
u4628768,7
u4628810,8
u4629116,12
u4629199,12
u4629716,8
u4629768,27
u4630113,47
u4630165,40
u4630173,8
u4630480,20
u4630589,16
u4630770,11
u4630923,24
u4631235,13
u4631270,32
u4631384,13
u4631400,13
u4631586,8
u4631696,15
u4631766,11
u4631944,11
u463206,13
u4632133,30
u4632176,21
u4632193,10
u4632297,12
u4632449,10
u4632513,28
u4632555,10
u4632585,18
u4632626,11
u4632707,11
u4632782,23
u4632798,9
u4633072,11
u4633089,11
u4633137,13
u4633234,54
u4633241,24
u4633459,12
u4633465,43
u4633519,26
u4633548,9
u4633690,10
u4633873,8
u4633987,17
u4634057,14
u463413,16
u4634368,15
u4634464,12
u4634514,14
u4634781,9
u4634826,12
u4634891,8
u4634962,13
u4635449,12
u4635607,9
u4635676,10
u4635678,12
u4635741,11
u4635774,14
u4636059,6
u4636074,8
u4636203,17
u4636279,9
u4636392,16
u4636469,18
u4636507,8
u4636509,9
u4636629,22
u4636761,10
u4636852,21
u4636856,15
u4636884,7
u4636956,10
u4637083,16
u4637232,14
u4637351,34
u4637599,28
u4637891,8
u4637918,16
u4638209,19
u4638438,25
u4638448,15
u4638549,17
u4638728,20
u4638735,13
u4638820,12
u4639033,9
u4639315,16
u4639889,16
u4640033,38
u4640303,11
u4640542,10
u4640660,13
u4640783,12
u4640791,16
u4640852,15
u4640914,13
u4641005,16
u4641234,12
u4641367,7
u4641381,13
u4641791,14
u4641813,8
u464224,11
u4642627,17
u4642636,14
u4642665,18
u4642884,12
u4642977,23
u4643058,16
u4643080,24
u4643106,14
u4643133,15
u4643193,19
u4643419,10
u4643483,14
u4643777,13
u464392,22
u4644110,34
u464414,11
u4644216,13
u4644447,9
u4644451,10
u4644566,21
u4644588,12
u4644763,8
u46448,9
u4645059,31
u4645702,19
u4646230,14
u4646486,11
u4646489,10
u4646550,23
u4647242,36
u4647504,17
u4647582,57
u4647680,24
u464773,10
u4647845,12
u4647867,22
u4647902,14
u4648022,11
u4648053,8
u4648094,24
u4648314,9
u4648416,15
u4648451,15
u4648643,11
u4648685,51
u4648722,21
u4648809,15
u4648818,15
u4649049,14
u4649211,14
u4649217,9
u4649240,16
u4649367,13
u4650091,18
u4650523,22
u4651126,14
u4651323,57
u4651368,18
u4651638,53
u4651783,10
u4651960,10
u4652005,8
u4652072,9
u4652113,29
u4652215,6
u4652249,22
u4652431,29
u4652658,32
u4652948,8
u4653356,21
u4653372,9
u4653719,26
u4653769,7
u4653841,15
u4653872,11
u4653922,44
u4654006,21
u4654023,10
u4654066,17
u4654415,15
u4654458,21
u4654630,16
u4654769,18
u4654937,16
u4655006,8
u4655062,14
u4655380,10
u4655477,14
u4655496,18
u4655535,15
u4655941,10
u4656275,8
u4656323,17
u4656380,14
u4656518,15
u4656653,12
u4657038,7
u4657071,38
u4657198,11
u4657203,13
u4657281,10
u4657291,21
u4657347,11
u4657385,40
u4657526,15
u4657535,24
u4657561,15
u4657565,13
u4657605,13
u4657794,11
u4657983,8
u4658395,16
u4658820,13
u4658888,9
u4658959,13
u4658969,26
u4658977,14
u4659067,24
u4659096,16
u4659273,8
u4659401,24
u4659618,13
u4659765,13
u4659860,10
u4659908,19
u4660139,15
u466025,10
u466032,9
u4660325,15
u4660734,14
u4660848,12
u4661434,16
u4661524,13
u4661576,14
u4661604,16
u4661635,9
u4661724,17
u4661738,16
u4661808,10
u4661917,15
u4661927,12
u4662186,8
u4662196,8
u4662255,13
u4662372,9
u4662424,30
u4662536,8
u4662709,12
u4662783,19
u4662795,21
u4662805,20
u4662817,15
u4662937,61
u466300,9
u4663315,11
u4663888,12
u4664028,12
u4664075,17
u4664097,15
u4664262,9
u4664386,24
u4664569,8
u4664616,30
u4664827,22
u4664996,13
u4665091,6
u4665305,11
u4665378,13
u4665781,20
u4665788,11
u4665818,29
u4666034,10
u4666061,13
u4666081,16
u4666184,10
u4666227,13
u4666471,7
u4666615,22
u4666772,30
u4666776,13
u4666888,10
u4666941,9
u4667028,21
u4667083,11
u4667447,11
u4667788,12
u4667812,11
u4667854,7
u4667891,21
u4668034,24
u4668100,13
u4668165,27
u4668275,11
u4668291,10
u4668409,12
u4668517,16
u4669187,7
u4669206,8
u4669311,11
u4669317,6
u4669325,10
u4669560,10
u4669562,10
u4669608,8
u4669763,39
u4669847,18
u4669977,9
u4670154,10
u4670177,15
u4670209,13
u4670365,27
u4670401,16
u4670598,8
u4670608,14
u4670728,7
u4670741,13
u4670874,16
u4670989,15
u4670990,26
u4671375,8
u4671457,10
u4671968,12
u4672338,28
u4672378,14
u4672677,7
u4673198,8
u4673396,9
u4673422,11
u4673475,35
u4673636,14
u4673782,14
u4673812,15
u4673853,30
u467408,8
u4674175,26
u4674350,23
u467446,14
u4674524,8
u4674752,16
u4674827,28
u467572,10
u4675821,16
u4676187,12
u4677041,13
u4677379,11
u4677456,37
u4677907,13
u4677947,10
u4677974,31
u4678152,9
u4678185,19
u4678299,14
u467838,8
u4678421,7
u4678565,23
u4678721,17
u4678750,11
u4679001,63
u4679198,11
u4679219,16
u4679307,15
u4679407,9
u4679512,21
u4679612,17
u4679632,20
u4679679,11
u4680088,11
u4680143,12
u4680188,19
u4680265,8
u4680291,11
u4680413,16
u4680602,30
u4680625,6
u4680672,25
u4680857,11
u4680994,11
u4681006,23
u4681149,16
u4681285,10
u4681410,14
u4681574,22
u4681798,28
u4681847,8
u4681879,10
u4682014,16
u4682253,47
u4682388,10
u4682478,17
u4682630,29
u4682816,12
u4682834,13
u4682885,44
u4682927,13
u4683052,10
u4683388,10
u4683448,25
u4683696,13
u4683766,13
u4683950,12
u4683961,31
u4684059,18
u4684492,10
u4684531,12
u468470,16
u4684935,17
u4685283,6
u4685624,20
u4685838,18
u4685922,12
u4686384,8
u4686487,9
u4686642,27
u4686736,28
u4687023,7
u4687294,8
u4687425,6
u4687706,8
u4687833,16
u4687897,12
u4688081,12
u4688170,27
u4688754,11
u4688828,18
u4689018,12
u4689152,16
u4689166,13
u4689314,11
u4689401,11
u4689410,20
u4689530,7
u4689538,11
u4690264,6
u4690296,27
u4690417,15
u4690816,10
u4690951,28
u4691099,11
u4691101,9
u4691117,15
u4691137,10
u4691143,11
u4691225,10
u4691269,10
u4691386,7
u4691467,9
u4691572,28
u4691582,10
u4691608,23
u4691732,15
u4691765,8
u4691807,10
u4691831,13
u4691932,11
u4692035,11
u4692640,32
u4692716,13
u4692802,11
u4692838,16
u4692853,11
u4693112,24
u4693291,19
u4693320,11
u4693348,19
u4693459,20
u4693616,27
u4693661,11
u4694252,18
u4694307,13
u4694334,7
u4694849,11
u4694981,7
u4695052,15
u4695086,15
u4695589,17
u4696113,27
u4696147,11
u4696149,9
u4696398,10
u4696458,64
u4697005,20
u4697056,16
u4697576,10
u4697911,15
u4698204,11
u4698372,9
u4698899,22
u4699212,14
u4699342,17
u4699427,13
u4699687,19
u469970,21
u4699923,13
u4699974,12
u4700324,21
u4700516,18
u4701021,27
u470121,10
u4701390,10
u4701525,8
u4701563,9
u4701802,22
u4702047,44
u4702264,12
u4702467,24
u4702503,11
u470258,19
u4702777,66
u4702807,9
u4702903,12
u4703147,31
u4703446,47
u4703462,58
u4703491,19
u4703551,8
u4703560,16
u4703611,19
u4703634,16
u4703719,11
u4703990,24
u4704006,12
u4704141,11
u4704273,10
u4704851,11
u4705135,21
u4705254,15
u4705366,14
u4705592,20
u4705853,15
u4705923,12
u4705970,23
u4706026,24
u4706177,16
u4706206,8
u4706258,21
u4706272,39
u4706474,10
u4706496,53
u4706593,16
u4706656,10
u4706684,9
u4706730,14
u4707073,9
u4707769,16
u4707881,20
u4708360,17
u4708646,12
u4708729,7
u4708929,21
u4709242,18
u4709249,24
u4709293,33
u4709464,11
u470980,11
u4709919,18
u4710358,13
u4710716,13
u4710735,11
u4710754,15
u4710813,10
u4710936,8
u4710947,12
u4710999,13
u471102,16
u4711162,10
u4711246,12
u4711315,14
u4711622,15
u4711623,12
u4711802,19
u4712243,16
u4712290,14
u4712342,12
u4712479,10
u471261,11
u4713396,17
u4713533,13
u4713810,27
u4713847,16
u4713977,13
u4714020,15
u4714133,33
u4714203,9
u4714215,18
u4714324,44
u4714421,12
u4714654,10
u4714662,12
u4714756,23
u4714794,19
u4714820,11
u4714878,11
u4715269,14
u4715471,9
u4715477,9
u4715572,13
u4715620,29
u4715802,14
u4715810,24
u4715869,17
u4715895,11
u4715897,18
u4715898,12
u4715976,22
u4716013,18
u4716238,16
u4716249,23
u4716260,12
u4716308,44
u4716342,9
u4716425,10
u4716430,16
u4716434,7
u4716571,35
u4716584,73
u4716652,15
u4716987,13
u4717195,9
u4717214,13
u4717335,13
u4717759,15
u4717824,18
u4717986,12
u4718070,53
u4718127,14
u4718179,16
u4718289,10
u4718293,8
u4718391,19
u4718544,13
u4718547,17
u4718563,42
u4718839,13
u4718940,15
u471922,10
u4719240,15
u4719312,8
u4719532,13
u4719895,10
u4720073,31
u4720088,14
u4720146,8
u4720305,18
u4720314,7
u4720324,22
u4720342,22
u4720355,8
u4720440,18
u4720521,9
u4720570,10
u4720596,16
u4720663,8
u4720703,10
u4721207,12
u4721359,10
u4721437,16
u4721668,8
u4721880,10
u4721961,15
u4721963,16
u4721967,17
u4722211,7
u4722229,19
u4722349,10
u4722548,19
u4722555,18
u4722699,11
u472271,10
u4722781,18
u4722811,27
u4722857,16
u4722907,21
u4723137,9
u4723204,6
u4723311,11
u4723718,14
u4723918,25
u4723941,14
u4723947,7
u4724032,9
u4724321,13
u4724389,17
u4725074,11
u4725109,15
u4725155,10
u4725272,11
u4725433,21
u4725648,9
u4725656,9
u4725883,12
u4725958,16
u4725978,25
u4726035,9
u4726177,11
u4726191,11
u4726801,17
u4727060,19
u4727095,14
u4727180,22
u4727215,14
u4727522,12
u4727709,7
u4727720,22
u4727775,11
u4728002,9
u4728022,15
u4728098,21
u4728424,30
u4728718,21
u4729032,8
u4729084,8
u4729130,10
u4729180,7
u4730258,13
u4730334,8
u4730364,16
u4730523,12
u473054,12
u4730580,10
u4730738,8
u4731426,10
u4731528,9
u4731751,13
u4732120,16
u4732128,13
u4732626,23
u4732675,20
u4732845,12
u4733070,12
u4733101,12
u4733757,9
u4734748,9
u473477,14
u4734960,13
u4735167,29
u4735198,9
u4735650,13
u4735688,10
u4736426,13
u4736551,12
u4736558,10
u4736665,18
u4736737,15
u4736889,15
u4736955,16
u4736961,13
u4736971,12
u4737066,13
u4737091,10
u4737136,12
u4737217,27
u4737250,13
u4737594,17
u4737667,10
u4737726,10
u4737810,8
u4737868,11
u4738082,7
u4738682,26
u4738869,9
u4739011,13
u4739185,7
u4739281,13
u4739503,15
u4739606,12
u4739607,17
u4739671,19
u4740186,19
u4740423,20
u4740960,17
u4741177,10
u474128,12
u4741635,12
u4741747,23
u4742165,8
u4742274,8
u4742416,8
u4742684,8
u4742789,19
u4742812,15
u4743400,14
u4743410,46
u4743703,7
u4743982,17
u4744030,17
u4744344,12
u4744383,11
u4744435,9
u474466,12
u4744819,12
u4744904,6
u4744905,41
u4744938,20
u4744970,19
u4744971,10
u4745149,10
u4745200,12
u4745242,12
u4745254,21
u4745262,9
u4745329,46
u4745353,14
u4745639,7
u4745852,18
u4746085,16
u4746293,7
u4746304,20
u4746355,13
u4746415,10
u4746420,14
u4746422,16
u4746512,12
u4746561,22
u4746563,13
u4746643,12
u474665,7
u4746680,17
u4746699,7
u4746767,9
u4746827,8
u4746882,12
u4746958,22
u4747006,9
u4747045,21
u4747156,8
u4747338,11
u4747484,29
u4747601,8
u4747651,19
u4747709,33
u4747895,9
u4747917,11
u4748216,12
u474824,19
u4748246,13
u4748264,8
u4748454,16
u474879,14
u4748809,15
u4749307,10
u4749574,11
u4749625,12
u4749859,9
u4749862,14
u4749920,26
u4750118,11
u4750131,9
u4750244,48
u4750254,30
u4750290,13
u4750336,13
u4750771,13
u4750794,21
u4750850,18
u4751010,10
u4751433,12
u4751539,9
u4751585,11
u4751636,12
u4751798,15
u4751915,14
u4751946,26
u4752196,14
u4752242,17
u4752247,16
u4752343,6
u4752611,19
u4752788,13
u4752819,21
u4752901,11
u475311,17
u4753112,27
u4753191,22
u4753422,13
u4753445,15
u4753586,24
u4754036,15
u4754058,21
u4754239,11
u4754388,27
u4754399,12
u4754463,13
u4754508,25
u4754594,24
u4754668,8
u4754752,12
u4754833,15
u4754860,20
u4754934,11
u4754938,13
u475499,23
u4755053,16
u4755054,8
u4755285,13
u4755378,12
u4755629,10
u4755748,11
u4755868,26
u4755969,14
u4755973,21
u4756340,14
u4756405,20
u4756500,33
u4756546,14
u4756786,17
u4756797,11
u4756851,13
u4756921,8
u4757249,13
u4757470,20
u4757479,10
u4757545,20
u4757686,13
u4757738,20
u4757785,13
u4757840,8
u4757925,17
u4758027,8
u4758043,14
u4758073,25
u4758130,16
u4758468,9
u4758771,17
u4758777,7
u4758809,9
u4758917,12
u4759103,15
u4759160,9
u4759185,11
u4759397,20
u4759475,30
u4759566,7
u4759783,21
u4760212,27
u4760248,17
u4760491,14
u4760496,27
u4760596,7
u4760640,11
u4760662,15
u4760703,15
u4760782,10
u4761644,13
u4761696,20
u4761748,9
u4761823,21
u4761906,12
u4762479,16
u4762563,12
u4762946,16
u4763258,13
u4763470,11
u4763619,18
u4763771,41
u4764138,8
u4764199,11
u4764250,28
u4764501,25
u4764647,16
u4764708,18
u4764845,16
u4764973,8
u4765164,13
u4765216,35
u4765231,12
u4765560,13
u4765743,19
u4765848,13
u4765992,19
u4767013,11
u4767032,16
u476780,13
u4768108,18
u4768131,12
u4768519,11
u4768594,12
u4768637,11
u4769102,14
u4769166,9
u4769351,12
u4769379,6
u4769699,33
u4769718,23
u4769848,20
u4769922,8
u4770015,9
u4770220,8
u4770289,23
u4770309,23
u4770317,12
u4770413,14
u4770498,8
u4770632,9
u4770930,24
u4771587,10
u477160,6
u4771729,9
u4772074,7
u4772294,9
u4772488,12
u4772496,12
u4772528,24
u4772847,20
u4772876,17
u4773017,17
u4773157,9
u4773161,8
u4773409,17
u4773466,10
u4773534,11
u4774527,18
u4774874,13
u4774917,29
u4774996,11
u4775153,20
u4775200,7
u4775354,12
u4775362,23
u4775368,18
u4775400,13
u4775542,24
u4775804,14
u4776307,58
u4776393,17
u4776396,14
u4776535,10
u4776587,12
u4776691,8
u4777248,7
u4777359,14
u4777597,14
u4778196,23
u4778249,15
u4778385,17
u4778540,17
u4778628,11
u4778721,15
u4778851,14
u4778921,7
u4779128,11
u4779184,9
u4779218,11
u4779243,13
u4779347,12
u4779389,29
u4779541,11
u4779564,9
u4779615,13
u4779616,6
u4779617,13
u4779715,7
u4779813,20
u4779900,18
u4779927,14
u4779956,7
u4780168,23
u4780324,14
u4780504,10
u4780557,17
u4780563,18
u4780699,13
u4781024,15
u4781922,11
u4782000,11
u4782059,10
u4782277,23
u4782347,37
u4782559,17
u4782602,21
u4782606,10
u4782659,16
u4782815,14
u4783169,10
u4783232,15
u4783706,19
u4783893,7
u4783927,9
u4783964,16
u4784236,8
u4784366,21
u4784496,15
u4784611,13
u4784637,9
u4784639,11
u4784657,10
u4784702,12
u4785168,23
u4785395,12
u4785461,12
u4785615,13
u4785818,18
u4786625,51
u4786655,14
u4786793,13
u4786895,20
u4787200,11
u4787343,15
u4787372,9
u478766,7
u4787946,17
u4788061,15
u4788222,24
u4788276,15
u4788328,12
u4788548,10
u4788802,12
u4788826,10
u4788881,22
u4788933,9
u4788982,8
u4789052,23
u4789312,6
u4789341,12
u4789401,16
u4789481,8
u4789494,16
u4789556,14
u4789608,11
u4789659,8
u4789743,12
u4789876,8
u4789940,18
u4790096,12
u4790110,22
u4790150,13
u4790179,12
u4790223,9
u4790419,18
u4790688,16
u4790925,11
u4790965,19
u4790979,12
u4791052,10
u4791123,9
u4791240,14
u479128,30
u4791285,10
u4791324,17
u4791796,43
u4791832,7
u4791872,12
u4792125,10
u4792160,16
u4792293,19
u4792335,13
u4792348,81
u4792495,17
u4792601,16
u4792649,14
u4792707,17
u4792729,9
u4792832,31
u4793010,13
u4793438,22
u4793543,11
u4793605,9
u4793877,12
u4793934,10
u4794103,11
u4794400,11
u4794401,19
u4794597,11
u4794684,29
u4794742,34
u4794808,7
u479484,14
u4794871,13
u4794915,15
u4795126,11
u4795183,52
u4795184,9
u4795284,16
u4795296,21
u4795426,9
u4795482,7
u4795495,18
u4795860,15
u4796195,15
u4796273,10
u4796798,18
u4796812,13
u4796866,10
u4797059,19
u479781,16
u4797894,18
u4798122,19
u4798192,10
u4798497,10
u4798563,7
u4798661,17
u4798735,10
u4798888,15
u4799220,8
u4799494,36
u4799686,12
u4800586,9
u4800947,8
u4801310,16
u4801341,23
u4801355,18
u4801360,8
u4801386,17
u480144,13
u4801497,10
u4801582,10
u4801634,26
u4801693,7
u4801734,10
u4801769,17
u4801849,10
u4801981,13
u4802030,20
u4802057,11
u4802153,14
u4802165,33
u4802368,16
u4802768,13
u4802791,16
u4802881,15
u4803270,10
u4803354,9
u4803833,13
u480438,7
u4804532,36
u4804576,15
u4804895,8
u4804925,8
u4804972,10
u4805017,66
u4805130,9
u4805159,22
u4805338,12
u4805344,14
u4805375,8
u4805633,13
u4805675,16
u4805709,16
u4805908,17
u4806294,19
u4806497,13
u4806580,15
u4807047,21
u4807113,13
u4807237,11
u4807240,19
u4807381,9
u4807517,14
u4807875,19
u480798,8
u480823,12
u4808366,18
u4808869,12
u4808984,18
u4809131,11
u4809302,11
u4809540,20
u4809556,8
u4809566,13
u4809690,20
u4809691,18
u4809712,89
u4809744,11
u4809915,11
u4809933,12
u4810036,28
u4810122,9
u4810280,16
u4810553,8
u4810681,11
u4810797,12
u4810837,9
u4811570,15
u4811583,8
u4811626,14
u4812083,10
u4812602,9
u4812910,13
u4813028,6
u4813097,36
u4813583,8
u4813873,13
u481408,15
u4814217,14
u4814433,23
u4814641,7
u4814695,14
u4814755,17
u4814809,10
u4814879,8
u4815404,9
u4815593,11
u4815842,8
u4815905,8
u4815927,10
u4815982,9
u4816090,14
u4816154,14
u4816521,7
u4816553,14
u4817148,9
u4817405,14
u4817626,39
u4817677,7
u4817865,14
u4817902,12
u4818062,10
u4818110,24
u4818198,10
u4818225,13
u4818259,21
u4818415,28
u4818434,17
u4818518,31
u4818734,15
u4819004,15
u4819087,13
u4819104,17
u4819128,24
u481938,21
u4819594,13
u4819864,17
u4819903,21
u4819932,11
u4820293,14
u4820341,12
u4820544,8
u4822065,10
u4822447,15
u4822476,11
u4822489,13
u4822505,7
u4823387,25
u4823554,8
u4824098,11
u4824310,12
u4824577,36
u482481,10
u4824816,14
u4824934,9
u4825055,10
u4825093,8
u4825452,8
u4825508,12
u4825593,7
u4826034,8
u4827007,10
u4827451,11
u4828182,9
u4828190,16
u4828405,9
u4828470,67
u4828641,14
u4828656,14
u4828689,36
u4828713,24
u4828841,31
u4828859,14
u4828944,23
u4828947,28
u4828989,22
u4829164,15
u4829316,8
u4829377,13
u4829384,14
u4829457,15
u4829532,35
u4829709,11
u4829931,9
u4830053,10
u4830404,15
u4830706,8
u4830757,6
u4830957,13
u4831106,27
u4831190,12
u4831520,19
u4831754,10
u4832010,21
u4832297,17
u4832513,12
u4832764,22
u4832898,10
u4832923,11
u4832935,21
u4832940,12
u4833091,9
u4833166,11
u4833422,29
u4833610,28
u4833685,14
u4833789,9
u4833830,15
u4834065,13
u4834210,13
u4834380,11
u4834424,19
u4834943,12
u4834965,16
u4835388,8
u4835538,8
u4835992,12
u4836334,26
u4836372,12
u4836478,13
u4836795,11
u4836915,15
u4836920,28
u4837057,11
u4837196,10
u483745,11
u4837631,18
u4838045,15
u4838161,21
u4838170,21
u4838266,13
u4838469,12
u4838528,16
u4838594,12
u4839162,16
u4839257,22
u4839518,19
u4839714,18
u4839914,24
u4840234,20
u4840235,17
u4840521,12
u4840548,16
u4840633,13
u4840658,17
u4840728,14
u4840834,22
u4840866,8
u4840943,7
u4841192,14
u4841340,26
u4841417,11
u4841549,9
u4841689,14
u4842292,9
u4842536,23
u4842593,9
u4842650,18
u4842764,16
u4842806,14
u4842845,10
u4843032,18
u4843168,51
u4843396,17
u4843477,10
u4843527,16
u4843556,14
u4843866,10
u4844047,7
u4844210,14
u4844319,11
u4844327,12
u4844634,12
u4844975,9
u4845025,7
u4845118,19
u4845201,24
u4845231,10
u4845242,19
u4845554,21
u4845879,10
u4846031,14
u4846126,27
u4846155,32
u4846325,14
u4846356,9
u4846788,8
u4846805,10
u4846898,11
u4846950,10
u4847042,16
u4847125,15
u4847474,15
u4847621,20
u4847681,11
u4847854,41
u4847913,10
u4848141,14
u4848229,9
u4848519,11
u4848670,14
u4848883,10
u4849384,14
u4849519,13
u4849765,22
u4849984,16
u4850041,11
u4850466,40
u4850535,14
u4850630,13
u4850733,40
u4850830,8
u4851122,17
u4851186,18
u4851267,9
u4851291,14
u4851527,22
u4851528,19
u4851791,16
u4851884,10
u4852083,13
u4852130,8
u4852204,10
u4852297,9
u4852384,18
u4852420,11
u4852655,11
u4852659,12
u4852824,18
u4852919,10
u4853051,28
u4853274,13
u4853495,18
u4853805,9
u4853852,11
u4853928,20
u4854105,8
u4854256,20
u4854567,21
u4854661,36
u4854994,11
u4855023,15
u4855075,12
u4855280,12
u4855428,16
u4855550,12
u4855614,6
u4855883,28
u4855913,14
u4856070,34
u4856082,12
u4856094,14
u4856160,17
u4856457,16
u4856549,16
u4856565,46
u4856707,10
u4856863,47
u4857123,16
u4857318,10
u4857331,26
u4857344,8
u4857561,23
u4857680,17
u4858395,15
u4858401,8
u4858510,9
u4858621,16
u485865,10
u4858691,24
u4859243,10
u4859594,12
u4859659,16
u4859879,19
u4859894,12
u4860001,15
u4860103,9
u4860339,14
u4860816,9
u4860829,9
u4860997,11
u4861272,8
u4861748,11
u4861783,26
u4862021,11
u4862027,9
u4862441,14
u4862563,13
u4862659,12
u4862670,15
u4863474,7
u4864533,20
u4864871,13
u4864920,12
u4865026,11
u4865059,13
u4865062,10
u4865145,38
u4865231,16
u4865374,42
u4865380,17
u4865642,13
u4865976,7
u4866028,7
u4866049,17
u4866141,6
u4866449,20
u4866600,16
u4866787,26
u4866928,28
u4866986,10
u4867177,21
u4867202,18
u4867216,19
u4867357,12
u4867474,19
u4867541,9
u4867735,16
u4868493,20
u4868554,30
u4868600,20
u4868810,12
u4869138,9
u4869706,11
u4870215,24
u4870252,15
u4870358,18
u4870698,36
u4871059,15
u4871069,7
u4871369,7
u487155,11
u4871766,16
u4871924,26
u4872028,35
u4872102,11
u4872242,24
u4872262,10
u487230,7
u4872436,13
u4872736,16
u4872823,32
u4873040,22
u4873050,10
u4874050,8
u4874949,10
u4875074,27
u4875116,23
u4875599,10
u4875687,11
u4875755,7
u4875801,9
u4876010,15
u4876072,20
u4876089,8
u4876148,15
u4876795,16
u4876825,29
u4876924,34
u4877286,25
u4877755,13
u4877838,22
u4877983,18
u4878011,11
u4878525,15
u4878800,12
u4878882,10
u4879353,28
u4879478,19
u4879573,11
u4879580,11
u4879653,11
u4879877,20
u4880661,42
u4880962,24
u4881446,13
u4881526,11
u4881620,31
u4881667,9
u4882377,19
u4882551,10
u4882693,17
u488292,9
u4882952,20
u4883013,16
u4883477,18
u4883478,14
u4883707,13
u4883948,20
u4884044,20
u4884973,15
u4885014,12
u4885169,14
u4885496,12
u4885634,18
u4885784,11
u4885833,11
u4886218,11
u4886264,9
u4886327,10
u4886433,8
u4886775,8
u4886788,10
u4886810,10
u4886818,15
u4887096,22
u4887156,15
u4888047,12
u4888577,14
u4888631,12
u4888824,10
u4888845,8
u4890064,15
u4890113,8
u4890140,10
u4890353,8
u4890470,7
u4890551,11
u4890577,16
u4890738,27
u4890773,10
u4890897,12
u4891555,27
u4891586,16
u4891596,10
u4891889,45
u4891935,14
u4892099,9
u4892237,10
u4892329,11
u4893215,24
u4893349,20
u4893575,10
u4893664,13
u4893689,11
u4893897,13
u4894116,12
u4894202,13
u4894648,18
u4894896,15
u4894900,9
u4894957,11
u4895115,13
u4895938,9
u4896111,9
u4896333,17
u4896346,9
u4896368,13
u4896420,15
u4896478,11
u4896803,7
u4897087,15
u4897200,21
u4897471,18
u4897559,13
u4898047,15
u489815,17
u489839,10
u4898616,16
u4898915,9
u4899122,11
u4899223,17
u4899416,10
u4899460,15
u4899569,33
u4899709,20
u4899729,12
u4899870,21
u4900014,10
u4900126,15
u4900147,19
u4900192,9
u4900276,10
u4900323,17
u4900387,13
u4900718,10
u4900726,11
u4900824,21
u4900863,30
u4901064,12
u4901188,17
u4901600,8
u4901711,11
u4901850,20
u4902159,50
u490225,10
u4902484,10
u4902590,9
u4902728,39
u4902855,16
u4902925,21
u4902968,32
u4903245,29
u4903436,9
u4903607,17
u4903894,14
u4904140,29
u4904597,8
u4904661,35
u4904692,14
u4904857,14
u4904869,10
u4905039,17
u4905119,15
u4905139,19
u4905178,11
u4905209,16
u4905639,22
u4905642,12
u4905668,11
u4905895,16
u4905996,12
u4906322,10
u4906442,13
u4906561,11
u4906795,26
u4906843,10
u4906887,57
u4906937,16
u4907411,14
u4907748,50
u4907844,21
u4907904,9
u4907989,21
u4908038,30
u4908145,11
u4908154,11
u4908162,14
u4908554,9
u4909018,25
u4909331,20
u4909920,17
u4909976,10
u4910703,10
u4911164,9
u4911186,16
u4911237,15
u4911265,32
u4911342,17
u4911386,28
u4911501,20
u4911634,7
u4912057,14
u4912323,8
u4912726,13
u4912761,10
u4912850,23
u4912862,9
u4913017,10
u4913042,7
u4913180,12
u4913526,8
u4913625,9
u4913925,25
u4914011,17
u4914116,8
u4914182,8
u4914404,12
u4914768,14
u4914796,24
u4915422,18
u4916096,11
u4916114,19
u491635,18
u4916717,20
u4916850,14
u4916859,12
u4916935,10
u4917230,12
u4917356,9
u4917592,32
u4917910,9
u4918143,10
u4919469,8
u4919870,9
u4919894,11
u4920129,9
u4920204,7
u4920278,23
u4920285,17
u492043,8
u4920573,16
u4920721,12
u492076,12
u4921125,17
u4921302,51
u4921882,7
u4921990,8
u4922282,8
u4922326,10
u4923306,15
u4923454,9
u4923479,29
u4923910,13
u4924234,14
u4924310,11
u4924330,13
u4924402,13
u4924415,9
u4924592,15
u4924684,13
u4924873,15
u4924889,13
u4924975,22
u4925342,14
u4925765,14
u4926460,15
u4926513,16
u492660,13
u4926719,11
u4926952,12
u4927474,10
u4927533,8
u4927647,32
u4927666,7
u4928044,9
u4928719,11
u4929031,14
u4929079,12
u4929281,11
u4929600,8
u4930100,9
u4930125,21
u4930162,15
u493024,12
u4930341,18
u4930443,11
u4930510,7
u4930649,12
u4930660,11
u4931107,15
u4931186,16
u4931246,11
u4931356,11
u4931680,7
u4931727,8
u4932092,15
u4932295,11
u4932447,24
u4932458,22
u4932694,18
u493278,15
u4932939,14
u4933176,43
u4933422,11
u4933623,14
u4933686,11
u4933825,10
u4934990,12
u4935056,12
u4935253,10
u4935863,15
u4936273,16
u4936566,10
u4937278,9
u4937780,10
u4937824,9
u4938276,7
u4938293,9
u4938348,18
u4938776,13
u4938844,12
u4938927,17
u4939218,19
u4939272,35
u4939471,13
u4939486,20
u4939577,13
u4939657,7
u4939665,7
u4939721,18
u4939982,10
u4940044,16
u4940063,18
u4940306,14
u4940328,24
u4940591,11
u4940692,10
u4940973,19
u4941151,16
u4941285,7
u4941596,18
u4942133,9
u4942161,23
u4942256,10
u4942328,11
u4942396,9
u494271,11
u4942851,9
u4943073,30
u4943234,15
u4943237,14
u4943238,15
u4943261,9
u4943489,7
u4943493,16
u4943500,10
u4943506,14
u4943817,13
u4943985,50
u4944075,12
u4944108,54
u4944196,8
u4944246,10
u4944276,17
u4944355,16
u4944384,9
u4944535,16
u4944557,9
u4944714,13
u4945315,8
u4945406,11
u4945428,11
u4945431,9
u4945955,11
u4946108,12
u4946298,14
u4946354,8
u4946497,16
u4946581,13
u4946591,21
u4946689,15
u4947018,9
u4947292,28
u4947786,21
u4947803,24
u494787,8
u4948039,15
u4948263,17
u4948361,17
u4948454,27
u4948483,14
u4948875,15
u4949645,8
u4949953,11
u4950043,17
u4950065,12
u4950200,26
u4950483,12
u4950694,13
u4950760,11
u4950787,16
u4950939,9
u4951054,18
u4951120,10
u4951142,21
u4951569,28
u4951741,15
u4951768,12
u4951881,10
u4951916,55
u4951917,14
u4952116,16
u4952307,10
u4952374,15
u4952515,40
u4952683,17
u4952959,13
u4952977,12
u4953079,21
u4953126,25
u4953332,7
u4953525,9
u4953533,9
u4953580,10
u4953630,12
u4953704,15
u4954032,23
u4954049,23
u4954314,7
u4954365,24
u4954995,38
u4955012,13
u4955245,10
u4955250,14
u4955960,12
u4956076,9
u4956155,13
u4956241,7
u4956288,41
u4956362,9
u4956389,14
u4956397,24
u4956408,42
u4956415,23
u4956483,16
u4956561,9
u4956659,13
u4956706,25
u4956803,14
u4956813,7
u4956979,16
u4956990,10
u4957000,23
u4957149,10
u4957158,9
u4957183,33
u4957195,9
u4957215,31
u495780,14
u4957898,11
u4957931,16
u4957980,10
u4958027,11
u4958080,13
u4958120,18
u4958142,11
u4958303,35
u4958422,23
u4958457,8
u4958489,33
u4958756,10
u4958892,14
u4958966,9
u4959434,18
u4959491,10
u4959548,10
u4959610,12
u4959616,20
u4959621,9
u4959728,11
u4960005,13
u4960096,9
u4960130,8
u4960158,9
u4960281,9
u4960386,16
u4960536,21
u4960652,13
u4960675,23
u4960774,20
u4960981,22
u4961049,15
u4961348,9
u4961373,10
u496144,8
u4961653,17
u4961869,11
u4961985,8
u4962054,22
u4962386,6
u4962459,8
u4962587,9
u4963984,12
u4964407,12
u4964508,38
u4964639,13
u4964958,11
u4965286,12
u4965902,12
u4966067,7
u4966121,13
u496623,7
u4966319,9
u4966362,15
u4966366,8
u4966405,10
u4966551,12
u4966717,17
u4967018,11
u4967128,10
u4967281,9
u4967496,16
u4967519,12
u4967525,15
u4967982,13
u4968059,29
u4968597,10
u4968623,31
u4968778,7
u4969205,17
u4969216,11
u4969449,37
u4969626,13
u4969639,8
u4969670,9
u4969759,6
u4969869,13
u4970123,8
u4970275,12
u4970543,14
u4970724,14
u4970757,14
u4970812,41
u4970820,14
u4971268,9
u4971275,8
u4971486,12
u4971597,11
u4971769,19
u4971960,16
u4972040,7
u4972047,16
u4972122,15
u4972268,8
u497241,9
u4972464,11
u4972537,12
u4973593,13
u4973639,16
u4974143,10
u4974518,20
u4974554,11
u4974591,8
u4974640,14
u4975043,12
u4975088,11
u4975295,9
u4975490,13
u4975587,10
u4976000,10
u4976090,11
u4976355,9
u4976387,10
u4976424,18
u4976714,11
u4976820,8
u4976874,13
u4976958,12
u4977049,14
u4977069,12
u4977359,13
u4977376,11
u4977398,15
u4977692,70
u4977755,14
u4977767,17
u4977817,12
u4977827,23
u4977959,21
u4978019,11
u4978408,11
u4978655,21
u4978785,24
u4979160,9
u4979304,19
u4979650,16
u4979733,32
u4979869,28
u498003,14
u4980131,11
u4980156,31
u4980229,10
u4980413,10
u4980755,11
u4980757,19
u4980870,25
u4980952,8
u4981614,8
u4982034,11
u4982294,16
u4982319,12
u4982459,10
u4982546,16
u4982617,12
u4982646,15
u4982806,9
u4983729,10
u4983791,25
u4983838,12
u4983919,16
u4984039,7
u4984246,11
u4984538,10
u4984589,14
u4984721,14
u4984732,10
u4984741,10
u4984763,13
u4984961,10
u4985097,7
u4985130,17
u4985305,9
u4985487,10
u4986165,8
u4986332,11
u4986367,27
u4986793,16
u4986823,15
u4986860,18
u4986981,16
u498723,9
u4987501,43
u4987532,12
u4987557,17
u4987697,16
u4988303,10
u4988342,9
u4988649,15
u4989833,23
u4990125,24
u4990145,9
u4990626,17
u4990652,21
u4990813,8
u4991318,6
u4991685,16
u499181,19
u4991850,12
u4991859,13
u4992030,12
u4992108,15
u4992477,18
u4992531,10
u4992681,16
u4992732,20
u4992749,7
u4992760,17
u4992982,21
u4993376,8
u4993746,21
u4993800,14
u4993842,33
u4993864,9
u4993879,12
u4993966,24
u4993973,13
u4994015,14
u4994213,16
u4994217,10
u4994430,17
u4994470,31
u4994686,10
u4995521,16
u4995575,10
u4995607,21
u4995758,48
u4996022,10
u4996095,11
u4996263,8
u4996935,8
u4997167,8
u4997487,12
u4997504,14
u4998787,9
u499934,10
u5000025,13
u5000069,10
u5000096,12
u5000793,12
u5000955,34
u5000991,11
u5001135,11
u5001291,15
u5001345,19
u5001512,9
u5001710,10
u5001815,13
u5001921,10
u5001964,11
u5002247,44
u5002306,12
u5002526,22
u5002679,20
u5002770,8
u5002865,30
u5002966,12
u500299,46
u5003047,10
u5003054,12
u5003180,7
u5003362,12
u5003374,7
u5003627,8
u5003830,13
u500395,12
u5004034,24
u5004163,14
u5004216,23
u5004263,13
u5004301,10
u5004634,13
u5004717,14
u5004792,11
u5004990,9
u5005093,11
u5005187,11
u5005549,9
u5005780,11
u5006192,20
u5006390,10
u5006660,20
u5006695,14
u5006730,6
u5006745,11
u5006800,12
u5006857,9
u5006964,12
u5007020,17
u5007038,13
u5007076,17
u5007124,9
u5007386,10
u5007466,19
u5007572,11
u5007734,11
u5007738,11
u5007869,10
u5007911,13
u5008025,16
u5008203,21
u5008238,15
u5008370,10
u5008581,12
u5008989,11
u500914,11
u5009408,7
u5009474,25
u5009572,13
u5009725,13
u5009731,10
u5009758,10
u5009795,8
u5009902,8
u5009986,13
u5010025,39
u5010212,18
u5010270,10
u5010275,12
u5010469,11
u5010517,10
u5010597,13
u5010612,18
u5010648,28
u5010828,17
u5010983,38
u5011148,12
u5011310,14
u5011348,29
u5011499,17
u5011791,15
u5011795,19
u5011827,12
u5012712,8
u5013125,14
u5013135,16
u5013137,13
u5013151,16
u501321,8
u5013858,11
u5014075,10
u5014559,11
u5014564,11
u5014662,12
u5014786,17
u5014837,12
u5014937,57
u5015265,15
u5015302,12
u5015363,14
u5015364,22
u5015381,53
u5015639,17
u5015764,6
u5016102,18
u5016419,9
u5016488,10
u5016542,14
u5016620,8
u5016730,10
u5016736,17
u5016745,17
u5016869,12
u5017073,28
u5017141,11
u5017190,11
u5017518,14
u5017597,7
u501765,8
u5017650,13
u5017679,16
u5018229,28
u5018273,10
u5018574,21
u5018785,8
u5019124,8
u5019176,15
u5019416,22
u5019431,9
u5019474,10
u5019960,8
u5020130,10
u5020356,7
u5020366,17
u5020426,18
u5020606,31
u5020735,13
u5021199,11
u5021342,12
u5021722,18
u5022140,12
u5022157,13
u5022522,9
u5022738,9
u5022854,10
u5022868,9
u5023290,12
u5023415,32
u5023501,10
u5023510,10
u5023662,9
u5023788,12
u5023794,26
u5023836,19
u5024205,13
u5024665,7
u5024668,9
u5024863,10
u5024878,7
u5024962,12
u5025186,13
u5025255,11
u5025259,12
u5025302,9
u5025304,36
u5025382,22
u5025425,9
u5025472,12
u5025506,19
u5025547,10
u5025589,12
u5025756,11
u5025776,21
u5025827,16
u5025877,8
u5025911,17
u5025913,13
u5025943,10
u5025965,26
u5026100,11
u5026101,7
u5026154,11
u5026253,18
u5026421,6
u5026450,17
u5026542,8
u5026663,13
u5026895,14
u5026914,24
u5027033,23
u5027038,12
u5027054,7
u5027216,21
u5027279,10
u5027376,12
u5027613,14
u5027813,16
u5027837,13
u5028212,10
u5028546,24
u5028813,11
u5028932,12
u5029004,11
u5029162,27
u5029386,10
u5029390,14
u5029859,12
u5029891,15
u5029897,21
u5030105,17
u5030154,15
u5030618,17
u5030659,16
u5030705,23
u5030789,11
u5030804,17
u5031103,10
u5031486,19
u5031586,18
u5031800,12
u5031883,9
u5032276,8
u5032420,22
u5032442,15
u5032590,38
u5033534,15
u5033730,12
u5034033,13
u5034209,12
u5034223,11
u5034248,19
u5034469,13
u5034850,19
u5034908,25
u5034988,26
u5035042,10
u5035413,21
u5035472,14
u5035642,16
u5036114,35
u5036854,21
u5037032,10
u5037102,7
u5037197,10
u5037502,15
u5037680,27
u5037910,8
u5037992,17
u5038040,10
u5038052,17
u5038066,15
u5038168,10
u5038304,12
u5038328,10
u5038349,14
u5038424,28
u5038549,7
u5038788,11
u5038915,25
u5039206,12
u5039714,8
u5039760,15
u5039835,10
u5040058,10
u5040293,7
u5040405,13
u5040420,16
u5040503,16
u5041128,14
u5041176,15
u5041216,14
u5041240,63
u5041290,20
u5041303,11
u5041328,7
u5041459,9
u5041466,14
u5041621,8
u5041691,12
u5042252,15
u5042658,32
u5042769,9
u5043044,16
u5043109,8
u5043138,9
u5043144,13
u5043217,23
u5043400,8
u5043522,11
u5043701,13
u5043760,6
u5043995,8
u5044166,30
u5044505,15
u5044690,21
u5044870,15
u5044932,12
u5045174,8
u5045522,6
u5045639,12
u5046248,9
u5046406,10
u5046534,20
u5046622,20
u5046761,17
u5046764,23
u5046788,14
u5047088,9
u5047561,11
u504769,7
u5047766,7
u5047802,14
u5047988,14
u5048076,8
u5048325,14
u5048423,21
u5048492,16
u5048741,24
u5049034,9
u5049194,10
u5049402,16
u5049767,15
u5050079,14
u5051085,24
u5051112,7
u5051203,11
u5051332,15
u505139,17
u5051450,15
u5051463,13
u5051549,13
u5051893,7
u5051896,9
u5052021,10
u5052266,10
u5052540,8
u5053117,10
u5053498,9
u5054135,13
u5054307,33
u5054579,16
u5054601,13
u5054994,40
u5055299,15
u5055334,16
u5055527,12
u5055628,10
u5055720,14
u5056112,17
u5056915,18
u5056935,14
u5057709,12
u5057953,20
u5059035,15
u5059111,15
u5060279,13
u5060463,18
u5060556,18
u5060593,7
u5060838,15
u5060898,21
u5061091,20
u5061206,9
u5061662,18
u5061705,10
u5062147,29
u5062217,15
u5062350,32
u5062901,27
u5063246,15
u5063301,14
u5063374,12
u5063417,17
u5063436,12
u5064184,10
u5064209,11
u5064254,12
u5064346,17
u5064417,7
u5064588,23
u5064764,14
u5065435,9
u5065755,11
u5066290,12
u5066854,12
u5066870,16
u5067257,14
u5067279,17
u5067407,7
u5067618,12
u5067673,11
u5068328,12
u5068556,12
u5068685,8
u506871,7
u5068740,11
u5068887,14
u5069077,13
u5069305,11
u5069342,11
u5069445,14
u5069462,31
u5069890,14
u5069902,11
u507,9
u5070545,13
u5070821,19
u5070926,19
u5071031,25
u5071143,8
u5071237,10
u5071574,10
u5072011,25
u5072516,11
u5073207,9
u5073237,25
u5073442,9
u5073659,11
u5073808,8
u5073824,15
u5073921,15
u5074028,17
u5074151,6
u5074565,15
u5074863,32
u5074959,17
u5075043,15
u5075217,16
u5075363,30
u5075418,28
u5075438,6
u5076399,9
u5078250,15
u5078458,10
u5078459,15
u5079351,18
u5079365,14
u5079495,10
u5079522,23
u5079535,13
u5079667,28
u5079756,7
u5079814,9
u5079843,7
u5079896,22
u5080084,13
u5080493,15
u5080516,14
u5080845,7
u5080985,12
u5081078,12
u508113,9
u5081305,16
u5081464,22
u5081574,17
u5081678,13
u5081742,19
u5082213,23
u5082372,13
u5082479,23
u5082492,8
u5082538,11
u5082561,14
u5082574,15
u5082643,13
u5083284,11
u5083651,14
u5083844,13
u5083946,12
u5084461,19
u5084482,14
u5084553,13
u5084776,16
u5084797,9
u5084818,11
u5084854,9
u5085699,14
u5085725,14
u5085881,18
u5085933,13
u5086357,12
u5086576,9
u5086798,10
u5086869,15
u5087130,23
u5087205,28
u5087275,24
u5087425,11
u5087460,21
u5087461,12
u5087466,14
u5087870,15
u5087884,11
u5087992,17
u5088004,6
u5088020,11
u5088183,11
u5088224,13
u5088323,11
u5088431,12
u5088603,19
u5088685,14
u5089159,12
u5089566,11
u5089760,16
u5089777,11
u5090041,10
u5090492,10
u5090555,12
u5090586,12
u5090638,7
u5090898,9
u5091488,17
u5091892,10
u5092109,30
u5092200,28
u5092310,11
u5092465,19
u5092672,29
u5092810,10
u5092865,14
u5092993,9
u5093073,10
u5093084,10
u5093090,10
u5093285,7
u5093850,20
u5094103,12
u5094225,12
u5094299,14
u5094442,12
u5094458,12
u5094462,10
u5094530,10
u5094557,12
u5094892,13
u5096519,27
u5096523,23
u5096638,17
u5096949,28
u5096968,11
u5097035,21
u5097106,8
u5097126,13
u5097225,17
u5097435,16
u5097519,14
u5097736,14
u5098320,18
u5098330,9
u5098647,11
u5098691,30
u5098782,14
u5098829,16
u5098830,20
u5099018,16
u5099144,25
u5099287,12
u5099426,19
u5099457,9
u5099593,11
u509971,14
u5099710,8
u5099995,12
u5100090,10
u5100111,28
u5100382,13
u5100482,8
u5100743,13
u5100837,10
u5100896,14
u5100931,12
u5101160,14
u5101482,18
u5101793,14
u5101885,8
u5101948,15
u5102212,13
u5102241,10
u5102275,10
u5102340,10
u5102528,9
u5102544,17
u5103137,15
u5104433,11
u5104507,8
u5104513,9
u5105222,13
u5105237,13
u5105941,27
u5106267,21
u5106310,11
u5106315,11
u5106384,18
u5106416,9
u5106771,20
u5106811,16
u5106813,20
u5106830,39
u5106891,11
u5107155,8
u5107714,7
u5107844,7
u5108118,11
u5108152,24
u5108581,9
u5108800,12
u5109181,11
u5110075,22
u5110547,29
u5111155,12
u5111430,7
u5111642,28
u5111659,40
u5111664,16
u5111782,29
u5111836,13
u511188,13
u5111937,16
u5112133,8
u5112267,14
u5112536,10
u5112564,14
u5112811,17
u5112923,12
u5113172,9
u5113189,16
u5113227,10
u5113368,17
u5113493,10
u5113706,20
u5113805,16
u5114008,14
u5114095,8
u5114128,7
u5114144,13
u5114203,13
u5114284,29
u5114716,10
u5114805,17
u5115132,26
u5115522,24
u5115725,20
u5115760,25
u5115771,13
u5115944,14
u5116431,7
u5116611,8
u5116935,34
u5117123,16
u5117166,11
u5117549,18
u5118051,31
u5118456,14
u5118579,14
u5119215,16
u5119387,87
u5119434,12
u5119526,14
u5119546,14
u5119625,21
u5119701,16
u5120619,20
u5120767,15
u5120769,14
u5120820,11
u5120869,9
u5120988,9
u5121828,15
u5121867,15
u5122091,10
u5122128,9
u5122172,12
u5122198,9
u5122586,9
u5122610,26
u5122882,10
u5122950,17
u5123097,18
u5123305,14
u5123383,11
u5123582,15
u5123741,27
u5123912,13
u5124344,10
u5124564,36
u5124723,26
u5124735,8
u5124736,16
u5124818,14
u5125103,18
u5125107,16
u5125282,14
u5125324,15
u5125452,27
u5125748,7
u5125927,16
u5126256,9
u5126495,20
u5126590,7
u5126699,17
u5126845,13
u5127011,8
u5127111,7
u5127269,17
u5127492,10
u5127516,10
u5127565,23
u5127615,19
u5127913,12
u5128270,10
u5128622,16
u5128794,11
u5129087,11
u5129124,36
u5129554,13
u5129579,9
u5129853,12
u5130170,11
u5130208,8
u5130319,13
u5130539,9
u5130544,30
u5130574,15
u5130673,10
u5130734,22
u5130757,11
u5130824,7
u5130900,33
u5130933,10
u5131219,6
u5131413,31
u5131547,9
u5131678,15
u5131716,8
u5131925,35
u5132171,18
u5132273,21
u5132558,28
u5133266,9
u5133275,12
u5134133,10
u5134265,11
u5134694,28
u5135050,10
u5135525,14
u5135560,11
u5135728,14
u5135840,25
u5135919,20
u5135937,15
u5136035,13
u5136103,14
u5136325,8
u5136355,11
u5136634,9
u5136635,12
u5136760,11
u5137906,27
u5137950,13
u5138030,10
u5138169,11
u5138343,10
u5138349,17
u5138402,18
u5138720,15
u5138856,19
u5138944,16
u5138972,30
u5139224,13
u5139290,16
u5140671,16
u5140838,8
u5140937,7
u5140945,14
u5141263,9
u5141488,15
u5141535,24
u5141712,10
u5142178,10
u5142320,15
u5142411,16
u5142606,33
u5142733,8
u5142790,24
u5142816,6
u5144175,12
u5144618,12
u5144751,9
u5144754,9
u5144932,22
u5145310,13
u5145352,8
u5145389,11
u5145511,9
u5145605,11
u5145701,17
u5146331,10
u5146350,18
u5146352,10
u5146422,11
u5146547,13
u5146593,6
u5146618,10
u5146706,8
u5146943,20
u5146976,7
u5147020,10
u5147203,11
u5147316,28
u5147331,14
u5147457,7
u5148229,17
u5148268,8
u5148304,11
u5148355,9
u5148633,9
u5148693,10
u5148694,36
u5148922,16
u5148958,13
u5148972,20
u5149072,15
u5149161,10
u5149174,45
u5149384,15
u5149424,7
u5149543,8
u5149593,9
u5149595,13
u5149611,24
u5149699,9
u5149701,18
u5149749,12
u5149875,21
u5150099,9
u5150164,9
u5150281,53
u5150295,15
u5150404,25
u5150675,10
u5150685,15
u5150749,7
u5150768,15
u5151215,22
u5151224,11
u5151495,28
u5151546,15
u5151552,43
u5151577,15
u5151578,13
u5151653,8
u5151758,27
u5151807,13
u5152341,8
u5152557,14
u5152684,23
u5153811,12
u5153821,12
u5154018,21
u5154667,22
u5154744,7
u5154903,16
u5154996,16
u5155038,16
u5155270,12
u5155337,9
u5155341,18
u5155466,10
u5155580,25
u5155602,22
u5155670,24
u5155746,10
u5155775,35
u5155791,17
u5155991,9
u5155997,16
u5156003,16
u5156042,9
u5156148,12
u5156230,7
u5156316,34
u5156327,9
u5156410,12
u5156428,15
u5156515,21
u5156704,13
u5156896,21
u5157064,24
u5157314,15
u5157398,13
u5157495,10
u5158119,12
u515812,13
u5158164,10
u5158372,14
u5158379,21
u5158548,6
u5158709,16
u5158892,15
u5159122,9
u5159123,14
u5159291,9
u5159410,11
u5159515,18
u5159657,15
u5159979,12
u5159985,18
u5160086,9
u5160136,9
u5160156,34
u5160254,12
u5160275,8
u5160310,17
u5160484,16
u5160563,16
u5160622,15
u5160882,9
u5161053,36
u5161134,8
u5161150,34
u5161258,17
u5161692,17
u5162064,8
u5162428,25
u5162600,14
u5162670,14
u5162745,33
u5162796,6
u5162876,37
u5163304,13
u5163548,20
u5163559,9
u5163807,24
u5163951,15
u5164004,25
u5164382,14
u5164775,14
u5165081,9
u5165319,11
u5165385,9
u5165462,34
u5165492,15
u5165577,14
u5165773,21
u5165959,13
u5166053,25
u5166148,15
u5166321,28
u5166566,9
u5167111,20
u5167113,12
u5167572,23
u5167750,16
u5167759,13
u5167813,12
u5168068,10
u5168235,10
u5168329,30
u5168687,15
u5168694,13
u5168886,14
u5169353,24
u5169369,18
u5169519,13
u5170272,10
u5170671,12
u5170810,15
u5171291,16
u5171362,6
u5171944,9
u5172042,25
u5172150,29
u5172517,11
u5172656,12
u5172853,8
u5174073,9
u5174075,14
u5174097,11
u5174217,12
u5174410,11
u5174454,21
u5174467,11
u5174894,15
u5174952,9
u5174983,22
u517515,9
u517545,8
u5175622,7
u5176388,14
u5177449,17
u5178451,10
u5178514,10
u5178983,18
u5179286,14
u5179313,52
u5179875,34
u5179971,16
u5180148,21
u5180334,24
u5180356,7
u5180576,10
u5180798,23
u5180853,14
u5181013,14
u5181058,16
u5181170,12
u5181422,14
u5181895,17
u5182053,46
u5182433,27
u5182591,11
u5182800,10
u5183006,16
u5184065,9
u5184400,12
u5184424,10
u5184608,11
u5185117,21
u5185125,10
u5185287,14
u5185357,10
u5185383,21
u5186120,11
u5186173,9
u5186252,25
u5186255,14
u5186404,24
u5186525,10
u5186552,12
u5186718,9
u5186730,18
u5186922,21
u5187370,11
u5187387,24
u5187897,10
u5187954,39
u5188030,21
u5188044,7
u5188049,6
u5188084,39
u5188192,15
u5188776,12
u5188891,11
u5188916,14
u5189088,14
u5189184,18
u5189301,7
u5189322,8
u5189523,27
u5189607,9
u5189646,16
u5189712,11
u5190058,30
u5190503,18
u5190749,7
u5190766,19
u5190803,22
u5191097,16
u5191113,11
u5191728,11
u5191740,33
u5191741,19
u5192064,18
u5192700,15
u5192744,21
u5192998,25
u5193012,18
u5193113,10
u5193371,14
u5193912,10
u5194004,31
u5194151,18
u5194318,9
u5194951,9
u5195546,12
u5195576,9
u5195701,10
u5195859,13
u5196057,10
u5196257,12
u5196516,12
u5196744,29
u5196797,18
u5196810,22
u5196829,13
u5196905,11
u5197061,13
u5197506,18
u5197613,15
u5197824,15
u5197988,14
u5198165,17
u5198354,16
u5198400,8
u5198768,14
u5198776,18
u5198819,16
u5198864,8
u5198865,19
u5198953,32
u5199270,17
u5199830,10
u5200162,9
u5200206,18
u5200541,17
u5200573,14
u5200651,11
u5202008,12
u5202080,14
u5202243,14
u5202585,10
u5202656,8
u5202662,28
u520268,12
u5202770,12
u5202838,13
u5202854,19
u5202866,21
u5203097,16
u5203291,8
u5203526,17
u5203683,9
u5203901,14
u5204654,15
u5204774,11
u5204855,13
u5205029,12
u5205158,13
u5205251,16
u5205278,11
u5205374,10
u5205405,13
u5205581,7
u5205708,11
u520582,12
u5206383,11
u5206491,15
u5206493,23
u5207133,10
u5207246,32
u5207299,11
u5207508,11
u5207512,19
u5207718,18
u5207981,8
u5208032,19
u5208178,9
u5208193,16
u5208247,37
u5208248,8
u520834,7
u5208415,8
u5208435,12
u5208740,11
u5209031,13
u5209134,9
u520971,9
u5209863,10
u5209975,12
u5210037,15
u5210308,10
u5210616,18
u5210898,15
u5211024,26
u5211562,13
u5211875,12
u5212074,8
u5212169,14
u5212219,16
u5212284,24
u5212362,14
u5212508,34
u5212572,20
u5212705,27
u5212811,21
u5213330,10
u5213432,14
u5213559,27
u5213561,10
u5213587,8
u5213664,20
u5213739,25
u5213797,11
u5214011,9
u5214131,53
u5214134,18
u5214325,14
u5214391,19
u5214703,10
u5214817,9
u5215153,9
u5215190,12
u5215616,12
u5215956,9
u5216251,8
u5216359,9
u5216840,14
u5217294,18
u5217450,16
u5217513,8
u5217563,15
u5217583,25
u5217785,17
u5217957,18
u5217980,9
u5217991,19
u5218030,10
u5218405,16
u5218872,14
u5218913,13
u5219134,17
u5219315,12
u5219365,27
u5219458,11
u5219752,11
u5219833,11
u5220088,9
u5220283,14
u5220641,7
u5220685,18
u5220846,13
u5220997,9
u5221472,10
u5221499,13
u5221514,13
u5221810,11
u5222196,32
u5222228,10
u5222675,12
u5222777,37
u5222875,12
u5223074,13
u5223075,8
u5223251,6
u5223969,24
u5224056,27
u522441,12
u5224437,24
u5224480,12
u5224580,13
u5224595,13
u5224637,12
u5224733,11
u5224933,16
u5224970,13
u5225163,11
u5225223,19
u5225358,11
u5225360,21
u5225362,10
u5225401,14
u5225686,15
u5225712,17
u5225759,16
u5225807,12
u5225915,8
u5225997,11
u5226068,12
u5226110,12
u5226223,14
u5226415,9
u5226734,9
u5227058,11
u5227881,19
u5227928,9
u5227953,14
u5227995,12
u5228083,9
u5228084,10
u5228405,16
u5228572,9
u522863,13
u522905,7
u5229147,17
u5229171,11
u5229214,29
u5229242,11
u5229245,24
u5229488,11
u5229495,13
u5229991,11
u5230031,8
u5230673,10
u5231582,13
u5231618,33
u5231635,8
u5231714,25
u5231723,14
u5231790,18
u5232017,18
u5232125,21
u5232717,10
u5232749,10
u5232791,23
u5233044,7
u5233065,19
u5233110,14
u5233131,7
u5233153,15
u5233325,11
u5233378,13
u5233410,29
u5233515,23
u5233670,19
u5233706,15
u5233723,13
u5233801,15
u5233830,13
u5233894,28
u5233966,21
u5234145,17
u5234323,14
u5234528,24
u5234543,11
u5234645,10
u5234647,16
u5234653,30
u5234663,12
u5234767,12
u5235070,19
u5235206,15
u5235345,13
u5235381,13
u5235647,12
u5235746,15
u5235895,25
u5236286,14
u5236292,11
u5236552,10
u5236885,9
u5237113,12
u5237215,24
u5237271,14
u5237293,9
u5237377,13
u5237552,22
u5237570,15
u5237580,11
u5237735,21
u5237845,16
u5237925,14
u5238158,10
u5238313,8
u5238566,9
u5238602,12
u5239174,9
u5239413,16
u5239555,15
u5239603,18
u5239771,13
u5240521,9
u5240853,6
u5240982,10
u5241138,7
u524131,14
u5241421,9
u5241502,22
u5241723,10
u5241778,21
u5241895,24
u5241952,9
u5242476,9
u5242532,21
u5242688,13
u5242726,20
u5242853,13
u5242994,11
u5243129,15
u5243207,11
u5243830,11
u5243986,10
u5244436,10
u5244463,10
u5244532,18
u5244865,14
u5244876,12
u5244975,9
u5245221,20
u5245409,11
u5245693,10
u5245813,12
u5245970,11
u5246258,29
u5246417,16
u5246511,13
u5246574,11
u5247240,16
u5247362,21
u5247401,11
u5247515,9
u5247591,18
u5247628,10
u5247692,8
u5247964,16
u5247992,24
u5248001,12
u5248237,24
u5248470,19
u5248712,8
u5248835,19
u5248841,20
u5249878,18
u5250297,13
u5250375,15
u5250633,29
u5250766,10
u5251197,19
u5251282,9
u5251332,9
u5252145,9
u5252302,8
u5252542,15
u5255025,29
u5255205,13
u5255240,14
u5255429,10
u5255455,11
u5255580,19
u5255595,11
u5255788,43
u5255904,9
u5256543,13
u5256948,6
u525697,9
u5257241,17
u5257483,26
u5257619,14
u5257666,18
u5257855,17
u5257941,10
u5258172,8
u5258223,18
u5258231,18
u5258351,21
u5258411,8
u5258866,10
u5258965,15
u5258995,12
u5259351,11
u5259770,13
u5259873,10
u5260210,38
u5260408,13
u5260651,31
u5260727,12
u5260752,18
u5260867,15
u5261019,11
u5262129,9
u5262686,9
u5262865,10
u5263365,13
u5263389,16
u5263415,8
u5264138,27
u5264268,12
u5264342,17
u5264424,12
u5264493,20
u5264516,16
u5264754,26
u5265724,21
u5265908,24
u5265939,30
u526611,10
u5266242,14
u5267593,11
u5267636,13
u5267667,16
u5267735,37
u5267891,10
u5268009,13
u5268074,8
u5268191,17
u5269031,11
u5269851,22
u5270236,10
u5270476,19
u5270502,11
u5271218,19
u5271304,6
u5271506,11
u5271526,14
u5271572,16
u5272041,17
u527213,12
u5272156,11
u5272174,11
u5272445,13
u5272515,8
u5272563,14
u5272620,15
u5272679,10
u5273010,12
u5273053,14
u5273192,20
u5273873,12
u5273956,12
u5274823,12
u5275041,8
u5275730,15
u5275803,7
u5275887,14
u5276324,13
u5276330,14
u5276419,12
u5276440,8
u5276529,23
u5276563,8
u5276927,23
u5277114,10
u5277551,12
u5277828,14
u5278072,17
u5278160,18
u5278281,24
u5278679,9
u5278823,10
u5279135,13
u5279265,22
u5279268,13
u5279320,13
u5279589,11
u5279840,11
u5280099,13
u5280219,14
u5280323,13
u5280363,8
u5280375,14
u5280481,11
u5280535,19
u5280600,7
u5280613,24
u5280623,16
u5280858,31
u5281285,8
u5281576,15
u5281638,9
u5281806,13
u5281997,69
u5282203,14
u5282867,16
u5283011,9
u5283144,11
u5283169,14
u5283281,16
u5283326,18
u5283679,16
u5283767,14
u5284076,11
u5284915,18
u5284931,14
u5285029,11
u5285114,30
u5285144,9
u5285148,23
u5285481,6
u5285742,6
u5285812,11
u5285851,10
u5285864,9
u5286101,8
u5286192,11
u5286224,10
u5286307,21
u5286329,57
u5286409,10
u5286418,12
u5286707,20
u5286855,20
u5287132,18
u5287337,14
u5287346,16
u5287570,29
u5287581,19
u5287583,11
u5287659,19
u5288263,13
u5288464,10
u5288567,13
u5288602,111
u5288647,21
u5288943,11
u5289007,9
u5289218,11
u5289397,10
u5289415,15
u5289543,13
u5289624,12
u5289676,13
u5289745,7
u5289961,12
u5290021,8
u5290221,9
u5290439,12
u5290580,7
u5290764,13
u5291363,35
u5291488,16
u5291537,9
u5291599,9
u5291944,22
u5292051,65
u5292176,16
u5292192,11
u5292311,11
u5292409,13
u5292487,13
u5292507,11
u5292529,10
u5292572,13
u5292895,14
u5292928,13
u5293014,13
u5293395,12
u5293611,13
u5293621,14
u5294092,15
u5294120,7
u5294246,6
u5294938,14
u5295185,11
u5295293,39
u5295408,9
u5295501,6
u5295517,17
u5295534,9
u5295694,13
u5295791,11
u5296087,20
u5296202,19
u5296234,21
u5296368,23
u5296371,16
u5296811,8
u5296997,17
u5297041,16
u5297192,15
u5297202,11
u5297439,11
u5297568,22
u5298262,26
u5298310,35
u5298673,15
u5298701,13
u5299772,10
u5299872,21
u5299877,16
u5299957,38
u5300285,11
u5300567,44
u5301110,9
u5301112,21
u5301263,12
u5301450,12
u5301480,12
u5301556,11
u5301648,18
u5301710,10
u530202,8
u5302287,12
u5302348,21
u5302994,9
u5303283,26
u5303763,14
u5303941,18
u5304148,14
u5304326,23
u5305356,8
u5305460,23
u5305499,23
u5306214,13
u5306704,13
u5308360,34
u5308448,9
u5308965,19
u5309082,42
u5309101,13
u5309387,12
u5310014,24
u5310069,20
u5310138,10
u5310168,24
u5310696,7
u5310975,12
u5310976,20
u5311160,11
u5311487,8
u5311770,15
u5312004,12
u5312135,13
u5312537,14
u5312764,10
u5312887,13
u5312954,10
u5313007,12
u5313035,10
u5313344,7
u5313464,18
u5313917,17
u5313922,12
u5314169,10
u5314268,21
u5314297,11
u531450,13
u5314557,13
u5314991,9
u5315072,23
u5315076,13
u5315261,15
u5315288,25
u5315352,28
u5315464,17
u5315561,11
u5315737,16
u5315925,13
u5316001,18
u5316047,25
u5316235,15
u5316354,15
u5316437,10
u5316616,15
u5316666,13
u5316770,14
u5316832,15
u5316955,9
u5317796,11
u5317935,20
u531821,13
u5318251,12
u5318313,14
u5318337,9
u5318668,9
u5319070,18
u5319175,15
u5319439,10
u5319545,12
u5319608,23
u5319825,8
u5320031,15
u5320887,23
u5320894,11
u5321650,20
u5321839,13
u5323154,8
u532322,15
u5323677,22
u5323934,10
u5324288,14
u5324621,16
u5324622,15
u5324698,11
u5324785,8
u5324881,12
u5325015,9
u5325131,9
u5325504,31
u5325697,7
u5326305,8
u5326411,62
u5326445,9
u5327060,11
u5327119,22
u5327171,11
u5327316,14
u5327500,10
u5328413,11
u5328665,46
u5328682,10
u5328715,31
u5328842,9
u5328943,11
u5328946,10
u5329140,18
u5329646,13
u5329719,15
u5329761,18
u5329996,15
u5330130,9
u5330181,15
u5330235,8
u5330385,12
u5330392,23
u5330452,19
u5330514,10
u5330516,14
u5331197,11
u5331566,17
u5331765,17
u5331794,8
u5331879,14
u533195,11
u5331951,15
u5332494,13
u5332535,11
u5332641,14
u5332710,16
u5332742,10
u5332798,19
u5332821,13
u5332881,11
u5332953,24
u5333078,9
u5333082,14
u5333159,30
u5333459,11
u5333874,7
u5333889,9
u5333973,12
u5334057,11
u5334112,9
u5335321,33
u5335847,20
u5335858,20
u5336083,11
u5336088,8
u5336218,15
u5336355,26
u5336411,12
u5336479,8
u5337081,9
u533740,10
u5337435,10
u5337900,8
u5338191,13
u5338604,13
u5338954,24
u5339019,16
u5340098,17
u5340173,18
u5340331,25
u5340699,11
u5340940,21
u5341061,11
u5341782,11
u5342130,23
u5342150,11
u5342538,9
u5342959,17
u5343022,11
u5343531,8
u5343563,19
u534367,10
u5343707,10
u5344021,9
u5344140,17
u5344200,11
u5344249,20
u5344352,39
u5344488,27
u5344529,15
u5344587,14
u534468,7
u5344846,24
u5344951,8
u5345097,17
u5345362,10
u5345447,7
u5345659,11
u5346131,19
u5346324,12
u5346988,11
u5347038,21
u5347040,8
u5347114,16
u5347145,10
u5347287,24
u5347399,23
u5347530,31
u5347548,13
u5347785,7
u5347962,24
u5348460,9
u5348494,12
u5348525,9
u5349232,18
u5349374,11
u5349492,11
u5349979,21
u5350162,11
u5350451,21
u5350573,11
u5350744,11
u5350939,12
u5351356,8
u5351800,9
u5351956,6
u5351972,9
u5352003,9
u5352461,19
u5352756,34
u5352906,16
u5353070,11
u5353198,14
u5353501,7
u5353618,23
u5353797,7
u5353802,11
u5354114,18
u5354216,30
u5354486,10
u5354778,13
u5354918,13
u5355052,11
u5355116,13
u5355465,9
u5355871,10
u5356123,16
u5356519,20
u5356877,40
u5356959,22
u5357170,7
u5357459,48
u5357791,18
u5358246,9
u5358310,7
u5358475,9
u5358538,10
u5359066,10
u5359308,8
u5359333,14
u5359617,27
u5359923,16
u5359971,42
u5360710,26
u5361027,7
u5361148,22
u5361379,17
u5361411,10
u5361794,14
u5361886,7
u5362032,14
u5362216,9
u5362285,11
u5362342,14
u5362510,9
u5362604,16
u5362669,10
u5362865,12
u5363516,10
u5363725,12
u5363778,16
u5363861,11
u5364002,11
u5364077,12
u5364179,11
u5364464,9
u5364634,13
u5364665,11
u5365046,12
u5365156,14
u5365201,21
u5365249,28
u5365275,16
u5365498,12
u5365743,15
u5365811,13
u5366145,12
u5366507,59
u5366534,33
u5366550,35
u5366661,11
u5367020,9
u5367059,20
u5367510,11
u5367521,11
u5367590,12
u5367627,9
u5368458,13
u5368483,12
u5369038,27
u5369150,18
u5369280,12
u5369402,10
u5369485,13
u5369514,9
u5369530,14
u5369688,11
u5369822,10
u537,46
u5370025,19
u5370153,10
u5370523,8
u5370578,11
u5370813,22
u5370816,16
u5371374,17
u5371849,16
u5371871,10
u5371943,12
u5372096,7
u5372318,19
u5372695,12
u5372717,16
u5372838,10
u5372891,8
u5372894,6
u5372910,18
u5372971,13
u5373462,13
u5373478,18
u5373492,16
u5373686,39
u5373859,23
u5374001,19
u5374036,16
u5374205,7
u5374292,8
u5374298,18
u5374335,10
u5374606,13
u5375054,13
u5375155,16
u5375277,9
u5375592,12
u5375736,22
u5375916,33
u5375992,21
u5375998,10
u5376105,19
u5376694,14
u5376794,36
u5377230,18
u5377323,19
u5377329,9
u5377372,9
u5377597,7
u5377678,15
u5377788,11
u5377850,20
u5377987,8
u5377997,8
u5378087,10
u5378269,10
u5378286,21
u5378340,14
u5378397,13
u5378433,13
u5378616,11
u5378627,16
u5378633,41
u5378683,11
u5378858,10
u5378902,8
u5379381,11
u5379468,15
u5379825,9
u5380132,23
u5380694,9
u5380840,12
u5380970,12
u5381859,15
u5381955,31
u5382278,19
u5382716,15
u5382794,14
u5382959,18
u5382973,24
u5383053,28
u5383168,22
u5383390,14
u5383408,15
u5383473,10
u5383629,20
u5383659,37
u5383717,9
u5383736,10
u5383805,11
u5384768,10
u5384789,22
u5384903,19
u5385341,10
u5385379,17
u5385381,11
u5385805,20
u5386524,11
u5387144,11
u5387194,19
u5387749,14
u5387992,12
u5388275,10
u5388906,17
u5389999,20
u5390303,12
u5390366,10
u5390458,19
u5390643,8
u5390656,16
u5390687,9
u5390805,14
u5391753,27
u5391857,14
u5392253,21
u5392414,37
u5392938,10
u5392945,12
u5393289,28
u5393687,15
u5393839,18
u5393869,10
u5393928,13
u5394016,7
u5394080,9
u5394178,23
u5394249,9
u5394545,13
u5394567,12
u5395121,12
u5395573,11
u5395681,20
u5395738,19
u5395824,14
u5396173,12
u5396267,9
u5396318,12
u5396334,16
u5396469,11
u539666,8
u5396822,11
u5396866,26
u5396883,53
u5396895,11
u5396940,10
u5397233,13
u5397351,12
u5397581,26
u5397696,8
u5397886,22
u5398068,8
u5398551,12
u5398815,23
u5398857,17
u5398954,22
u5399192,19
u5399364,14
u5400155,14
u5400157,17
u5400507,11
u5400616,16
u5400736,10
u540080,12
u5400837,6
u5401062,13
u5401267,33
u5401351,18
u5401840,8
u5401982,34
u5402652,13
u5402904,11
u5402927,21
u5403131,18
u5403830,15
u5404522,15
u5404701,12
u5404721,10
u5404929,6
u5405195,8
u5405359,8
u5405416,8
u5406152,12
u5406155,11
u5406167,18
u5406261,8
u5406501,13
u5407753,8
u5408293,9
u5408321,19
u5408432,10
u5408565,12
u5408667,14
u5408979,24
u5409062,21
u5409152,9
u5409480,7
u5410539,7
u5410678,9
u5410744,12
u5410850,9
u5411093,22
u5411131,12
u5411154,14
u5411350,13
u5411413,8
u5411511,15
u5411647,8
u5411993,7
u5412021,27
u5412143,13
u5412188,24
u5412313,11
u5412350,8
u541256,14
u5412619,7
u5412929,8
u5412989,7
u5413249,13
u5413334,16
u5413491,12
u5413579,12
u5413844,11
u5413902,15
u5414176,10
u5414202,8
u5414210,14
u5414296,16
u5414642,7
u5414745,11
u5414781,36
u5414940,23
u5414992,21
u5415226,7
u5415280,11
u5415366,21
u5416203,13
u5416441,11
u5416577,13
u5416748,14
u5417046,19
u5417311,12
u5417642,26
u5417718,14
u5417764,12
u5417810,12
u5417844,11
u5417922,7
u5418123,8
u5418606,11
u5418834,15
u5419053,12
u5419135,10
u5419399,9
u5419446,9
u5419460,9
u5419487,14
u5419502,19
u5419626,22
u5419668,20
u5419717,10
u5419842,10
u5419875,12
u5420313,7
u5420335,30
u5420747,21
u5420781,13
u5421071,12
u5421255,28
u5421383,8
u5421877,27
u5422183,16
u5422203,13
u5422300,12
u5422355,7
u542274,11
u5422918,19
u5422950,20
u5423528,19
u5423570,10
u5423603,10
u5423643,18
u5424156,11
u5424276,20
u5424991,13
u5425176,12
u5425320,16
u542542,10
u5425917,7
u5426141,18
u5426144,16
u5426566,16
u5426704,20
u5426967,18
u5427462,8
u5427615,8
u5428166,14
u5428173,28
u5428310,24
u5429184,12
u5429196,12
u5429251,12
u5429461,32
u542950,14
u5429510,6
u5429701,19
u5429867,26
u5430176,11
u5430496,15
u5430618,12
u5430831,25
u5430963,10
u5431189,14
u5431373,18
u5431661,22
u5432020,16
u5432126,13
u5432158,18
u5432232,8
u5432487,17
u5432713,9
u5432843,9
u5432969,10
u5433198,9
u5433233,14
u5434126,15
u5434149,12
u5434462,17
u5434954,9
u5435943,12
u5436109,19
u5436275,10
u5436284,7
u5436318,13
u5436580,15
u5436954,28
u5437130,19
u5437150,17
u5437371,19
u5437698,17
u5438158,12
u5438435,17
u5438505,13
u5438560,12
u5438571,16
u5439020,10
u5439073,14
u5439504,9
u5439607,20
u5439764,11
u5439831,11
u543986,9
u5440259,12
u5440550,8
u5440648,17
u5440727,12
u5441224,21
u5441235,17
u5441721,11
u5442406,9
u5442639,10
u5442679,12
u5442707,22
u5442736,10
u5442826,14
u5442995,9
u5443326,12
u5443520,9
u5443724,22
u5443765,9
u5443803,11
u5443972,18
u5444061,18
u5444072,11
u5444097,17
u5444186,25
u5444493,19
u5444756,20
u5444995,32
u5445482,22
u5445576,16
u5445664,26
u5446090,25
u5446288,14
u5446297,13
u5446437,14
u5446910,11
u5446938,20
u5446939,25
u5447269,16
u5447505,20
u5447521,11
u5447732,14
u5447770,13
u5448015,9
u5448231,11
u5448471,16
u5448967,12
u5448985,19
u5449198,12
u5449299,9
u5449428,8
u5449468,19
u5449548,9
u5449752,22
u5449757,19
u5449898,11
u5449924,20
u5450055,50
u5450102,16
u5450201,7
u5450267,14
u5450311,6
u5450474,30
u5450509,7
u5450550,19
u5450934,8
u5451106,16
u5451516,28
u5452137,8
u5452262,21
u5452422,15
u5452827,11
u5452993,26
u5453247,10
u5453380,10
u5453689,9
u5454336,46
u5454373,10
u5454460,9
u5454563,13
u5454941,38
u5455029,15
u5455071,7
u5455098,11
u5455381,9
u5455504,17
u5455831,10
u5455881,30
u5455897,19
u5456012,16
u5456095,21
u5456169,14
u5456218,19
u5456719,9
u5456751,11
u545681,9
u5457113,21
u5457262,16
u5457570,12
u5458138,11
u5458220,25
u5458699,12
u545931,20
u5459585,15
u5459767,14
u5459865,13
u5460389,15
u5460649,14
u5460693,23
u5460835,9
u5461795,13
u5462297,14
u5462377,8
u5462465,54
u5462645,7
u5462957,13
u5463923,12
u5464007,12
u5464114,36
u5464377,23
u5464423,10
u5464529,10
u5464701,7
u5464772,10
u5464871,16
u5465068,13
u5465282,10
u5465327,12
u5465344,27
u5465374,7
u5465836,55
u5465948,18
u5465977,19
u5466358,15
u5466414,13
u5466480,10
u5466553,9
u5466712,9
u5466871,15
u5466929,10
u5466982,12
u5467173,11
u5467219,15
u5467640,11
u5467958,13
u5467987,10
u5467990,8
u5468044,8
u5468251,12
u5468265,11
u5468772,16
u5469139,10
u5469200,8
u5469279,8
u5470072,31
u5470106,11
u5470652,13
u5470774,13
u5471118,12
u5471149,10
u5471506,26
u5471770,11
u5471844,17
u5472196,12
u5472358,9
u5472433,10
u5472861,9
u5472872,25
u5472899,17
u5473287,7
u5473330,13
u5473565,31
u5473690,7
u5473993,14
u5474084,8
u5474145,14
u5474170,8
u5474188,19
u5474313,12
u5474411,14
u5474575,10
u5474600,18
u5474693,14
u5474698,17
u5474744,17
u5474877,30
u5474905,25
u5474911,12
u5475061,36
u5475175,8
u5475303,22
u5475564,13
u5475715,15
u5476042,8
u5476050,9
u5476064,10
u5476123,22
u5476223,17
u5476564,11
u5476656,10
u5476669,14
u5476857,8
u5476881,11
u5476965,7
u5477069,10
u5477193,18
u5477254,11
u5477589,14
u5477912,8
u5478696,10
u5478800,8
u5478970,10
u5479148,8
u5479275,25
u5479357,43
u5479487,8
u5479530,16
u5479897,7
u5480650,7
u5480696,19
u5480798,13
u5480975,40
u5481226,10
u548126,8
u5481418,22
u5481802,14
u5482678,12
u5482918,7
u5483217,11
u548327,16
u5483278,12
u5483427,10
u5483511,9
u5484212,10
u5484721,28
u5484863,8
u5485059,10
u5485800,13
u5485819,8
u5486218,12
u5486242,8
u5486257,13
u5486289,9
u5486302,19
u5486392,6
u5486559,10
u5486709,11
u5486846,13
u5486862,33
u5486941,10
u5487612,11
u5487793,10
u5487833,16
u5487932,18
u5488003,10
u5488049,11
u5488110,15
u5488150,14
u5488453,13
u5488516,15
u5488533,20
u5488540,11
u5488692,14
u548886,9
u5489291,12
u5489460,12
u5489541,12
u5489676,11
u5490369,15
u5490640,13
u5490846,17
u5491275,10
u5491335,15
u5491539,24
u5491644,14
u5491715,16
u5491789,16
u5491886,15
u5492000,14
u5492260,18
u5492362,16
u5492384,14
u5492397,15
u5492494,10
u5492892,9
u5493174,8
u5493362,14
u5493434,12
u5493699,10
u5494069,23
u5494603,18
u5494719,8
u5494766,9
u5495108,12
u5495168,12
u5495228,24
u5495350,13
u5495427,16
u5495711,11
u5495722,25
u5495975,10
u5496039,18
u5496086,8
u5496227,7
u5496309,11
u5496419,9
u5496805,31
u5496967,10
u5497012,17
u5497586,23
u5498251,12
u5498849,14
u5499040,11
u5499459,20
u5499669,45
u5500201,17
u5500503,10
u5502102,10
u5502243,27
u5503180,9
u5503233,16
u5503578,8
u5503974,16
u5504467,10
u5504506,13
u5504655,10
u5504670,10
u5504710,11
u5505081,21
u5505539,21
u5505744,8
u5505813,15
u5505819,16
u5506105,13
u5507063,8
u5507154,10
u5507907,14
u5508022,20
u5508298,10
u5508658,8
u5508894,8
u5509166,24
u5509211,29
u5509532,7
u5509844,10
u5509863,11
u5509883,9
u5509944,12
u5509961,21
u5509993,21
u5509999,9
u5510340,9
u5510458,12
u5510599,23
u5510758,21
u5511200,8
u5511265,13
u5511701,7
u5511842,8
u5511934,11
u5511953,30
u5512004,27
u5512098,8
u5512103,34
u5512172,19
u5512311,11
u5512341,47
u5512344,12
u5512510,13
u5512989,13
u5513359,12
u5513466,15
u5513665,19
u5513944,10
u5514322,15
u5514331,19
u5514453,11
u5514518,14
u5514680,9
u5514815,11
u5515649,19
u5515793,9
u5515846,9
u5515863,9
u5515999,11
u5516009,8
u5516058,11
u5516145,13
u5516458,14
u5516581,12
u5516785,11
u5516934,11
u5517174,10
u5517384,17
u5518133,23
u5518281,20
u5518286,16
u5518384,14
u5518566,9
u5518595,22
u5518861,11
u5518895,11
u5519079,10
u5519173,10
u5519492,7
u5519694,14
u5519991,21
u5520817,13
u5521702,14
u5521794,9
u5522893,27
u5523583,9
u5523708,11
u5523759,9
u5523791,15
u5524331,13
u5525850,9
u5525948,13
u5526061,11
u5526084,16
u5526388,14
u5526419,19
u5526516,9
u5526564,8
u5526690,11
u5526741,11
u5526770,23
u5526952,11
u5527768,7
u5527876,12
u5528025,11
u5528048,13
u5528162,15
u5528270,12
u5528323,9
u5528327,10
u5528332,11
u5528853,16
u5529676,9
u5529717,7
u5529773,8
u5529870,11
u5529947,7
u5530204,26
u5530460,54
u5530473,17
u5530513,10
u5530553,13
u5530857,7
u5531073,8
u5531163,15
u5531707,11
u5531830,8
u5532481,8
u5532587,13
u5532627,8
u5532646,9
u5532779,10
u5532873,13
u5533149,15
u5533987,12
u5534294,16
u5534337,14
u5534648,28
u5535160,11
u5535216,21
u5535368,14
u5535627,41
u5535927,9
u5536105,24
u553614,9
u5536215,13
u5536275,14
u553644,10
u5536638,31
u5536723,31
u5537048,21
u5537077,10
u5537627,15
u5537774,12
u5537815,8
u5537837,15
u5537879,17
u5537885,14
u5537936,20
u5538080,15
u5538163,13
u5538178,16
u5538366,8
u5538545,13
u553877,14
u5538951,17
u5538999,29
u5539072,11
u5539099,22
u5539338,44
u5539596,9
u5539672,45
u554062,13
u5540892,20
u5541147,7
u5541153,11
u5541211,9
u5541358,9
u5541425,9
u5541601,27
u5542013,7
u5542647,27
u5542955,18
u5543064,14
u5543354,13
u5543571,11
u5543926,10
u5544376,17
u5544418,12
u5544676,9
u5544693,15
u5544742,15
u5544772,17
u5544974,11
u5545173,13
u5545177,13
u5545204,20
u5545225,17
u5545665,14
u5545719,25
u5546490,9
u5546510,8
u5546521,11
u5546602,8
u5546672,10
u5546853,8
u5546967,18
u5547225,10
u5547450,25
u5547565,18
u5547995,9
u5548045,16
u5548125,9
u5548228,30
u5548406,10
u5548830,21
u5549031,25
u5549050,15
u5549279,29
u5549334,17
u5549390,11
u5549530,12
u5549548,10
u5549631,11
u5549662,11
u5550160,23
u5550258,19
u5550269,7
u5550309,8
u5550351,12
u5550353,7
u5550737,30
u5550784,8
u5550806,16
u5550822,10
u5550850,12
u5550866,13
u5550896,7
u5550928,9
u5551169,22
u5551181,15
u5551247,14
u5551371,14
u5551434,24
u5551536,19
u5551666,11
u5551880,13
u5551944,31
u5552191,18
u5552569,13
u5552953,17
u5553074,18
u5553266,17
u5553284,11
u5553310,7
u5553361,14
u5553430,11
u5553472,13
u5553493,18
u5554022,17
u5554627,11
u5554675,22
u5555141,13
u5555310,6
u5555643,30
u5556021,11
u5556173,13
u5556194,16
u5556234,15
u5556340,20
u5556465,31
u5556710,8
u5556844,13
u5557096,25
u5557346,18
u5557388,19
u5558064,8
u5558093,8
u5558158,11
u5558176,27
u5558327,16
u5558499,16
u5558752,21
u5558761,25
u5558846,11
u5559020,17
u5559026,14
u5559205,17
u5559234,13
u5559653,18
u5559734,18
u5559761,12
u5559970,12
u5560075,11
u5560211,26
u5560406,15
u5560418,13
u5560465,17
u5560701,18
u5560925,11
u5561230,7
u5561332,14
u5561776,15
u5561949,9
u5562244,25
u5562252,12
u5562388,13
u5562430,10
u5562488,28
u5562589,13
u5562604,24
u5563208,13
u5563330,11
u5564114,31
u5564139,6
u5564611,14
u5565083,20
u5565299,9
u5565635,9
u5565834,12
u5566103,6
u5566301,10
u5566427,14
u5566652,18
u5567166,21
u5567559,20
u5567713,24
u5567715,8
u5567862,11
u5567869,12
u5568185,18
u5568439,12
u5569087,18
u5569198,8
u5569206,14
u5569208,38
u5570126,10
u5570316,14
u5570328,11
u5570683,21
u5570762,13
u5570889,23
u5571160,9
u5571176,9
u5571462,14
u5571724,19
u5571804,11
u5572001,20
u5572033,19
u5572087,20
u5572296,28
u5572332,7
u5572345,16
u5572413,13
u5572440,15
u5572475,17
u5572574,16
u5572583,10
u5572690,6
u5572769,11
u5573466,10
u5573673,6
u5573981,12
u5574362,18
u5574530,15
u5574549,10
u5574785,38
u5574931,11
u5575807,12
u5575844,10
u5575882,6
u5575920,19
u5576296,20
u5576529,13
u5576650,10
u5576799,10
u5577117,20
u5577177,10
u5577421,11
u5577497,9
u5577683,16
u5577781,11
u5577806,11
u5578208,12
u5578387,10
u5579041,15
u5579045,18
u5579089,12
u5579215,15
u5579952,12
u5579965,11
u5580018,15
u5580121,7
u5580291,15
u5580315,17
u5580598,26
u5581500,13
u5581615,9
u5581937,17
u5581946,9
u5581997,15
u5582196,12
u5582275,15
u558231,14
u5583496,20
u5583691,15
u5583728,17
u5583798,27
u5583838,9
u5583873,13
u5584014,10
u5584151,9
u5584397,41
u5584442,10
u5584488,19
u5584992,9
u5585065,18
u5585665,10
u5585898,16
u5585997,8
u5586021,12
u5586060,12
u5586085,20
u5586589,10
u5586621,29
u5587083,34
u5587555,12
u5587626,18
u5587837,9
u558808,10
u5588136,6
u5588309,11
u5588399,12
u5588434,12
u5588717,8
u5588758,10
u5588887,12
u5589000,11
u5589076,13
u5589137,9
u5589161,27
u5589481,19
u5589515,10
u5589688,17
u5590355,8
u5590674,18
u5590730,9
u5590992,11
u5591147,12
u5591163,9
u5591500,10
u5592218,36
u5592438,7
u5592466,13
u5592873,8
u5592948,29
u5593100,13
u5593233,36
u5593270,7
u5593316,12
u5593318,7
u5593569,13
u5593667,11
u5593824,14
u5593941,12
u5593998,17
u5594383,10
u5594598,29
u5594733,34
u5595013,13
u5595015,6
u5595118,10
u5595158,8
u5595194,24
u5595244,10
u5595456,14
u5595629,14
u5595896,15
u5596122,9
u5596398,21
u5596550,16
u5596554,12
u5596600,15
u5596615,10
u5596898,14
u5596967,14
u5597084,9
u5597137,21
u5597364,14
u5597500,14
u5597521,10
u5597734,10
u5598128,10
u5598317,13
u5598604,14
u5598679,8
u5598683,12
u5598837,21
u5598926,16
u5598962,14
u5599262,16
u5599298,14
u5599409,14
u5599712,6
u5599735,21
u5599870,13
u5600241,11
u5600569,17
u5600674,7
u5601579,10
u5601640,9
u5601869,9
u5601943,11
u5602159,22
u5602509,14
u5602786,17
u5603100,9
u5603510,11
u5603514,14
u5603516,26
u5603819,20
u5603937,22
u5604517,13
u5604603,10
u5604752,15
u5604841,12
u5604852,18
u5604871,10
u5605037,12
u5605209,18
u5605333,14
u5605949,18
u5606382,44
u5606396,9
u5606480,8
u5606673,16
u5606858,13
u5607587,11
u5607667,11
u5607763,8
u5607839,9
u560798,14
u5607991,18
u5608064,13
u5608568,12
u5608982,9
u5609129,20
u5609223,9
u5609528,20
u5610871,10
u5611113,43
u5611968,17
u5613287,16
u5613676,19
u5613860,10
u5613916,11
u5614062,16
u5614071,13
u5614164,7
u5614631,7
u5614659,9
u5614804,34
u5614866,13
u5615543,29
u5616017,14
u5616924,12
u561732,11
u5617484,12
u5617581,8
u5617589,14
u5617814,9
u5619031,9
u5619209,11
u5620147,30
u5620667,13
u5621010,18
u5621196,14
u5621318,20
u5621456,12
u5621614,16
u5621707,12
u5622114,10
u5622963,24
u5623022,8
u5623084,10
u5623218,10
u5623327,11
u5623590,19
u5623749,14
u5623787,12
u5623978,17
u5624051,11
u5624070,10
u5624136,7
u5624236,19
u5624649,15
u5624767,14
u5624857,29
u562488,10
u5625013,20
u5625141,26
u5625207,15
u5625407,14
u5625586,52
u5625680,15
u5625773,9
u5625870,9
u5625976,13
u5626666,9
u5626709,8
u5626721,9
u5626817,13
u5626849,7
u5627066,29
u5627121,15
u5627367,15
u5627678,7
u5627824,11
u5628005,10
u5628023,16
u5628332,20
u5628351,21
u5628506,15
u5628810,18
u5629054,26
u5629141,17
u562944,18
u5629685,10
u5629792,15
u5630072,14
u5630098,7
u5630101,12
u5630461,31
u5631446,17
u5631464,9
u5631518,12
u5631696,13
u5631871,13
u5632012,9
u5632563,12
u5632708,8
u5632845,29
u5633124,12
u5633249,9
u5633333,11
u5633863,10
u5633977,11
u5634088,15
u5634422,12
u5634492,18
u5635126,23
u5635506,28
u5635581,15
u563578,20
u5636206,19
u5636233,12
u5636548,10
u5636766,16
u5636851,16
u5637529,13
u5637609,12
u5637811,10
u5637962,13
u5637998,9
u5638341,12
u5638358,11
u5638610,12
u5638660,7
u5639152,15
u5639295,7
u5639306,11
u5639312,13
u5640115,11
u5640475,12
u564057,9
u5640824,16
u5641562,9
u5641575,13
u5641648,8
u5641797,41
u5641905,8
u5641934,13
u5642119,19
u5642141,20
u5642210,8
u5642262,11
u5642278,27
u5642523,16
u5642678,41
u5642698,11
u5642708,25
u5642757,16
u5642897,12
u5642907,12
u5642936,9
u5643158,24
u5643180,9
u5643222,48
u5643512,9
u5643692,27
u5644314,17
u5644583,16
u5644708,9
u5644780,12
u5644983,10
u5644988,22
u5645115,13
u5645359,15
u5646015,35
u5646030,9
u5646126,12
u5646765,34
u5646819,20
u5647416,17
u5647683,30
u5647888,21
u5647974,10
u5648072,12
u5648287,22
u5648288,8
u5648362,7
u5649920,16
u5650704,10
u5651984,9
u5652119,8
u5652415,18
u5652540,22
u5652542,10
u5652705,13
u5652754,13
u5653386,7
u5653526,9
u5653678,28
u5653860,26
u5654031,10
u5654069,8
u5655056,11
u5655493,12
u5655669,15
u5656444,9
u5656808,7
u5656981,10
u5657002,12
u5657324,14
u5657326,10
u5657331,13
u5659211,19
u5659435,15
u5659531,13
u5660019,9
u5660138,17
u5660231,11
u5660271,9
u5660767,9
u5661026,13
u5661323,11
u5661461,10
u5661478,41
u5661613,9
u5662381,19
u5662398,18
u5662509,10
u5662512,16
u5662702,22
u5662809,19
u5663014,21
u5663259,14
u5663963,6
u5664429,11
u5664496,12
u5664939,8
u5665017,11
u5665266,8
u5665275,19
u5665678,12
u5665701,10
u566605,17
u5666062,19
u5666167,17
u5666181,7
u5666255,18
u5666371,27
u5666567,24
u5666615,11
u5666740,23
u5667303,10
u5667611,13
u5667819,9
u5667867,16
u5667907,26
u5667957,25
u5668199,14
u5668232,14
u5668287,7
u5668399,22
u5668526,13
u5668543,14
u5668697,13
u5668798,27
u5668876,17
u5668914,17
u5668993,15
u5669091,27
u5669186,9
u5669527,7
u5669659,11
u5669700,12
u5669709,14
u5670157,16
u5670550,17
u5670735,10
u5670795,11
u5670819,14
u5671413,14
u5671521,12
u5671613,9
u5671677,9
u5671711,16
u5672081,23
u5672097,21
u5672484,17
u5672570,14
u5672631,11
u5672674,7
u5672912,13
u5673002,20
u5673070,11
u5673072,11
u5673121,11
u5673629,10
u5673748,13
u5673929,16
u5674066,11
u5674072,13
u5674475,9
u5674646,14
u5674859,11
u5675019,16
u5675127,8
u5675181,19
u5675222,9
u5675236,12
u5675298,17
u5675354,13
u5675393,9
u567567,18
u5675891,13
u5675999,14
u5676045,25
u5676112,9
u5676128,8
u5676348,11
u5676680,19
u5676720,32
u5677010,13
u567710,7
u5677316,13
u5677371,11
u5677378,17
u5678102,17
u5678657,15
u5678770,13
u5679171,12
u5679383,14
u5679414,9
u5679434,13
u5679789,24
u5679814,13
u5680105,9
u5680806,12
u5681289,11
u5681392,14
u5682104,16
u5682130,13
u5682407,10
u5682597,9
u5682811,27
u5683374,10
u5683400,8
u5683519,8
u5683639,9
u5683923,7
u5684176,15
u5684199,14
u5684298,12
u5684324,7
u5684328,49
u5684364,17
u5684410,23
u5684468,27
u5684569,15
u5684795,11
u5685095,15
u568516,10
u5685758,10
u5685906,16
u5685962,12
u5686190,25
u5686350,20
u5686397,12
u5686455,18
u5686603,9
u5686923,27
u5687064,23
u5687178,13
u5687414,18
u5687421,14
u5687630,16
u5687681,9
u5687749,18
u5688005,23
u5688046,10
u5688144,11
u568833,11
u5689162,12
u5689353,42
u5689380,17
u5689448,21
u5689716,13
u5689718,25
u5689722,8
u5689904,8
u5689975,18
u5690145,9
u5690391,20
u5690575,23
u5690827,16
u5690917,21
u5690938,15
u5691031,15
u5691595,12
u5691885,10
u5691946,7
u5692071,10
u5692137,13
u5692162,6
u5692337,13
u5692464,12
u5693113,24
u5693129,19
u5693554,10
u5693683,6
u5694609,12
u5694916,15
u5695273,17
u5696368,11
u5696457,19
u5696526,9
u5696579,11
u5696757,9
u5697027,14
u5697955,9
u5698024,16
u5698058,10
u5698673,33
u5699983,19
u5700425,10
u5700449,7
u5700475,9
u5700783,9
u5701140,15
u5701248,20
u5701950,18
u5702752,16
u5702762,14
u5702770,10
u5703036,10
u5703515,9
u5703852,11
u5704025,13
u5704127,14
u5704341,18
u5704502,15
u5705051,9
u5705052,11
u5705204,16
u5705409,20
u5705496,14
u5705543,9
u5705713,22
u5705900,8
u5706590,9
u5706591,12
u5706781,11
u570702,26
u5707102,12
u5707164,13
u570819,13
u5708887,13
u5708897,13
u5709134,14
u5709850,17
u5709985,11
u5710445,15
u5710489,13
u5710658,6
u5710944,9
u5710988,13
u5710996,32
u571113,18
u5711321,32
u5711362,10
u5711366,11
u5711368,18
u5712173,8
u5712327,12
u5712470,10
u5712562,9
u571267,14
u5712708,11
u5712793,9
u5712867,8
u5712989,12
u5713290,27
u5713509,8
u5713585,18
u5713594,10
u5713606,9
u5714043,13
u5714165,17
u5714241,15
u5714380,14
u5714901,17
u5715114,8
u5715543,8
u5716032,15
u5716177,11
u5716236,17
u5716238,13
u5716449,9
u5716605,16
u5716606,21
u5716687,21
u5716697,11
u5716741,16
u5717268,9
u5717428,8
u5717596,20
u5717644,10
u5717962,19
u5718129,17
u5718240,13
u5718412,14
u5718462,11
u5718881,23
u5718946,8
u5719326,10
u5720303,11
u5720609,11
u5720617,19
u5720711,11
u5720717,19
u5721769,16
u572188,11
u5721884,9
u5722599,7
u5723007,9
u5723597,14
u5723828,10
u5724126,11
u5724625,6
u5724742,12
u5724836,23
u5725641,9
u572565,17
u5726172,9
u5726454,9
u5726507,24
u5726530,10
u5726697,9
u5726747,21
u5726772,13
u5726778,11
u5726851,12
u5727152,8
u5727193,11
u5727250,10
u5727770,15
u5728910,18
u5728961,13
u5729108,13
u5729199,9
u5729201,11
u5729269,13
u5729359,16
u5729982,16
u5730648,11
u5730683,11
u5730699,10
u5730724,12
u5730763,10
u5730865,15
u5730927,9
u5731032,12
u5731272,10
u5731275,15
u5731572,16
u5731680,14
u5731932,14
u5731967,19
u5732254,8
u5733027,21
u5733609,42
u5733710,21
u5733938,18
u5734000,12
u5734183,14
u5734717,8
u5734856,17
u5734925,24
u5734963,18
u5734967,21
u5734998,22
u5735355,17
u5735550,15
u5735675,21
u5735998,12
u5736301,11
u5736323,16
u5736496,12
u5736659,12
u5736667,10
u5736773,9
u5736870,16
u5736952,17
u5736982,15
u5737244,11
u5737609,8
u5737687,13
u5738205,13
u5738676,18
u5738719,11
u5738729,33
u5738782,15
u5738994,12
u5739087,8
u5739158,7
u5739241,34
u5739249,10
u5739319,16
u5739334,20
u5739372,8
u5739565,12
u5739593,14
u5739649,9
u5739752,16
u5740201,33
u5740738,18
u5740823,11
u574089,11
u5740925,23
u5741051,25
u5741463,12
u5741504,41
u5741574,12
u5741760,15
u5742222,9
u5742587,10
u5742853,18
u5742903,10
u5742972,11
u5743551,12
u5743615,11
u5743649,10
u5743662,14
u5743750,7
u5743918,18
u5744071,11
u5744074,11
u5744556,16
u5744813,23
u5745009,23
u5745027,8
u5745058,35
u5745872,11
u5745943,8
u5746512,14
u5746626,19
u5746711,11
u5746881,11
u5746911,14
u5747130,18
u5747428,7
u5747587,9
u5747822,14
u5747990,13
u5748127,7
u5748167,15
u5748251,10
u5748366,24
u5748368,15
u5748493,13
u5748601,8
u5748701,14
u5748838,9
u5749013,11
u5749019,23
u5749152,18
u5749231,10
u5749683,23
u5750163,7
u5751066,10
u5751309,15
u5751431,21
u5752115,18
u5752312,9
u5752674,9
u5752688,11
u5752834,12
u5752939,17
u5753313,19
u5753333,16
u5753612,18
u5754032,9
u5754068,12
u5754526,11
u5754531,24
u5754620,18
u5755897,9
u5755931,12
u5756340,13
u5756485,9
u5756498,12
u5756535,19
u5756559,14
u5756859,12
u5757246,17
u5757548,17
u5757943,31
u5758175,37
u5758320,18
u5758347,12
u5758517,11
u5758566,30
u5758575,29
u5758907,12
u5759454,18
u5759635,17
u5759653,11
u5759657,20
u5759884,10
u5760174,10
u5760469,17
u5760841,17
u5761221,9
u5761228,13
u5761320,22
u5761752,24
u5761859,14
u5762042,17
u5762183,11
u5762941,11
u5763035,15
u5763039,9
u5763268,23
u5763794,8
u5763934,14
u5764229,13
u5764735,18
u5764779,14
u5764795,24
u5764967,9
u5765099,11
u5765336,17
u5765719,22
u5765734,27
u5765775,24
u5765794,10
u5765896,19
u5766385,8
u5766517,12
u5766641,15
u5767559,18
u5767657,14
u5767676,8
u5767837,8
u5767879,18
u5768161,22
u5768208,8
u5768254,10
u5768423,8
u5768843,7
u5768858,10
u5769119,20
u5769280,21
u5769475,15
u5770020,20
u5770034,14
u5770214,16
u577029,15
u5770446,11
u5770777,13
u5770795,8
u5770826,12
u5770909,11
u5771471,14
u5771709,19
u5771872,9
u5772263,13
u5772423,29
u5772776,10
u5772871,16
u5773206,13
u5773234,9
u5773411,16
u5773426,10
u5773634,9
u5773671,12
u5773681,24
u5773706,14
u5773824,11
u5774139,12
u5774463,9
u5774524,8
u577457,14
u5774812,6
u5774933,10
u5774938,9
u5775793,13
u5775798,26
u5775907,9
u5776007,21
u5776312,10
u5776404,13
u5776444,15
u5776548,11
u5777622,13
u5777870,10
u5778749,10
u5778969,10
u5779005,19
u5779049,25
u5779282,7
u5779803,9
u5779886,10
u5780232,39
u5780416,13
u5780867,19
u5781104,17
u5781181,11
u5781279,13
u5781305,18
u5781703,16
u5782114,23
u5782402,14
u5782821,18
u5783415,12
u5783542,7
u5783709,19
u5784133,13
u5784296,14
u5784684,11
u5784702,11
u5785587,27
u5785601,21
u5785664,12
u5785690,12
u5785734,10
u5785880,17
u5785953,18
u5786636,19
u5786710,12
u5787308,11
u5787626,17
u5787818,23
u5787880,9
u5787926,17
u5788203,26
u5788306,15
u5788397,10
u5788591,13
u5788629,15
u5788790,13
u5788895,16
u5788927,19
u5789093,42
u5789119,35
u5789173,11
u5789516,9
u5789778,7
u5789849,10
u5790376,19
u5790378,12
u5790596,8
u5790688,8
u5790736,42
u5790980,16
u5791220,14
u5791223,8
u5792397,7
u5792406,8
u5792844,14
u5793191,12
u5793415,11
u5793519,9
u5793648,13
u5794115,8
u5794618,21
u5794848,11
u5795698,17
u5795755,17
u5796089,9
u5796103,10
u5796177,25
u5796337,19
u5796764,13
u5796810,15
u5796833,13
u5797416,12
u5797518,17
u5797672,10
u5797751,11
u579789,11
u5798137,16
u5798172,18
u5799537,21
u5800214,10
u5800218,14
u5800230,16
u5800862,26
u5801107,10
u5801223,10
u5801330,19
u5801469,14
u5801606,6
u5801678,12
u5801841,10
u5801879,10
u5801942,20
u5802249,27
u5802367,7
u5802564,21
u5802618,10
u5802766,14
u5803064,10
u5803109,16
u5803179,24
u5803242,18
u5803313,8
u5803318,20
u5804796,17
u5805007,11
u5805480,11
u5805617,16
u5805700,23
u5805806,9
u5805932,10
u5805953,11
u5806260,13
u5807074,10
u5807533,24
u5808136,11
u5808153,10
u5808317,7
u5808339,10
u5808376,12
u5808752,13
u5808840,22
u5808971,7
u5809121,15
u5810668,28
u5810722,13
u5810880,12
u5811177,10
u5811186,20
u5811577,10
u5811953,15
u5811972,17
u5812057,12
u5812351,24
u5813593,13
u5813827,22
u5813893,21
u5814007,11
u5814056,11
u5814064,11
u5814068,14
u5814214,17
u5814474,12
u5814478,27
u5814506,36
u5814630,7
u5814639,10
u5814690,9
u5814770,11
u5814773,17
u5814775,21
u5815446,17
u5815525,13
u5816124,9
u5816843,14
u5816960,9
u5817060,10
u5817363,18
u5817473,12
u5817958,10
u5818019,6
u5818725,17
u5818965,13
u5819552,10
u5819651,7
u5819977,9
u5820003,36
u5820282,19
u5821016,18
u5821141,13
u5821256,20
u5821462,17
u5821990,21
u5822009,36
u5822218,30
u5822318,18
u5822593,8
u5822603,34
u5822694,10
u5822899,9
u5823062,14
u5823125,7
u5823234,23
u5823244,17
u5823325,29
u5823700,14
u5824078,17
u5824606,14
u5824607,19
u5824673,10
u5824687,10
u5824754,25
u5824849,10
u5824859,13
u5825057,12
u5825294,9
u5825450,15
u582571,20
u5825735,8
u5825795,25
u5825833,7
u5826691,15
u5826842,7
u5827326,7
u582816,7
u5828402,10
u5828707,12
u5828796,11
u5828810,10
u5828868,9
u5828886,11
u5829279,10
u5829285,14
u5829650,13
u5829719,8
u5829929,12
u5830639,19
u5830691,11
u5830765,14
u5830999,15
u5831245,15
u5831457,11
u5831487,12
u583194,13
u5832427,8
u5832993,9
u5833368,8
u5833536,31
u5833585,15
u5833734,8
u5833794,8
u5833919,11
u5834026,16
u5834058,10
u5834094,16
u5834694,35
u5834919,9
u5835188,11
u5835453,8
u5836399,26
u5836500,12
u5836553,37
u5836623,11
u5836829,25
u5836906,9
u5837147,25
u5837258,10
u5837311,11
u5837351,10
u5837674,10
u5837808,16
u5837930,15
u5838149,15
u5838233,10
u5838293,12
u5838313,35
u5838467,9
u5838503,11
u5839276,20
u5839457,10
u5839579,10
u5839886,16
u5840272,10
u5840542,11
u5841017,13
u5841089,12
u5841097,16
u5841120,15
u5841194,7
u5841466,8
u5841570,10
u5841808,15
u5842082,12
u5842581,19
u5843325,16
u5843357,20
u5843969,15
u5844315,10
u5844342,31
u5845214,10
u5845387,12
u5845448,23
u5845642,19
u5845750,12
u5846071,17
u5846189,10
u5846537,15
u5846622,18
u5847474,9
u5847520,19
u5847613,8
u5848553,12
u5849129,8
u5849519,9
u5849543,30
u5849663,10
u5849816,12
u5849853,23
u5850536,12
u5850666,16
u5851481,31
u5851572,14
u5851586,21
u5851755,9
u5851889,7
u5852160,18
u5852168,11
u5852171,18
u5852438,15
u5852661,6
u5852750,7
u5853124,10
u5853213,11
u5853299,14
u5853345,15
u5853550,22
u5853585,11
u5853617,9
u5853804,12
u5853810,11
u5853924,13
u5854080,10
u5854098,13
u5854305,8
u5854810,9
u5854817,12
u5855085,12
u5855471,12
u5855710,25
u5856337,10
u5856655,13
u5856677,16
u5857201,45
u5857209,19
u5857366,17
u5857448,6
u5857741,25
u5857869,24
u5858365,19
u5858388,14
u5858505,12
u5858883,9
u5859335,11
u5859546,15
u5859703,13
u5860776,8
u5860996,14
u5861171,16
u5861188,16
u5861389,11
u5861413,12
u5861421,9
u5861662,10
u5861707,13
u5861856,8
u5862270,7
u5862284,17
u5862751,11
u5862809,11
u5862818,7
u5863996,17
u5864148,18
u5864370,9
u5864453,19
u5864498,11
u5864533,11
u5864808,13
u5864954,22
u5865289,14
u5865313,14
u5866581,13
u5866897,11
u5866900,11
u5866948,15
u5867228,14
u5867381,8
u586744,13
u5867476,29
u5867477,10
u5868106,9
u5868579,15
u5869255,18
u5869538,9
u5869962,11
u5869966,11
u5870056,14
u587010,13
u5870876,26
u5871925,24
u5872088,15
u5872188,20
u5873143,10
u5873383,13
u5873385,15
u5873433,11
u5873588,11
u5873672,12
u5874117,17
u5874222,10
u5874291,21
u5874685,13
u5874937,12
u5874969,8
u5875146,8
u5875417,18
u5875478,28
u5875798,9
u5875862,23
u5876169,8
u5876320,27
u5876406,19
u5876488,29
u5876905,12
u5877044,9
u5877271,16
u5877406,11
u5877677,20
u5877995,12
u5878052,14
u5878431,6
u5878679,9
u5879393,15
u5879837,14
u5880140,15
u5880253,11
u5880358,17
u5881240,10
u5881448,25
u5882154,18
u5882317,22
u5882634,9
u5883506,11
u5884565,9
u5885012,23
u5885356,14
u5885432,19
u5885447,14
u5885494,11
u5885538,16
u5886245,12
u5886252,8
u5886337,14
u5887030,9
u5887039,11
u5887392,17
u5887508,7
u5887510,36
u5887531,9
u5887645,14
u5887867,12
u5888172,18
u5888237,12
u5888303,17
u5888415,9
u5888683,14
u5888780,19
u5888800,10
u5889043,10
u5889524,10
u5889903,10
u5890414,14
u5890510,24
u5890997,12
u5891287,28
u5891402,11
u5891471,16
u5892340,18
u5892359,12
u5892393,26
u5892872,16
u5893164,14
u5893382,28
u5893615,8
u5894416,10
u5894421,14
u5894563,12
u5895010,10
u5895013,8
u5895027,12
u5895042,14
u5895132,9
u5895321,11
u5895541,20
u5895680,12
u5896006,11
u5896271,15
u5896538,16
u5896994,23
u5897018,25
u5897058,12
u5897098,11
u5897273,8
u5897457,34
u5897672,13
u5897853,12
u5897965,17
u5898074,14
u5898123,18
u5898280,18
u5898323,9
u5898453,15
u5898831,15
u5898876,15
u5899128,11
u5899153,17
u5899190,11
u5899522,18
u5899550,11
u5899731,8
u5899771,9
u5899821,7
u5899943,12
u5899988,14
u5900139,17
u5900170,19
u5900294,30
u5901364,15
u5901956,23
u5902432,14
u5902763,18
u5902906,13
u5903000,10
u5903930,11
u5904260,8
u5904300,14
u5904511,13
u5904803,11
u5905255,15
u5905565,12
u5905642,11
u5905757,18
u5906217,19
u5906376,12
u5906875,15
u5906981,14
u5907000,11
u5907098,21
u5907136,16
u5907182,10
u5907265,26
u5907401,9
u5907413,57
u5907536,9
u5907737,9
u5909281,8
u5909860,7
u5910208,11
u5910604,12
u5910818,9
u5911014,9
u5911489,13
u5911706,12
u5911711,22
u5911770,8
u5911790,8
u5912112,10
u5912169,8
u5912249,25
u5912255,17
u5912282,11
u5912342,9
u5912344,16
u5912527,21
u5912544,11
u5912906,32
u5913323,10
u5913380,7
u5913414,19
u5913963,14
u5914454,24
u5914565,11
u5914579,9
u5914722,14
u5914823,11
u5914948,13
u5915167,21
u5915620,9
u5915715,16
u5915753,10
u5915935,27
u5916724,9
u5917627,11
u5918171,13
u5918827,11
u5918913,11
u5918990,12
u5919317,10
u5919870,11
u5920202,16
u5921028,19
u5921132,12
u5921501,7
u5921550,13
u5921955,16
u5921988,8
u5922112,16
u5922208,20
u5922375,11
u5922660,14
u5922983,13
u5923275,17
u5923372,12
u5924508,10
u5924609,8
u5925004,9
u5925332,25
u5926167,7
u5926181,11
u5926248,10
u5926327,14
u5926440,11
u5927007,10
u5927522,12
u5928371,9
u5928388,12
u5928659,7
u5928807,8
u5928869,8
u5928921,7
u5929008,12
u5929033,30
u5929092,13
u5929777,8
u5930093,18
u5930114,14
u5930115,11
u5930212,18
u5930864,14
u5931122,10
u5931159,14
u5931464,8
u5931469,9
u5931888,12
u5932415,19
u5932466,21
u5932486,15
u5932689,15
u5932708,19
u593308,8
u5933226,17
u5933574,13
u5933713,14
u5934131,16
u5935036,12
u5935276,8
u5935392,13
u5935991,13
u593648,14
u5936557,13
u5936647,11
u5936760,9
u5936797,11
u5936972,8
u5937038,23
u5937816,16
u5938305,36
u5938517,11
u5938813,12
u5939174,14
u5939416,11
u5939642,10
u5939684,13
u5939687,23
u5939948,7
u5940111,13
u5940134,8
u5940211,14
u5940466,10
u5940625,13
u5940645,11
u5940953,19
u5940962,12
u5941062,10
u5941267,10
u5941681,11
u5941779,13
u5941983,17
u5942335,13
u5942430,14
u5942489,7
u5942743,7
u5942749,12
u5942835,9
u5942865,9
u5942885,11
u5942973,15
u594311,8
u5943223,8
u5943361,22
u5943383,10
u5943733,9
u5943883,12
u5944123,22
u5944258,31
u5944407,17
u5944726,9
u5945013,20
u5945145,13
u5945465,11
u5945677,28
u5945761,21
u5945821,12
u5946176,8
u5946915,10
u5947160,11
u5947501,15
u594763,9
u5947855,15
u5948098,9
u5948304,16
u5948514,18
u5948747,9
u5949454,12
u5949616,17
u5949746,17
u5949771,19
u5950281,8
u5950297,10
u595031,10
u5950933,13
u5951045,8
u5951079,11
u5951865,13
u5951875,17
u5951914,11
u5952052,26
u5952255,12
u5952356,11
u5952479,13
u5953133,9
u5953700,9
u5953762,8
u5953763,10
u5953953,9
u5954170,13
u5955019,9
u5955309,14
u5955395,13
u5955449,7
u5955495,15
u5955525,10
u5955650,17
u5956214,23
u5956555,11
u5956758,18
u5956823,13
u5957424,14
u5957533,19
u5957562,11
u5957594,10
u5957655,6
u595769,7
u5957698,11
u5958631,12
u5958656,8
u5958664,7
u5958689,15
u5959100,11
u5959300,8
u5959483,22
u5959488,7
u5959530,20
u5959604,14
u5960163,13
u5960345,11
u5960440,10
u5961399,11
u5961770,10
u596190,7
u5962071,12
u5962261,12
u5963152,27
u5963603,10
u5963614,29
u5963637,11
u5963804,11
u5963933,9
u5964113,24
u5964360,12
u5964487,7
u5964659,10
u5965009,15
u5965339,14
u5965353,22
u5965597,9
u5965608,11
u5965766,15
u5966202,8
u5966722,9
u5966724,9
u5966784,14
u5967184,12
u5967261,7
u5968009,19
u5968057,8
u5968407,17
u5969169,11
u5969325,10
u5969590,17
u5971367,8
u5971541,9
u5971576,7
u5971598,9
u5972633,13
u5972793,17
u5972836,14
u5973103,12
u5973338,10
u5973670,14
u5975615,13
u5976074,7
u597610,9
u5976162,28
u5976679,10
u5977767,25
u5977898,17
u5978289,11
u5979014,8
u5981024,12
u5981165,7
u5981238,25
u5981469,20
u5981749,10
u5981997,9
u5982344,10
u5982458,33
u5982635,12
u5982899,14
u5983385,12
u5983634,9
u5983751,14
u5983765,7
u5983888,15
u5984807,20
u5985178,12
u5985209,15
u5985274,24
u5985940,11
u5986112,14
u5986517,22
u5986619,19
u5986803,10
u5986831,22
u5987013,12
u5987693,9
u5987793,29
u5987973,10
u5988196,22
u5988535,12
u5988749,10
u5989346,31
u5989761,13
u5989932,12
u5989999,12
u5990549,17
u5990695,22
u5991036,6
u5991217,24
u5991470,10
u5991483,12
u5992511,27
u5992634,18
u5992708,15
u5992848,11
u5992986,13
u5992993,18
u5993014,13
u5993093,11
u5993152,16
u5993283,12
u5993425,12
u5993475,13
u5993549,12
u5993641,9
u5993717,7
u5993981,12
u5994107,7
u5994157,14
u5994374,11
u5994670,17
u5994799,16
u5994869,12
u5995204,19
u5995230,11
u5995405,12
u5995433,37
u5995434,14
u5995691,13
u5995694,13
u5995696,15
u5996122,24
u5996479,8
u5996769,9
u5997372,9
u5997616,40
u5997735,16
u5998960,7
u6000094,24
u6000585,10
u6000599,17
u6001222,10
u6001359,16
u6001635,13
u6001993,14
u6002333,9
u6002512,15
u6002774,19
u6002917,7
u6003394,13
u6003693,13
u6004226,14
u6004231,16
u6004348,9
u600443,13
u6004961,14
u6005012,19
u6005265,10
u6005466,13
u6005813,10
u6005974,14
u6006253,33
u6006311,20
u6006827,9
u6007029,17
u6007053,12
u6007056,13
u6007071,9
u6007346,20
u6007549,15
u6008111,12
u6008155,11
u6008290,14
u6008791,7
u6009278,15
u6010451,20
u6010998,9
u6012480,14
u6013018,10
u6013368,10
u6013630,10
u6013850,16
u6014110,31
u6014129,15
u6014991,14
u6015309,13
u6015587,18
u6015894,10
u6015916,7
u6016627,12
u6017443,8
u6017547,14
u6017676,26
u6018091,12
u6018612,13
u6019386,10
u6019630,11
u6019660,12
u6019689,7
u6019866,15
u6020073,8
u6020359,13
u6020621,12
u6020687,13
u6020742,8
u6021193,9
u6021313,9
u6021356,12
u6021429,7
u6021549,15
u6021708,13
u6021745,12
u6021833,19
u6022129,8
u6022174,23
u6022614,9
u6023154,10
u6023278,10
u6023704,8
u6023796,32
u6023889,10
u6024629,8
u6025341,33
u6025860,8
u6026099,11
u6026197,8
u6026840,21
u6027080,11
u6027337,10
u6027432,8
u6027442,8
u6027582,20
u6027661,10
u6027713,10
u6027878,10
u6028461,8
u6028636,9
u6029063,18
u6029275,12
u6029422,21
u6029518,15
u6029590,15
u6029902,9
u6030017,21
u6030044,8
u6030476,11
u6030943,11
u6031616,19
u6031659,11
u6032403,12
u6032601,6
u6033014,24
u6033120,28
u6033182,14
u6033214,33
u6033322,18
u6033369,14
u6033577,9
u6033709,7
u6033908,9
u6034049,13
u6034057,14
u6034141,16
u6034396,19
u6034472,17
u603470,10
u6035167,12
u6035181,16
u6035385,20
u6035745,28
u6036833,13
u6037975,9
u6038015,24
u6038516,7
u6038709,10
u6038907,9
u6039642,9
u6040393,19
u6041283,10
u6041310,14
u6042135,10
u6042211,22
u6042297,8
u6042348,11
u6042352,38
u6042423,11
u6042608,9
u6042884,12
u6043247,11
u6043370,12
u6043651,16
u6043665,33
u6043783,27
u6043915,8
u6044239,10
u6044292,10
u6044387,12
u6044390,21
u6045093,9
u6045117,16
u6045647,11
u6045926,15
u6045936,10
u6046156,17
u6046181,10
u6046297,11
u6046391,7
u6046446,17
u6046756,23
u6046950,11
u6047735,7
u6048076,15
u6048170,11
u6048371,8
u6048418,13
u6048576,23
u6048616,18
u6048920,14
u6049266,8
u6049517,21
u6049558,11
u6049766,13
u6049865,12
u6049979,10
u6050154,14
u6050380,18
u6050447,16
u6050606,9
u6050722,6
u6051067,11
u6051114,14
u6051211,9
u6051365,11
u6051604,20
u6051712,16
u605216,12
u6052479,15
u6052861,9
u6052871,6
u6052900,12
u6053611,21
u6053644,15
u605431,14
u6055080,8
u6055148,16
u6055475,14
u6055477,29
u6055518,12
u6055651,13
u6055673,12
u6056019,20
u6056788,15
u6057954,11
u605837,8
u6058379,17
u6059098,10
u6059592,12
u6059652,13
u6059696,8
u6059779,15
u6060000,13
u6060078,49
u6060861,12
u6061396,11
u6061715,19
u6062288,10
u6062613,22
u6062876,26
u6062986,21
u6063118,7
u6063225,9
u6063452,9
u6063720,9
u6063750,17
u6064229,12
u6064411,19
u6064474,9
u606455,7
u6064797,46
u6064979,17
u606514,14
u6065387,9
u6065709,10
u6065778,9
u6065836,12
u6066106,25
u6066245,10
u6066260,11
u6066673,30
u6066883,9
u6067094,7
u6067562,10
u6067569,11
u6067589,20
u6067803,12
u6068320,10
u6068621,19
u6068707,8
u6069272,9
u6069515,10
u6069518,12
u6069813,9
u6070433,21
u6070548,9
u6070685,33
u6072165,34
u6073217,10
u6073503,41
u6073939,12
u6074067,9
u6074321,9
u6074617,13
u6074944,12
u6075532,15
u6075555,23
u6076035,8
u6076255,14
u6076404,25
u6076468,8
u6076547,18
u6076587,9
u6076610,13
u6076618,10
u6076669,11
u6076764,15
u6076796,17
u6076884,10
u6077279,14
u6077416,17
u6077532,18
u6077590,8
u6077649,10
u6077825,11
u6078592,9
u6078820,9
u6078994,22
u6079072,12
u6079233,12
u6079269,9
u6079282,10
u6079997,7
u6080034,7
u6080494,23
u6080537,18
u6080564,15
u6080694,15
u6080815,10
u6081062,11
u6081160,15
u6081523,12
u6082002,9
u6082054,12
u6082089,6
u6083567,12
u6084362,18
u6084515,8
u6084613,13
u6084839,8
u6084849,13
u6085276,21
u6085310,12
u6085318,6
u6085439,8
u6085642,24
u6085708,15
u6086045,8
u6086201,14
u6086426,20
u6086603,12
u6087377,14
u6087895,17
u6088181,15
u6088419,14
u6088507,33
u6088529,28
u6088566,18
u6088858,18
u6089011,9
u6089028,18
u6089260,18
u6089402,26
u6089806,8
u6089986,7
u6090386,19
u6090540,15
u6090792,10
u6090863,10
u6091025,29
u6091446,10
u6091449,19
u6091540,13
u6091563,17
u6091716,23
u6091770,31
u6091842,22
u6091854,17
u6091881,9
u6092511,16
u6093224,9
u6094283,11
u6094437,15
u6094898,22
u609518,12
u6095321,11
u6095907,10
u6096090,18
u6096245,13
u6096482,12
u6097080,11
u6097190,7
u6097348,26
u6097491,12
u6097515,8
u6097998,11
u6098535,13
u6098719,21
u6098722,11
u6099377,11
u6099850,11
u6099992,11
u6100268,8
u6100415,15
u6100425,14
u6100484,11
u6100563,20
u6100815,10
u6101411,13
u6101747,9
u6101900,10
u6102081,10
u6102239,12
u6102245,15
u6102464,11
u6102490,12
u6102582,16
u6102954,13
u6103146,9
u6103205,12
u6103673,14
u6103863,11
u6104116,13
u6104397,13
u6104444,15
u6104951,7
u6105021,9
u6105232,6
u6105252,8
u6105612,23
u6105658,9
u6105700,10
u6107085,11
u6107799,7
u6107934,13
u6108298,7
u6108926,7
u6109041,12
u6109300,21
u6109905,12
u6110326,11
u6110716,10
u6110764,14
u6110811,25
u6111377,21
u6111715,9
u6112020,12
u6112205,11
u6112417,10
u6112471,18
u6112572,11
u6113018,21
u6113072,13
u6113472,18
u6113527,16
u6114248,32
u6114486,11
u6114806,10
u6114925,13
u6115578,12
u6116170,7
u611720,7
u6117711,12
u6117783,11
u6118213,12
u6118271,10
u6118386,14
u6118411,16
u6118574,10
u6119058,11
u611986,14
u6119935,11
u6120528,11
u6121169,11
u6121295,16
u6121432,19
u6121736,6
u6121867,11
u6121962,15
u6122107,13
u6122229,10
u6122414,10
u6122698,10
u6122730,7
u6122745,6
u6122934,26
u6123521,14
u6123564,11
u6124059,18
u6124087,9
u6124246,12
u6124380,10
u6124469,10
u6125031,30
u6125054,8
u6125235,14
u6125379,14
u6125658,9
u6125917,10
u6126023,11
u6127040,25
u6127503,11
u6128146,11
u6128227,25
u6128807,8
u6129241,10
u6129267,12
u6129329,13
u6129674,23
u6130066,21
u6130625,7
u6130710,8
u6130753,18
u6130950,18
u6131446,19
u6131790,33
u6132054,11
u6132222,17
u6132579,10
u6132594,12
u6132777,23
u6132929,11
u6132940,8
u6132979,15
u6133243,13
u6133831,13
u6134231,8
u6134264,14
u6134720,11
u6134894,14
u6135329,19
u6135566,8
u6135602,20
u6136316,12
u6136343,8
u6136358,7
u6136472,18
u6136582,13
u6136755,9
u6136892,13
u6137384,10
u6137611,17
u6137688,9
u6137710,14
u6137814,10
u6139044,13
u6139122,13
u6139208,10
u6139354,12
u6139431,19
u6139493,19
u6139675,29
u6139690,7
u6139810,9
u6140369,14
u6140629,15
u6140770,15
u6140889,7
u6141387,11
u6141392,27
u6141719,8
u6141772,20
u6142039,12
u6142065,16
u6142228,12
u6142384,14
u6142494,11
u6143074,11
u6143115,14
u614360,10
u6143860,11
u6143934,14
u6144051,16
u6144162,9
u6144248,13
u6144272,8
u6144507,22
u6144604,16
u6144733,8
u6144841,16
u6145954,13
u6146516,8
u6146824,8
u6146960,20
u6147045,22
u6147053,16
u6147128,26
u6147188,13
u6147316,16
u6147516,20
u6147755,11
u6148418,25
u6149251,10
u6149369,8
u6149558,18
u6149857,18
u6150029,7
u6150245,11
u6150261,13
u6150315,14
u6150333,12
u6150543,15
u6150587,20
u6150806,14
u6150975,10
u6151060,9
u6151598,14
u6152428,12
u6152587,18
u6152700,13
u6152814,8
u6152841,12
u6152899,9
u6153067,11
u6153113,35
u6153517,9
u6153690,12
u6153724,12
u6153729,11
u6153815,20
u6153822,13
u6153985,17
u6154514,11
u6154515,13
u6154741,35
u6155194,12
u6155318,12
u6155382,10
u6155482,13
u6155493,13
u6155675,23
u6155983,19
u6156635,27
u6156698,16
u6156889,12
u6157459,17
u6158031,18
u6158553,8
u6158554,40
u6158731,22
u6158963,8
u6158991,8
u6159031,10
u6159581,16
u6159669,18
u6159832,7
u6159944,8
u6160159,16
u6160203,10
u6160309,9
u6160370,8
u6160990,39
u6161211,15
u6161656,13
u6162364,12
u6162534,13
u6162626,14
u6163281,9
u6163435,12
u6163605,9
u6163607,30
u6164580,10
u6164836,10
u6164887,12
u6164997,15
u6165065,16
u6165458,11
u6165512,17
u6165616,12
u6165774,11
u6166069,21
u6166240,12
u6166324,11
u6166402,9
u6166545,13
u6166666,13
u6166673,11
u6166868,8
u6166936,20
u6167012,18
u6167304,19
u6167363,8
u6167497,10
u6167618,10
u6167738,13
u6167840,14
u6167872,13
u6168956,14
u6169286,8
u6169372,11
u6169528,10
u6169589,7
u6170011,13
u6170813,9
u6171307,10
u6171343,11
u6171400,12
u6172219,10
u6172266,13
u6173714,10
u6174568,16
u6174809,17
u6175130,7
u6175508,13
u6175530,12
u6176097,14
u6176196,12
u6176601,13
u6176816,18
u6177079,14
u6177423,25
u6179670,6
u6179730,32
u6179817,13
u6180098,36
u6180201,16
u6180452,17
u6180525,18
u6180635,20
u6180729,12
u6181164,13
u6181239,11
u6181507,8
u6181515,10
u6181561,11
u6181974,12
u6182889,10
u6183076,10
u6183311,8
u6183597,12
u6183948,12
u6184064,23
u6184269,18
u6184457,24
u6184545,19
u6184943,21
u6185160,13
u6185669,11
u6185686,11
u6186220,7
u6186357,18
u6186772,15
u6187385,8
u6187486,23
u6187765,10
u618789,11
u6188917,14
u6189007,13
u6189358,9
u6189655,13
u6189830,40
u6190258,8
u6190293,10
u6190295,15
u6190321,10
u6190401,16
u6190499,21
u6190578,18
u6190599,11
u6190798,8
u6191642,16
u6191899,25
u6191924,24
u6192121,10
u6192334,12
u619249,9
u6193076,8
u6194038,14
u6194130,29
u6194343,15
u6195766,10
u6196287,12
u619646,12
u6196669,12
u6197034,14
u6197102,15
u6197348,13
u6197652,11
u6197697,9
u6197764,16
u6197892,8
u6198033,10
u6198217,10
u6198357,12
u6198467,14
u6198823,8
u6198864,14
u6198932,11
u6199480,11
u6200274,35
u6200346,8
u6200859,10
u6200956,10
u6201173,10
u6201512,7
u6201684,9
u6201768,16
u620189,10
u6201970,12
u6202627,8
u6202673,15
u6202768,11
u6202975,15
u6203093,31
u6203259,23
u6203323,21
u6203364,10
u6203371,18
u6203394,17
u6203445,13
u6203510,15
u6203540,24
u6203571,13
u6203592,11
u6203893,9
u6204163,28
u6204506,11
u6204671,10
u6204797,14
u6204851,13
u6205224,8
u6205256,8
u6205494,9
u6205552,9
u6206205,26
u6206585,8
u6206878,11
u6207033,16
u6207213,13
u6207280,12
u6207786,13
u6207905,11
u6207918,13
u6208406,23
u620855,11
u6209594,9
u6209722,8
u6210074,8
u6210287,13
u6210580,8
u6210625,16
u6211034,8
u6211469,13
u6211547,13
u6212176,14
u6212422,7
u6212942,11
u6213207,11
u6214053,13
u6214119,14
u6214782,28
u6214902,17
u6214980,14
u6215630,17
u6215683,13
u6215689,16
u6215727,14
u6215832,15
u6215848,19
u6217123,10
u6217476,13
u621750,11
u6218106,31
u6218738,12
u6218954,10
u6219114,28
u6219229,30
u6219401,12
u6219466,13
u6219666,11
u6219721,11
u6219765,8
u6220362,9
u6220435,9
u6221598,20
u6221920,8
u6221979,9
u6222056,14
u6222658,21
u6223063,9
u6224182,8
u6224219,12
u6224476,11
u6224569,27
u6224824,13
u622538,7
u6225989,9
u6226158,16
u6226187,17
u6226212,16
u6226275,35
u6226324,35
u6226452,10
u6226814,12
u6226866,12
u6227181,10
u6227204,12
u6227609,12
u6227778,12
u6227962,17
u6228100,12
u6228264,12
u6228304,9
u6228580,11
u6228635,18
u6229144,13
u6229731,8
u6229799,9
u6230395,11
u6230426,10
u6230502,15
u6230503,15
u6230604,24
u6230611,22
u6231342,18
u6231377,14
u6231880,12
u623217,9
u6232466,13
u6232503,19
u6232598,10
u6233080,23
u6233195,10
u6233895,20
u6234379,25
u6234394,10
u6234728,25
u6234760,11
u6234844,17
u6234924,18
u6234979,10
u6235183,10
u6235344,12
u6235518,12
u6235639,14
u6235655,16
u6235782,14
u6235892,11
u6236588,14
u6236696,29
u6236940,10
u6237136,26
u623752,18
u6237863,8
u6238086,12
u6238799,12
u6239755,13
u6240880,11
u6241040,12
u6241111,10
u6241409,19
u6241433,7
u6241616,34
u6241963,12
u6242022,20
u6242382,28
u6242519,17
u6242588,9
u6243411,12
u6243927,11
u6244016,10
u6244020,12
u6244309,11
u6244427,10
u6244597,14
u6244812,28
u6244844,12
u6244906,15
u6245139,12
u6245703,10
u6245854,7
u6247116,11
u6247187,16
u6247564,16
u6248236,10
u6248487,13
u6248565,32
u6248984,9
u6249082,13
u6249736,8
u6249867,10
u6249871,10
u6250025,15
u6250172,12
u6250502,11
u6250578,12
u6250681,9
u6251083,10
u6252642,8
u6252734,11
u6252782,9
u6252956,12
u6253449,8
u6253875,22
u6254249,17
u6254491,9
u6254640,9
u6254653,13
u6255310,16
u6255317,7
u6255374,24
u6255770,12
u6255891,9
u6255931,14
u6256186,11
u6256334,12
u6256388,31
u6256462,24
u6256582,26
u6256672,7
u6257083,12
u6257084,16
u6257137,14
u6257784,18
u6257851,10
u6258104,10
u6258238,17
u6258447,12
u6259209,13
u6259765,14
u6260073,17
u6260130,24
u6260216,17
u6260274,10
u6260629,14
u6260699,9
u6261239,12
u6262616,16
u6262714,12
u6262961,20
u6263105,10
u6263159,11
u6263164,22
u6263681,13
u6263757,8
u6263770,9
u6263807,17
u6264256,10
u6264994,14
u6265729,15
u6265812,17
u6265972,9
u626651,10
u6269025,10
u6269998,12
u6270157,7
u6270694,8
u6271236,19
u6271503,13
u6271770,11
u6271873,8
u6273377,9
u6275451,24
u6275728,9
u6276047,8
u6276850,11
u6276865,8
u6276938,22
u6276996,17
u6277111,8
u6277145,13
u6277379,13
u6277555,19
u6277767,12
u6277992,21
u6278615,9
u6278999,9
u6279046,11
u6280303,9
u6280476,8
u6281383,17
u6282243,24
u6283496,12
u6284009,18
u6284317,13
u6284331,10
u6284937,14
u6285223,9
u6286230,15
u6286379,9
u6287715,16
u6287797,15
u6287947,10
u6288598,16
u6288796,27
u6288907,25
u6288999,16
u6289585,15
u6290592,10
u6291067,12
u6291248,11
u6291291,14
u6291463,14
u6291519,9
u6291800,7
u629191,11
u6291914,11
u6291977,23
u6292003,14
u6292021,11
u6292096,10
u6292621,12
u6292682,18
u6292860,10
u6292951,11
u6293418,25
u6293423,8
u6293428,18
u6293499,21
u6293713,14
u6294287,20
u6294651,13
u6294922,11
u6295258,13
u6295259,15
u6295416,11
u6295446,9
u6295837,10
u6296402,8
u6296434,18
u6296615,11
u6297237,11
u6297591,17
u6298233,13
u6298364,12
u6298961,28
u6299110,11
u6299246,18
u6299644,15
u6299967,15
u6300150,38
u6300242,23
u6300808,25
u6300868,17
u6300883,35
u6301171,10
u6301478,14
u6301744,11
u6301814,14
u6301945,10
u6302036,13
u6302432,7
u6302479,8
u6302807,12
u6303906,15
u6304185,15
u6304805,7
u6306577,10
u6306785,29
u6307235,20
u6307570,28
u6307788,9
u6307810,15
u6308264,11
u6308336,8
u6308385,14
u6308390,12
u6308396,10
u6308670,15
u6308899,13
u6308996,16
u6309050,11
u6309083,12
u6309090,9
u6309167,13
u6309216,9
u6309598,13
u6309650,14
u6309819,7
u6309833,15
u6309869,11
u6309914,10
u6309927,17
u6310149,10
u6310181,13
u631033,9
u6310354,14
u6310756,19
u6311089,13
u6311201,18
u6311209,10
u6311832,12
u6312856,10
u6313273,11
u6313403,10
u6313611,9
u6313772,13
u6313807,12
u6313871,25
u6314321,12
u6314535,12
u6314836,16
u6314985,17
u6315110,10
u6315122,38
u6315285,15
u6315626,16
u6315725,13
u6315738,8
u6315780,12
u6315856,16
u6315938,12
u6316334,13
u6316555,9
u6316885,39
u6317314,17
u6317342,7
u6317493,10
u6317744,7
u6318354,12
u6319029,14
u6319191,28
u6319396,12
u6319629,13
u6319704,14
u6319753,11
u6319770,12
u6319812,10
u6320242,15
u6320585,13
u6320859,17
u6320986,9
u6321234,14
u6321310,8
u6321318,9
u6321479,17
u6321594,9
u6321672,14
u6322066,12
u6322091,11
u6322311,30
u6322327,22
u6322450,13
u6322767,27
u6323129,29
u6323207,11
u6323268,13
u6323296,32
u6323430,13
u6324793,7
u6325474,13
u6325600,11
u6325769,12
u6325974,6
u6326107,34
u6326493,10
u6327305,9
u6327319,16
u6327439,10
u6327440,22
u6327967,9
u6328322,8
u6329081,15
u6329462,8
u6329503,14
u6329516,7
u6329583,24
u6329606,10
u6329737,12
u6329777,16
u6330168,7
u6330377,13
u6330642,15
u6330656,11
u6331357,13
u6331642,17
u6331953,11
u6332076,10
u6332086,13
u6332312,7
u6332725,17
u6332993,13
u6333068,23
u6333531,14
u6333636,10
u6333656,19
u6333753,13
u6333781,12
u6333997,13
u6334010,11
u6334059,9
u6334150,8
u6334466,13
u6334557,11
u6334825,7
u6334968,11
u6335013,12
u6335142,13
u6335285,10
u6335585,9
u6335979,12
u6335982,14
u6336401,18
u6336781,14
u6337334,20
u6337824,6
u6337850,9
u6338388,10
u6338678,18
u6338788,11
u6339044,12
u6340602,11
u6340961,10
u6341305,12
u6341593,15
u6342025,13
u6342271,13
u6342312,13
u6343144,12
u6343288,28
u6343890,10
u6343910,8
u6344201,9
u6344354,7
u6344564,13
u6344923,16
u6345225,10
u6345407,8
u6345455,13
u6345898,12
u6346581,8
u6347130,9
u6347317,10
u6347386,8
u6347564,10
u6348156,9
u6348299,12
u6348857,12
u6349160,14
u6349354,14
u6349866,8
u6350208,18
u6350653,22
u6350756,12
u6351016,12
u6351199,18
u6351803,13
u6351963,10
u6352044,6
u6352134,24
u6352292,8
u6353433,9
u6353842,14
u6353938,26
u6354574,24
u6354656,13
u6354881,25
u6355401,19
u6355584,14
u6355985,23
u6356482,10
u6357053,8
u6357349,8
u6357378,13
u6357596,12
u6357874,9
u6357896,11
u6358291,16
u6358464,19
u6358695,24
u6358761,7
u6360076,10
u6360154,11
u6360413,20
u6360431,12
u6360652,14
u6360697,14
u6360836,15
u6360843,9
u6360955,10
u6361288,15
u6361936,12
u6362326,12
u6362753,9
u6363786,11
u6364348,12
u6366414,10
u6366678,8
u6368314,14
u6368436,10
u6368672,9
u6369011,19
u6369520,16
u6369601,11
u6369609,9
u6369612,8
u6369821,15
u6370482,12
u6370772,11
u6371200,11
u6371226,9
u6371391,9
u6372016,7
u6373271,10
u6373346,13
u6373399,8
u6373973,13
u6374588,12
u6375021,11
u6376200,12
u6376226,15
u6377165,11
u6378370,11
u6378511,11
u6378548,17
u6379282,15
u6379458,10
u6379654,12
u6379762,9
u6379801,19
u6379880,8
u6381040,23
u6381404,7
u6381582,16
u6381624,14
u6381651,7
u6381746,16
u6381908,9
u6381993,9
u6382383,11
u6382841,9
u6383035,13
u6383442,16
u6383926,12
u6384145,13
u6384861,13
u6384970,9
u6385031,13
u6385077,17
u6385142,15
u6385773,17
u6385842,13
u6386176,8
u6386215,11
u6386356,10
u6387204,10
u6387572,15
u6387873,16
u6387878,14
u6388422,7
u6388545,25
u6389480,10
u6389601,17
u6389954,7
u639,10
u6390088,13
u6390262,6
u6390269,14
u6390352,20
u6390600,11
u6390654,24
u6391006,13
u6391434,14
u6391626,9
u6391648,11
u6391649,16
u6391678,13
u6391737,6
u6392129,13
u6392173,10
u6392470,19
u6392474,19
u6392563,12
u6392587,11
u6392893,12
u6393425,16
u6393754,9
u6393836,8
u6394296,14
u6394398,13
u6394497,9
u6394861,19
u6394877,12
u6395403,8
u6395583,13
u6395693,6
u6396173,10
u6396686,18
u6397223,19
u6398618,9
u6399026,8
u6399148,27
u6399665,15
u6400368,14
u6401386,12
u6401633,29
u6402329,14
u6402535,13
u6402565,16
u6402729,9
u6403317,14
u6403393,9
u6403513,36
u6404574,21
u6406099,7
u6407523,17
u6407637,12
u6407923,9
u6407958,12
u6407979,8
u6408044,9
u6408092,17
u6408101,23
u6408199,8
u6408218,7
u6408223,11
u6408271,31
u6408919,18
u6409185,8
u6409438,24
u6411718,13
u6412081,14
u6412604,10
u6412994,9
u6413153,12
u6413532,11
u6413744,24
u6413771,17
u6413797,7
u6413977,11
u6414008,8
u6414285,10
u6414768,16
u6415025,8
u6415870,8
u6415886,14
u6416208,10
u6416509,14
u6416597,11
u6416719,13
u6417577,11
u6417894,9
u6417981,12
u6418089,11
u6418165,16
u6418228,9
u6418308,10
u6418454,9
u6418571,11
u6418724,14
u6418725,10
u6418727,12
u6418882,10
u641897,10
u6418979,8
u6419199,9
u6419202,10
u6419317,10
u6419504,8
u6419816,11
u6419864,13
u6419941,7
u6420017,10
u6420048,15
u6420128,10
u6420313,18
u6420371,11
u6420392,19
u6420470,10
u6420532,12
u6420753,14
u6420865,14
u6420889,10
u6420892,25
u6421708,13
u6422042,12
u6422060,16
u6422134,9
u6422210,27
u6422216,12
u6422309,10
u6422594,15
u6422801,11
u6422863,11
u6423141,8
u6423574,7
u6424187,9
u6424199,11
u6424279,12
u6424631,23
u6425058,10
u6425366,12
u6426920,15
u6427275,12
u6427977,12
u6428190,16
u6428202,16
u6428583,21
u6428630,8
u6429272,14
u6429919,13
u6430208,17
u6430355,12
u6430696,11
u6430977,18
u6431755,8
u6431804,17
u6431820,17
u6432259,13
u6432518,13
u6432595,9
u6432994,45
u6433460,10
u6433688,16
u6433907,8
u6434586,10
u6435073,9
u6435129,11
u6435730,9
u6436185,30
u6436512,11
u6436993,15
u6437003,15
u6437410,9
u6437434,11
u6437495,17
u6437505,10
u6437846,9
u6438150,14
u6438307,13
u6438838,14
u6439373,18
u6439549,13
u6440650,10
u6441351,9
u6441374,8
u6441592,10
u6441823,11
u6442059,11
u6442660,17
u6442698,18
u6442921,14
u6442942,21
u6443063,16
u6443425,16
u6443675,7
u6444485,16
u6444515,16
u6444572,10
u6445485,11
u6445931,13
u6445947,12
u6446215,22
u6447218,13
u6447253,12
u6447441,13
u6448215,13
u6448665,30
u6448854,15
u6448885,12
u6449532,7
u6450031,14
u6450234,21
u6450269,11
u6450522,10
u6450620,12
u6450847,9
u6451105,14
u6451264,10
u6451956,11
u6452129,7
u645255,17
u6452552,7
u6452735,15
u6452776,15
u6453021,13
u6453247,9
u6453503,7
u6453575,11
u6453586,8
u6453930,19
u6453987,19
u6454041,31
u6454292,29
u6454358,15
u6454369,18
u6454744,15
u6454988,15
u6455373,18
u6455982,11
u6456197,15
u6456226,20
u6456608,12
u6456981,14
u6457527,11
u6458120,15
u6458627,8
u6458645,16
u6458659,9
u6459166,11
u6459424,11
u6460073,9
u6460228,11
u6460724,13
u6461551,10
u6461604,10
u6461680,16
u6462107,14
u6462515,14
u6462923,14
u6463329,12
u6463477,11
u6464009,9
u6464148,12
u6464225,10
u6464497,15
u6465222,8
u6465548,7
u6465925,10
u6465962,15
u6465977,17
u6466158,10
u6466423,10
u6467898,17
u6467936,8
u6468704,13
u6469622,19
u6469942,25
u6469952,13
u6470098,9
u6470215,19
u6470377,11
u6470382,35
u6470741,10
u6470978,20
u6471011,14
u6471224,10
u6471339,24
u6471425,11
u6471896,8
u6472029,13
u6472369,10
u6472797,12
u6475020,10
u6475146,15
u6475669,12
u6475762,13
u6476015,9
u6476911,9
u6477251,9
u6477516,8
u6478084,9
u6478560,10
u6478673,17
u6478756,13
u6478868,27
u6479130,18
u6479151,19
u6479807,17
u6480130,9
u6480318,14
u6480768,9
u6481605,23
u6481664,15
u6481809,9
u6482110,7
u6482172,14
u6482591,16
u6482627,14
u6482629,32
u6482659,15
u6482764,12
u6482930,13
u6483702,8
u6483942,12
u6484135,6
u6484851,10
u6486069,9
u6486107,15
u6486502,10
u6487336,16
u6487659,24
u6487759,10
u6487988,23
u6488452,12
u6488497,7
u6488799,12
u6489092,11
u6489872,13
u6490086,15
u6490140,20
u6490390,19
u6490608,12
u6490773,8
u6490815,21
u6491380,8
u6491586,12
u6491777,12
u6491860,8
u6492027,9
u6493112,9
u6493543,10
u6493612,12
u6493697,19
u649449,17
u6494495,9
u6494772,14
u6494890,13
u6494967,12
u6494996,9
u6495292,13
u6496305,14
u6496660,9
u6497427,14
u6497465,14
u6497659,17
u6497732,15
u6497860,29
u6497881,11
u6497972,13
u6497974,28
u6498028,15
u6498218,17
u6498548,8
u6498787,10
u6499648,8
u6499694,15
u6499752,10
u6500559,11
u6500959,23
u6501090,8
u6501095,9
u6502173,12
u6502180,22
u6502197,8
u6502208,25
u6502443,17
u650445,10
u6504889,14
u6505091,9
u6505144,7
u6505468,13
u6505898,11
u6506085,10
u6506355,15
u6506371,11
u6506963,15
u6507072,10
u6507256,9
u6507272,10
u6508058,25
u6508829,13
u6508978,12
u6508983,7
u6510494,19
u6510741,13
u6511561,10
u6511671,14
u6512047,11
u6512173,10
u6512461,8
u6513013,9
u6513017,8
u6514257,19
u6515648,18
u6515946,12
u6516054,13
u6516411,12
u6516508,9
u6516533,17
u6516623,12
u6516898,8
u6517235,11
u6517341,16
u6517459,9
u6517474,20
u6518048,19
u6518178,10
u6518184,24
u6518439,30
u6518496,9
u6518787,14
u6518865,7
u6518966,12
u6519756,15
u6520109,10
u6520620,20
u6520695,11
u6520936,11
u6521703,20
u6521995,11
u6522175,8
u6523203,13
u6523753,14
u6524006,20
u6524334,9
u6525075,19
u6525302,7
u6526467,13
u6526803,13
u6528755,14
u6528954,8
u6529482,7
u6529719,10
u6531363,7
u6531421,16
u6531718,8
u6532483,11
u6532596,12
u6532830,6
u6532845,14
u6532950,9
u6533143,7
u6533150,19
u6533524,8
u6533613,8
u6533688,9
u6533910,10
u6533961,17
u6534371,10
u6534560,12
u6535145,8
u6535398,7
u6535754,22
u6535779,10
u6536712,13
u6536775,11
u6537176,12
u6537180,19
u6537593,9
u6538823,15
u6538824,22
u6539163,15
u6539437,13
u6539441,10
u6539455,14
u6539505,12
u6539595,14
u6539965,7
u6540041,9
u6540158,14
u6540405,11
u6541334,7
u6541336,11
u6541499,12
u6541653,13
u6542324,15
u6543276,9
u6543317,14
u6544319,17
u6544415,12
u6544642,10
u6544712,7
u6545535,9
u6545807,9
u6545890,30
u6545905,10
u6546251,18
u6546294,20
u6546694,10
u6546709,20
u6547250,13
u6548125,15
u6548876,8
u6548931,10
u6549073,9
u6549839,12
u6550305,17
u6550654,14
u6550670,14
u6550692,18
u6551107,13
u6551123,11
u6551698,11
u6552137,13
u6552272,9
u6552312,15
u6552314,15
u6552510,17
u6552678,12
u6552835,17
u6552929,15
u6552993,9
u6553326,8
u6553354,17
u6553674,12
u6553712,14
u6553811,10
u6553993,10
u6554046,16
u6554344,7
u6554396,8
u6554547,41
u6554705,13
u6554819,6
u6555081,12
u6555164,26
u6555255,10
u6555641,17
u6555785,8
u6555998,15
u6556296,7
u6557455,20
u6557804,10
u6558044,24
u6558181,10
u6558427,25
u6558482,9
u6558669,10
u6559314,17
u6559498,11
u6559527,15
u6559798,17
u6560981,12
u6561231,15
u6561259,12
u6561261,11
u6561402,14
u6562211,8
u6562526,13
u6562530,13
u6562592,11
u6562726,9
u6562787,9
u656286,10
u6563092,12
u6563251,12
u6563402,9
u6563445,23
u6563717,10
u6564543,10
u6564906,15
u6565054,10
u6565335,14
u6565362,12
u6566138,11
u6566485,20
u6566728,11
u6566798,10
u6566853,14
u6567963,16
u6568220,25
u6568441,12
u6568652,9
u6568731,15
u6569837,15
u6569855,12
u6569869,18
u6569906,20
u6570321,11
u6570863,12
u6571001,9
u6571714,13
u6571738,15
u6571923,9
u6572471,8
u6572524,9
u6572848,22
u6573025,19
u6573794,20
u6574040,12
u6574621,13
u6575063,20
u6575130,7
u6575243,20
u6575509,13
u6575897,7
u6575951,13
u6576081,9
u6576780,8
u6576835,12
u6577035,17
u6577249,9
u6577253,6
u6577972,13
u6578082,11
u6579441,12
u6579614,10
u6579979,11
u6580069,14
u6582562,6
u6582979,11
u6583426,13
u6583855,9
u6583923,12
u6584182,16
u6585165,13
u6585289,14
u6585523,15
u6585604,11
u6586837,11
u6587686,8
u6587841,19
u6588259,7
u6588703,16
u6588961,7
u6589318,13
u6589940,11
u6590047,11
u6590767,8
u6590780,7
u6592384,21
u6594093,12
u6594105,12
u6594188,6
u6594412,13
u659449,9
u6595073,12
u6595424,13
u6595849,11
u6595861,14
u6596119,12
u6596148,21
u6596553,9
u6596973,17
u6597729,9
u6597967,37
u6598433,21
u6598805,13
u6599153,10
u6599980,17
u6600224,13
u6600406,14
u6602303,14
u6603489,8
u6603878,17
u6603908,19
u6604052,12
u6604059,14
u6604395,15
u6604482,13
u6604646,18
u6604799,11
u6604822,25
u6604900,12
u6605728,7
u6606508,15
u6606736,15
u6606756,14
u6607553,18
u6607740,10
u6608547,13
u6608599,14
u6608818,15
u660950,8
u6609504,10
u6609850,13
u6610592,11
u6610791,13
u6610954,22
u6611858,13
u6611995,14
u6612298,11
u6612385,14
u6612496,13
u6612538,8
u6612847,8
u6613442,11
u6613783,11
u6614240,29
u661437,10
u6614909,9
u6615274,7
u6615677,16
u6615678,9
u6616091,11
u6616503,17
u6617196,22
u6617385,12
u6617542,16
u6617761,12
u6618065,12
u6618077,11
u6618161,12
u6618183,8
u6618210,11
u6618253,14
u6618976,11
u6619272,9
u6619345,10
u6619980,15
u6620544,9
u6620839,24
u6621118,15
u6621787,8
u6621812,13
u6622524,10
u6622618,27
u6622706,15
u6622970,18
u6623376,15
u6623437,14
u6623796,11
u6624575,19
u6624760,9
u6625212,11
u6625384,27
u6625457,12
u6625848,14
u6625894,15
u6626224,13
u6626341,14
u6626854,8
u6627318,10
u6627373,7
u6627963,21
u6627965,11
u6628354,14
u6628386,9
u6629587,11
u6629591,13
u6629665,14
u6629691,17
u6630557,15
u6630745,19
u6631207,14
u6631338,9
u6631501,12
u6631590,28
u6632181,12
u6632226,15
u6632648,9
u6632852,15
u6632942,11
u6633027,20
u6633030,11
u6633362,17
u6634972,16
u6635167,13
u6635342,10
u6636110,13
u6637233,18
u6638294,11
u6638819,12
u6638823,13
u6639183,8
u6639248,11
u6639453,17
u6639706,9
u6640249,9
u6640321,12
u6640420,8
u6640440,11
u6641865,11
u6642585,11
u6642785,9
u6642989,14
u6642999,22
u6643468,7
u6643571,14
u6643674,17
u6643906,25
u6645390,13
u6645417,11
u6645607,8
u6645747,12
u6646479,11
u6647608,14
u6647887,18
u6648916,9
u6649188,21
u6649514,16
u6649614,12
u6649643,13
u6649659,22
u6649762,27
u6650063,10
u6650145,9
u6650167,23
u6651264,25
u6651292,10
u6651316,14
u6651362,8
u6651545,12
u6652254,15
u6652343,12
u6653077,12
u6653106,9
u665314,8
u6653897,11
u6654491,24
u665507,12
u6655261,15
u6655402,20
u6655474,9
u6655826,9
u6655841,14
u6655846,19
u6655951,11
u6656323,9
u6656456,11
u6656753,8
u6657573,19
u6657645,9
u6657913,8
u6658686,9
u6658913,10
u6658923,8
u6659359,9
u6659443,12
u6659534,22
u6659670,9
u6660241,9
u6660349,13
u6660661,9
u6660931,11
u6661004,9
u6661489,20
u6661941,10
u6662064,10
u6662136,13
u6662886,9
u6663907,12
u6664253,12
u6664960,11
u6665129,17
u6665347,12
u6665802,7
u6665944,9
u6666394,13
u6667151,20
u6667460,12
u6667573,9
u6667577,9
u6669281,9
u6669301,13
u6669661,9
u6669687,12
u6670073,19
u6670251,13
u6670505,6
u6670618,12
u6670801,14
u6670858,14
u6671182,24
u6672195,11
u6673662,20
u6674349,17
u6674960,27
u667503,7
u6675128,16
u6675160,7
u6675901,9
u6676381,11
u6676668,10
u6676693,8
u6676891,11
u6677305,7
u6677399,11
u6677826,17
u6678564,8
u6679971,14
u6680430,22
u6680681,8
u6681333,22
u6681805,13
u6682579,43
u6682806,8
u6683365,16
u6684806,8
u6684998,15
u6685047,7
u6685404,11
u6685508,16
u6686029,8
u6686330,13
u6686331,8
u6686737,19
u6686883,14
u6687211,10
u6687238,17
u6687262,9
u6687539,11
u6688009,38
u6688105,11
u6688247,8
u6688457,12
u6688527,21
u6689348,13
u6690470,10
u6691039,14
u6691163,16
u6691718,8
u6691733,28
u6692765,11
u6692793,12
u6693235,22
u6693278,6
u6693297,18
u6693323,8
u6694458,21
u6694490,8
u6694669,11
u6694793,11
u6695015,9
u6695185,13
u6695359,19
u6695717,14
u6695731,23
u6696080,13
u6696378,10
u6698039,10
u6699291,18
u6699346,15
u6700225,25
u6701027,9
u6701190,9
u6701251,7
u6701255,8
u6701576,11
u6701636,9
u6702224,8
u6702278,29
u6702527,11
u6702558,14
u6702698,17
u6702750,19
u6702838,9
u6702985,23
u6704259,8
u6704470,14
u6704764,23
u6704830,9
u6705259,10
u6705463,25
u6705670,12
u6706406,14
u6707057,9
u6707760,12
u6707850,12
u6708259,14
u6708519,7
u6708526,13
u6708644,23
u6708796,12
u6708850,10
u6709092,11
u6709218,32
u6709294,12
u6709715,14
u6709834,9
u6710373,7
u6710619,13
u6710661,11
u6710696,18
u6710701,27
u6711225,7
u6712111,10
u6712143,17
u6712274,13
u6712312,21
u6712633,15
u6712712,8
u6713945,12
u6714144,12
u6714554,11
u6714899,17
u6715333,10
u6715441,13
u6715643,9
u6715757,11
u6715899,22
u6717202,18
u6717297,32
u6718132,14
u6718585,8
u6718641,16
u6718938,9
u6719447,18
u6719621,9
u6719714,11
u6719783,12
u6719820,13
u6720212,9
u6720365,12
u6720698,11
u6720750,13
u6721271,12
u6721765,50
u6721886,13
u6722619,8
u6722737,10
u6722855,10
u6722866,13
u6723626,8
u6723627,14
u6723973,15
u6724608,12
u6724713,9
u6724781,7
u6725100,11
u6725670,17
u6725815,9
u6726203,21
u6726439,13
u6726587,17
u6726591,11
u6726847,17
u6727067,29
u6727525,9
u6727941,10
u6728200,9
u6728211,9
u6728726,18
u6728895,19
u6729006,12
u6729059,11
u6729159,11
u6729238,10
u6729528,18
u6730185,7
u6730213,19
u6730497,9
u6732329,16
u6733362,9
u6734026,13
u6734027,12
u6734326,15
u6734571,10
u6734614,12
u6734714,7
u6734775,13
u6735012,11
u6735094,6
u6735189,12
u6735498,13
u6735653,13
u6735951,15
u6736297,10
u6736464,7
u6736615,13
u6736695,17
u6737051,9
u6738004,13
u6738394,25
u6738408,9
u6738452,12
u6739120,8
u6739735,12
u6739875,7
u6741146,9
u6741449,10
u6741837,13
u6742113,12
u6742583,7
u6742792,7
u6742971,19
u6743811,15
u6744054,11
u6744201,9
u6744362,14
u6744640,8
u6744734,15
u6745978,29
u6746019,14
u6747293,8
u6747377,12
u6747489,23
u6748380,9
u6748554,9
u6748867,38
u6749351,11
u6749510,13
u6750228,15
u6750407,7
u6750504,16
u6750585,7
u6751200,8
u6751998,9
u6752869,10
u6754099,13
u6754575,18
u6754719,9
u6755359,20
u6755508,7
u6755967,11
u6756250,14
u6756832,10
u6757034,14
u6757257,7
u6757346,27
u6757407,16
u6757541,10
u6757801,15
u6758759,9
u6758866,10
u6760446,7
u6760961,10
u6761464,11
u6761639,13
u6761941,9
u6762426,16
u6762655,6
u6762757,14
u6763083,11
u6763101,17
u6763633,16
u6763718,15
u6763830,10
u6763917,17
u6764059,12
u6764696,21
u6764770,10
u6765106,7
u6765359,7
u6765399,8
u6765405,13
u6765609,7
u6765908,12
u6765980,12
u6766006,25
u6766009,20
u6766146,9
u6766199,20
u6766605,10
u6766893,21
u6767234,7
u6767259,11
u6767413,9
u6767588,27
u6767669,8
u6767698,9
u6768249,11
u6768303,27
u676900,6
u6769106,12
u6769195,13
u6769227,8
u6769321,21
u6769520,11
u6769583,10
u6769969,10
u6770103,14
u6770453,6
u6770656,14
u6770707,20
u6770791,8
u6771325,12
u6771750,25
u6772259,13
u6772347,12
u6772569,12
u6773326,23
u6773566,10
u6773654,12
u6776842,18
u6776849,9
u677745,9
u6777604,12
u6778579,16
u6778688,19
u6778932,10
u6779024,11
u6779425,21
u6779905,17
u6780797,14
u6781325,11
u6781382,9
u6781420,7
u6782000,6
u6782884,25
u6783204,9
u6783230,7
u6783311,9
u6783735,14
u6784173,12
u6784563,9
u6784657,24
u6784720,11
u6784856,12
u6785127,10
u6785352,15
u6785481,17
u6785912,9
u6785979,8
u6786019,12
u6786075,14
u6786230,15
u6786707,15
u6786784,8
u6787021,13
u6787108,11
u6787710,10
u6788147,13
u6788161,7
u6788821,22
u6789631,19
u6789705,10
u6789791,12
u6790379,10
u6790536,17
u6790858,9
u6790860,11
u6791103,21
u6791505,18
u6791871,21
u6793544,6
u6793620,8
u6793980,15
u6794193,6
u6794428,10
u6794467,13
u6794667,8
u6794789,12
u679496,7
u6795089,9
u6795191,14
u6795278,19
u6795663,18
u6795817,11
u6796111,12
u6796494,10
u6796682,11
u6796792,15
u6796873,17
u6797046,20
u6797822,9
u6797914,14
u6797963,17
u6797990,7
u6798063,12
u6798221,15
u6798223,6
u6798352,28
u6798417,11
u6799806,10
u6799850,8
u6800100,7
u6800401,11
u6800694,9
u6800701,15
u6800715,12
u6800794,8
u6801354,16
u6801412,13
u6801884,11
u6802378,9
u680243,7
u6803743,13
u6804026,15
u6804185,10
u6804333,11
u6804424,9
u6804458,14
u6804530,12
u6804669,12
u6806862,15
u6808644,12
u6809073,20
u6809211,14
u6809962,17
u6810229,7
u6810966,13
u6811935,10
u6812134,8
u6812643,13
u6812844,10
u6813004,12
u6813346,8
u6813680,16
u6813915,8
u6815468,17
u6817513,14
u6817697,11
u6817851,8
u6817968,9
u6818503,18
u6818566,13
u6818864,14
u6819217,9
u6819258,22
u6819700,9
u6819713,13
u6820198,11
u6820389,20
u6820529,19
u6820579,7
u6821703,13
u6822021,9
u6822853,12
u6823099,12
u6823107,14
u682423,9
u6824576,12
u6824602,13
u6824873,19
u6824937,11
u6824969,8
u6825208,9
u6825275,11
u6825377,15
u6826312,8
u6826362,14
u6826368,10
u6826641,26
u6826646,7
u6826716,10
u6826805,16
u6826815,13
u6827092,7
u6828608,19
u6828733,10
u6829002,13
u6829338,17
u6829418,8
u6829500,15
u6829857,16
u6830093,13
u6830525,13
u6830681,10
u6830766,10
u6830918,7
u6830935,9
u6830982,17
u6831114,21
u6831156,19
u6831238,12
u6831365,18
u6831666,9
u6832904,9
u6833154,11
u6833175,8
u6833429,15
u683372,9
u6833942,14
u6834193,17
u6835126,15
u6836124,9
u6836182,9
u6837881,19
u6838328,12
u6838496,11
u6839492,12
u6839576,10
u6843250,9
u6843831,9
u6845153,10
u6845234,12
u6845269,10
u6845579,17
u6845932,15
u6845963,8
u6846485,8
u6846839,21
u6847128,20
u6847695,17
u6847767,11
u6847927,15
u6849170,18
u6850255,9
u6850289,11
u6850515,7
u6850630,9
u6850854,13
u6850976,21
u6851336,13
u6851404,10
u6852813,8
u6852863,13
u6852986,16
u6853134,26
u6853195,9
u6853432,13
u6853538,10
u6853673,16
u6853731,8
u6854056,10
u6854284,10
u6854304,12
u6854435,17
u6855408,10
u6855431,11
u6855625,10
u6856737,15
u6856790,7
u6857502,11
u6858118,26
u6858326,11
u6858808,10
u6858824,12
u6858944,11
u6859026,13
u6859098,9
u6859193,8
u6859269,14
u6859453,12
u6859593,11
u6859699,9
u6859831,8
u6859963,6
u6861568,12
u6861732,13
u6862184,10
u6862232,10
u6862463,22
u6862977,11
u6863162,9
u6863253,19
u6863297,11
u6863471,9
u6865162,18
u6866590,16
u6867309,10
u6867890,7
u6868021,11
u6868096,13
u6868803,9
u6869394,12
u6869401,14
u6869546,13
u6870442,15
u6870784,7
u6871009,13
u6871080,11
u6871165,17
u6871532,9
u6871911,19
u6872132,7
u6872992,9
u6873467,9
u6873711,16
u6873948,13
u6873995,10
u6874141,9
u6874198,11
u6874781,7
u6874793,17
u6875682,12
u6876259,12
u6876666,16
u6877237,10
u6877355,21
u6878976,38
u6879118,11
u6879169,13
u6879203,25
u6879758,14
u688089,13
u6881090,6
u6881529,28
u6882363,24
u6883152,12
u6883776,13
u6883963,14
u6884086,10
u6884659,6
u6884864,13
u6885414,11
u6885715,9
u6885947,8
u6886130,12
u6887574,13
u6888981,13
u6889026,12
u6889313,9
u6889319,6
u689047,7
u6890707,13
u6891372,15
u6891775,10
u6891853,7
u6892050,9
u6892191,8
u6892703,13
u6893208,8
u6893527,8
u6893738,13
u6894083,6
u6894514,13
u6894881,20
u6895451,10
u6895695,12
u6896013,10
u6896049,8
u6896688,9
u6896894,12
u6896989,14
u6897023,11
u6897520,9
u6897742,10
u6897806,9
u6897826,20
u6897849,39
u6899127,8
u6899252,7
u6899430,17
u6899910,25
u6902122,10
u6902125,13
u6902270,10
u6902677,12
u6903268,7
u6903432,9
u6904373,26
u6906196,14
u6906682,17
u6906998,7
u6907182,9
u6907896,12
u6907981,13
u6908030,11
u6908338,19
u6908349,9
u6908519,10
u6908584,10
u6908756,10
u6908795,10
u6908915,7
u6909117,24
u6909177,13
u690920,6
u6910001,11
u6910088,12
u6910362,8
u6910623,11
u6911427,16
u6912779,10
u6913112,12
u6913163,20
u6913314,8
u6913401,13
u6913501,12
u6913819,13
u6913898,9
u6914014,15
u6914507,12
u6914901,11
u6915568,10
u6915753,11
u6915986,9
u6916326,12
u6916748,7
u6916816,24
u6917205,13
u6917661,22
u6917815,13
u6917820,9
u6917824,10
u6918485,11
u6918571,13
u6919137,8
u6919516,14
u6919582,15
u6919713,22
u6919962,18
u6920151,15
u6921060,10
u6921082,17
u6921717,11
u6922081,10
u6922548,8
u6923732,12
u6924658,13
u6924851,8
u6925674,13
u6927162,7
u6927922,11
u6928671,9
u6928906,9
u6928936,14
u6929077,15
u6929111,9
u6930413,11
u6930796,11
u6931030,16
u6931409,8
u6931616,11
u6931715,13
u6932192,13
u6932441,7
u6932895,9
u6933075,10
u6933615,7
u6934866,18
u6934945,10
u6935285,12
u6936906,15
u6937457,14
u6937954,11
u6938452,10
u6938584,19
u6938636,9
u6940118,18
u6940122,8
u6940272,20
u6940392,11
u6941034,10
u6941714,27
u6942005,12
u6942007,14
u6942249,8
u6942558,10
u6942661,7
u6942686,8
u6942691,21
u6943085,13
u6943139,10
u6943502,14
u6944238,8
u6945616,11
u6945856,19
u6946755,11
u6946829,8
u6946860,15
u6947292,23
u6948051,17
u6948114,14
u6948340,18
u6948382,12
u6948510,9
u6948635,14
u6949118,17
u6949302,31
u6949362,14
u6949461,9
u6949482,17
u6950218,13
u6950498,13
u6950589,11
u6951509,17
u6951666,18
u6951705,11
u6951969,25
u6952068,8
u6952152,12
u6952158,9
u6952617,15
u6952713,12
u6952938,8
u6953056,11
u6953246,12
u6953441,8
u6953818,23
u6953848,14
u6955174,10
u6955537,16
u6956065,12
u6956146,6
u6956741,13
u6957343,10
u6957357,12
u6958481,10
u6958599,27
u6958620,12
u6958667,13
u6958921,7
u6959217,16
u6959476,27
u6959534,7
u6960507,18
u6961689,10
u6961945,14
u6962313,14
u6962733,16
u6962742,14
u6963657,16
u6964413,13
u6965522,13
u6966138,11
u6966232,13
u6966689,9
u6966739,12
u6966800,17
u6966805,11
u6966830,11
u6966843,11
u6966862,17
u6966919,13
u6967777,8
u6968267,9
u6969052,11
u6969360,11
u6970338,13
u6970455,12
u6972001,10
u6973174,11
u6973784,14
u6974332,12
u6974925,11
u6975006,7
u6975052,18
u6975099,11
u6975143,23
u6975371,17
u6975533,19
u6975862,11
u6975898,15
u6978425,20
u6978480,10
u6978713,12
u6978821,7
u6979207,12
u6979358,12
u6980525,11
u6981024,10
u6981655,9
u6982252,27
u6982816,10
u6983222,11
u6985175,9
u6985516,10
u6985564,11
u6986545,11
u6986601,27
u6989007,10
u6990400,7
u6990540,7
u6990677,9
u6991108,9
u6991988,13
u6992717,13
u6993161,14
u6993335,12
u6993531,8
u6994218,9
u6994282,10
u6995759,7
u6996368,14
u6996431,9
u6996441,23
u6996664,22
u6996825,9
u6997141,11
u6997210,10
u6997420,10
u6998553,17
u6998629,10
u6998719,11
u6998994,14
u6999314,10
u7000608,12
u7001158,12
u7002186,12
u7002395,11
u7002516,14
u7004796,8
u7005142,11
u7005911,11
u7006395,15
u7006442,10
u7006563,9
u7007452,16
u7008054,11
u7008908,15
u7008968,16
u7009055,23
u7009352,6
u7009916,9
u7009986,25
u7010123,13
u7010205,7
u7010219,10
u7010567,7
u7010675,12
u7012708,17
u7013138,17
u7013279,14
u7013404,20
u7013408,11
u7013491,25
u7013716,12
u7014272,11
u7014287,10
u7014390,16
u7014480,7
u7014488,29
u7015367,13
u7016062,9
u7016644,14
u7016982,9
u7017561,10
u7018033,11
u7018860,19
u7018870,7
u7018950,13
u7019170,18
u7019224,14
u7019804,18
u7019888,16
u7020120,25
u7020582,16
u7020896,8
u7021928,9
u7022399,10
u7022407,9
u7022545,7
u7022724,12
u7022953,9
u7022961,18
u7023234,10
u7023424,8
u7023925,7
u7024370,27
u7025290,25
u7026279,7
u7026597,15
u7026789,9
u7027002,15
u7027232,11
u7027694,22
u7027821,7
u7027858,10
u7028254,12
u7028306,19
u7028655,10
u7028773,17
u7028958,14
u702914,7
u7030853,14
u7030994,9
u7031097,10
u7031203,14
u7031924,9
u7032503,12
u7033596,14
u7034096,10
u7034413,30
u7034726,10
u7035965,9
u7036068,25
u7036119,9
u7036469,8
u7037214,9
u7037562,14
u7037569,15
u7037684,16
u7037825,12
u7037903,13
u7038198,13
u7039584,10
u7039662,12
u7039917,7
u7040965,10
u7041427,13
u7041430,14
u7041478,13
u7042062,8
u7043170,13
u7043345,11
u7043874,10
u7044345,11
u7044397,8
u7044488,8
u7044640,13
u7045317,10
u7045935,12
u7046205,12
u7046702,10
u7046969,13
u7047244,10
u7047395,8
u7047622,12
u7048650,9
u7048747,16
u7049058,8
u7049108,9
u7049285,14
u7049403,7
u7049839,11
u7050031,14
u7050464,8
u7051217,11
u7051646,10
u7052285,18
u7052319,11
u7052941,8
u7053987,8
u7053988,13
u7054207,9
u7054569,15
u7055039,12
u7055046,7
u7055083,30
u7055195,13
u7055780,13
u7055785,9
u7055913,11
u7056069,20
u7056579,7
u7056629,10
u7057006,18
u7057118,9
u7057132,17
u7057579,8
u7058496,8
u7058989,8
u7059120,14
u7059335,14
u7059575,9
u7059585,8
u7059726,15
u7061058,8
u7061365,11
u7061843,9
u7062673,12
u706290,9
u7063400,14
u7066019,9
u7066314,12
u7066884,11
u7067207,25
u7067286,8
u7067886,8
u7068138,10
u7068150,14
u7068217,21
u7068440,12
u7068535,10
u7069003,10
u7070439,17
u7070606,12
u7070659,11
u7070841,14
u7070893,7
u7071613,15
u7071855,22
u7072022,13
u7072454,13
u7072543,15
u7072596,12
u7072671,13
u7073991,19
u7074326,8
u7074877,13
u7075241,11
u7075640,9
u7075862,10
u7076779,16
u7077873,10
u7078165,34
u7079060,10
u7079084,17
u707941,8
u7079704,14
u7079877,23
u7080047,9
u7080132,20
u7080427,8
u7080741,10
u7082183,16
u7082220,17
u7083065,6
u7083820,17
u7083930,10
u7084181,11
u7084643,11
u7084888,10
u7084936,34
u7084979,17
u7085177,13
u7086157,7
u7086354,12
u7086802,15
u7086848,11
u7087225,20
u7087288,10
u7087446,19
u7087631,10
u7088050,15
u708808,14
u7088469,20
u7090086,16
u7091575,10
u7091599,8
u7091788,11
u7092042,8
u7092092,10
u7092124,10
u7092270,10
u7092573,9
u7092719,12
u7093502,19
u7093682,9
u7094010,12
u7094027,25
u7094708,15
u7095,10
u7095701,20
u7096853,7
u7097301,14
u7098200,10
u7099184,8
u7099491,15
u7099606,11
u71,9
u7101031,9
u7101051,8
u7101192,7
u7101819,10
u7102096,17
u7102270,10
u7102705,15
u7102774,12
u7103739,9
u7104566,8
u7104975,8
u7104981,25
u7105082,11
u7105086,10
u7105148,14
u7105154,9
u7105673,13
u7105802,9
u7105906,16
u7106640,10
u7107191,6
u7107837,14
u7107884,7
u7108230,19
u7108317,12
u7108421,10
u7109276,16
u7110831,14
u7111963,19
u7112613,12
u7113033,14
u7113619,9
u7113726,18
u7113857,14
u7114273,10
u7114480,16
u7114794,12
u7115204,11
u7115472,10
u7115674,10
u7115704,19
u7115762,26
u7116054,12
u7116190,12
u7116231,6
u7116479,11
u7116987,12
u7117445,9
u7117600,11
u7117960,17
u7118281,13
u7118376,25
u7118827,14
u7119,33
u7119254,15
u7119723,9
u7119849,9
u7121625,11
u7121910,13
u7122717,10
u7122885,11
u7123292,26
u7123486,9
u7123508,7
u7123767,9
u7124215,10
u7126670,11
u7127030,19
u7127050,14
u7127475,15
u7127476,23
u7128928,23
u7129031,6
u7129195,14
u7129880,11
u7130631,21
u7131072,27
u7132261,9
u7132531,11
u7132834,9
u7133086,10
u7133222,8
u7133688,9
u713384,11
u7133873,21
u7134620,10
u7135143,13
u7135159,16
u7135261,11
u7135420,13
u7135493,14
u7135701,8
u7135803,6
u7136063,10
u7136911,25
u7137461,15
u7137514,9
u7137608,14
u7138657,10
u7138799,11
u7140693,8
u7140709,11
u7141043,15
u7141271,10
u7141405,34
u7141762,23
u7141982,8
u7142127,11
u7142295,10
u7142479,16
u7142520,10
u7142661,7
u7143158,26
u7143235,6
u7144494,12
u7145152,20
u7146615,12
u7147629,8
u7148125,12
u7148874,8
u7149065,11
u7149168,9
u7149371,12
u7149519,12
u7149728,17
u7150060,9
u7150589,10
u7151019,8
u7152332,11
u7152372,18
u7153332,13
u7153366,8
u7153620,10
u7153704,12
u7154519,23
u7154598,16
u7156326,12
u7157793,11
u7160275,9
u7161438,10
u7162035,14
u7163359,19
u7163802,11
u7164361,14
u7164408,16
u7164763,13
u7165178,17
u7165235,16
u7165988,28
u7166360,13
u7166640,27
u7167,10
u7167110,11
u7167644,8
u7167965,11
u7168371,22
u7168951,9
u7168968,12
u7169131,15
u7169303,12
u7169346,7
u7170293,16
u7171131,13
u7171200,11
u7171485,17
u7171700,15
u7172351,10
u7172560,8
u7173599,11
u7173733,6
u7173849,8
u7174273,14
u7174445,14
u7174726,14
u7175108,26
u7176405,9
u7178962,13
u7179603,8
u7180038,15
u7180362,10
u7181038,14
u7181364,10
u7181402,10
u7181776,15
u7181970,19
u7182132,12
u7182392,14
u7183350,7
u7183354,10
u7183383,11
u7183475,13
u7184100,13
u7184913,10
u7185151,26
u7185190,13
u7185302,14
u7185409,10
u7186643,8
u7187139,14
u7187471,11
u7187608,12
u718853,11
u7188800,12
u7189695,11
u7190053,15
u7190522,15
u719059,15
u7190998,57
u7191183,39
u7192157,9
u7192180,23
u7194023,11
u7194079,10
u7195017,10
u7195387,10
u7196627,18
u7196778,7
u7197168,13
u7197261,13
u7198927,23
u7198971,14
u7199557,13
u7201110,7
u7201136,13
u7201213,9
u7202554,11
u7202696,15
u7202773,9
u7203242,20
u7203252,11
u7203726,14
u7204073,8
u7204718,15
u7205642,13
u7205711,22
u7206238,9
u7206267,13
u7206998,12
u7207031,19
u7207078,11
u7208015,11
u7208197,10
u7208631,13
u7208903,11
u7209172,7
u7209336,9
u7209593,11
u7209714,9
u7210090,10
u7210137,12
u7211923,10
u7212258,15
u7212263,24
u7213286,17
u7214027,17
u7214183,12
u7214314,11
u7215104,15
u7215354,11
u7215673,54
u7218092,11
u7218856,13
u7219145,15
u7219640,12
u722,13
u7220976,27
u7222046,13
u7222324,13
u7222692,7
u7224121,13
u7224618,8
u7225101,13
u7225473,9
u7226158,9
u7227529,8
u7228436,9
u7228803,16
u7229185,7
u7229901,12
u7230685,9
u7230960,13
u7230988,9
u7232263,8
u7232343,9
u7233002,11
u7233185,8
u7233543,12
u7234101,10
u7234775,9
u7235307,9
u7235359,11
u7235732,9
u7236716,13
u7238,11
u7238534,11
u7239165,7
u7239215,10
u7239497,12
u7239505,8
u724028,15
u7240570,16
u7240811,14
u7241212,13
u7241261,15
u7241423,10
u7241509,14
u7241690,9
u7242162,11
u7242514,13
u7243511,11
u7243661,16
u7243884,13
u7243948,15
u7244072,10
u7244695,8
u7244880,8
u7245050,13
u7245119,10
u7245178,10
u7245338,27
u7245691,16
u7246032,7
u7247344,8
u7248411,11
u7248509,9
u7248660,14
u7248667,12
u7248757,12
u7249051,10
u7249197,17
u7249219,15
u7249905,12
u7250469,10
u7250712,9
u7250889,11
u7251442,11
u7251543,9
u7251570,11
u7251675,8
u7251947,15
u7251956,16
u7252212,10
u7252262,10
u7252977,10
u7253001,10
u7253343,7
u7253434,14
u7253648,11
u7253739,11
u7253952,14
u7254567,13
u7254735,15
u7254777,16
u7255097,7
u7256315,9
u7256543,23
u7256741,12
u7256883,7
u7258,26
u7258362,7
u7258890,7
u7261263,14
u7261978,8
u7262539,13
u7262877,11
u7263505,11
u7264490,7
u7265308,20
u7265490,15
u7265750,9
u7265852,9
u7266136,21
u7266904,8
u7268462,18
u7268887,20
u7269652,30
u7270707,13
u7271260,30
u7272934,12
u7273074,10
u7273284,10
u7273628,11
u7274966,20
u7275200,13
u7275463,8
u7275618,11
u7276246,13
u7276627,17
u7276934,9
u7277318,9
u7277818,16
u7277829,8
u7278176,9
u7279704,23
u7279755,8
u7280078,9
u7280252,15
u7280407,10
u7280741,16
u7281507,13
u7281936,11
u7281986,25
u7282141,9
u7284124,11
u7284576,11
u7284914,7
u7284953,12
u7285845,11
u7286510,7
u7288131,10
u7288699,7
u7288839,15
u7288931,9
u7289151,14
u7289314,15
u7289694,11
u7289807,15
u7290025,7
u7290280,8
u7290484,8
u7290872,6
u7292408,17
u7293648,13
u7293677,18
u7296472,7
u7297135,8
u7298122,9
u7298180,12
u7298262,14
u7298492,10
u7298500,11
u7298815,24
u7299176,10
u7299284,15
u7299484,13
u7300539,11
u7301199,24
u7301578,12
u7301688,11
u7301769,12
u7302425,8
u7302533,7
u7302753,14
u7303017,12
u7303194,10
u7303233,14
u7303360,9
u7303375,11
u7303980,9
u7305252,15
u7306223,19
u7306503,24
u7306535,10
u7307396,12
u7307476,13
u7308989,15
u7309106,9
u7309136,11
u7309170,15
u7309765,18
u7310303,12
u7311164,20
u7311269,13
u7311890,23
u7311967,12
u7312100,7
u7312245,18
u7312489,10
u7312955,13
u7314,16
u7314021,10
u7314091,12
u7314244,21
u7314997,15
u7315357,8
u7315783,11
u7315810,15
u7316242,8
u7316559,10
u7317871,9
u7317948,11
u7318235,13
u7318931,15
u7319069,8
u7319235,16
u7319843,13
u7320083,12
u7320615,20
u7320900,17
u7321247,15
u7321543,15
u7321840,10
u7321958,11
u7321997,17
u7322274,12
u7323633,12
u7325863,12
u7325903,14
u7325985,27
u7326527,12
u7326593,14
u7326669,13
u7326839,12
u7327253,8
u7327866,9
u7327964,15
u7328166,10
u7328389,14
u7329847,11
u7330269,9
u7330599,14
u7331001,10
u7331343,16
u7331471,9
u7331674,11
u7331790,12
u7331849,31
u7332114,23
u7332673,7
u7334748,13
u7335144,20
u7335540,11
u7337061,11
u7337073,11
u7337130,8
u7337556,53
u7338910,12
u7339118,23
u7339149,8
u7339707,14
u7340101,15
u7340441,12
u7341256,10
u7342461,10
u7342657,15
u7342995,12
u7343026,13
u7343078,10
u7343199,11
u7343294,16
u7343605,14
u7344252,8
u7344882,10
u7345575,15
u7345888,11
u7346100,12
u7347409,7
u7347495,18
u7347889,9
u7348,26
u7348005,11
u7348321,16
u7348377,10
u7348605,8
u7348801,9
u7348808,15
u7349365,13
u7349923,13
u7350233,13
u7350400,6
u7350666,15
u7350986,7
u7351146,10
u7351352,11
u7351764,10
u7352408,11
u7352750,9
u7353184,16
u7353442,11
u7354235,11
u7354302,9
u7354352,9
u7355195,9
u7355551,12
u7355711,12
u7355949,11
u7356156,19
u7356501,18
u7356531,9
u7357262,10
u7357570,11
u7357903,21
u7358387,14
u7358520,16
u7358560,26
u7358684,15
u7358830,8
u7358890,18
u7359136,13
u7359760,16
u7360578,15
u7361120,11
u7361282,11
u7361641,7
u7361748,11
u7362519,6
u7363228,10
u7363652,12
u7363866,18
u7364052,32
u7364165,16
u7364272,7
u7365080,13
u7365323,11
u7365351,17
u7365456,9
u7365641,11
u7365756,22
u7365906,7
u7366169,10
u7367017,10
u7367034,8
u7369276,9
u7369354,11
u7370074,10
u7370144,13
u7370164,19
u7370624,13
u7371073,8
u7372218,10
u7372327,11
u7373049,9
u7373289,11
u7373387,15
u7373495,8
u7373497,13
u7376558,10
u7376559,29
u7376884,15
u7377039,9
u7377144,10
u7377568,13
u7378323,15
u7378587,14
u7379182,13
u7379230,16
u7379735,11
u7380059,17
u7380484,10
u7382555,12
u7382842,15
u7382971,20
u7383564,10
u7383767,10
u7383776,15
u7384947,17
u7385129,10
u7385201,11
u7385639,8
u7387844,10
u7388240,9
u7388432,9
u7389656,11
u7389862,9
u7390397,11
u7390486,10
u7390536,8
u7390977,18
u7391889,12
u7391897,15
u7393275,10
u7394148,9
u7397147,14
u7398253,12
u7398387,17
u7398692,13
u7398949,8
u7400142,11
u7400553,9
u7401051,13
u7401330,10
u7401481,30
u7401913,12
u7402374,9
u7402648,17
u7402920,13
u7403045,10
u7403309,17
u7404086,9
u7404108,11
u7404139,9
u7404216,8
u7404484,12
u7406182,12
u7406650,12
u7407174,20
u740730,8
u7407704,30
u7408217,18
u7408445,12
u740899,10
u7410184,29
u7410383,14
u7410653,11
u7410822,19
u7410906,10
u7410979,16
u7411165,14
u7411742,11
u7411792,10
u7411884,20
u7413175,10
u7413337,15
u7413588,20
u7414070,13
u7414124,23
u7414203,10
u7414502,11
u7415326,13
u7415333,13
u7415679,17
u7416204,13
u7416326,12
u7416488,10
u7417190,16
u7417461,14
u7419047,11
u7419595,16
u7420687,9
u7421094,8
u7421337,10
u7421355,20
u7421516,20
u7421613,9
u7421633,18
u7421749,11
u7421767,19
u7421802,10
u7422939,14
u7422958,14
u7424229,11
u7425022,12
u7425240,12
u7425430,14
u7425634,9
u7425728,11
u7425940,15
u7426349,9
u7426459,9
u7426611,17
u7426730,11
u7427412,10
u7427891,13
u7429058,13
u7429097,13
u7429940,10
u7429958,8
u7430771,13
u7431671,11
u7432237,13
u7432359,17
u7432524,11
u7432528,12
u7432979,18
u7432982,9
u7433243,13
u7433525,19
u7433964,11
u7434344,11
u7435016,11
u7435356,13
u7435372,11
u7435427,15
u7435578,11
u7436225,10
u7436510,8
u7436839,14
u7437088,16
u7437641,11
u7438994,15
u7439013,10
u7439072,15
u7439463,16
u7440030,7
u7440148,9
u7440301,12
u7440394,14
u7440640,13
u7440827,9
u7442513,11
u7443030,12
u7443629,11
u7443859,9
u7444166,13
u7444777,8
u7445796,9
u7448062,11
u7448488,11
u7448873,10
u7449034,35
u7451060,10
u7451305,9
u7454160,12
u7455674,13
u7455692,20
u7456754,11
u7457128,14
u7457671,8
u7457725,9
u745791,13
u7458147,14
u7458638,9
u7459408,12
u7459566,9
u7459839,11
u7459949,11
u7460353,10
u7460853,11
u7461054,14
u7461152,17
u7461232,8
u7463467,15
u7463868,15
u7464045,10
u7464182,12
u7464346,14
u7466753,20
u7466757,11
u7467332,7
u7467925,21
u7467926,12
u7468450,11
u7468623,14
u7470038,22
u7470189,6
u7470323,12
u7470334,11
u7470878,8
u7470896,14
u7470948,9
u7470971,18
u7471333,37
u7472118,12
u7472256,12
u7472433,15
u7473279,8
u7474178,9
u7474376,18
u7474561,11
u7475027,15
u7475474,12
u7475600,7
u7476019,13
u7476099,22
u7476211,7
u7476251,19
u7476391,11
u7476562,10
u7476842,35
u7476856,15
u7476901,9
u7477164,12
u7477274,11
u7477454,12
u7477519,17
u7477527,29
u7477703,18
u7477882,14
u7478200,12
u7478525,21
u7479059,10
u7479230,14
u7479232,10
u7479504,11
u7479514,12
u7480133,8
u7480240,7
u7481621,12
u7481662,7
u7482033,9
u7483537,25
u7483961,14
u7484164,14
u7484191,10
u7484299,14
u7484488,12
u7484660,12
u7484705,13
u7484741,13
u7484801,13
u7485646,8
u7485714,18
u7486347,17
u7486622,10
u7486664,10
u7487124,10
u7488515,10
u7490109,6
u7490138,7
u7490143,8
u7490776,16
u7491328,9
u7492093,10
u7493727,14
u7494203,11
u7494219,10
u7494222,10
u7494427,19
u7494499,11
u7494680,16
u7495064,16
u7495737,12
u7495995,13
u7496259,15
u7496383,7
u7496812,14
u7496960,16
u7497073,8
u7497435,13
u7497613,11
u7498607,9
u7499927,13
u7500674,11
u7500706,14
u7500853,12
u7502471,14
u7502498,13
u7502568,8
u7502631,8
u7502735,11
u7503322,13
u7503341,15
u7504097,10
u7504815,12
u7505294,9
u7505432,19
u7505815,10
u7505961,14
u7507233,10
u7507488,12
u7508087,15
u7508284,8
u7508371,8
u7508447,21
u7509402,19
u7509955,11
u7510143,12
u7510379,14
u7510701,16
u7511209,7
u7512240,13
u7514103,7
u7515163,10
u7515366,10
u7516389,12
u7516461,6
u7516965,11
u7518429,29
u7519654,11
u7519839,7
u7520500,16
u7520739,10
u7521347,10
u7521600,25
u7522085,12
u7522833,17
u7523678,11
u7524987,8
u7525615,12
u7525855,10
u7526120,16
u7526545,12
u7527526,19
u7529022,15
u7529198,9
u7529396,8
u7529419,18
u7529900,25
u7530564,15
u7531213,12
u7531310,9
u7531985,22
u7532611,11
u7532659,10
u7532855,9
u7532930,10
u7533517,14
u7534042,13
u7535516,11
u7537519,6
u7537966,17
u7538147,13
u7538385,15
u7539271,10
u7539682,11
u7540568,11
u7540622,17
u7542298,10
u7542795,16
u7543147,6
u7543997,12
u7545059,9
u7545206,13
u7546863,9
u7547721,19
u7548969,8
u7549494,11
u7551154,12
u7552260,13
u7552769,6
u7553030,14
u7553893,11
u7555567,9
u7556451,7
u7557294,15
u7557610,15
u7558398,15
u7558589,20
u7559339,9
u7559887,8
u7559893,13
u7560269,11
u7560307,12
u7560321,13
u7560650,9
u7560676,20
u7560755,20
u7561010,9
u7561175,9
u7561535,9
u7561622,9
u7562962,10
u7563106,10
u7563863,12
u7564271,8
u7564747,6
u7565072,13
u7565255,10
u7565976,18
u7566396,7
u7567133,14
u7567216,6
u7567229,11
u7567275,15
u7567507,19
u7567893,9
u7567954,11
u7568493,10
u7568857,11
u7568993,11
u7569276,19
u7570279,12
u7570831,14
u7571435,8
u7571640,9
u7571794,15
u7573212,16
u7574442,19
u7575592,47
u7575778,12
u7575913,14
u7575996,10
u7576126,16
u7576763,26
u7576963,21
u7577145,17
u7577226,13
u7577948,11
u7577960,11
u7578185,24
u7578208,10
u7578378,15
u7578445,18
u7579573,14
u7580168,13
u7580209,8
u7580288,11
u7583407,10
u7583527,12
u7583695,28
u7584266,15
u7584486,15
u7584976,10
u7585,96
u7585382,8
u7585654,12
u7586911,14
u7587415,9
u7588318,12
u7588399,7
u7588475,16
u7589180,31
u7590757,9
u7590985,10
u7591184,14
u7591761,14
u7595,35
u7595348,11
u7595835,17
u7596319,12
u7597459,12
u7597707,14
u7597826,9
u7598656,17
u7599538,10
u7600677,6
u7600697,14
u7600964,15
u7601935,7
u7601946,7
u7604769,9
u7605424,11
u7605575,16
u7605811,21
u7605892,11
u7606702,11
u7606853,11
u7607092,18
u7607291,8
u7607754,10
u7608707,13
u7608779,13
u7609120,16
u7609281,17
u7610304,12
u7610573,15
u7610673,11
u7611043,8
u7611546,8
u7613534,10
u7613767,39
u7614366,16
u7614441,13
u7617391,17
u7617590,12
u7618520,15
u7619391,10
u7619523,10
u7621127,7
u7621762,9
u7622542,8
u7622895,7
u7623771,13
u7624439,15
u7625036,18
u7625736,12
u7625845,10
u7625988,14
u7626989,13
u7627,43
u7627122,24
u7627265,11
u7627281,13
u7627768,14
u7629573,20
u7629672,10
u7631362,7
u7631375,10
u7631832,12
u7631849,13
u7632624,18
u7632649,13
u7633391,8
u7633736,8
u7633959,16
u7634479,9
u7636454,9
u7636512,9
u7636679,13
u7637143,13
u7637884,15
u7638182,16
u7638283,12
u7638428,11
u7639158,12
u7639292,8
u7639303,16
u7639336,13
u7639429,11
u7639464,10
u7639650,10
u7639891,11
u7640008,14
u7640162,10
u7640557,14
u7641913,9
u7642059,17
u7642440,18
u7642547,11
u7642756,9
u7642917,23
u7642954,17
u7643124,9
u7643532,6
u7643548,8
u7643724,9
u7644016,15
u7644266,9
u7644496,7
u7644500,7
u7644787,14
u7645040,14
u7645175,7
u7645583,11
u7645868,8
u7646154,7
u7646524,28
u7646619,16
u7648170,13
u7648414,15
u7649266,9
u7650070,7
u7651557,19
u7652123,14
u7652365,9
u7653255,11
u7654437,11
u7655220,8
u7655773,7
u7655779,10
u7656896,11
u7657366,16
u7657706,17
u7657879,9
u7661033,9
u7661546,6
u7662844,9
u7664191,11
u7664232,6
u7664434,14
u7664480,7
u7664534,11
u7664651,12
u7665210,16
u7665218,11
u7665637,15
u7665859,12
u7665948,12
u7665995,15
u7665999,14
u7666092,13
u7666980,18
u7667312,7
u7668352,9
u7668740,17
u7668837,8
u7669830,8
u7669936,14
u7670096,19
u7670560,14
u7670578,8
u7670763,11
u7671166,11
u7671384,24
u7671436,11
u7672135,8
u7672630,10
u7672710,10
u7672788,8
u7674119,12
u7675062,8
u7675063,15
u7675289,10
u7675786,10
u7675895,12
u7676296,9
u7676349,8
u7677601,12
u7678648,10
u7679497,23
u7680203,9
u7681230,19
u7683147,11
u7684276,29
u7684412,10
u7685214,10
u7685219,17
u7685603,10
u7686124,23
u7686279,14
u7687580,9
u7687757,12
u7688403,21
u7688513,22
u7688648,14
u7689160,11
u7689303,18
u7690184,13
u7690366,17
u7690655,10
u7690827,12
u7691516,11
u7692029,13
u7692417,9
u7693167,21
u7693337,10
u7694875,8
u7694911,12
u7695003,7
u7696147,12
u7697185,9
u7697876,17
u7698205,16
u7698227,15
u7699928,17
u7700214,14
u7700291,12
u7700581,12
u7700616,14
u7703803,27
u7705383,10
u7706013,9
u7706076,25
u7706141,7
u7706652,13
u7707174,7
u7707528,11
u7707809,11
u7708241,11
u7708380,10
u7710670,8
u7713301,11
u771353,12
u7714642,10
u7715,38
u7715646,8
u7716471,9
u7716571,17
u7716844,13
u7717491,20
u7717810,12
u7718504,11
u7719009,10
u7719301,12
u7720337,8
u7720771,10
u7720889,14
u7721600,12
u7724587,14
u7724783,19
u7724874,19
u7725428,16
u7725908,18
u7726742,9
u7726799,10
u7728358,21
u7730753,12
u7731227,11
u7731326,15
u7731441,15
u7732644,10
u7734851,12
u7734932,9
u7734974,9
u7736009,12
u7736684,16
u7736886,20
u7736919,7
u7737347,12
u7737447,11
u7737835,16
u7738896,9
u7740938,10
u7740992,15
u7740993,13
u7740998,11
u7741008,11
u7741075,21
u7742482,12
u7743128,11
u7743684,12
u7745759,9
u7745953,13
u7746396,9
u774655,7
u7747287,11
u7747591,8
u7747987,12
u7748163,11
u7748621,18
u7749482,9
u7750947,16
u7751097,13
u7751166,20
u7751488,10
u7751492,10
u7751637,14
u7751803,11
u7752184,19
u7753016,11
u7754300,9
u7754389,11
u7755172,12
u7758467,9
u7759179,14
u7759552,24
u7759575,12
u7759621,23
u7759642,13
u7759773,17
u7759802,11
u7759990,12
u7760,44
u7760004,14
u7760069,19
u7760406,30
u7760492,16
u7760598,11
u7760934,11
u7761574,12
u7761736,18
u7762117,11
u7762199,13
u7762250,15
u7762256,8
u7762267,14
u7762937,11
u7764579,17
u7765941,9
u7767129,16
u7767466,10
u7769085,13
u7769373,9
u7769995,16
u7770149,10
u7771059,11
u7771457,11
u7771594,11
u7772194,12
u7773350,25
u7775368,16
u7778091,15
u7779701,8
u7779939,19
u7780089,10
u7780437,9
u7780476,11
u7781065,10
u7782259,12
u7782286,18
u7782358,9
u7782859,17
u7782950,13
u7783369,18
u7783617,11
u7784153,7
u7785434,15
u7785813,15
u7785830,10
u7786168,21
u7786631,11
u7786760,14
u7787373,12
u7787559,9
u7788116,11
u7789263,12
u7790037,10
u7790517,9
u7790620,10
u7791,9
u7791931,11
u7792496,12
u7794313,8
u7794482,17
u7794494,12
u7795730,14
u7795807,11
u7795996,8
u7796851,11
u7797068,8
u7798146,17
u7798269,12
u7800030,22
u7800718,11
u7800987,17
u7801503,13
u7803030,8
u7803975,8
u7804884,10
u7805300,9
u7805829,12
u7806033,14
u7806504,21
u7806628,10
u7806789,11
u7807788,9
u7807857,6
u7809633,15
u7809940,19
u7810392,11
u7810523,18
u7811104,16
u7811115,13
u7811179,8
u7811298,14
u7811406,14
u7811542,12
u7811734,9
u7812073,7
u7812760,10
u7813439,12
u7813805,11
u7813893,24
u7814395,8
u7814510,8
u7814714,8
u7815498,13
u7815690,12
u7815738,14
u7815833,18
u7817096,6
u7817321,26
u7817407,11
u7817410,19
u7817644,9
u7819290,10
u7819495,8
u7819650,17
u7819857,12
u7820784,13
u7820820,13
u7820963,12
u7821189,19
u7821197,16
u7821674,9
u7821740,15
u7822683,7
u7822733,16
u7822783,11
u7823303,9
u7823427,10
u7824,46
u7824297,12
u7824533,15
u7824676,19
u7824952,8
u7825152,18
u7827227,19
u7827581,7
u7829147,20
u7830338,13
u7830368,18
u7830637,12
u7830680,9
u7830792,9
u7831610,10
u7832052,12
u7833856,8
u7835069,25
u7835681,11
u7838056,9
u7838320,10
u7838344,16
u7838358,26
u7838388,13
u7839035,11
u7839701,14
u7840227,23
u7840319,26
u7840721,20
u7841051,9
u7841151,13
u7842229,10
u7842830,11
u7842831,15
u7843072,11
u7843869,18
u7846028,12
u7846463,7
u7846533,11
u7846537,10
u7847108,13
u7847373,9
u7848014,11
u7848189,10
u7848954,16
u7850866,20
u7851196,12
u7851205,15
u7851399,19
u7851402,10
u7851441,11
u7851537,9
u7852003,11
u7852124,21
u7852235,12
u7852313,11
u7852903,14
u7853667,14
u7854,30
u7855098,10
u7856332,13
u7856723,18
u7856997,17
u7857847,14
u7858125,9
u7858246,9
u785878,13
u7859467,16
u7861101,10
u7861392,12
u7862250,10
u7862314,18
u7862350,18
u7863024,6
u7864219,12
u7865235,11
u7868,11
u7868015,11
u7868127,7
u7868315,11
u7868354,18
u7869160,14
u7869293,14
u7869555,15
u7870418,7
u7870683,14
u7871089,8
u7871427,7
u7871602,10
u7872354,9
u7872874,9
u7873198,14
u7873313,14
u7873630,9
u7874104,16
u7874271,26
u7874343,13
u7875608,10
u7875997,9
u7876212,12
u7876451,12
u7877004,11
u7877252,9
u7878085,6
u7878602,18
u7878742,17
u7878913,10
u7878916,19
u7879235,11
u7880097,13
u7880611,10
u7881296,13
u788159,8
u7881751,21
u7881831,12
u7881991,12
u7883191,11
u7883814,17
u7883826,16
u7884283,9
u7884308,11
u7884573,10
u7884650,12
u7884947,20
u7885320,12
u7885524,9
u7886140,8
u7886238,14
u7886869,10
u7886877,12
u7886976,16
u7887022,20
u7887267,21
u7887732,14
u7887798,13
u7888181,8
u7888297,12
u7888721,6
u7891988,10
u7892137,18
u7892332,8
u7892404,12
u7892537,14
u7893689,11
u7895806,18
u7896185,11
u7897442,11
u7897900,14
u7898160,10
u7898468,11
u7898800,13
u7899786,14
u7899905,12
u7900536,16
u7900958,13
u7901371,13
u7901857,8
u7902809,15
u7902991,10
u7903343,10
u7903931,12
u7904201,10
u7906319,12
u7906769,9
u7907005,16
u7907105,11
u7907283,12
u7908347,16
u7908653,21
u7908966,14
u7909411,8
u7910897,8
u7911078,8
u7911296,12
u7911883,10
u7912848,10
u7913597,30
u7913926,10
u7915213,8
u7916033,13
u7917038,12
u7917121,13
u7917589,15
u7918125,14
u7918192,12
u7919191,11
u7919325,15
u7920,12
u7921063,17
u7921364,18
u7921844,14
u7922874,10
u7923352,15
u7924622,8
u7924837,9
u7925465,7
u7925872,9
u7926498,7
u7927300,11
u7928353,19
u7928390,15
u7928628,10
u7928638,10
u7929206,12
u7929239,13
u7929456,10
u7929556,13
u7929956,12
u7930586,9
u7930703,14
u7931900,6
u7932105,15
u7932953,13
u7933866,18
u7935448,8
u7935592,25
u7935770,16
u7936839,11
u7937699,10
u7938560,17
u7939705,12
u7939746,15
u7940432,11
u7941042,9
u7941085,10
u7944340,9
u7945559,11
u7945886,12
u7946413,27
u7948067,13
u7948409,14
u794868,12
u7948883,12
u7949469,11
u7950313,14
u7951977,15
u7952047,8
u7953802,12
u7954384,14
u7954432,11
u7954841,9
u7954874,14
u7954910,10
u7955155,17
u7955572,20
u7956949,9
u7957087,12
u7957411,17
u7957430,11
u7957624,9
u7958167,20
u7958382,13
u7958605,11
u7958970,14
u7959367,20
u7960,12
u7960008,10
u7960432,9
u7960558,11
u7961863,13
u7962502,8
u7963147,11
u7963587,11
u7963798,14
u7963985,19
u7965427,14
u7965706,11
u7965933,11
u7967097,10
u7968632,10
u7968713,11
u7968826,7
u7968959,16
u7969191,6
u7969290,20
u7969677,11
u7970288,20
u7970978,17
u7972055,9
u7974217,12
u7974256,16
u7974544,17
u7974956,15
u7976150,12
u7976173,7
u7976765,12
u7977403,10
u7979752,11
u7981726,13
u7981856,15
u7981976,11
u7982031,12
u7984022,10
u7985358,21
u7985798,8
u7986075,11
u7986119,10
u7987,18
u7987001,10
u7987710,16
u7987783,34
u7988771,9
u7989490,15
u7990585,11
u7991768,13
u7992924,10
u7993309,11
u7993635,9
u7994386,10
u7995094,18
u7996503,8
u8001639,15
u8002815,10
u8003209,18
u8003669,10
u8003839,14
u8004040,12
u8005362,13
u8005422,10
u8005486,23
u8006378,12
u8006656,10
u8006725,10
u8007364,11
u8009662,8
u8010879,7
u8011056,11
u8011491,8
u8011787,12
u8012184,13
u8012660,14
u8012968,12
u8013483,11
u8013953,11
u8014212,9
u8014254,14
u8014654,19
u8014883,20
u8015031,18
u8015183,7
u8015831,14
u8016051,8
u8016109,17
u8016154,13
u8016475,17
u8017624,9
u8018381,10
u8019023,7
u8019589,20
u8019935,11
u8021202,13
u8022191,8
u8022630,13
u8023132,8
u8023136,7
u8024087,8
u8026614,17
u8026644,14
u8026911,11
u8027106,17
u8027900,9
u8028311,9
u8029623,12
u8029900,13
u803,18
u8030263,11
u8030276,7
u8030379,13
u8030623,22
u8030923,9
u8030935,22
u8030969,13
u8031268,8
u8032444,8
u8034103,10
u8034217,15
u8034418,11
u8035239,8
u8035793,10
u8038077,22
u8039770,11
u8042,34
u8042920,11
u8043403,11
u8044276,37
u8044690,12
u8045319,11
u8045364,12
u8045471,9
u8045981,9
u8046780,17
u8047178,8
u8048,33
u8048083,9
u8049119,14
u8049294,13
u8049851,8
u8050,10
u8050228,12
u8050351,10
u8050551,10
u8050599,13
u8051203,10
u8051433,12
u8052567,9
u8053133,11
u8053294,10
u8053361,9
u8054566,11
u8055497,9
u8056765,12
u8056795,8
u8057041,14
u8057804,31
u8058243,9
u8058553,9
u8059920,15
u8060650,9
u8061554,12
u8061964,9
u8061983,7
u8062978,7
u8063038,9
u8063933,7
u8064154,8
u8064262,11
u8064425,17
u8064431,8
u8064581,7
u8064618,12
u8064662,23
u8065176,10
u8065353,17
u8065958,9
u8067355,6
u8067735,18
u8069,23
u8070274,10
u8070416,10
u8070475,14
u8070570,8
u8071554,12
u8072032,9
u8072046,21
u8072397,8
u8073758,10
u8074000,10
u8074616,9
u8075066,7
u8075126,6
u8075188,14
u8076300,8
u8076326,22
u8076724,11
u8077795,6
u8078100,18
u8078108,10
u8078753,8
u8078845,21
u8079889,21
u8079972,15
u8080964,8
u8082492,14
u8083123,15
u8083879,10
u8084592,11
u8084789,27
u8084999,7
u8085058,11
u8085149,12
u8085708,8
u8087219,14
u8087437,12
u8090367,14
u8092254,8
u8092551,16
u8092656,8
u8093339,17
u8093379,17
u8093388,11
u8094610,7
u8095278,10
u8095667,12
u8096130,19
u8096760,13
u8096922,11
u8097343,14
u8097464,13
u8097863,16
u8098812,19
u8099038,9
u8099314,6
u8099400,13
u8100111,42
u8101014,19
u8101690,9
u8101766,8
u8102004,12
u8102753,29
u8103547,13
u8103683,13
u8104389,15
u8104617,21
u8105548,20
u8105651,13
u8106009,6
u8107011,13
u8110102,11
u8113656,13
u8114052,21
u8115126,19
u8115172,11
u8115198,11
u8115212,10
u8115332,12
u8116576,9
u8117491,7
u8117561,9
u8118185,11
u8118874,10
u8120297,22
u8120754,16
u8122063,10
u8122101,10
u8122730,14
u8123472,9
u8125237,15
u8126644,23
u8126942,8
u8127778,26
u8128325,10
u8128683,11
u8128849,8
u8129933,13
u8130105,19
u8130800,28
u8132105,10
u8132516,10
u8132903,8
u8132991,18
u8133399,17
u8133817,7
u8137451,20
u8138001,9
u8138523,8
u8139328,12
u8142323,9
u8142388,14
u8144176,11
u8145699,12
u8147273,7
u8147562,8
u8148053,7
u8148264,13
u8151886,11
u8151941,8
u8152362,14
u8152399,20
u8152479,11
u8153610,27
u8154305,7
u8154613,7
u8154687,11
u8154734,7
u8156511,11
u8159163,17
u8159235,11
u8159314,14
u8159687,11
u8159812,11
u8159961,10
u8161082,11
u8162210,10
u8163841,20
u8163887,14
u8164335,12
u8165036,12
u8165160,7
u8165203,11
u8166088,9
u8166377,8
u8166418,9
u8166612,14
u8167222,7
u8168483,11
u8168586,11
u8170356,19
u8171083,6
u8171222,12
u8171501,9
u8172102,10
u8172595,21
u8172782,9
u8173404,19
u8173695,18
u8174126,26
u8174168,14
u8176297,10
u8178127,8
u8178226,14
u8178239,11
u8178327,16
u8178528,12
u8178898,38
u8178923,10
u8178927,8
u8179644,13
u8181075,11
u8181200,10
u8181317,16
u8182487,10
u8182709,18
u8183786,24
u8184639,6
u8186474,8
u8187481,9
u8189,15
u8189665,9
u8189696,11
u8189755,17
u8189756,9
u8190404,19
u8190465,15
u8191397,10
u8191801,11
u8191890,10
u8192019,34
u8192190,12
u8193633,17
u8195936,10
u8196826,16
u8198293,11
u8198585,16
u8198820,10
u8199104,11
u8200629,8
u8201321,10
u8201519,13
u8201533,10
u8201734,15
u8202156,19
u8202181,9
u8202635,11
u8203303,26
u8203335,20
u8203693,13
u8203739,7
u8204,21
u8204020,17
u8204085,15
u8205187,25
u8205274,21
u8206072,11
u8206447,11
u8206607,15
u8207551,7
u8207800,16
u8207943,10
u8207946,11
u8208268,17
u8208717,7
u8209357,9
u8209393,13
u8209552,15
u8210937,14
u8212019,15
u8212853,12
u8214056,10
u8214356,8
u8214504,15
u8214843,11
u8214963,8
u8215500,10
u8216361,10
u8217236,8
u8217631,11
u8217971,13
u8218285,14
u8222081,10
u8222761,9
u8224461,7
u8225204,11
u8226034,7
u8226929,10
u8226973,8
u8227381,12
u8227435,13
u8228831,15
u8229019,12
u8229980,9
u823098,9
u8231028,16
u8231175,9
u8231291,9
u8231370,13
u8233161,13
u8233310,13
u8234196,19
u8235,26
u8235556,8
u8235613,12
u8235880,14
u8236064,9
u8236836,9
u8237119,14
u8238775,11
u8238951,13
u8239035,11
u8239226,15
u8239366,8
u8239382,13
u8239851,11
u8240424,21
u8240436,13
u8240614,8
u8241668,12
u8245213,12
u8246993,16
u8248181,9
u8251188,9
u8251596,10
u8252011,12
u8252482,11
u8253442,12
u8254066,20
u8254097,9
u8254344,14
u8254380,28
u8255001,29
u8255306,14
u8257404,9
u8258449,10
u8258668,10
u8258699,10
u8258757,9
u8259939,17
u8260180,9
u8260935,14
u8263101,12
u8263429,10
u8264460,11
u8264980,17
u8265057,13
u8265847,21
u8266197,8
u8266201,9
u8266329,9
u8267285,17
u8268404,12
u8271065,13
u8271465,13
u8272704,11
u8273306,15
u8273858,14
u8273911,11
u8274156,10
u8274520,17
u8275223,12
u8275402,9
u8275726,11
u8277078,29
u8278184,11
u8279140,14
u8279841,14
u8281015,18
u8281046,9
u8282266,9
u8282304,11
u8282573,12
u8283755,11
u8284488,14
u8286282,11
u8286945,8
u8286956,16
u8287,16
u8287401,13
u8288346,15
u8288597,9
u8288630,13
u8289301,28
u8290629,8
u8291270,11
u8292524,12
u8293366,9
u8293510,20
u8293720,15
u8293829,12
u8294141,9
u8295433,9
u8296665,19
u8296763,12
u8298080,14
u8298332,10
u8298517,16
u8298793,10
u8299608,16
u8299689,9
u8299770,16
u8300022,16
u8300547,13
u8301043,11
u8303511,20
u8303917,13
u8304119,17
u8305757,12
u8305841,12
u8308788,7
u8309708,13
u8311114,6
u8311672,17
u8312,20
u8312440,11
u8312740,9
u8313285,14
u8313409,13
u8314325,14
u8314477,10
u8314506,10
u8314665,9
u8314730,13
u8316067,7
u8318227,13
u8318520,10
u8320429,12
u8320807,10
u8321683,16
u8322473,9
u8322482,9
u8322897,17
u8322901,7
u8325342,11
u8325376,17
u8325557,16
u8326796,12
u8327471,9
u8328143,10
u8328312,11
u8328541,17
u8329477,23
u8331530,11
u8332265,11
u8334192,11
u8335114,8
u8336719,11
u8336954,35
u8337305,13
u8339497,10
u8339624,12
u8339661,14
u8340296,11
u8343636,10
u8343976,9
u8344297,13
u8347137,8
u8350626,12
u8350761,18
u8351051,13
u8351343,11
u8351372,11
u8351436,11
u8351620,19
u8352257,13
u8353387,14
u8353389,11
u8354402,11
u8355124,10
u8355234,10
u8355495,9
u8355726,9
u8356743,10
u8357440,12
u8358210,11
u8359503,12
u8360418,18
u8361189,17
u8361258,16
u8362987,13
u8364427,17
u8364580,18
u8365737,13
u8365869,12
u8366197,7
u8367,14
u8367293,11
u8368219,16
u8369358,10
u8371913,13
u8373205,11
u8373970,14
u8376262,10
u8377211,26
u8377322,12
u8379144,12
u8383676,8
u8383678,9
u8384179,12
u8384492,8
u8384621,14
u8384800,8
u8386329,25
u8388517,10
u8389718,9
u8390123,8
u8390290,12
u8390558,15
u8391472,15
u8393701,11
u8393811,11
u8395032,15
u8396010,10
u8397290,10
u8398279,10
u8399231,6
u8399851,18
u8400,13
u8400683,29
u8402083,8
u8402102,13
u8403055,10
u8403695,17
u8403750,10
u8404876,8
u8405081,7
u8405217,7
u8406236,11
u8406413,12
u8406838,18
u8406869,7
u8408145,12
u8408485,9
u8408518,12
u8408831,11
u8410175,7
u8411526,9
u8411736,8
u8413516,26
u8414397,19
u8415319,11
u8416129,10
u8416553,10
u8417509,7
u8418570,8
u8419477,9
u8419727,15
u8422826,6
u8424732,12
u8425791,8
u8426826,12
u8428263,15
u8428784,6
u8428980,15
u8428983,15
u8429079,9
u8429796,23
u8429800,16
u8429893,14
u8429898,8
u8431322,12
u8431409,7
u8431571,21
u8432455,11
u8432513,8
u8433646,18
u8434561,12
u8436397,13
u8437478,9
u8439791,8
u8439887,9
u8440015,15
u8440030,19
u8440883,8
u8441061,7
u8441616,9
u8441717,12
u8443171,23
u8443352,9
u8444077,7
u8444416,15
u8445272,11
u8446776,11
u8447092,10
u8447236,7
u8447396,18
u8447829,9
u8448111,7
u8448133,11
u8448899,8
u8449101,12
u8451745,9
u8453645,12
u8454334,11
u8455402,11
u8455660,8
u8456391,17
u8456791,12
u8457507,11
u8457554,33
u8458100,11
u8458595,14
u8458709,7
u8459210,9
u8460,12
u8460073,16
u8460460,9
u8460576,25
u8461650,20
u8461927,11
u8463021,6
u8463040,14
u8463049,11
u8463634,22
u8465540,15
u8465967,11
u8466435,13
u8466954,38
u8467496,11
u8467772,12
u8468770,15
u8468890,10
u8468909,9
u8468925,10
u8469448,10
u8470759,16
u8471328,8
u8472903,9
u8473715,14
u8473928,11
u8474341,10
u8474369,12
u8474912,15
u8475462,10
u8476085,11
u8476549,10
u8477069,8
u8477575,12
u8477910,8
u8479749,8
u8479865,9
u8480073,8
u8480929,10
u8481840,8
u8482826,22
u8484102,8
u8484165,14
u8484604,7
u8485014,9
u8485025,7
u8485116,8
u8485600,12
u8485825,11
u8486056,9
u8486702,7
u8488113,10
u8489331,9
u8489538,10
u8489593,14
u848961,12
u8489740,23
u8491005,17
u8491409,11
u8491510,9
u8491637,15
u8491794,11
u8491884,8
u8492444,20
u8492904,22
u8493130,15
u8493226,15
u8494235,8
u8494908,10
u8494930,9
u8495173,12
u8495341,11
u8496928,15
u8496990,10
u8498018,22
u8498954,8
u8499224,23
u8499680,20
u8499990,12
u8502269,9
u8502836,15
u8505623,17
u8506109,17
u8506180,16
u8507726,9
u8508604,9
u8510600,11
u8512136,8
u8512384,11
u8512393,15
u8513852,11
u8515699,13
u8516112,10
u8516157,16
u8516415,11
u8516874,9
u8517206,9
u8517838,24
u8518461,14
u8518638,12
u8519430,18
u8520446,15
u8520486,15
u8520914,8
u8522084,17
u8523521,10
u8524077,7
u8524195,9
u8524896,7
u8525066,10
u8525523,8
u852570,8
u8526820,9
u8527309,14
u8528,17
u8528695,8
u8529544,11
u8529800,17
u8530112,10
u8530186,15
u8530720,10
u8531922,9
u8532111,13
u8533089,11
u8533811,8
u8536,32
u8536932,16
u8537100,9
u8537574,8
u8537799,13
u8540021,12
u8540671,7
u8540788,13
u8541370,12
u8541956,18
u8542215,13
u8542328,9
u8542906,13
u8543129,20
u8543147,16
u8543965,11
u8544168,14
u8544234,12
u8544645,15
u8545180,15
u8545292,10
u8546007,12
u8546091,18
u8546129,10
u8546182,12
u8547087,11
u8547204,9
u8547325,12
u8547973,7
u8548103,9
u8548193,11
u8548197,10
u8549321,14
u8550612,11
u8551756,7
u8551930,21
u8552153,9
u8554007,13
u8555207,8
u8555238,10
u8557298,11
u8557743,10
u8558411,10
u8560110,13
u8560584,15
u8561575,17
u8562235,11
u8562300,16
u8563018,17
u8563812,14
u8563832,10
u8565449,14
u8565498,13
u8568462,16
u8568612,10
u8568980,9
u8570159,13
u8570208,9
u8571654,11
u8572460,25
u8575209,13
u8578244,10
u8580279,19
u8580655,8
u8580839,10
u8580988,10
u8582011,15
u8584674,17
u8586014,14
u8587158,13
u8587494,10
u8587587,13
u8588236,25
u8588359,11
u8590030,8
u8590714,10
u8591749,13
u8591791,10
u8592354,14
u8595698,11
u8596426,11
u8597074,7
u8599843,17
u8600184,23
u8600470,12
u8602821,9
u8603177,13
u8603561,9
u8603690,12
u8603964,9
u8604012,11
u8604784,9
u8604933,11
u8605098,10
u8605369,9
u8605876,9
u8606968,11
u8607609,8
u8608068,10
u8608137,6
u8610358,9
u8613218,10
u8613458,12
u8614225,9
u8614691,9
u8614725,12
u8615048,13
u8616884,14
u8617408,10
u8618029,10
u8618183,11
u8618362,9
u8620831,10
u8621317,13
u8621332,8
u8621957,8
u8622452,10
u8623082,17
u8627621,21
u8630224,14
u8630314,16
u8631477,14
u8631698,15
u8632358,12
u8634640,8
u8635891,10
u8635932,9
u8637290,7
u8637481,17
u8637741,15
u8637893,8
u8638079,17
u8639445,11
u8640069,16
u8640504,17
u8640653,12
u8641467,6
u8641837,8
u8642019,10
u8642640,15
u8643071,14
u8643148,8
u8643402,8
u8645556,9
u8646999,10
u8648246,14
u8648956,19
u8649414,24
u8651569,10
u8652129,19
u8652254,12
u8652843,16
u8654176,12
u8654789,10
u8655229,13
u8656071,10
u8656311,12
u8656446,12
u8656527,14
u8657026,12
u8658018,11
u8658067,7
u8658387,14
u8658487,7
u8658517,16
u8658867,7
u8659639,15
u8659676,10
u8660057,10
u8660078,6
u8660209,22
u8660271,19
u8660310,8
u8660351,10
u8660885,12
u8660889,6
u8661276,13
u8661844,10
u8662070,10
u8662538,8
u8662984,10
u8663692,15
u8664454,8
u8664572,12
u8664629,16
u8664972,8
u8664976,7
u8665210,10
u8666768,10
u8666835,14
u8667292,10
u8669946,9
u8670343,6
u8671193,6
u8672089,19
u8674827,9
u8674928,10
u8676107,8
u8677119,12
u8677630,7
u8678203,14
u8678285,11
u8680,36
u8680427,13
u8681377,7
u8681952,11
u8683913,18
u8684818,10
u8685833,11
u8686599,9
u8686854,9
u8689283,12
u8689871,18
u8690723,7
u8691168,25
u8691340,15
u8691403,13
u8691498,18
u8691810,15
u8693728,12
u8693985,10
u8696,38
u8696276,10
u8697535,17
u8698201,10
u8699028,11
u8699498,9
u8699874,18
u8700156,9
u8701550,11
u8701805,9
u8701911,14
u8702250,13
u8704,28
u8704958,11
u8706501,14
u8707337,10
u8709652,14
u8710359,8
u8711784,10
u8712156,10
u871279,8
u8716107,18
u8717140,8
u8717306,9
u8718744,7
u8720409,9
u8721192,17
u8721808,17
u8722359,12
u8722969,8
u8724019,10
u8724163,8
u8725439,13
u8731984,13
u8732694,17
u8733529,11
u8734888,24
u8735227,14
u8735321,8
u8735510,15
u8736273,6
u8736279,8
u8736644,10
u8737251,13
u8737753,33
u8738403,8
u8738645,12
u8738863,15
u8738880,8
u8739732,15
u8740381,9
u8740881,8
u8742087,12
u8742302,6
u8742614,11
u8742726,9
u8745327,16
u8745441,18
u8745765,10
u8745864,8
u8748812,14
u8749918,13
u875,27
u8750448,7
u8750702,10
u8751088,10
u8753518,14
u8753983,16
u8754014,10
u8754158,9
u8754242,9
u8754653,8
u8755444,12
u8755731,8
u8756308,13
u8757134,10
u8757422,10
u8758280,9
u8758613,16
u8758622,9
u8758662,8
u8760070,13
u8761463,9
u8761727,14
u8762138,10
u8762693,16
u8763267,8
u8763275,10
u8765116,11
u8765540,15
u8766349,10
u8767029,13
u8767790,10
u8771266,9
u8771503,11
u8771665,16
u8772779,11
u8772781,7
u8772941,12
u8773312,14
u8773356,10
u8774224,9
u8775435,9
u8775836,14
u8776002,11
u8776331,15
u8776982,11
u8777509,15
u8778012,9
u8778293,8
u8778891,15
u8779241,14
u8779753,7
u8779767,9
u8780101,15
u8780859,10
u8781464,10
u8782086,11
u8782914,11
u8783030,9
u8783274,9
u8783361,11
u8785883,19
u8786680,12
u878685,12
u8788608,19
u8789445,13
u8790346,13
u8791401,9
u8791853,13
u8793151,7
u8794840,16
u8795121,18
u8795165,13
u8795505,8
u8796594,9
u8797175,12
u8798043,10
u8798068,9
u8800350,12
u8801979,18
u8802419,8
u8802802,11
u8803068,7
u8804258,7
u8804873,13
u8807841,9
u8808624,12
u8810806,15
u8810979,9
u8813367,10
u8814886,13
u8816173,7
u8816387,15
u8816414,9
u8816771,6
u8817314,16
u8817582,10
u8817620,11
u8817675,17
u8817744,10
u8818165,11
u8819068,9
u8819533,10
u8819787,14
u8819937,18
u8821150,11
u8821920,9
u8822081,10
u8822173,11
u8822997,15
u8823742,11
u8825920,14
u8826383,7
u8827800,15
u8828093,8
u8828553,10
u8829393,9
u8829418,15
u8829861,10
u8830376,6
u8830948,9
u8833,9
u8833704,8
u8833940,12
u8834012,7
u8834746,12
u8834802,15
u8835049,10
u8835166,13
u8837419,9
u8837713,11
u8840844,13
u8840983,8
u8842372,24
u8844400,9
u8845100,15
u8845172,13
u8846263,7
u8847083,12
u8847825,9
u8848181,12
u8849395,14
u8850308,29
u8850876,16
u8852999,18
u8853354,11
u8854044,27
u8855788,13
u8856673,12
u8859590,18
u8860219,12
u8860220,13
u8861048,8
u8861160,7
u8861595,11
u8861761,8
u8861766,17
u8861838,14
u8862445,13
u8862479,10
u8863323,18
u8864145,21
u8865573,18
u8866130,10
u8866163,10
u8866978,33
u8868104,12
u8869145,12
u8869264,7
u8871538,12
u8871916,21
u8872302,12
u8874105,11
u8875687,12
u8878559,11
u8879765,13
u8881064,9
u8882476,11
u8882996,10
u8883438,10
u8884843,10
u8887742,11
u8889037,8
u8890107,10
u8891655,11
u8892113,10
u8893037,12
u8893201,13
u8895641,6
u8896553,16
u8896643,18
u8896942,6
u8897272,10
u8898062,13
u8898844,11
u8901682,8
u8901897,9
u8903354,7
u8903395,11
u8903439,17
u8903900,12
u8904000,10
u8904694,12
u8904806,11
u8905909,7
u8907796,15
u8908261,7
u8910285,14
u8913527,13
u8915163,10
u8915543,7
u8916900,7
u8918125,9
u8918903,13
u8919189,11
u8920081,10
u8921070,11
u8922136,11
u8922409,14
u8923316,10
u8923571,12
u8924395,10
u8924459,8
u8924672,12
u8926166,8
u8926769,17
u8927095,16
u8927173,19
u8928498,11
u8928874,15
u8929176,9
u893072,11
u8932644,17
u8934765,12
u8935701,12
u8937630,19
u8938685,16
u8939322,14
u8939659,14
u8939923,6
u8940058,8
u8941459,13
u8942080,7
u8942496,12
u8943587,12
u8944296,10
u8946216,8
u8948457,6
u8951748,9
u8956751,10
u8957126,8
u8957612,14
u8957709,13
u8958123,10
u8960220,9
u8960732,13
u8960887,10
u8962717,8
u8964302,21
u8964354,13
u8965246,13
u8966,7
u896741,11
u8968084,11
u8968625,14
u8968880,7
u8969385,9
u8972366,13
u8973835,12
u8973878,10
u8974861,13
u8975,17
u8975633,12
u8976340,19
u8976511,8
u8977081,21
u8977538,8
u8977773,14
u8977807,16
u8977871,18
u8977936,6
u8978305,11
u8978693,18
u8980012,17
u8980706,10
u8982045,12
u8982064,8
u8982818,8
u8984726,9
u8985730,11
u8986375,9
u8986878,16
u8990568,13
u8991507,20
u8992427,16
u8992598,6
u8993120,18
u8994248,11
u8995762,7
u8996156,15
u8998190,12
u8998571,7
u8999923,9
u9000577,11
u9001846,11
u9002419,8
u9004056,10
u9004132,11
u9008456,11
u9008768,13
u9008818,12
u9014926,13
u9015045,11
u9015063,12
u9015517,8
u9015564,8
u9015713,7
u9016037,10
u9017500,23
u9018931,13
u9019788,11
u9019864,11
u9019916,11
u9020252,8
u9020302,10
u9020765,13
u9022538,14
u9025114,13
u9025169,16
u9026966,21
u9027178,14
u9027771,17
u9028778,8
u9029534,9
u9032636,8
u9032782,12
u9036242,9
u9036891,16
u9037076,21
u9039388,14
u9043656,14
u9043939,19
u9044142,15
u9047105,11
u9047691,19
u9048483,11
u9049429,10
u9050883,12
u9051280,18
u9052623,8
u9053205,10
u9053729,14
u9054418,13
u9057993,9
u9058228,6
u9058238,13
u9058862,13
u9059202,10
u9059624,12
u9060717,12
u9062059,17
u9063666,8
u9064531,11
u9065805,15
u9066121,9
u9066210,10
u9068328,19
u9068489,12
u9068683,11
u9071582,10
u9072995,10
u9073355,8
u9073433,9
u9073549,15
u9073965,11
u9075374,11
u9075790,14
u9076938,12
u9077048,12
u9077274,21
u9078073,9
u9078142,14
u9082447,18
u9082491,12
u9084938,7
u9086169,13
u9086653,13
u9088025,13
u9088351,9
u9089172,19
u9089677,7
u9090151,12
u9090272,18
u9092566,12
u9096312,11
u9097228,18
u9097503,16
u9097916,18
u9098502,10
u9099155,9
u9100827,8
u9100904,9
u9101216,11
u9102715,11
u9103056,7
u9104504,11
u9105347,13
u9106527,7
u9107102,19
u9107346,18
u9107570,14
u9108155,7
u9108645,10
u9108736,18
u9110577,15
u9111054,23
u9111227,10
u9111247,9
u9111392,7
u9111445,9
u9111631,13
u9112237,14
u9112905,10
u9113088,7
u9113199,16
u9113256,30
u9113264,12
u9113634,9
u9113777,13
u9114373,9
u9114998,8
u9115680,7
u9115815,11
u9116016,12
u9116383,12
u9116514,9
u9116755,13
u9116787,7
u9116889,11
u9118102,15
u9118806,11
u9119044,14
u9119321,17
u9121520,16
u9121578,8
u9122226,13
u9122890,11
u9123441,8
u9127402,8
u9127478,10
u9130374,9
u9131722,11
u9134168,8
u9134251,10
u9135995,9
u9136145,12
u9136790,8
u9137495,11
u9137670,14
u9138638,13
u9138874,8
u9138953,13
u9142068,9
u9142544,11
u9142920,14
u9143407,14
u9144155,11
u9145555,7
u9145758,25
u9146194,6
u9147316,10
u9148421,8
u9148906,14
u9149253,9
u9149578,10
u9149582,10
u9150085,13
u9150779,13
u9153355,13
u9160413,11
u9160587,7
u9161509,9
u9163216,16
u9163711,9
u9163805,15
u9163809,12
u9164,13
u9164012,8
u9164167,18
u9164537,12
u9164556,12
u9164884,14
u9164923,11
u9166376,13
u9166573,9
u9168375,11
u9170045,18
u9170963,14
u9171622,12
u9171918,7
u9172087,13
u9173023,11
u9173682,13
u9174558,17
u9174590,15
u9175399,8
u9176158,22
u9176651,9
u9177208,29
u9177552,9
u9177855,16
u9177945,8
u9178185,17
u9178548,7
u9178978,9
u9179297,8
u9179946,11
u9184342,15
u9184785,8
u9185357,11
u9185527,8
u9185967,26
u9186080,8
u9186563,12
u9186877,15
u9188832,10
u9193444,10
u9195273,16
u9195603,11
u9196397,16
u9197322,8
u9197434,14
u9198,59
u9199101,11
u9200098,15
u9200562,11
u9200904,28
u9201287,7
u9202027,9
u9202097,14
u9203087,10
u9203544,8
u9205493,12
u9206368,10
u9207089,7
u9207480,11
u9208910,10
u9209177,20
u9209621,10
u9210256,13
u9212093,13
u9212758,17
u9213344,8
u9214343,11
u9215269,14
u9215648,12
u9216384,18
u9216623,11
u9217459,12
u9218328,17
u9218768,12
u9219403,9
u9219796,10
u9219877,15
u9220842,10
u9221644,9
u9222248,8
u9223128,21
u9223854,9
u9226540,13
u9226570,8
u9227302,11
u9227482,12
u9227665,13
u9228421,11
u9229313,10
u9229318,10
u9230136,24
u9230268,10
u9230727,10
u9230748,14
u9230996,9
u9231135,21
u9231816,11
u9233036,17
u9234043,17
u9234097,10
u9234829,8
u9236155,9
u9236257,21
u9237525,13
u9239640,14
u9240007,8
u9245398,16
u9246552,6
u9247784,9
u9249597,16
u9251555,12
u9251574,9
u9251711,10
u9255496,20
u9256115,12
u9256878,10
u9256910,11
u9256970,12
u9257210,11
u9258008,14
u9262337,11
u9262444,15
u9262616,13
u9263509,6
u9264477,15
u9266162,19
u9266920,11
u9268327,7
u9268469,16
u9268838,10
u9269591,13
u9269729,11
u9270258,11
u9271101,17
u9271598,7
u9272407,10
u9274147,13
u9275288,10
u9275658,8
u9277502,13
u9279308,18
u9280157,6
u9281142,10
u9281674,12
u928233,9
u9282718,12
u9283492,15
u9285747,13
u9287165,16
u9288160,10
u9289056,9
u9290764,10
u9290780,13
u9294705,9
u9296163,13
u9297029,13
u9297259,9
u9297683,13
u9297815,9
u9298266,9
u9298557,14
u9298925,12
u9299529,10
u9299662,13
u9300632,22
u9301307,14
u9301909,13
u9302,9
u9302165,13
u9302480,12
u9302546,18
u9303294,11
u9303484,15
u9303904,12
u9305329,12
u9306292,12
u9307135,7
u9308556,15
u9308727,10
u9308746,10
u9308917,11
u9310843,13
u9313849,7
u9313879,12
u9315,13
u9315966,15
u9316051,10
u9317413,11
u9317746,14
u9319665,18
u9319753,23
u9325062,11
u9329304,10
u9329602,9
u9330429,7
u9333187,17
u9334322,10
u9336103,9
u9337084,10
u9339927,9
u9341116,8
u9342996,8
u9344735,10
u9346375,9
u935,15
u9352034,11
u9352161,9
u9354344,9
u9356695,14
u9357409,11
u9357543,7
u9358662,11
u9359186,13
u9361269,9
u9361871,11
u9363341,16
u9363683,14
u9363814,9
u9364112,15
u9364827,12
u9365094,8
u9366597,10
u9367177,14
u9368821,17
u9369437,8
u9369622,9
u9370330,12
u9370963,22
u9373316,7
u9375027,11
u9375066,11
u9375428,18
u9375766,10
u9376726,16
u9377915,11
u9377974,7
u9378882,13
u9378992,12
u9379237,8
u9380113,22
u9380542,8
u9381503,11
u9381853,17
u9382370,8
u9382655,11
u9382729,10
u9382799,19
u9383775,12
u9384603,12
u9384864,13
u9385160,13
u9385561,13
u9387,10
u9387882,22
u9388712,12
u9389,16
u9389010,12
u9389414,12
u9389506,9
u9389636,8
u9389792,17
u9389903,14
u9390685,18
u9392763,10
u9392934,7
u9393255,15
u9393560,10
u9393672,10
u9393810,8
u9394318,9
u9394363,9
u9394560,12
u9395531,13
u9396120,12
u9398244,13
u9398906,15
u9400061,14
u9400544,12
u9400611,13
u9401525,18
u9401841,13
u9403520,11
u9406151,8
u9407627,20
u9407677,11
u9409140,13
u9410649,7
u9410697,8
u9411872,15
u9413534,17
u9414446,10
u9416422,17
u9416759,9
u9417219,10
u9418633,8
u9419449,15
u9419647,9
u9420915,12
u9421222,17
u9423125,17
u9424390,14
u9426084,10
u9429431,11
u9429802,11
u9432184,11
u9432288,11
u9432333,10
u9433157,9
u9433822,8
u9435350,14
u9436540,10
u9440377,11
u9445521,10
u9446802,13
u9449304,11
u9452251,20
u9452619,9
u9454083,9
u9457388,12
u9458540,8
u9458751,7
u9459362,11
u9460737,11
u9461407,12
u9461647,13
u9462701,6
u9463097,6
u9465890,15
u9466719,9
u9466765,10
u9466893,11
u9467910,17
u9468065,14
u9468486,12
u9469788,11
u9473000,9
u9473461,17
u9473616,16
u9473890,9
u9475474,20
u9475751,15
u9476335,15
u9478604,10
u9479034,10
u9479886,11
u9480215,9
u9480386,10
u9480515,18
u9481025,14
u9484068,6
u9484270,9
u9484535,9
u9484537,14
u9485799,10
u9487101,8
u9487418,13
u9488934,14
u9488983,9
u9489090,8
u9490260,6
u9492490,10
u9494320,11
u9495350,9
u9497225,8
u9497442,9
u9497572,13
u9497642,13
u9500101,25
u9501236,13
u9501492,9
u9501992,9
u9502026,10
u9502827,7
u9503034,10
u9504942,7
u9505238,10
u9505433,12
u9506244,13
u9506303,16
u9506453,8
u9506797,8
u9506899,7
u9508397,12
u9510852,10
u9510899,15
u9513777,9
u9515061,10
u9515652,14
u9517351,20
u9518092,9
u9520211,12
u9522728,9
u9528036,22
u9528891,9
u9530761,10
u9531076,9
u9533062,17
u9536992,10
u9538170,8
u9538841,12
u9541017,10
u9541283,12
u9541394,16
u9541770,9
u9542157,13
u9544486,12
u9544636,23
u9545052,12
u9545375,8
u9545985,12
u9546728,9
u9548144,10
u9549515,11
u9550664,13
u9552355,12
u9552742,22
u9553299,29
u9553959,9
u9554116,13
u9554767,8
u9556694,14
u9557,66
u9559211,13
u9559974,9
u9560707,8
u9562312,16
u9562902,12
u9562991,11
u9563729,10
u9564515,9
u9569331,20
u9569746,14
u9573261,10
u9576042,16
u9576139,11
u9578488,13
u9578592,9
u9579664,12
u9580275,20
u9581365,9
u9582577,9
u9583079,7
u9584062,11
u9584335,34
u9584945,10
u9585682,12
u9586574,9
u9587888,10
u9588618,7
u9590622,8
u9590675,11
u9590723,11
u9591729,14
u9591751,10
u9593660,11
u9594294,14
u9594303,8
u9595384,7
u9599336,11
u9599670,10
u9600821,9
u9601126,9
u9601905,19
u9602113,15
u9605391,10
u9606722,11
u9607859,18
u9610083,7
u9610756,16
u9611050,12
u9612371,8
u9612923,10
u9615000,9
u9615435,9
u9615937,9
u9616564,12
u9619207,15
u9620235,11
u9626737,10
u9628233,14
u9628564,10
u9630219,9
u9630872,8
u9630933,11
u9631680,12
u9632020,18
u9632442,8
u9633410,13
u9635421,10
u9635680,13
u9636647,10
u9638405,7
u9639299,9
u9639990,8
u9643149,7
u9643467,13
u9644844,17
u9645594,13
u9649847,9
u9651359,15
u9655,8
u9655121,12
u9658343,8
u9659024,10
u9660,6
u9660117,7
u9660939,15
u9662883,11
u9666028,18
u9667075,12
u9669304,12
u9669468,7
u9670159,11
u9671247,12
u9674514,7
u9675751,12
u9678129,8
u9680945,11
u9681234,17
u9684675,23
u9684808,10
u9684812,9
u9685265,6
u9687442,17
u9688193,21
u9689853,11
u9690073,10
u9693404,11
u9696798,10
u9701772,11
u9704116,13
u9704774,10
u9705132,11
u9706318,8
u9706561,11
u9711493,13
u9712101,9
u9714188,12
u9714553,12
u9715907,17
u9719837,17
u9720923,14
u9722322,11
u9722844,13
u9725894,10
u9727258,10
u9727946,7
u9730767,11
u9731254,10
u9731351,10
u9732649,16
u9732690,13
u9733924,15
u9737140,8
u9740123,9
u9740131,13
u9740981,12
u9744248,17
u9744961,16
u9746537,7
u9746717,14
u9746763,10
u9747014,12
u9747807,15
u9748488,12
u9748678,27
u9748707,9
u9749243,17
u9750,27
u9750474,7
u9752347,12
u9752685,14
u9752882,7
u9752893,10
u9754931,8
u9755675,9
u9756022,7
u9756241,14
u9758638,11
u9758835,10
u9759204,8
u9759522,8
u9760286,15
u9763584,10
u9765260,11
u9772527,11
u9774943,15
u9776521,8
u9777042,10
u9780611,9
u9780964,11
u9783191,8
u9783544,14
u9784,20
u9784430,15
u9784866,7
u9787142,12
u9788083,12
u9788721,11
u9789668,10
u9791,11
u9792265,7
u9792325,21
u9793766,6
u9794159,10
u9795306,10
u9799960,12
u9800476,14
u9801313,9
u9801989,13
u9802196,13
u9803266,10
u9805560,12
u9806422,18
u9809961,7
u9812881,17
u9815253,9
u9816895,13
u9817417,8
u9817636,10
u9818991,11
u9819463,10
u9819517,7
u9820,9
u9820475,9
u9820533,10
u9820840,29
u9822276,21
u9822686,8
u9823719,8
u9825244,7
u9826243,9
u9827485,11
u9827924,17
u9829168,22
u9829502,15
u9832417,18
u9833413,11
u9834318,11
u9834975,11
u9835157,14
u9836700,11
u9837615,10
u9838545,12
u9839451,12
u9843011,16
u9843071,14
u9845565,14
u9848997,13
u9851185,11
u9851488,13
u9851577,11
u9852082,13
u9852840,9
u9854159,13
u9854629,8
u9856345,7
u9857249,9
u9857525,17
u9858686,13
u9859334,10
u9859721,15
u9860532,8
u9860723,12
u9860935,9
u9861462,19
u9863406,8
u9863864,14
u9864667,17
u9864673,12
u9864757,13
u9869266,10
u9869932,7
u9870113,9
u9870886,13
u9871155,8
u9871190,10
u9871988,9
u9872439,6
u9872833,12
u9874725,13
u9877840,8
u9878076,12
u9878229,9
u9880627,15
u9881277,11
u9882114,8
u9882950,14
u9883890,11
u9884144,14
u9887805,10
u9889172,11
u9890319,13
u9890546,9
u9894408,12
u9895091,13
u9896637,7
u9897824,9
u9899761,7
u9900208,7
u9900263,18
u9900861,9
u9902865,14
u9903497,9
u9903750,15
u9905857,19
u9906621,11
u9908443,8
u9910154,10
u9911562,10
u9911683,10
u9913134,8
u9914372,17
u9915721,9
u9916128,13
u9916205,8
u9917251,20
u9919944,12
u9921866,7
u9922163,19
u9922519,11
u9922576,11
u9923898,7
u9925917,7
u9926808,9
u9929457,8
u9939528,10
u9941235,13
u9943424,16
u9943539,8
u9943772,9
u9945251,20
u9949841,10
u9950094,8
u9950155,14
u9950643,11
u9958933,14
u9961566,8
u9963603,8
u9966074,10
u9967650,62
u9970,23
u9970068,13
u9972898,8
u9973408,12
u9974561,14
u9974883,11
u9975694,13
u9976837,10
u9979564,12
u9988234,9
u9990666,10
u9991869,10
u9993592,10
u9995439,8
u9995719,11
u9995902,13
u9997236,11
u9997794,12
u9999167,11
